id,all_words_in_title
2,0
3,0
9,0
16,0
17,1
18,0
20,0
21,0
23,0
27,1
34,0
35,0
37,0
38,0
48,0
51,0
65,1
69,0
75,0
81,0
85,0
88,0
90,0
92,0
101,0
105,0
106,0
113,0
114,0
117,0
120,0
122,0
123,0
125,0
127,0
136,0
138,0
143,0
147,0
149,0
150,0
157,0
158,0
162,0
164,0
165,1
166,0
172,0
177,1
178,0
179,0
181,0
182,0
186,0
191,0
193,0
195,0
201,0
202,0
203,0
205,0
210,0
214,0
215,1
223,0
226,0
227,0
233,0
241,0
245,0
255,1
257,0
259,0
261,0
266,0
270,0
272,0
275,1
276,1
284,0
290,0
293,0
294,1
297,0
305,0
314,1
318,1
319,1
323,0
327,0
331,0
334,1
335,1
340,0
341,0
343,0
346,0
347,0
350,0
351,0
354,0
355,0
359,0
361,0
363,0
365,1
373,1
374,0
375,0
385,0
389,0
397,0
400,0
401,0
402,0
403,0
407,0
408,0
411,0
413,0
418,0
421,0
422,1
440,0
444,0
445,1
446,0
447,0
452,0
454,1
455,0
456,0
458,0
459,0
461,1
468,1
469,0
470,0
473,0
475,0
476,0
478,1
479,0
480,0
481,0
485,0
491,0
492,0
497,0
500,0
501,0
508,0
511,0
516,0
517,0
524,0
533,0
536,0
542,0
544,1
549,0
551,0
557,0
559,0
562,0
563,0
568,0
571,0
572,0
573,0
576,1
581,1
582,0
583,0
584,1
585,0
591,0
593,0
595,0
600,1
605,0
606,0
611,0
619,0
626,0
630,1
634,0
635,1
636,0
637,0
640,0
642,0
643,1
644,0
646,0
652,0
653,0
659,0
660,1
661,1
662,0
663,1
666,1
668,0
669,0
670,0
671,0
674,0
677,0
679,1
680,0
682,0
686,0
687,0
688,0
690,0
691,0
696,0
700,0
712,1
713,0
715,1
718,0
722,0
726,1
731,1
734,0
737,0
739,0
740,0
742,0
743,1
745,0
748,0
749,0
751,0
753,0
756,1
758,0
759,0
760,0
763,0
764,0
765,0
771,0
773,0
778,0
784,0
787,0
790,0
791,0
800,1
801,0
811,0
812,0
817,0
818,1
819,0
824,0
826,1
828,0
831,1
832,1
837,0
843,0
844,0
847,0
852,0
857,1
862,1
867,0
868,0
869,0
872,0
876,0
878,0
881,0
882,0
885,0
886,0
893,0
894,0
895,0
898,1
899,0
902,0
908,1
909,0
910,0
912,0
918,0
922,0
923,0
928,0
929,0
934,0
940,0
944,0
954,0
958,1
962,0
963,0
969,1
974,0
978,0
984,0
991,0
1000,0
1001,0
1004,1
1007,1
1008,0
1019,0
1020,0
1022,0
1026,0
1028,0
1031,0
1038,0
1040,0
1051,0
1053,1
1056,0
1060,1
1062,1
1065,0
1068,0
1072,0
1073,0
1074,0
1076,1
1080,0
1081,1
1083,0
1084,0
1086,0
1090,0
1095,0
1097,0
1098,0
1101,0
1103,0
1104,0
1107,0
1108,0
1116,1
1121,1
1128,1
1129,0
1132,0
1134,0
1135,0
1138,0
1142,0
1145,0
1146,0
1148,0
1151,0
1155,0
1159,0
1164,0
1165,0
1168,0
1171,0
1172,1
1176,0
1177,0
1180,0
1185,0
1191,0
1192,0
1195,0
1196,0
1205,0
1206,0
1208,0
1212,0
1215,0
1216,0
1218,0
1220,0
1224,0
1227,0
1228,0
1230,0
1231,1
1237,1
1238,0
1243,1
1248,0
1252,1
1253,0
1257,0
1266,0
1267,1
1273,0
1275,0
1276,1
1279,0
1287,0
1289,0
1291,0
1296,1
1300,0
1302,0
1303,1
1316,0
1317,0
1320,0
1323,0
1326,0
1335,0
1338,0
1340,0
1344,0
1345,0
1347,0
1348,0
1349,0
1355,0
1356,0
1357,0
1359,0
1364,0
1366,0
1377,0
1387,0
1388,0
1394,0
1395,0
1397,0
1399,0
1401,0
1403,0
1405,0
1408,0
1414,0
1419,1
1422,0
1427,0
1431,0
1433,0
1434,1
1436,0
1439,0
1443,0
1444,0
1449,0
1453,0
1454,0
1458,0
1468,1
1471,0
1472,0
1473,0
1479,0
1481,0
1483,0
1486,0
1487,0
1490,0
1491,0
1492,0
1496,0
1497,0
1501,0
1504,0
1506,0
1509,0
1512,0
1528,0
1538,1
1542,0
1546,1
1548,0
1554,0
1560,0
1561,0
1562,0
1568,0
1569,0
1571,0
1572,0
1576,0
1577,1
1578,0
1587,0
1588,0
1593,0
1595,1
1609,0
1610,0
1612,0
1616,0
1617,0
1622,1
1624,0
1627,0
1633,0
1634,0
1637,1
1640,1
1643,1
1645,0
1647,0
1648,0
1653,0
1654,0
1655,0
1656,0
1657,0
1661,1
1664,0
1667,0
1669,1
1670,0
1671,0
1672,0
1673,0
1675,1
1677,0
1681,0
1691,0
1692,1
1696,0
1702,0
1703,0
1704,0
1705,0
1713,0
1715,0
1721,1
1722,0
1724,0
1726,1
1731,0
1733,0
1738,1
1740,0
1741,0
1742,0
1746,0
1749,0
1753,0
1762,0
1765,0
1771,0
1774,0
1777,0
1779,0
1780,0
1782,0
1784,1
1785,0
1786,0
1790,0
1797,1
1804,0
1805,0
1811,0
1815,0
1816,0
1818,0
1821,0
1824,1
1829,0
1830,0
1835,1
1841,0
1844,1
1845,0
1846,0
1847,0
1848,0
1851,0
1852,1
1853,0
1855,0
1858,0
1861,1
1862,0
1867,1
1868,0
1870,0
1872,0
1875,0
1881,0
1883,0
1894,0
1896,0
1899,0
1907,1
1914,0
1915,0
1918,0
1920,0
1921,1
1922,0
1923,0
1924,0
1927,0
1931,0
1933,0
1939,1
1941,0
1943,0
1956,1
1959,0
1961,0
1963,0
1964,0
1966,0
1967,0
1970,0
1977,0
1979,0
1982,0
1983,0
1987,1
1989,0
1994,0
1998,0
2000,0
2001,0
2002,0
2003,0
2006,0
2008,1
2011,0
2013,0
2019,0
2021,0
2022,0
2023,0
2024,0
2025,0
2029,0
2037,1
2039,1
2041,0
2042,0
2047,0
2050,0
2052,0
2056,0
2060,0
2062,0
2064,0
2065,0
2066,0
2070,1
2073,0
2074,0
2081,1
2082,0
2083,0
2085,0
2086,0
2088,0
2089,0
2095,0
2097,1
2098,0
2103,0
2106,0
2107,1
2109,1
2113,0
2115,0
2117,0
2118,0
2126,0
2130,0
2133,0
2136,0
2137,0
2139,0
2146,0
2148,0
2149,1
2151,0
2153,0
2154,1
2157,0
2158,1
2160,0
2163,0
2166,0
2167,0
2169,0
2173,1
2176,0
2181,0
2182,1
2188,0
2189,0
2190,0
2201,0
2204,0
2206,1
2210,0
2211,1
2218,0
2222,0
2224,0
2226,0
2237,0
2242,0
2245,0
2248,0
2251,0
2257,0
2258,0
2259,0
2270,0
2273,0
2275,0
2277,0
2279,0
2281,0
2283,0
2284,0
2288,0
2291,0
2292,0
2293,0
2297,0
2298,0
2299,0
2300,0
2303,0
2306,0
2310,0
2312,0
2315,0
2321,0
2323,0
2325,0
2326,0
2328,0
2333,0
2334,0
2339,0
2346,0
2351,0
2359,0
2365,0
2369,0
2374,0
2375,0
2381,0
2385,0
2393,0
2398,0
2403,0
2409,0
2410,0
2413,0
2416,0
2420,0
2421,0
2423,0
2424,0
2426,0
2433,0
2435,1
2439,0
2442,1
2443,0
2448,0
2449,0
2451,0
2453,0
2455,0
2456,0
2461,0
2462,0
2464,0
2465,0
2466,0
2468,1
2470,0
2471,0
2474,0
2475,0
2478,0
2484,1
2485,0
2489,0
2490,0
2500,1
2502,0
2507,1
2513,0
2514,1
2515,1
2516,0
2534,0
2535,0
2538,1
2539,0
2540,1
2545,0
2551,0
2555,0
2556,0
2562,0
2571,1
2575,0
2578,0
2581,0
2582,0
2585,0
2592,1
2598,0
2604,0
2605,0
2608,0
2616,1
2617,0
2621,0
2622,0
2626,1
2627,0
2628,0
2636,0
2642,0
2643,0
2654,0
2657,0
2660,0
2662,0
2666,0
2669,0
2670,0
2671,0
2672,0
2673,0
2675,0
2677,0
2680,0
2685,0
2686,1
2688,0
2691,0
2695,0
2696,0
2697,0
2698,0
2700,0
2704,0
2708,0
2709,0
2710,0
2712,0
2715,1
2725,0
2728,0
2729,0
2733,0
2735,0
2736,0
2737,0
2741,0
2744,1
2750,0
2752,0
2755,0
2758,0
2768,0
2777,0
2782,0
2784,0
2785,0
2786,0
2787,0
2791,0
2796,0
2798,0
2800,0
2802,0
2808,0
2816,0
2818,0
2820,0
2823,0
2826,0
2831,0
2833,0
2834,0
2835,1
2836,0
2838,0
2839,0
2841,1
2845,1
2846,1
2847,1
2853,0
2855,1
2859,1
2861,0
2865,0
2866,0
2867,0
2869,1
2870,1
2871,0
2872,0
2874,0
2875,0
2876,1
2880,0
2882,0
2883,0
2885,0
2887,0
2892,0
2894,0
2895,0
2896,1
2897,0
2898,0
2899,0
2901,0
2902,0
2905,0
2909,0
2912,0
2914,0
2915,0
2918,0
2920,0
2921,1
2924,0
2932,0
2935,0
2943,0
2944,0
2949,0
2958,0
2964,1
2966,0
2968,1
2971,0
2973,0
2974,0
2975,0
2976,0
2980,0
2984,0
2987,0
2990,0
2991,0
3002,0
3004,0
3008,0
3010,0
3012,0
3013,0
3017,0
3021,0
3026,0
3029,0
3030,0
3032,0
3036,0
3039,0
3044,0
3050,0
3055,0
3056,1
3066,0
3067,0
3069,0
3070,0
3076,0
3078,0
3079,0
3082,0
3086,0
3089,0
3092,0
3096,0
3098,0
3101,0
3104,0
3105,0
3114,0
3115,0
3116,0
3121,1
3126,1
3127,0
3128,0
3134,0
3135,0
3136,0
3138,1
3139,0
3140,0
3143,0
3144,0
3147,0
3151,0
3159,0
3161,1
3163,0
3165,0
3170,0
3171,0
3172,0
3179,0
3181,0
3187,1
3190,1
3192,0
3194,0
3199,0
3200,1
3202,1
3211,0
3213,0
3214,0
3215,0
3223,0
3225,1
3227,0
3229,0
3231,0
3232,0
3235,0
3238,0
3241,1
3246,0
3249,0
3250,0
3254,0
3256,0
3260,0
3268,0
3270,1
3272,0
3274,0
3276,0
3281,0
3285,1
3288,0
3292,0
3295,0
3301,0
3304,0
3309,0
3311,0
3312,0
3314,0
3315,0
3322,0
3323,0
3327,0
3328,1
3330,1
3331,0
3333,1
3338,0
3341,0
3342,0
3344,0
3346,0
3348,0
3354,0
3356,0
3359,0
3360,0
3366,0
3369,0
3374,0
3388,0
3389,0
3391,0
3392,1
3397,0
3400,0
3403,0
3406,0
3407,0
3410,0
3411,0
3412,0
3414,0
3416,0
3417,1
3418,0
3422,0
3430,1
3440,0
3443,0
3446,0
3447,0
3449,0
3453,0
3457,0
3460,0
3470,0
3471,1
3473,0
3475,0
3477,0
3479,0
3485,0
3486,0
3487,0
3488,0
3490,1
3491,0
3494,0
3496,0
3499,0
3506,0
3507,0
3509,0
3513,1
3515,0
3516,0
3517,0
3520,0
3521,0
3522,0
3523,0
3535,0
3536,0
3540,0
3541,0
3543,0
3552,0
3553,0
3558,0
3561,0
3564,0
3570,0
3576,0
3578,0
3579,0
3580,0
3583,0
3584,0
3590,0
3591,0
3597,0
3604,0
3606,0
3610,0
3611,0
3612,0
3614,0
3615,0
3616,0
3618,0
3624,0
3625,0
3627,0
3629,0
3632,0
3635,0
3636,0
3638,0
3639,0
3640,1
3641,0
3643,0
3647,0
3651,0
3657,0
3658,0
3661,0
3665,0
3669,0
3675,0
3678,0
3680,0
3683,1
3685,0
3690,0
3692,0
3695,0
3699,0
3700,0
3702,1
3704,0
3708,0
3710,0
3715,1
3718,0
3719,0
3720,0
3723,0
3725,0
3726,0
3727,0
3731,0
3736,0
3737,0
3739,0
3750,1
3758,0
3760,0
3763,0
3769,0
3773,0
3777,1
3778,0
3781,0
3784,0
3786,1
3791,0
3792,0
3793,0
3794,1
3796,0
3800,1
3802,0
3803,0
3807,0
3809,0
3811,0
3821,0
3822,0
3823,0
3824,0
3826,0
3828,0
3830,0
3835,0
3838,0
3844,0
3846,0
3851,0
3858,0
3859,0
3861,0
3868,0
3878,0
3882,0
3883,0
3887,0
3890,0
3893,1
3894,0
3895,0
3900,0
3901,1
3904,1
3906,0
3909,0
3913,0
3914,1
3916,0
3917,0
3918,0
3921,0
3924,1
3926,0
3929,0
3930,0
3933,0
3934,0
3935,0
3937,0
3940,0
3942,0
3947,0
3952,0
3956,0
3959,0
3960,0
3966,1
3968,0
3971,1
3977,0
3979,0
3980,0
3984,0
3985,0
3988,0
3990,0
3994,1
3997,0
4001,0
4003,0
4004,0
4006,0
4010,0
4011,0
4013,0
4015,0
4016,0
4018,0
4020,0
4022,0
4023,0
4026,0
4031,0
4035,0
4036,0
4043,0
4046,0
4048,0
4049,0
4051,0
4054,0
4056,0
4058,1
4059,0
4061,1
4064,0
4069,0
4071,0
4074,0
4078,0
4080,0
4082,0
4083,0
4085,0
4092,0
4093,0
4096,0
4097,0
4099,0
4101,0
4103,0
4106,0
4108,0
4115,0
4120,0
4121,0
4124,0
4125,0
4127,0
4129,1
4131,0
4132,0
4137,0
4138,0
4142,0
4146,0
4147,1
4148,0
4149,0
4154,0
4155,0
4160,0
4161,0
4163,0
4172,0
4176,0
4177,0
4184,0
4192,0
4193,0
4195,0
4197,0
4201,0
4202,0
4204,0
4208,0
4209,0
4210,0
4212,1
4214,0
4216,1
4217,0
4218,0
4225,0
4226,1
4230,0
4231,0
4233,0
4240,0
4243,0
4245,0
4246,0
4247,0
4253,0
4254,0
4260,0
4261,0
4262,1
4263,0
4264,0
4268,0
4278,0
4281,1
4287,0
4288,1
4296,0
4300,0
4301,0
4302,0
4303,0
4308,0
4310,0
4318,0
4319,0
4327,0
4328,0
4331,0
4332,0
4333,0
4338,0
4339,0
4343,1
4344,0
4345,0
4348,0
4351,0
4352,1
4355,0
4356,0
4365,0
4371,1
4373,0
4375,0
4376,0
4377,0
4380,0
4382,0
4387,0
4389,0
4396,0
4400,0
4401,0
4402,1
4410,0
4415,0
4416,0
4417,0
4422,1
4423,1
4426,0
4427,0
4439,0
4443,0
4444,0
4446,0
4447,0
4451,0
4452,0
4460,0
4461,0
4469,0
4481,0
4482,0
4485,0
4487,1
4491,0
4494,1
4495,1
4496,1
4498,1
4499,0
4500,0
4501,0
4502,0
4503,1
4506,0
4508,1
4510,0
4511,0
4513,0
4515,0
4519,0
4522,0
4523,0
4526,0
4527,0
4530,0
4531,0
4538,0
4540,0
4542,0
4543,0
4544,0
4550,1
4551,0
4554,1
4558,0
4559,1
4562,1
4564,0
4567,0
4569,0
4570,0
4578,0
4579,0
4590,0
4591,0
4594,0
4595,0
4596,0
4599,0
4605,0
4606,0
4607,1
4610,0
4614,0
4616,1
4621,0
4629,0
4632,0
4636,1
4643,0
4646,0
4648,0
4650,0
4655,1
4656,0
4658,0
4662,0
4663,0
4665,0
4669,0
4673,0
4680,1
4683,0
4690,0
4692,0
4693,0
4695,0
4696,0
4697,0
4710,0
4715,0
4716,1
4724,0
4726,0
4728,0
4729,0
4731,0
4733,0
4734,1
4740,0
4742,1
4745,0
4747,0
4750,0
4756,1
4760,0
4765,0
4770,0
4772,0
4775,0
4780,0
4782,0
4783,0
4793,1
4795,0
4798,0
4799,1
4800,0
4801,0
4804,0
4805,0
4806,1
4809,0
4811,1
4814,0
4820,0
4822,0
4823,0
4824,0
4825,0
4828,0
4830,0
4831,0
4834,0
4837,0
4839,0
4843,1
4844,1
4845,1
4848,1
4850,0
4852,0
4859,0
4862,0
4863,0
4864,0
4871,0
4874,1
4876,0
4878,0
4882,0
4883,0
4887,0
4890,0
4897,0
4898,1
4901,0
4903,1
4904,0
4905,0
4906,1
4912,0
4916,0
4917,0
4925,0
4926,0
4928,0
4929,0
4930,0
4932,0
4934,0
4935,0
4937,1
4945,0
4947,0
4949,0
4951,0
4952,1
4953,0
4955,0
4956,0
4958,0
4959,0
4963,0
4965,0
4973,0
4976,1
4977,0
4983,0
4985,0
4986,0
4987,0
4997,0
4998,0
4999,0
5000,0
5001,0
5002,1
5005,0
5008,0
5009,0
5012,0
5013,0
5014,0
5015,0
5016,1
5021,0
5028,0
5036,0
5037,0
5039,0
5040,0
5041,1
5056,0
5062,0
5067,0
5071,0
5074,0
5079,0
5081,1
5083,0
5084,0
5085,0
5087,0
5088,0
5089,0
5090,0
5091,0
5100,0
5104,0
5106,1
5107,0
5111,0
5120,0
5121,0
5124,0
5128,0
5130,0
5132,0
5135,0
5137,0
5139,0
5140,0
5142,0
5143,0
5145,0
5148,1
5157,0
5165,0
5166,0
5170,0
5173,0
5176,0
5182,1
5183,0
5184,0
5185,0
5186,0
5187,0
5192,0
5194,0
5196,0
5198,0
5202,0
5204,0
5213,0
5216,0
5217,0
5218,0
5223,0
5230,0
5232,0
5234,0
5236,0
5238,0
5240,0
5243,1
5245,0
5248,0
5249,1
5253,0
5261,0
5267,0
5268,0
5269,0
5272,0
5274,0
5277,0
5289,0
5290,0
5291,0
5298,1
5299,0
5304,0
5306,0
5307,0
5310,0
5312,0
5313,0
5318,0
5325,0
5333,1
5342,1
5343,0
5346,0
5347,0
5348,0
5352,0
5354,0
5359,0
5361,0
5363,0
5364,0
5365,0
5366,0
5369,0
5371,0
5373,1
5375,0
5377,0
5379,0
5380,0
5381,0
5386,1
5388,0
5393,0
5395,0
5396,1
5398,0
5405,1
5408,1
5410,0
5414,1
5418,1
5433,0
5435,0
5436,0
5440,0
5441,0
5442,0
5446,0
5451,0
5453,0
5454,0
5457,0
5459,0
5460,0
5461,0
5467,0
5468,0
5470,0
5472,0
5478,0
5482,0
5483,0
5486,0
5500,0
5501,0
5507,0
5509,0
5512,0
5515,0
5516,0
5517,0
5522,0
5523,0
5524,1
5527,0
5528,1
5529,1
5534,0
5536,1
5537,1
5539,0
5543,0
5546,0
5547,0
5556,0
5561,0
5571,0
5573,0
5576,0
5577,0
5582,0
5585,0
5587,1
5588,0
5589,0
5593,0
5594,0
5595,0
5598,0
5608,0
5609,0
5611,0
5614,0
5618,0
5619,0
5620,0
5625,0
5626,0
5628,0
5635,0
5639,0
5642,0
5647,0
5650,0
5663,0
5667,0
5669,1
5674,0
5677,0
5681,0
5683,0
5689,0
5691,0
5697,0
5699,0
5710,0
5713,0
5725,0
5726,0
5734,0
5735,0
5737,0
5739,0
5742,0
5745,0
5746,0
5747,0
5750,1
5752,0
5753,0
5761,0
5763,0
5766,0
5771,0
5774,0
5783,0
5788,0
5789,0
5797,1
5800,0
5801,0
5809,0
5811,0
5817,0
5819,0
5822,0
5824,0
5826,0
5827,1
5829,1
5831,0
5841,0
5847,0
5854,0
5856,0
5857,0
5859,0
5861,0
5862,0
5864,0
5868,0
5870,0
5872,0
5873,0
5874,1
5882,0
5888,0
5892,0
5894,0
5898,0
5900,0
5901,0
5912,0
5918,0
5921,0
5924,0
5929,0
5934,0
5938,0
5941,0
5942,0
5947,0
5954,0
5959,0
5960,0
5962,0
5963,0
5968,0
5973,0
5975,1
5976,0
5985,1
5986,0
5989,0
5995,1
5996,0
5997,0
6000,0
6001,0
6004,0
6006,0
6007,0
6009,0
6012,0
6014,0
6019,0
6022,0
6025,0
6029,0
6030,0
6031,0
6036,0
6044,0
6052,0
6058,0
6059,1
6061,0
6062,0
6064,0
6067,0
6070,0
6071,0
6074,1
6081,1
6086,0
6088,0
6090,0
6091,0
6100,0
6101,0
6102,0
6103,1
6105,0
6107,0
6111,0
6112,0
6115,0
6128,0
6130,0
6132,0
6151,0
6153,1
6154,0
6157,0
6160,0
6161,0
6162,0
6165,0
6168,1
6169,0
6173,0
6174,0
6175,0
6176,0
6177,0
6178,0
6179,0
6185,1
6187,0
6188,0
6190,0
6197,0
6198,0
6204,1
6212,0
6213,0
6216,0
6217,0
6218,0
6220,1
6221,1
6227,0
6228,0
6230,0
6231,1
6232,0
6234,0
6237,0
6239,0
6240,0
6241,0
6244,0
6246,0
6248,1
6251,0
6252,0
6254,0
6256,0
6258,0
6266,0
6274,0
6275,0
6279,1
6280,0
6282,0
6284,0
6285,0
6292,0
6301,0
6305,0
6306,0
6314,0
6315,0
6320,0
6329,0
6330,0
6331,0
6335,0
6341,0
6346,0
6351,0
6352,0
6353,0
6355,0
6363,1
6365,0
6367,0
6369,0
6377,1
6380,1
6386,1
6393,1
6401,0
6402,1
6408,0
6413,0
6415,0
6417,0
6418,0
6425,0
6426,0
6427,0
6428,0
6429,0
6430,0
6433,0
6434,0
6439,0
6447,0
6450,0
6453,0
6457,0
6460,0
6462,0
6463,0
6466,0
6472,0
6473,0
6474,1
6477,0
6478,0
6479,0
6480,0
6482,0
6483,0
6484,0
6486,1
6487,0
6488,0
6489,0
6490,0
6491,0
6495,0
6503,0
6507,0
6508,1
6509,0
6513,0
6515,0
6518,0
6519,0
6521,1
6525,0
6527,0
6530,0
6533,0
6541,0
6544,0
6545,0
6549,1
6550,0
6551,0
6562,0
6563,0
6565,1
6571,0
6572,0
6573,0
6574,0
6588,0
6590,0
6594,0
6595,1
6597,1
6599,0
6606,0
6608,0
6610,0
6612,0
6614,1
6615,1
6616,0
6617,0
6618,0
6621,0
6622,0
6629,0
6630,0
6634,0
6640,0
6641,0
6643,1
6644,0
6648,0
6651,0
6655,0
6656,0
6660,0
6670,0
6679,0
6681,0
6687,0
6693,0
6697,0
6702,0
6704,0
6705,0
6706,1
6709,0
6711,0
6714,0
6721,0
6724,0
6725,0
6727,0
6734,1
6735,0
6736,0
6738,0
6739,0
6744,0
6746,0
6748,0
6751,0
6760,0
6762,0
6765,0
6767,0
6775,0
6776,0
6777,1
6778,0
6779,0
6783,0
6785,0
6787,0
6788,0
6790,0
6791,0
6793,0
6795,1
6796,0
6797,0
6798,0
6799,0
6803,0
6805,0
6809,0
6810,1
6813,0
6814,0
6815,0
6823,0
6825,0
6829,0
6830,1
6832,0
6837,0
6838,0
6839,0
6848,0
6849,0
6851,0
6858,0
6859,0
6866,0
6870,0
6872,0
6874,0
6875,0
6878,0
6880,0
6882,0
6884,0
6885,1
6891,0
6893,0
6894,0
6895,0
6898,0
6899,0
6901,0
6907,0
6914,0
6917,0
6918,0
6919,0
6922,0
6926,0
6927,0
6931,0
6933,0
6934,0
6941,0
6942,0
6943,1
6946,0
6948,0
6949,0
6952,0
6963,0
6964,0
6969,1
6971,0
6972,0
6974,0
6976,0
6977,0
6979,0
6981,0
6983,0
6988,0
6991,1
6995,0
6997,0
6998,0
7000,0
7001,0
7003,1
7006,1
7008,0
7024,0
7027,0
7028,0
7029,0
7031,0
7033,0
7035,0
7041,0
7044,0
7046,0
7047,0
7048,1
7049,0
7050,0
7052,0
7057,0
7058,0
7063,0
7064,0
7065,0
7066,0
7068,0
7072,0
7080,0
7081,0
7084,0
7087,0
7088,0
7095,0
7105,0
7106,0
7107,0
7108,0
7109,0
7111,0
7119,0
7123,1
7130,0
7133,0
7135,0
7140,0
7145,1
7147,0
7150,0
7152,0
7154,0
7157,0
7161,0
7162,1
7164,0
7166,0
7168,1
7169,0
7170,0
7172,0
7177,0
7179,1
7180,0
7181,0
7186,0
7187,0
7193,0
7195,1
7199,0
7200,0
7201,1
7205,0
7211,1
7213,0
7220,0
7224,0
7227,1
7229,0
7230,1
7232,1
7235,0
7236,0
7238,0
7242,0
7243,0
7246,0
7249,0
7250,0
7253,0
7259,0
7260,0
7262,0
7263,0
7264,0
7267,0
7268,1
7274,0
7275,0
7277,1
7283,0
7285,0
7286,0
7290,0
7295,0
7297,1
7301,1
7305,0
7315,0
7317,0
7318,0
7319,1
7324,0
7325,0
7331,0
7332,0
7335,0
7337,0
7338,0
7346,0
7353,0
7355,1
7356,0
7363,0
7364,0
7366,0
7368,0
7370,0
7371,0
7377,0
7382,0
7384,0
7387,0
7388,0
7390,0
7397,1
7399,1
7400,0
7401,0
7411,0
7417,0
7418,0
7421,0
7423,0
7425,0
7428,0
7429,0
7435,0
7443,0
7449,0
7452,0
7455,0
7456,0
7457,0
7463,0
7466,0
7470,0
7474,0
7480,0
7483,0
7486,0
7490,0
7493,0
7494,1
7499,0
7502,0
7504,0
7507,0
7512,1
7515,0
7516,0
7518,0
7521,0
7523,0
7526,1
7530,0
7531,0
7538,0
7540,1
7544,0
7549,0
7553,0
7556,0
7569,0
7575,0
7577,0
7579,0
7583,0
7584,0
7587,0
7592,0
7593,0
7596,0
7597,0
7601,0
7603,0
7607,0
7614,0
7615,0
7618,0
7619,0
7620,0
7621,0
7622,0
7628,0
7633,0
7634,0
7637,0
7638,0
7641,0
7644,0
7645,0
7649,0
7656,0
7658,0
7664,1
7667,1
7669,1
7678,0
7681,0
7683,0
7684,0
7690,1
7692,0
7694,0
7699,0
7703,0
7705,0
7707,0
7709,0
7715,0
7717,0
7719,0
7724,0
7725,0
7727,1
7728,1
7735,0
7737,0
7739,1
7740,0
7743,0
7745,0
7746,0
7749,0
7756,0
7758,0
7759,0
7760,0
7765,0
7768,0
7779,0
7781,0
7784,0
7785,0
7788,0
7790,0
7792,0
7794,0
7797,0
7801,1
7802,0
7807,0
7808,0
7815,0
7822,0
7823,0
7824,0
7830,0
7831,0
7834,0
7838,0
7839,0
7844,0
7846,0
7849,0
7850,1
7851,0
7852,0
7855,0
7858,0
7863,0
7865,0
7871,0
7872,0
7887,0
7888,0
7895,0
7898,0
7900,0
7904,0
7912,0
7917,0
7921,0
7924,1
7934,0
7938,0
7942,0
7945,0
7946,1
7954,0
7955,0
7958,0
7960,1
7962,0
7964,0
7965,0
7967,0
7968,0
7971,0
7975,1
7976,0
7979,0
7981,0
7982,0
7985,0
7986,0
7994,0
7995,0
7997,0
7999,0
8001,0
8006,1
8007,0
8011,0
8014,0
8016,0
8018,0
8025,0
8026,0
8027,0
8038,0
8041,1
8042,0
8060,0
8062,0
8065,0
8066,1
8067,0
8072,0
8075,0
8092,1
8094,0
8099,0
8100,0
8105,0
8111,0
8114,0
8115,0
8120,0
8133,0
8136,0
8137,1
8138,1
8139,0
8140,0
8145,0
8153,1
8159,1
8161,0
8163,0
8164,0
8167,0
8173,0
8177,0
8179,1
8182,0
8183,0
8186,1
8187,1
8194,0
8198,0
8199,0
8202,0
8206,0
8207,0
8208,0
8209,0
8210,0
8211,0
8212,0
8213,0
8218,0
8220,0
8222,0
8224,0
8227,0
8228,0
8233,0
8234,0
8235,0
8244,0
8245,0
8248,0
8249,0
8251,0
8252,0
8253,0
8254,0
8260,0
8266,0
8267,0
8272,0
8273,1
8274,0
8275,0
8277,0
8279,0
8280,0
8290,0
8293,0
8300,0
8302,0
8309,0
8315,0
8326,0
8327,0
8336,0
8337,0
8339,1
8342,0
8344,0
8346,1
8350,0
8359,0
8361,0
8366,0
8370,0
8372,0
8374,0
8379,0
8389,0
8390,0
8392,0
8401,0
8413,0
8418,0
8425,0
8428,0
8429,0
8430,0
8431,0
8434,0
8440,0
8442,0
8443,1
8448,0
8454,0
8455,0
8456,1
8457,0
8458,1
8459,0
8460,0
8461,0
8462,0
8464,0
8465,0
8468,1
8469,0
8473,0
8474,0
8478,0
8479,0
8482,0
8484,0
8486,0
8488,0
8502,0
8504,0
8505,0
8506,0
8511,0
8516,0
8518,0
8520,0
8527,0
8528,0
8529,0
8530,0
8531,0
8535,0
8536,0
8539,0
8541,1
8543,0
8546,1
8547,1
8554,0
8559,0
8564,0
8569,0
8572,0
8573,0
8574,0
8576,0
8578,1
8579,1
8580,0
8584,1
8585,1
8587,1
8588,0
8590,0
8596,0
8598,0
8599,0
8608,0
8611,1
8616,0
8629,0
8630,0
8634,0
8639,1
8641,0
8644,1
8645,0
8657,0
8658,0
8669,1
8670,0
8671,0
8672,0
8674,0
8676,0
8677,0
8680,0
8681,0
8682,0
8683,0
8686,1
8688,0
8695,1
8699,1
8706,0
8707,0
8710,0
8711,1
8713,0
8718,0
8725,1
8728,0
8731,0
8737,0
8740,0
8741,0
8742,0
8745,0
8749,0
8750,0
8751,0
8765,0
8767,0
8771,0
8774,0
8780,0
8782,0
8786,0
8789,0
8790,0
8793,0
8795,0
8799,0
8800,0
8802,0
8806,0
8809,0
8814,0
8817,0
8824,0
8825,0
8826,1
8827,0
8833,0
8834,1
8841,0
8842,0
8843,0
8851,0
8852,0
8856,0
8861,0
8869,0
8870,0
8871,0
8875,1
8878,0
8881,0
8882,0
8884,1
8885,0
8887,0
8889,0
8895,0
8896,0
8897,0
8909,0
8914,1
8915,0
8917,0
8922,0
8924,0
8925,0
8933,0
8934,0
8936,0
8939,0
8944,0
8957,0
8963,0
8965,0
8967,0
8969,0
8970,0
8975,0
8978,0
8989,0
8990,0
8992,0
9002,0
9003,0
9005,0
9006,0
9007,0
9010,0
9012,0
9017,0
9020,0
9028,0
9029,1
9031,1
9033,0
9034,0
9038,0
9040,0
9045,0
9046,0
9047,0
9048,0
9049,0
9051,0
9052,0
9053,0
9056,0
9058,0
9060,0
9065,0
9067,0
9073,1
9076,0
9077,0
9080,0
9081,0
9088,0
9089,0
9091,0
9093,1
9094,0
9096,0
9098,0
9103,0
9106,0
9108,0
9109,0
9110,0
9113,0
9116,1
9118,0
9127,0
9129,0
9131,0
9137,0
9143,0
9147,1
9149,0
9155,0
9156,1
9157,1
9158,0
9160,0
9162,0
9166,0
9169,0
9173,0
9176,0
9177,0
9189,0
9190,1
9193,0
9201,0
9202,0
9203,1
9205,1
9206,0
9215,0
9220,0
9221,0
9226,0
9233,0
9235,1
9236,0
9240,0
9242,0
9244,0
9246,0
9250,0
9251,1
9252,0
9256,0
9258,0
9267,0
9269,0
9272,0
9273,0
9275,0
9281,1
9284,0
9285,0
9287,0
9291,0
9292,0
9296,0
9303,0
9304,0
9306,0
9310,0
9311,0
9313,1
9314,0
9316,1
9317,0
9318,0
9319,0
9320,0
9325,1
9327,0
9328,0
9332,0
9335,0
9348,0
9352,0
9356,0
9357,1
9363,0
9364,0
9372,0
9376,0
9377,1
9380,0
9381,0
9393,1
9396,0
9398,0
9399,0
9403,0
9406,0
9408,0
9411,0
9416,0
9422,0
9423,1
9424,0
9428,1
9432,1
9436,0
9438,0
9441,0
9443,0
9447,0
9449,0
9450,0
9463,0
9467,0
9470,0
9471,0
9475,1
9477,0
9478,0
9479,0
9482,1
9485,1
9493,0
9494,0
9495,0
9502,0
9505,0
9506,1
9507,0
9508,0
9509,0
9514,0
9517,0
9518,0
9522,0
9528,0
9536,0
9537,0
9541,0
9545,0
9546,0
9548,0
9551,0
9554,0
9558,0
9560,1
9563,0
9565,0
9568,0
9569,0
9571,0
9575,1
9580,0
9582,0
9589,1
9590,0
9593,0
9598,0
9608,0
9609,0
9612,1
9614,0
9617,0
9625,0
9627,1
9633,0
9636,0
9638,0
9639,0
9640,0
9643,0
9649,0
9655,0
9660,0
9661,0
9664,1
9665,0
9670,0
9673,0
9679,0
9682,0
9690,0
9692,0
9694,0
9695,0
9700,0
9702,0
9708,0
9710,0
9711,0
9712,0
9715,0
9717,0
9719,1
9720,0
9721,0
9722,0
9730,0
9732,0
9733,0
9734,0
9735,0
9741,0
9747,0
9748,0
9754,0
9756,0
9759,1
9761,0
9764,0
9768,0
9781,0
9783,0
9791,0
9792,0
9795,0
9797,0
9804,1
9807,0
9808,0
9813,1
9814,0
9815,0
9817,0
9821,0
9824,1
9829,1
9830,0
9832,0
9833,0
9834,0
9835,0
9839,0
9842,0
9844,0
9845,0
9847,0
9854,0
9864,0
9866,0
9867,0
9869,0
9871,0
9872,1
9873,0
9875,1
9881,1
9882,0
9885,1
9889,0
9900,0
9901,0
9903,1
9906,0
9907,0
9911,0
9912,0
9914,0
9919,0
9920,0
9922,0
9925,0
9927,0
9928,0
9929,0
9931,0
9936,0
9937,1
9940,0
9942,0
9946,0
9950,1
9951,1
9957,0
9958,0
9961,1
9966,0
9970,0
9971,0
9972,0
9973,0
9977,0
9978,0
9984,0
9987,0
9988,0
9991,0
9996,1
9998,0
10001,0
10005,0
10012,0
10015,0
10017,0
10019,0
10021,0
10024,1
10029,0
10033,0
10041,0
10046,0
10048,0
10055,0
10056,0
10057,0
10059,1
10061,0
10063,0
10064,0
10069,0
10072,0
10073,0
10074,0
10075,0
10080,0
10083,0
10084,0
10085,0
10087,0
10088,0
10095,0
10096,0
10098,0
10100,0
10101,0
10103,0
10114,0
10116,0
10121,0
10124,1
10126,0
10130,0
10134,1
10145,0
10157,1
10160,1
10161,1
10168,0
10170,0
10173,0
10175,1
10177,0
10179,0
10182,1
10187,1
10190,0
10193,0
10198,0
10199,0
10202,0
10209,0
10211,0
10212,0
10213,0
10214,0
10215,0
10217,1
10220,0
10225,0
10228,0
10229,0
10230,0
10232,0
10235,0
10241,0
10252,0
10253,0
10256,0
10260,0
10263,0
10265,0
10266,0
10271,0
10276,1
10280,1
10283,0
10284,0
10286,0
10287,0
10293,0
10294,0
10299,0
10303,0
10304,0
10305,0
10308,0
10309,0
10310,0
10311,1
10313,0
10315,0
10316,0
10322,0
10330,0
10335,0
10337,0
10339,0
10340,1
10343,0
10345,1
10346,0
10348,0
10349,1
10353,1
10354,0
10356,0
10357,0
10359,0
10361,0
10371,0
10373,0
10374,0
10382,0
10385,1
10387,0
10392,0
10399,1
10401,0
10402,1
10403,0
10405,0
10407,1
10408,0
10412,1
10420,0
10421,0
10422,0
10424,0
10425,0
10427,0
10428,0
10430,0
10433,0
10435,0
10436,0
10440,1
10446,0
10447,0
10449,0
10452,1
10453,0
10454,0
10455,1
10460,0
10462,0
10465,0
10469,0
10472,1
10473,0
10479,0
10483,0
10484,0
10488,0
10491,0
10497,0
10498,0
10503,0
10508,0
10509,0
10511,0
10513,0
10515,1
10516,0
10519,0
10525,0
10531,0
10533,1
10534,1
10535,0
10538,0
10543,1
10546,0
10549,0
10551,1
10554,0
10556,0
10558,0
10566,0
10567,0
10570,1
10571,0
10573,1
10574,0
10576,0
10577,0
10578,0
10579,0
10582,1
10589,0
10597,0
10598,0
10600,0
10606,0
10613,0
10615,0
10619,0
10628,0
10630,0
10633,0
10637,0
10638,0
10639,0
10641,0
10642,0
10645,1
10648,0
10649,1
10651,0
10655,0
10657,1
10658,1
10664,0
10665,0
10670,0
10671,0
10687,0
10690,0
10693,0
10697,1
10698,0
10703,0
10705,0
10707,0
10715,0
10716,0
10721,0
10726,0
10728,0
10731,0
10732,0
10736,0
10738,0
10740,0
10742,0
10750,0
10751,0
10762,0
10763,0
10764,0
10770,0
10772,0
10773,0
10783,0
10784,0
10785,0
10793,0
10797,1
10798,0
10809,0
10811,0
10815,0
10818,0
10823,0
10826,0
10828,0
10830,0
10832,0
10833,0
10835,0
10839,0
10840,1
10845,0
10847,0
10849,0
10853,0
10854,0
10856,0
10858,0
10862,0
10863,0
10867,0
10871,0
10872,0
10879,0
10880,0
10883,0
10884,0
10887,0
10888,0
10890,0
10892,0
10893,0
10901,0
10903,0
10905,0
10908,0
10909,0
10910,0
10913,0
10923,0
10926,0
10928,0
10934,0
10943,0
10953,0
10954,0
10955,0
10957,0
10964,0
10966,0
10968,0
10970,0
10972,0
10973,0
10974,0
10975,0
10981,0
10985,0
10986,0
10990,0
10992,0
10997,0
10999,0
11007,0
11011,0
11012,0
11015,0
11016,0
11017,0
11019,0
11022,0
11025,0
11027,0
11029,0
11030,0
11033,1
11034,0
11036,0
11038,0
11049,0
11055,0
11057,0
11059,0
11066,0
11069,0
11070,0
11071,0
11074,0
11078,0
11081,1
11083,1
11084,0
11092,0
11099,0
11101,1
11104,0
11105,1
11108,0
11109,0
11115,0
11122,0
11125,0
11126,1
11131,0
11133,0
11137,0
11139,0
11144,0
11148,0
11153,0
11154,1
11160,0
11162,0
11164,1
11172,0
11177,0
11180,0
11182,0
11185,0
11188,0
11193,0
11197,0
11201,0
11207,0
11212,0
11219,0
11220,0
11225,0
11227,0
11232,0
11236,0
11237,1
11239,1
11240,0
11242,0
11245,0
11247,1
11252,0
11253,0
11258,0
11260,0
11262,0
11263,0
11265,0
11271,0
11276,0
11277,0
11278,0
11280,0
11282,0
11284,0
11285,0
11289,0
11293,1
11294,0
11295,1
11297,1
11299,0
11300,0
11301,0
11303,0
11304,0
11307,0
11309,0
11312,0
11315,0
11316,0
11320,0
11321,0
11322,0
11323,0
11324,0
11326,0
11329,0
11332,0
11334,0
11341,0
11342,0
11358,0
11360,0
11365,0
11368,0
11369,0
11373,0
11374,0
11378,1
11379,0
11380,1
11381,0
11388,1
11389,0
11391,0
11401,0
11402,0
11403,0
11406,0
11407,0
11408,0
11409,0
11411,0
11413,0
11415,1
11418,1
11419,0
11433,0
11434,0
11438,0
11440,0
11441,0
11442,1
11451,0
11453,0
11459,0
11469,0
11471,0
11472,0
11474,1
11480,0
11484,0
11487,0
11492,1
11495,0
11499,0
11501,0
11502,0
11506,1
11507,0
11509,0
11514,0
11515,0
11520,0
11522,0
11525,0
11529,1
11530,0
11536,0
11545,0
11552,0
11555,0
11556,0
11557,0
11560,0
11561,0
11562,0
11569,0
11572,0
11579,0
11580,0
11589,1
11590,0
11594,0
11595,0
11607,0
11608,0
11611,0
11615,1
11616,0
11617,0
11623,0
11626,0
11629,0
11631,0
11641,0
11644,0
11645,0
11653,0
11655,0
11657,0
11658,1
11663,0
11666,0
11672,0
11681,0
11682,0
11697,0
11700,0
11701,0
11702,1
11705,1
11710,1
11711,0
11712,0
11714,0
11716,0
11720,0
11721,1
11722,0
11728,0
11729,0
11733,0
11735,0
11738,0
11746,0
11748,0
11752,0
11755,1
11756,0
11760,1
11762,0
11765,0
11767,0
11783,0
11786,0
11787,0
11788,0
11792,0
11795,0
11796,0
11797,0
11799,0
11802,0
11804,0
11805,0
11807,0
11810,0
11814,0
11816,0
11817,0
11822,0
11828,0
11829,0
11833,0
11835,0
11836,0
11839,0
11843,0
11846,0
11847,0
11848,0
11850,0
11854,0
11859,0
11861,0
11862,0
11872,0
11881,0
11883,0
11885,1
11889,0
11890,0
11897,0
11900,0
11901,1
11902,1
11907,0
11909,1
11913,0
11914,1
11918,0
11919,1
11921,1
11925,0
11932,1
11935,0
11944,0
11947,0
11950,0
11955,0
11959,0
11963,0
11965,0
11966,0
11968,0
11969,0
11976,0
11977,0
11979,0
11980,0
11981,0
11982,0
11984,0
11992,0
11994,0
11996,0
11998,0
11999,0
12003,1
12004,0
12007,0
12008,0
12009,1
12011,0
12014,0
12018,0
12019,0
12026,0
12028,0
12035,0
12038,0
12044,1
12048,0
12052,0
12053,0
12057,1
12060,0
12071,0
12073,0
12074,0
12076,1
12078,0
12080,0
12082,0
12091,1
12092,0
12093,0
12097,0
12100,0
12104,0
12106,1
12107,0
12109,0
12110,0
12112,1
12113,0
12120,0
12124,0
12127,0
12130,0
12131,0
12143,0
12145,1
12146,0
12148,0
12149,0
12151,0
12157,1
12158,0
12161,0
12164,0
12165,0
12166,1
12172,0
12173,0
12174,0
12175,0
12180,0
12181,0
12186,0
12187,0
12188,0
12193,0
12197,1
12201,0
12204,1
12213,0
12218,0
12219,0
12222,0
12223,0
12226,0
12228,0
12234,1
12237,0
12238,0
12242,0
12243,0
12244,0
12247,0
12250,0
12252,0
12256,0
12261,1
12268,0
12269,0
12271,0
12272,0
12274,0
12275,0
12293,0
12299,0
12301,0
12304,0
12305,0
12307,1
12313,0
12318,0
12319,1
12320,1
12326,0
12327,0
12329,0
12332,0
12335,0
12338,0
12341,0
12346,0
12350,0
12351,0
12361,0
12364,0
12366,0
12369,0
12371,0
12380,0
12388,0
12392,0
12400,0
12402,0
12403,0
12404,0
12407,0
12408,0
12409,0
12413,0
12417,0
12422,0
12423,0
12425,0
12429,0
12432,0
12433,0
12437,0
12440,0
12446,1
12447,0
12448,0
12457,0
12461,0
12462,0
12463,1
12469,0
12476,0
12487,0
12493,0
12494,0
12498,0
12502,1
12507,0
12512,0
12513,0
12516,0
12517,0
12518,0
12519,0
12521,0
12524,1
12526,1
12536,0
12537,0
12543,1
12548,0
12552,0
12555,0
12556,1
12557,0
12570,0
12573,0
12574,0
12578,0
12581,0
12587,0
12588,0
12589,0
12594,0
12596,0
12599,0
12601,1
12608,0
12611,0
12622,0
12623,1
12625,0
12627,0
12628,0
12639,1
12643,0
12644,0
12652,0
12654,0
12656,0
12660,0
12663,0
12664,0
12669,0
12671,0
12673,0
12678,0
12683,0
12686,0
12691,0
12693,1
12699,0
12705,0
12711,0
12713,0
12714,0
12715,0
12716,0
12718,0
12720,1
12722,0
12723,0
12725,0
12733,0
12734,0
12735,0
12742,0
12744,0
12746,0
12749,1
12751,0
12752,0
12754,0
12759,0
12760,0
12765,0
12766,0
12775,0
12783,0
12793,0
12794,0
12799,0
12801,0
12802,0
12804,0
12811,0
12813,0
12820,0
12822,0
12824,0
12829,0
12830,0
12831,0
12833,0
12836,0
12840,0
12842,0
12847,0
12848,0
12856,0
12858,0
12870,0
12871,0
12879,0
12880,0
12884,0
12886,0
12887,0
12888,0
12890,0
12891,0
12899,0
12904,0
12915,0
12922,0
12932,0
12936,0
12939,0
12940,0
12941,0
12942,0
12949,1
12957,0
12961,1
12962,0
12966,0
12967,0
12971,0
12972,0
12975,0
12983,0
12984,0
12993,0
12995,0
12998,1
13004,0
13017,0
13021,0
13022,0
13023,0
13024,0
13026,0
13027,0
13028,0
13030,0
13040,0
13045,0
13048,0
13049,0
13053,0
13056,0
13057,0
13058,0
13060,0
13064,1
13073,0
13079,0
13082,0
13092,0
13099,0
13104,0
13105,0
13108,0
13112,0
13114,0
13116,0
13117,0
13130,0
13132,0
13134,0
13140,0
13151,0
13157,0
13159,0
13162,0
13163,0
13166,0
13167,0
13170,0
13172,0
13173,0
13178,0
13179,1
13181,1
13184,0
13187,0
13188,0
13190,0
13193,0
13194,0
13195,0
13196,0
13200,0
13201,0
13202,0
13206,0
13209,0
13213,0
13215,1
13216,0
13221,0
13232,1
13233,0
13236,1
13251,0
13253,0
13255,0
13256,0
13258,0
13264,0
13268,0
13269,0
13271,0
13276,0
13277,0
13289,0
13291,1
13294,0
13297,0
13302,0
13308,0
13311,0
13315,0
13319,0
13328,0
13336,1
13342,1
13347,0
13348,0
13352,0
13355,0
13356,0
13357,0
13359,0
13366,1
13367,0
13372,0
13377,0
13378,0
13379,0
13381,0
13383,1
13391,0
13399,0
13400,0
13402,1
13407,1
13409,0
13410,0
13411,1
13412,1
13413,0
13419,0
13421,0
13425,0
13426,0
13429,0
13431,1
13432,1
13433,0
13434,1
13435,0
13436,0
13439,0
13440,0
13443,0
13452,0
13453,0
13459,0
13461,0
13464,0
13467,1
13469,0
13473,0
13479,1
13483,0
13484,0
13485,0
13490,0
13491,0
13495,0
13498,0
13503,1
13505,0
13507,0
13508,1
13512,0
13514,0
13519,0
13524,0
13527,0
13528,0
13529,0
13535,0
13536,0
13537,0
13538,0
13542,0
13543,0
13544,0
13547,0
13552,0
13553,0
13555,0
13556,0
13558,0
13560,0
13578,0
13580,0
13583,0
13589,0
13595,0
13596,0
13598,0
13604,0
13606,0
13612,0
13613,0
13614,1
13615,0
13616,0
13618,0
13621,0
13627,1
13629,0
13633,0
13635,1
13637,1
13643,0
13644,1
13646,1
13656,0
13660,0
13662,0
13675,0
13677,0
13692,1
13693,0
13694,0
13697,0
13703,1
13705,1
13708,0
13709,0
13711,0
13713,0
13714,0
13715,0
13716,0
13721,0
13723,0
13730,0
13733,1
13734,1
13737,0
13738,0
13741,0
13743,0
13744,0
13745,0
13747,0
13748,0
13749,0
13750,1
13753,0
13756,0
13757,0
13758,0
13759,0
13764,0
13767,1
13771,0
13776,0
13778,0
13783,0
13785,0
13787,0
13791,0
13797,0
13800,0
13801,0
13803,0
13804,0
13806,0
13814,0
13818,0
13821,0
13823,0
13826,0
13827,0
13828,0
13830,0
13841,1
13842,1
13843,1
13846,0
13852,0
13853,0
13854,1
13857,1
13859,0
13861,0
13863,0
13865,1
13869,1
13870,0
13876,0
13879,0
13882,0
13888,0
13891,1
13893,0
13895,0
13896,0
13897,0
13899,0
13903,0
13912,0
13914,0
13927,0
13931,1
13933,0
13936,0
13938,0
13949,0
13955,0
13958,1
13960,0
13962,0
13972,0
13973,1
13974,0
13976,0
13977,0
13979,0
13984,1
13986,0
13987,0
13990,0
13993,0
13994,0
13998,0
14002,0
14004,1
14007,0
14010,0
14013,1
14014,0
14015,0
14016,0
14019,0
14021,0
14028,0
14029,0
14030,0
14031,0
14037,0
14046,0
14047,0
14052,0
14054,0
14056,0
14059,0
14060,0
14062,0
14065,0
14067,0
14074,0
14075,0
14080,0
14081,0
14087,0
14090,0
14091,0
14112,0
14113,0
14115,0
14119,1
14128,0
14131,1
14134,0
14135,0
14136,0
14141,0
14142,0
14143,0
14145,0
14146,0
14148,0
14149,0
14155,0
14156,0
14158,0
14159,0
14161,0
14166,1
14167,0
14168,0
14171,1
14173,1
14182,0
14183,1
14185,0
14193,0
14201,1
14205,0
14206,0
14211,0
14212,0
14213,0
14215,0
14218,0
14221,0
14225,0
14227,0
14229,0
14231,0
14232,0
14236,0
14237,0
14239,0
14240,0
14246,0
14249,0
14255,0
14257,1
14259,0
14268,0
14273,0
14275,0
14278,1
14281,1
14285,0
14291,0
14294,0
14295,0
14296,0
14298,0
14299,0
14303,0
14307,0
14308,0
14310,0
14312,0
14314,0
14315,0
14318,0
14319,0
14323,0
14325,0
14330,0
14334,0
14336,0
14337,0
14341,0
14344,0
14349,0
14350,0
14352,0
14358,0
14361,0
14363,1
14369,0
14371,0
14372,0
14382,0
14384,1
14385,1
14387,1
14390,0
14392,0
14393,0
14396,0
14397,0
14398,1
14399,0
14403,0
14406,0
14407,0
14410,0
14412,0
14414,0
14418,0
14419,0
14421,0
14422,0
14424,1
14427,0
14428,0
14429,0
14434,0
14435,0
14438,0
14443,0
14447,0
14452,0
14453,0
14454,0
14458,0
14460,1
14462,0
14463,1
14466,0
14469,0
14471,1
14473,0
14476,1
14478,0
14479,1
14485,0
14489,0
14497,0
14498,1
14499,0
14500,0
14502,1
14506,1
14509,0
14514,0
14515,0
14518,0
14520,0
14530,0
14531,0
14532,0
14537,0
14541,0
14548,1
14551,0
14552,0
14556,0
14557,1
14562,0
14563,0
14566,0
14567,0
14572,1
14575,0
14578,1
14580,0
14581,1
14585,1
14586,0
14591,0
14592,0
14595,0
14597,0
14600,0
14602,0
14603,0
14605,0
14606,0
14607,0
14611,0
14613,0
14620,0
14628,1
14633,1
14645,0
14647,0
14651,0
14652,0
14658,0
14661,0
14662,0
14663,0
14674,0
14678,0
14679,0
14682,1
14687,0
14688,0
14689,0
14691,1
14692,1
14695,0
14699,0
14700,1
14707,0
14710,0
14717,0
14718,0
14720,0
14727,0
14728,0
14732,0
14735,0
14740,0
14741,0
14743,0
14747,0
14748,0
14755,0
14756,0
14757,0
14759,0
14765,0
14768,0
14770,0
14772,0
14776,0
14782,0
14787,0
14788,0
14794,0
14796,0
14802,0
14803,0
14805,0
14806,0
14811,0
14813,0
14814,0
14815,0
14818,0
14819,1
14820,0
14823,0
14824,1
14825,0
14832,0
14833,0
14840,1
14843,1
14846,0
14847,0
14848,0
14849,0
14850,0
14851,0
14852,0
14854,0
14856,0
14857,1
14860,0
14861,0
14863,0
14865,0
14866,0
14875,1
14876,1
14877,0
14880,0
14889,0
14891,0
14892,0
14893,1
14897,0
14900,0
14903,0
14908,0
14909,0
14910,0
14912,1
14914,0
14920,1
14921,0
14922,0
14923,0
14929,0
14930,0
14933,0
14936,0
14939,0
14940,1
14948,0
14949,0
14956,0
14963,1
14973,0
14974,0
14975,0
14977,1
14983,1
14987,0
14988,0
14990,0
14991,0
14997,0
15001,0
15002,0
15003,0
15004,0
15005,0
15006,1
15007,0
15014,1
15019,0
15025,0
15027,0
15034,0
15040,0
15041,0
15047,0
15054,0
15063,0
15071,0
15072,0
15075,0
15084,0
15086,0
15087,0
15089,0
15101,0
15102,0
15105,0
15109,0
15112,0
15113,0
15114,0
15115,0
15118,0
15121,1
15125,0
15129,0
15135,0
15140,0
15146,1
15149,0
15154,1
15162,0
15166,0
15167,0
15170,1
15174,0
15175,0
15184,0
15191,0
15198,0
15202,0
15203,0
15205,0
15207,0
15220,0
15225,0
15227,0
15230,0
15233,0
15234,0
15237,0
15239,1
15243,0
15247,0
15248,0
15249,1
15250,0
15254,0
15259,0
15260,0
15261,0
15270,0
15275,1
15276,0
15284,0
15288,0
15289,0
15290,1
15294,0
15295,0
15303,0
15305,0
15308,0
15314,1
15318,0
15324,0
15325,0
15326,0
15328,0
15330,0
15334,0
15335,0
15341,1
15342,0
15345,0
15347,0
15354,0
15355,0
15357,0
15365,0
15366,0
15367,1
15369,0
15370,1
15372,0
15376,1
15377,0
15380,0
15383,0
15388,0
15391,0
15401,0
15403,0
15407,0
15408,0
15409,0
15411,0
15413,0
15416,0
15417,0
15419,0
15425,1
15427,0
15428,1
15431,0
15438,0
15444,0
15452,0
15456,0
15457,0
15460,0
15463,0
15464,1
15465,0
15467,0
15470,0
15471,0
15472,0
15474,0
15475,0
15476,0
15479,1
15480,0
15481,0
15482,0
15483,1
15489,0
15490,0
15491,1
15496,1
15497,1
15499,1
15500,0
15503,1
15507,0
15508,1
15509,0
15512,0
15516,1
15519,0
15523,0
15526,0
15527,0
15536,1
15538,0
15540,0
15543,0
15545,0
15547,0
15548,0
15550,0
15557,1
15559,1
15561,0
15562,0
15573,0
15575,0
15585,0
15590,0
15595,0
15596,0
15601,0
15606,0
15607,0
15609,0
15610,0
15611,0
15619,0
15620,0
15627,0
15629,0
15630,0
15636,0
15637,0
15639,0
15646,0
15648,0
15649,0
15650,0
15654,1
15656,1
15663,1
15664,1
15667,0
15676,0
15679,0
15680,0
15681,0
15682,0
15690,0
15691,0
15692,0
15696,0
15703,0
15705,0
15707,0
15711,1
15712,0
15714,0
15716,0
15717,0
15718,0
15720,0
15722,0
15724,0
15726,0
15728,0
15734,0
15736,0
15738,0
15741,0
15748,0
15750,0
15755,0
15756,0
15762,0
15763,0
15764,1
15769,1
15770,0
15771,0
15774,0
15775,0
15776,0
15777,0
15778,0
15792,0
15797,0
15798,0
15809,0
15819,0
15823,0
15827,0
15828,1
15829,0
15831,0
15832,0
15833,0
15835,0
15839,0
15841,0
15849,0
15850,0
15855,0
15858,0
15859,0
15867,0
15868,1
15870,0
15871,0
15872,1
15874,0
15877,0
15884,0
15885,0
15887,0
15888,0
15889,0
15890,0
15893,0
15897,1
15899,0
15903,0
15904,0
15907,0
15908,0
15909,0
15911,0
15912,0
15919,1
15928,0
15932,0
15936,0
15938,0
15941,0
15942,0
15943,0
15946,0
15949,0
15950,0
15951,0
15952,1
15970,0
15971,0
15976,0
15977,0
15979,0
15981,0
15984,0
15986,0
15999,0
16006,0
16010,0
16013,0
16023,0
16025,1
16026,0
16039,0
16043,0
16046,1
16049,0
16053,0
16058,0
16059,0
16060,0
16065,0
16067,1
16068,0
16071,0
16073,0
16078,0
16080,0
16082,0
16085,1
16089,0
16090,1
16091,0
16094,0
16095,0
16097,1
16099,0
16107,1
16108,0
16112,0
16113,0
16115,0
16119,0
16128,0
16135,1
16136,0
16139,0
16146,1
16149,0
16151,1
16157,0
16160,1
16161,0
16164,0
16165,1
16173,0
16175,0
16177,0
16185,0
16188,0
16190,0
16191,0
16192,0
16193,0
16202,0
16203,0
16206,0
16208,0
16212,1
16213,0
16217,0
16218,0
16222,0
16223,1
16224,0
16226,0
16228,0
16231,0
16233,1
16236,0
16240,1
16243,0
16245,0
16248,1
16252,1
16253,0
16259,0
16260,0
16261,1
16263,0
16264,0
16265,0
16266,0
16268,0
16269,0
16275,1
16278,0
16280,0
16284,1
16286,0
16287,1
16290,0
16294,0
16299,0
16302,0
16303,1
16307,0
16312,0
16313,0
16315,0
16316,0
16318,0
16328,0
16332,0
16339,0
16340,0
16342,0
16345,0
16346,0
16348,0
16352,0
16353,0
16356,0
16358,0
16360,0
16361,0
16363,0
16364,0
16365,0
16366,0
16367,1
16373,0
16374,0
16375,0
16376,0
16381,0
16382,0
16384,0
16386,1
16387,0
16388,0
16394,0
16395,0
16402,0
16405,0
16409,0
16416,0
16417,0
16419,0
16422,0
16424,0
16427,0
16431,0
16433,1
16435,0
16439,0
16442,0
16444,1
16451,0
16453,0
16454,1
16460,0
16462,1
16463,0
16467,1
16468,0
16474,0
16480,0
16482,1
16486,0
16487,0
16492,0
16494,0
16498,0
16499,0
16503,0
16508,0
16510,0
16517,0
16519,0
16521,0
16526,0
16528,0
16532,0
16534,1
16544,0
16546,0
16555,0
16560,0
16562,0
16563,0
16565,1
16569,1
16575,0
16576,0
16581,0
16583,0
16584,0
16589,1
16594,0
16598,0
16601,0
16605,0
16610,1
16620,0
16623,0
16629,0
16632,0
16634,0
16638,0
16641,0
16643,0
16650,0
16652,1
16656,0
16659,0
16660,0
16661,0
16663,1
16667,0
16668,0
16669,0
16670,0
16671,0
16674,0
16675,0
16676,0
16679,0
16681,0
16685,0
16689,0
16693,0
16695,0
16698,0
16702,0
16709,0
16717,1
16719,0
16724,0
16735,1
16736,0
16737,1
16741,0
16751,0
16752,0
16764,0
16765,0
16766,0
16767,0
16770,0
16777,0
16778,0
16782,1
16784,0
16787,0
16789,0
16791,0
16798,0
16801,0
16802,0
16803,1
16807,0
16809,0
16810,0
16812,0
16815,1
16824,0
16828,0
16829,0
16831,0
16834,0
16837,0
16841,0
16843,0
16849,0
16850,0
16852,0
16854,0
16855,0
16863,0
16868,0
16870,0
16876,0
16877,1
16879,0
16881,0
16890,0
16893,0
16899,0
16900,0
16912,0
16913,1
16916,0
16920,0
16922,0
16924,0
16927,1
16930,0
16932,0
16933,0
16940,1
16942,0
16946,0
16948,1
16951,0
16953,0
16954,0
16958,0
16959,1
16966,0
16968,0
16973,0
16974,0
16981,1
16982,1
16986,0
16988,1
16991,0
16993,0
16994,0
16996,0
17002,0
17004,0
17007,0
17008,0
17015,0
17022,0
17026,1
17027,0
17030,1
17032,0
17033,0
17035,0
17036,0
17037,0
17038,1
17043,0
17055,0
17056,0
17058,0
17059,0
17060,0
17061,0
17065,0
17066,0
17080,0
17089,0
17093,0
17096,0
17099,0
17102,0
17106,1
17107,1
17108,0
17109,0
17115,0
17125,0
17126,1
17129,0
17131,0
17135,1
17140,0
17145,0
17148,0
17155,0
17156,0
17163,0
17166,0
17167,0
17172,0
17174,0
17179,0
17180,0
17188,0
17191,0
17193,0
17198,0
17205,0
17209,0
17220,0
17222,0
17227,0
17232,0
17234,0
17236,0
17240,0
17243,0
17247,0
17252,0
17255,1
17256,0
17257,0
17259,0
17262,1
17264,0
17267,0
17268,0
17270,0
17271,0
17272,1
17274,0
17283,0
17284,0
17286,0
17289,0
17290,0
17297,0
17298,0
17299,0
17300,0
17316,0
17322,0
17329,0
17330,0
17332,0
17333,0
17335,0
17337,0
17341,0
17344,0
17354,0
17357,0
17361,0
17362,0
17366,0
17369,0
17371,0
17373,0
17377,0
17381,0
17383,1
17389,0
17395,0
17401,0
17403,0
17405,0
17411,0
17414,0
17415,0
17422,0
17425,1
17426,0
17430,1
17433,0
17435,0
17441,0
17444,0
17448,0
17449,0
17451,0
17453,0
17455,0
17463,0
17464,1
17466,0
17474,0
17478,0
17484,0
17487,0
17495,0
17496,0
17499,0
17500,0
17505,0
17506,0
17513,0
17515,0
17516,0
17517,0
17520,0
17525,0
17532,0
17533,0
17535,0
17537,0
17539,0
17543,0
17544,0
17548,0
17550,1
17552,1
17553,0
17556,0
17564,0
17567,1
17570,0
17582,0
17584,0
17588,0
17590,1
17591,1
17593,0
17595,0
17596,0
17597,0
17602,0
17605,0
17606,0
17607,0
17611,0
17615,0
17620,0
17623,0
17629,0
17630,0
17635,0
17636,0
17637,0
17642,0
17643,0
17644,1
17646,0
17647,0
17651,0
17656,0
17657,0
17660,0
17661,0
17662,0
17665,0
17666,1
17667,0
17670,0
17674,1
17679,0
17680,0
17683,0
17685,1
17688,0
17690,0
17691,0
17700,0
17706,0
17711,0
17719,0
17723,0
17725,0
17726,1
17730,0
17731,0
17734,0
17735,1
17738,0
17741,0
17746,1
17747,1
17751,0
17754,1
17759,0
17761,0
17762,1
17764,0
17770,0
17772,0
17774,0
17776,0
17778,0
17780,0
17781,0
17793,0
17797,0
17800,0
17801,0
17804,0
17806,0
17809,0
17811,0
17814,0
17816,0
17820,0
17824,0
17825,1
17833,0
17834,1
17838,0
17841,0
17846,0
17847,0
17848,0
17850,0
17851,0
17853,0
17855,0
17860,0
17862,0
17863,0
17864,0
17865,0
17866,1
17868,0
17869,1
17871,0
17875,0
17876,1
17885,0
17886,0
17887,0
17888,1
17891,0
17892,1
17894,0
17900,0
17901,0
17904,0
17913,0
17916,0
17918,0
17923,1
17930,1
17931,0
17932,0
17936,0
17937,1
17945,0
17951,0
17953,0
17957,0
17960,0
17961,0
17966,0
17972,1
17979,0
17982,0
17983,1
17985,0
17986,0
17987,0
17988,1
17989,0
17990,0
17992,0
17994,1
17995,0
18001,0
18002,0
18009,0
18020,0
18030,0
18034,0
18040,1
18042,0
18043,0
18045,0
18049,0
18055,0
18064,0
18067,0
18079,0
18084,0
18085,1
18087,1
18091,0
18092,1
18093,0
18099,0
18103,0
18106,0
18107,0
18113,0
18115,1
18117,0
18118,0
18122,0
18129,0
18133,1
18135,0
18138,0
18139,0
18140,1
18141,1
18144,0
18148,0
18151,0
18152,0
18153,0
18154,0
18158,1
18159,0
18160,0
18165,0
18167,1
18170,0
18172,0
18173,0
18174,0
18176,0
18178,0
18180,0
18183,0
18184,1
18190,1
18194,0
18195,0
18199,0
18203,0
18205,0
18209,0
18210,1
18211,0
18212,0
18216,1
18217,1
18219,0
18223,0
18229,0
18231,0
18239,0
18244,0
18245,0
18247,0
18249,0
18253,0
18259,1
18261,0
18263,0
18264,0
18270,0
18280,0
18290,0
18294,0
18295,0
18300,1
18304,0
18306,0
18307,0
18308,0
18311,0
18319,1
18323,1
18331,0
18336,0
18337,0
18341,1
18344,0
18351,1
18354,0
18359,1
18361,0
18364,1
18370,0
18372,1
18376,0
18377,0
18378,0
18379,0
18388,0
18392,0
18394,0
18400,0
18402,0
18406,0
18410,0
18417,0
18419,0
18421,0
18423,1
18424,0
18425,0
18429,0
18431,0
18433,0
18435,0
18437,0
18438,0
18440,0
18441,0
18452,0
18453,1
18454,0
18457,0
18463,0
18465,0
18466,0
18467,0
18468,0
18469,0
18471,0
18472,1
18476,0
18479,0
18481,0
18484,1
18485,0
18487,1
18492,0
18495,0
18499,0
18502,0
18503,0
18509,0
18516,0
18517,0
18521,0
18522,0
18526,0
18527,0
18530,0
18531,0
18534,0
18535,0
18538,0
18540,0
18549,0
18551,0
18553,0
18555,0
18560,0
18567,0
18569,1
18570,0
18578,0
18590,0
18595,1
18601,1
18605,0
18613,0
18617,0
18618,0
18628,0
18629,0
18630,0
18631,0
18634,0
18636,1
18641,0
18645,0
18646,0
18651,0
18653,0
18655,0
18662,0
18665,0
18667,0
18672,0
18673,0
18677,0
18681,0
18689,1
18690,0
18694,0
18699,0
18701,0
18704,0
18706,0
18708,1
18710,0
18711,0
18712,1
18713,1
18717,0
18720,0
18722,0
18724,0
18727,0
18731,0
18734,0
18736,0
18741,0
18744,0
18755,0
18758,0
18760,0
18763,0
18767,0
18774,0
18775,0
18777,1
18781,0
18783,0
18784,0
18786,0
18790,0
18792,0
18793,0
18794,0
18795,0
18797,0
18800,0
18803,1
18820,0
18821,0
18826,0
18829,0
18831,0
18836,0
18842,0
18844,0
18845,0
18846,0
18849,0
18850,0
18851,0
18853,1
18857,0
18861,0
18862,0
18864,0
18865,0
18867,0
18870,0
18874,0
18876,0
18877,0
18882,0
18884,0
18889,1
18896,1
18899,0
18900,0
18901,0
18902,0
18907,0
18908,0
18918,0
18927,0
18930,0
18931,1
18942,0
18944,0
18947,0
18949,0
18951,0
18956,0
18959,0
18961,0
18963,0
18964,0
18972,1
18973,0
18974,0
18976,0
18977,0
18978,0
18979,0
18981,0
18982,0
18985,0
18989,0
18991,1
18992,0
18995,0
19000,0
19002,0
19004,0
19007,0
19022,0
19023,0
19025,0
19026,0
19029,0
19031,0
19035,0
19036,0
19043,0
19047,0
19051,0
19055,1
19057,0
19063,1
19065,0
19066,0
19071,0
19073,1
19075,1
19079,0
19084,0
19087,0
19091,0
19092,0
19095,0
19098,0
19099,0
19101,0
19104,1
19108,1
19114,0
19117,1
19119,1
19120,0
19126,0
19133,0
19134,0
19139,0
19141,0
19145,0
19147,0
19150,1
19154,1
19156,0
19160,0
19161,0
19163,0
19165,0
19166,0
19169,0
19172,0
19181,0
19185,1
19189,0
19195,1
19196,1
19197,0
19202,0
19209,0
19211,0
19213,0
19214,0
19215,0
19221,0
19228,1
19229,1
19230,0
19238,0
19239,0
19243,0
19244,1
19247,1
19249,1
19258,0
19262,0
19264,0
19269,0
19275,0
19280,0
19286,0
19287,1
19291,0
19297,0
19298,0
19301,0
19304,0
19306,0
19311,1
19316,0
19317,0
19318,0
19319,0
19320,0
19324,0
19327,0
19329,0
19333,0
19338,0
19342,0
19344,1
19346,0
19350,0
19353,0
19355,0
19357,0
19359,0
19360,0
19363,1
19365,1
19366,0
19369,0
19370,0
19371,1
19378,1
19379,1
19381,0
19385,0
19386,0
19388,0
19392,0
19394,0
19399,0
19400,1
19402,0
19411,0
19415,0
19422,0
19423,0
19424,0
19426,1
19428,0
19430,0
19432,1
19437,0
19439,0
19440,0
19442,0
19445,0
19448,0
19451,1
19452,0
19453,0
19454,0
19456,0
19465,0
19468,0
19472,0
19475,0
19482,0
19483,0
19487,0
19489,0
19490,0
19494,1
19496,0
19502,0
19504,0
19505,0
19506,0
19508,0
19509,0
19527,0
19528,0
19530,0
19531,0
19533,0
19534,1
19542,0
19544,0
19545,1
19546,0
19547,0
19553,0
19554,0
19556,0
19560,0
19564,0
19568,1
19570,0
19573,0
19576,0
19577,0
19579,0
19580,0
19581,0
19583,0
19585,1
19588,0
19590,0
19591,0
19594,1
19596,0
19600,0
19601,0
19607,1
19609,1
19611,1
19619,0
19623,0
19626,0
19628,0
19631,0
19632,0
19635,0
19637,0
19640,0
19642,0
19643,0
19645,0
19646,0
19647,0
19654,0
19664,0
19668,0
19671,1
19673,0
19674,1
19676,1
19678,0
19679,1
19682,0
19683,0
19685,0
19687,0
19689,1
19694,0
19698,1
19699,1
19701,1
19704,0
19707,0
19712,0
19716,1
19718,1
19720,1
19722,0
19727,0
19729,0
19730,1
19739,1
19741,0
19743,0
19745,1
19752,0
19755,1
19758,0
19760,0
19761,0
19766,0
19770,0
19771,0
19772,0
19776,0
19779,0
19781,0
19782,0
19783,0
19787,0
19791,0
19793,0
19795,1
19801,0
19806,0
19807,0
19809,1
19810,1
19811,1
19812,1
19813,1
19815,0
19816,0
19817,0
19821,0
19822,0
19823,0
19824,0
19825,0
19831,0
19835,0
19846,0
19848,0
19850,0
19851,1
19855,0
19862,0
19863,0
19864,0
19866,0
19868,1
19872,0
19875,0
19876,0
19879,0
19880,0
19882,0
19887,0
19892,0
19898,0
19901,0
19902,0
19906,1
19908,0
19909,0
19910,0
19911,0
19915,0
19916,0
19917,0
19923,0
19926,0
19928,1
19929,1
19930,0
19933,0
19934,0
19941,0
19943,0
19944,0
19947,0
19948,0
19954,0
19955,0
19956,0
19963,0
19967,0
19970,0
19972,1
19979,0
19982,1
19988,1
19991,0
19993,0
19996,1
19998,0
19999,0
20001,0
20015,1
20020,0
20022,0
20028,0
20030,0
20031,0
20032,0
20036,0
20039,0
20044,0
20051,1
20053,0
20057,0
20058,1
20066,0
20068,0
20070,1
20076,0
20078,0
20084,0
20085,0
20090,0
20093,0
20097,1
20098,0
20101,0
20107,0
20116,0
20117,0
20118,0
20119,1
20122,1
20124,0
20128,0
20130,0
20132,0
20139,0
20148,0
20150,0
20152,0
20157,0
20161,0
20163,0
20164,0
20171,0
20174,0
20179,0
20187,0
20190,0
20191,0
20193,0
20196,0
20197,0
20200,0
20201,0
20202,0
20206,0
20211,0
20212,0
20219,0
20222,0
20227,0
20228,0
20234,1
20235,0
20237,1
20239,0
20240,1
20241,0
20243,1
20252,0
20253,0
20264,1
20269,0
20271,0
20274,0
20275,0
20276,1
20277,0
20284,0
20286,0
20291,0
20293,0
20294,0
20296,0
20297,0
20302,0
20303,0
20305,0
20306,1
20308,0
20311,0
20312,0
20318,0
20322,0
20330,0
20336,0
20342,0
20348,1
20353,0
20356,0
20359,0
20360,1
20361,1
20368,0
20369,0
20371,0
20372,0
20373,0
20375,0
20377,1
20379,1
20382,0
20384,0
20388,0
20396,0
20397,1
20400,0
20402,0
20404,0
20407,0
20411,0
20416,0
20418,0
20419,0
20424,0
20431,0
20432,0
20433,0
20435,0
20439,0
20440,0
20441,1
20444,0
20445,1
20447,0
20448,0
20449,0
20455,0
20456,1
20457,0
20459,0
20461,0
20463,0
20465,0
20467,1
20469,0
20474,0
20477,0
20478,0
20481,0
20482,0
20484,0
20489,0
20493,0
20494,0
20495,0
20498,0
20504,0
20506,0
20508,0
20509,0
20518,0
20519,0
20521,0
20525,0
20527,0
20528,0
20530,0
20535,0
20537,1
20543,0
20547,1
20549,0
20551,0
20552,0
20554,0
20555,0
20556,0
20557,0
20559,0
20562,0
20566,0
20570,0
20571,0
20572,0
20574,1
20577,0
20580,0
20584,0
20585,0
20589,0
20593,1
20599,0
20601,0
20603,0
20604,0
20606,1
20610,1
20611,0
20615,0
20622,0
20623,0
20626,0
20630,0
20632,0
20633,0
20635,0
20637,1
20639,0
20640,0
20646,0
20647,1
20653,1
20656,0
20660,0
20663,0
20673,0
20675,0
20676,0
20678,0
20684,0
20686,1
20688,0
20689,0
20691,0
20692,1
20694,0
20695,0
20711,0
20712,0
20721,0
20722,0
20723,0
20724,0
20725,0
20731,0
20732,0
20737,0
20739,1
20742,0
20744,0
20746,0
20750,0
20752,1
20754,0
20756,1
20761,0
20762,0
20764,0
20769,0
20773,0
20776,0
20778,0
20781,0
20783,0
20792,0
20795,0
20796,0
20799,0
20801,0
20806,1
20808,0
20812,0
20814,0
20816,0
20824,0
20825,1
20827,0
20835,0
20838,0
20846,0
20848,0
20849,0
20851,0
20852,0
20856,0
20857,0
20858,0
20859,0
20864,1
20867,0
20878,0
20880,1
20886,0
20889,0
20892,1
20893,0
20898,0
20903,0
20904,0
20906,0
20907,0
20912,0
20915,0
20919,1
20920,0
20921,0
20924,1
20925,0
20927,0
20933,0
20935,0
20939,0
20940,1
20941,0
20942,0
20947,0
20948,0
20950,0
20951,1
20952,1
20954,0
20960,0
20963,0
20964,0
20967,0
20968,0
20969,1
20973,0
20974,0
20976,0
20977,0
20985,1
20986,0
20989,0
20990,0
20991,0
20995,1
20996,0
20999,0
21001,0
21003,1
21004,0
21009,1
21012,0
21014,1
21017,0
21024,1
21027,0
21029,0
21034,0
21035,0
21037,0
21046,0
21053,0
21057,1
21061,0
21063,1
21074,1
21075,1
21076,0
21077,0
21080,0
21086,0
21088,0
21090,0
21091,0
21092,0
21096,1
21099,0
21110,0
21112,0
21121,0
21124,0
21129,0
21137,0
21141,1
21147,0
21149,1
21150,0
21151,0
21152,0
21156,0
21166,0
21167,0
21171,0
21173,0
21175,0
21176,0
21177,0
21182,0
21183,0
21187,0
21189,0
21193,0
21199,0
21200,0
21202,0
21203,0
21205,0
21208,0
21210,0
21219,0
21221,1
21227,0
21229,0
21234,1
21236,0
21237,0
21239,0
21241,0
21242,0
21244,0
21247,0
21249,0
21256,0
21258,1
21260,0
21264,1
21265,0
21268,1
21269,1
21270,0
21272,0
21273,1
21277,0
21278,0
21283,0
21286,0
21293,0
21294,0
21295,0
21298,0
21305,0
21307,1
21310,0
21315,0
21322,0
21325,0
21327,0
21329,0
21331,0
21336,0
21337,0
21339,0
21347,0
21350,0
21352,0
21359,0
21363,1
21369,0
21370,0
21371,1
21374,0
21376,0
21377,0
21384,0
21391,0
21407,0
21408,1
21412,1
21413,0
21419,0
21420,0
21426,0
21428,0
21430,0
21432,0
21434,0
21436,0
21438,0
21440,0
21441,0
21443,0
21444,0
21445,0
21454,0
21456,0
21459,0
21461,0
21463,0
21465,0
21471,0
21473,0
21478,0
21481,0
21483,0
21485,1
21488,0
21489,0
21490,0
21491,1
21503,0
21505,0
21509,0
21510,1
21513,0
21515,1
21517,1
21520,1
21524,0
21527,0
21529,1
21531,0
21537,0
21542,1
21547,1
21548,0
21551,1
21554,0
21555,1
21556,1
21557,0
21562,1
21564,0
21567,1
21574,1
21575,0
21576,0
21577,0
21579,1
21580,0
21586,0
21588,0
21592,0
21594,0
21597,0
21603,0
21606,0
21607,0
21611,0
21617,0
21618,1
21621,0
21622,0
21623,0
21626,0
21627,0
21636,0
21643,1
21644,0
21648,0
21654,1
21655,0
21658,1
21660,0
21662,0
21673,1
21677,0
21678,0
21680,0
21689,0
21692,0
21698,0
21703,0
21708,0
21710,0
21711,0
21717,0
21719,1
21724,0
21726,0
21727,0
21733,0
21734,0
21737,0
21741,0
21747,0
21748,0
21749,0
21750,0
21752,0
21754,1
21756,0
21758,0
21764,1
21767,0
21768,0
21770,0
21774,0
21779,0
21783,1
21790,1
21793,0
21794,0
21796,0
21798,1
21804,0
21808,0
21809,0
21810,1
21812,0
21816,0
21821,0
21822,0
21835,0
21836,0
21840,1
21845,1
21846,0
21848,1
21852,0
21854,1
21858,0
21861,0
21866,0
21869,0
21874,1
21875,0
21885,0
21892,1
21896,0
21898,0
21903,0
21909,1
21913,1
21914,0
21917,0
21924,0
21925,0
21928,0
21937,0
21940,0
21946,1
21948,0
21949,0
21955,0
21959,0
21960,0
21961,0
21966,0
21968,0
21970,0
21982,0
21987,1
21990,0
21994,0
21995,0
21996,0
21998,0
22003,0
22007,0
22016,1
22025,1
22031,1
22034,0
22036,0
22045,0
22047,1
22050,0
22061,0
22065,0
22068,0
22069,0
22078,0
22079,0
22080,0
22081,1
22085,0
22089,0
22091,0
22092,0
22093,0
22094,0
22096,0
22099,0
22100,0
22101,1
22104,0
22107,0
22109,0
22111,0
22116,1
22121,0
22124,0
22127,0
22129,0
22130,0
22133,0
22134,0
22138,0
22141,0
22146,1
22147,0
22148,0
22153,0
22158,0
22159,0
22160,0
22167,0
22168,0
22177,0
22179,0
22180,0
22186,0
22192,1
22196,0
22201,0
22203,0
22204,0
22206,0
22209,0
22210,0
22212,0
22222,0
22227,1
22229,0
22230,0
22231,1
22233,0
22234,0
22236,0
22237,0
22240,0
22246,1
22247,0
22248,0
22249,0
22250,1
22251,0
22252,1
22253,0
22254,0
22259,1
22262,0
22265,0
22266,0
22268,1
22270,0
22271,1
22272,0
22274,0
22275,0
22276,0
22278,1
22282,0
22286,0
22288,0
22289,0
22290,0
22291,0
22293,0
22294,0
22295,0
22300,0
22307,0
22311,0
22312,0
22319,0
22329,0
22331,0
22332,0
22333,0
22334,0
22337,0
22339,0
22340,1
22342,0
22343,0
22349,0
22351,1
22354,1
22355,0
22362,0
22364,0
22366,0
22374,0
22375,0
22376,0
22377,0
22378,0
22381,0
22383,0
22387,1
22389,1
22391,0
22394,0
22395,0
22399,0
22405,0
22406,0
22407,0
22409,0
22411,0
22412,0
22417,1
22418,0
22421,0
22425,0
22429,0
22434,0
22437,0
22443,0
22444,0
22445,0
22446,0
22449,0
22452,0
22457,0
22458,1
22463,0
22467,0
22468,0
22470,0
22486,0
22488,0
22492,0
22495,0
22499,0
22502,0
22504,0
22509,0
22510,1
22511,0
22514,0
22515,1
22518,0
22519,1
22520,0
22523,0
22527,0
22533,0
22537,1
22538,1
22541,0
22542,0
22546,0
22548,0
22550,0
22553,0
22556,0
22557,1
22559,0
22565,0
22566,0
22568,1
22570,0
22571,0
22573,1
22575,0
22576,0
22577,0
22581,0
22588,0
22590,0
22593,0
22594,0
22597,0
22598,0
22603,0
22607,0
22613,0
22619,0
22635,0
22640,0
22647,1
22651,0
22652,0
22656,0
22660,1
22662,0
22663,0
22665,0
22667,0
22668,0
22669,0
22670,1
22671,0
22673,0
22676,1
22679,0
22681,0
22682,0
22687,0
22691,1
22699,0
22705,0
22707,0
22709,0
22710,0
22714,0
22716,0
22719,1
22722,0
22724,0
22727,0
22730,0
22742,0
22743,0
22748,0
22749,0
22756,0
22758,0
22760,0
22763,1
22764,0
22770,0
22772,0
22784,0
22786,0
22790,1
22791,0
22792,1
22800,0
22802,0
22805,0
22808,0
22809,0
22814,0
22815,1
22816,1
22819,0
22821,1
22828,0
22830,1
22832,0
22833,0
22836,0
22840,0
22846,0
22848,0
22849,0
22853,0
22862,0
22867,1
22869,0
22873,0
22876,0
22878,0
22884,0
22887,0
22888,0
22889,0
22893,0
22894,0
22895,0
22898,0
22899,0
22901,0
22905,0
22907,0
22908,0
22910,0
22914,1
22915,0
22916,0
22924,0
22925,0
22927,0
22930,1
22931,0
22932,0
22935,0
22936,0
22937,0
22939,0
22942,0
22943,0
22944,0
22945,1
22946,0
22947,0
22948,0
22949,0
22951,0
22958,1
22965,0
22967,0
22968,0
22969,0
22970,0
22971,0
22972,0
22974,0
22978,0
22979,0
22981,0
22984,0
22988,1
22991,0
22993,0
23001,0
23016,0
23018,0
23020,0
23023,0
23025,0
23026,0
23039,1
23040,0
23045,0
23046,0
23050,0
23051,1
23053,1
23055,0
23057,1
23060,1
23063,1
23065,0
23070,0
23071,0
23073,0
23074,0
23077,0
23079,0
23080,1
23081,0
23082,0
23084,0
23085,0
23091,0
23094,0
23095,0
23097,0
23103,0
23110,0
23111,1
23113,0
23120,0
23130,1
23131,1
23132,0
23135,0
23136,1
23142,0
23144,0
23145,0
23147,0
23148,1
23149,1
23150,1
23151,0
23153,0
23155,0
23159,0
23163,0
23164,1
23166,0
23170,0
23172,0
23174,0
23178,0
23180,0
23185,0
23186,0
23187,0
23188,0
23196,0
23199,0
23205,0
23209,1
23213,0
23215,0
23216,0
23220,1
23225,0
23232,1
23236,0
23241,1
23244,0
23246,0
23248,0
23250,0
23252,0
23254,0
23256,0
23258,0
23259,0
23260,0
23262,0
23264,1
23267,0
23268,1
23275,0
23276,1
23277,0
23292,0
23294,0
23296,1
23299,0
23305,0
23306,0
23307,0
23311,0
23312,1
23313,0
23319,0
23327,0
23330,0
23331,0
23334,0
23336,0
23337,0
23347,1
23352,1
23358,0
23363,0
23366,0
23375,0
23376,0
23380,0
23381,0
23383,0
23384,0
23385,1
23388,0
23390,0
23394,0
23397,0
23400,0
23402,0
23405,0
23408,0
23410,0
23419,0
23423,1
23424,1
23425,0
23432,0
23434,0
23441,0
23444,0
23446,0
23447,0
23449,1
23455,1
23461,0
23462,0
23463,0
23465,0
23466,0
23468,0
23470,0
23475,1
23476,1
23477,0
23480,0
23490,0
23492,0
23497,0
23501,0
23503,1
23505,0
23511,0
23516,0
23517,0
23520,1
23523,0
23524,0
23530,0
23535,0
23537,1
23538,1
23539,0
23543,0
23545,1
23551,0
23552,0
23555,0
23561,0
23563,0
23564,0
23566,0
23570,1
23571,0
23573,0
23574,0
23576,0
23578,0
23584,0
23585,0
23586,0
23589,0
23590,0
23591,1
23594,0
23599,0
23601,0
23602,0
23604,0
23610,0
23613,0
23618,0
23619,0
23620,0
23623,0
23624,0
23629,0
23630,1
23631,0
23632,0
23636,0
23637,0
23639,0
23640,1
23641,0
23642,1
23643,0
23646,0
23653,0
23657,0
23659,0
23667,1
23668,0
23673,0
23684,0
23685,0
23687,0
23690,1
23693,0
23694,0
23696,1
23697,1
23698,0
23699,0
23700,0
23703,0
23704,0
23709,0
23713,0
23715,0
23716,1
23717,0
23723,0
23725,0
23726,0
23731,0
23733,0
23737,0
23740,0
23742,0
23743,0
23747,0
23751,0
23753,0
23754,1
23756,0
23760,0
23766,0
23768,1
23770,0
23775,0
23781,1
23782,0
23786,0
23788,0
23789,0
23793,0
23794,0
23795,0
23799,0
23805,0
23807,0
23813,0
23818,0
23819,0
23820,0
23822,0
23823,0
23824,0
23826,0
23828,1
23829,1
23831,0
23832,1
23833,0
23834,0
23837,1
23839,0
23844,1
23847,1
23852,0
23856,1
23860,1
23861,0
23863,0
23864,0
23865,0
23867,0
23871,0
23872,0
23873,0
23877,0
23878,0
23885,0
23901,1
23902,0
23906,1
23908,0
23913,0
23918,0
23922,0
23925,1
23926,1
23927,1
23928,1
23931,0
23935,0
23940,0
23941,0
23943,0
23945,1
23950,0
23952,0
23953,0
23955,1
23958,0
23960,1
23961,0
23962,1
23963,0
23964,0
23973,0
23974,0
23976,0
23977,0
23978,0
23981,0
23985,0
23989,0
23991,0
23993,0
23994,0
23997,0
23998,0
24003,0
24009,1
24010,0
24014,0
24020,1
24022,0
24029,0
24036,0
24038,0
24039,0
24041,0
24043,0
24045,1
24047,0
24050,0
24052,1
24056,0
24057,0
24058,0
24060,0
24065,0
24067,1
24068,0
24071,0
24080,1
24081,0
24086,1
24087,0
24089,0
24090,0
24091,0
24096,1
24098,1
24100,0
24103,0
24104,0
24107,0
24108,0
24110,0
24116,0
24117,0
24118,0
24122,0
24126,0
24128,0
24130,0
24133,0
24136,0
24139,0
24141,0
24143,1
24148,0
24149,0
24150,0
24151,0
24157,0
24159,0
24160,0
24163,0
24164,1
24166,1
24167,0
24169,0
24170,0
24172,0
24182,1
24184,1
24186,0
24192,0
24193,1
24195,0
24196,0
24198,0
24201,1
24202,0
24205,0
24207,0
24221,0
24226,0
24229,0
24233,0
24234,0
24236,0
24238,0
24239,1
24243,0
24246,0
24247,0
24249,0
24250,0
24253,0
24254,0
24255,0
24262,1
24266,0
24267,0
24268,0
24275,1
24276,0
24277,0
24278,0
24287,0
24292,0
24293,0
24294,0
24295,0
24296,0
24297,0
24302,1
24305,0
24306,0
24309,0
24312,0
24313,0
24315,0
24317,0
24324,0
24326,0
24328,0
24329,0
24330,0
24334,0
24348,0
24349,0
24351,1
24352,0
24366,0
24367,1
24372,0
24373,0
24374,0
24375,0
24377,1
24379,0
24381,0
24382,0
24384,0
24388,0
24390,0
24395,0
24397,0
24401,1
24413,1
24416,1
24417,1
24421,0
24424,1
24428,0
24432,1
24440,1
24441,0
24443,0
24444,1
24447,1
24457,1
24458,0
24462,0
24474,0
24479,1
24480,0
24482,1
24483,0
24485,0
24491,0
24499,0
24500,1
24507,0
24509,0
24510,0
24513,0
24522,0
24523,0
24532,0
24536,0
24539,1
24540,0
24541,0
24543,0
24544,0
24550,0
24554,0
24556,0
24557,0
24558,0
24559,0
24567,0
24568,0
24571,1
24573,0
24575,0
24578,1
24587,0
24588,1
24590,0
24598,0
24603,0
24605,0
24606,1
24607,0
24609,1
24612,1
24614,0
24620,0
24624,0
24627,0
24630,0
24631,0
24632,0
24634,1
24635,1
24642,0
24644,0
24646,1
24648,1
24649,0
24656,0
24659,0
24660,0
24662,1
24663,0
24665,0
24667,0
24670,0
24672,0
24675,0
24676,0
24679,1
24680,0
24682,1
24688,0
24694,0
24698,0
24702,0
24704,0
24709,0
24714,0
24715,0
24719,0
24722,0
24723,0
24727,0
24728,0
24733,1
24734,0
24737,0
24739,0
24741,0
24742,0
24744,0
24746,1
24762,0
24766,0
24776,0
24777,0
24779,1
24781,0
24799,0
24802,0
24806,0
24807,0
24809,1
24812,0
24814,0
24816,0
24820,0
24821,0
24822,0
24823,0
24828,0
24829,0
24831,0
24833,0
24834,0
24835,0
24838,0
24841,0
24844,0
24845,1
24846,0
24855,0
24860,0
24861,0
24865,0
24868,0
24877,0
24878,1
24881,0
24882,0
24884,0
24890,0
24892,0
24893,0
24896,0
24902,0
24904,1
24913,1
24916,0
24922,0
24923,0
24927,0
24929,0
24933,0
24934,0
24937,0
24942,0
24943,0
24948,0
24949,0
24950,0
24952,0
24953,0
24954,0
24955,0
24956,0
24958,0
24963,0
24965,0
24967,1
24970,1
24975,1
24976,0
24979,0
24982,0
24988,0
24991,0
24999,0
25008,0
25011,0
25012,0
25016,0
25018,0
25027,0
25028,1
25032,0
25035,1
25036,0
25042,0
25046,1
25047,0
25051,0
25055,0
25056,0
25062,1
25065,0
25067,0
25068,0
25071,0
25073,0
25078,1
25081,0
25082,0
25083,0
25084,1
25086,0
25090,0
25093,0
25094,1
25100,1
25101,0
25104,0
25105,1
25111,0
25115,0
25119,0
25120,0
25122,0
25123,0
25124,0
25130,0
25132,0
25133,1
25134,0
25135,0
25140,0
25147,1
25148,0
25151,0
25153,0
25167,0
25170,0
25171,0
25174,0
25179,0
25180,0
25181,0
25184,0
25187,0
25191,0
25192,0
25194,0
25197,1
25198,0
25200,1
25201,1
25202,0
25205,0
25206,0
25210,1
25211,0
25214,0
25219,1
25221,0
25223,0
25228,0
25230,1
25237,1
25238,0
25241,0
25243,0
25245,0
25247,0
25249,0
25250,0
25251,0
25254,1
25258,1
25262,0
25263,0
25269,0
25270,0
25280,0
25281,0
25282,0
25283,1
25285,0
25296,0
25298,0
25299,1
25301,0
25302,0
25303,0
25305,0
25306,1
25313,1
25315,1
25318,0
25322,1
25324,0
25325,0
25328,0
25331,1
25332,1
25333,0
25334,0
25339,0
25340,0
25343,1
25344,1
25345,0
25346,1
25348,0
25351,0
25355,0
25356,0
25357,0
25361,0
25368,0
25372,0
25377,0
25378,0
25381,0
25382,0
25383,0
25384,0
25392,1
25397,1
25406,0
25407,1
25411,0
25414,0
25415,0
25417,0
25421,0
25425,0
25426,1
25436,0
25444,1
25445,1
25447,0
25448,1
25449,0
25452,1
25456,1
25459,0
25462,0
25463,0
25471,0
25472,0
25476,0
25477,0
25482,0
25489,0
25491,0
25493,0
25496,0
25503,0
25504,0
25505,0
25506,0
25511,0
25513,0
25516,0
25517,0
25519,0
25523,0
25530,0
25532,1
25535,1
25548,0
25549,0
25553,0
25556,0
25562,0
25565,0
25570,0
25583,1
25590,0
25594,0
25596,1
25597,0
25598,0
25599,0
25605,0
25607,0
25610,0
25614,0
25619,1
25621,0
25622,0
25626,0
25630,0
25636,1
25638,0
25639,0
25642,0
25643,1
25646,0
25648,0
25653,0
25654,0
25659,0
25661,1
25662,0
25666,0
25668,0
25669,0
25670,0
25675,1
25685,0
25686,0
25689,1
25691,1
25692,0
25693,0
25696,0
25707,0
25711,0
25713,0
25717,0
25720,1
25721,1
25724,1
25725,0
25726,0
25728,0
25730,0
25731,0
25733,0
25736,0
25743,0
25744,1
25746,0
25753,1
25754,0
25755,0
25757,0
25761,0
25763,1
25764,0
25766,0
25768,0
25770,0
25771,0
25775,0
25781,0
25782,0
25783,0
25784,0
25788,0
25789,0
25791,0
25797,0
25803,1
25805,1
25807,0
25814,0
25816,0
25817,0
25818,0
25821,0
25827,0
25830,0
25831,0
25833,0
25834,0
25835,1
25837,0
25839,0
25843,0
25845,0
25847,1
25848,0
25849,0
25856,0
25863,0
25867,0
25874,1
25875,0
25876,0
25877,0
25881,0
25882,0
25885,0
25886,0
25894,0
25900,0
25901,0
25902,0
25909,0
25910,1
25912,0
25920,0
25923,0
25926,1
25928,1
25929,0
25931,0
25934,0
25935,0
25936,0
25938,0
25940,1
25946,1
25949,0
25951,0
25954,0
25956,0
25963,0
25965,0
25967,0
25968,0
25973,0
25975,0
25976,0
25978,0
25980,0
25981,0
25984,1
25991,1
25992,0
25997,1
26001,1
26004,1
26006,1
26010,0
26011,0
26013,0
26018,0
26019,1
26021,0
26024,0
26027,0
26028,0
26029,0
26032,0
26036,1
26043,0
26048,0
26050,0
26051,0
26056,0
26059,0
26060,1
26063,0
26064,0
26065,0
26067,0
26068,0
26073,0
26074,0
26079,0
26085,0
26088,0
26089,0
26090,0
26101,0
26103,0
26104,0
26105,0
26111,0
26112,0
26113,1
26114,0
26115,0
26117,0
26118,0
26120,0
26123,0
26125,0
26127,0
26128,0
26129,0
26132,1
26133,1
26134,0
26139,0
26140,0
26141,0
26143,0
26153,0
26156,0
26157,0
26163,0
26166,0
26167,0
26169,0
26170,0
26172,0
26178,0
26183,0
26191,0
26198,0
26201,0
26202,1
26207,0
26211,1
26215,0
26220,0
26224,0
26230,0
26231,0
26234,0
26235,0
26236,0
26239,0
26245,0
26247,0
26248,1
26249,1
26250,0
26251,0
26252,1
26254,0
26256,0
26257,1
26258,0
26264,0
26266,0
26273,0
26275,0
26280,0
26284,0
26291,0
26292,0
26294,0
26295,0
26296,0
26306,0
26309,0
26310,0
26315,0
26319,1
26324,1
26327,0
26330,0
26332,1
26335,0
26340,0
26341,0
26343,0
26346,1
26347,0
26351,0
26352,0
26353,0
26357,0
26362,0
26365,0
26375,0
26376,0
26378,0
26383,0
26390,0
26391,0
26401,1
26411,0
26416,0
26418,0
26419,0
26420,1
26421,0
26423,0
26426,0
26430,0
26432,0
26433,0
26436,0
26437,0
26441,0
26442,0
26451,0
26454,1
26455,0
26458,0
26463,0
26465,0
26470,0
26471,1
26472,1
26477,0
26479,0
26481,1
26482,1
26484,0
26489,0
26491,0
26504,0
26505,0
26508,0
26509,0
26512,0
26513,1
26514,0
26515,1
26516,0
26518,1
26520,0
26522,0
26526,0
26528,0
26532,1
26535,1
26536,0
26538,0
26540,0
26542,0
26550,1
26564,0
26568,0
26574,0
26580,0
26586,0
26587,0
26589,0
26590,0
26591,0
26595,0
26598,1
26601,0
26603,1
26604,0
26613,0
26614,0
26618,0
26622,0
26628,0
26629,0
26635,0
26638,0
26639,0
26640,0
26646,0
26653,1
26656,1
26657,0
26658,0
26661,0
26663,0
26664,0
26666,0
26676,0
26677,0
26679,0
26680,1
26686,0
26695,0
26696,1
26697,0
26699,1
26701,0
26702,0
26705,0
26715,0
26723,0
26729,0
26730,0
26737,0
26740,0
26745,0
26756,1
26765,0
26770,0
26774,0
26775,0
26776,0
26779,0
26780,0
26781,0
26783,0
26784,1
26785,0
26788,0
26791,0
26792,0
26798,1
26799,0
26800,1
26805,1
26809,0
26815,0
26820,0
26822,0
26824,0
26828,0
26830,0
26831,0
26833,0
26835,1
26838,1
26840,0
26841,1
26845,1
26855,0
26857,0
26861,1
26866,0
26869,0
26870,0
26872,0
26873,0
26874,0
26880,0
26881,0
26885,0
26886,0
26889,0
26891,0
26901,0
26902,0
26904,0
26909,0
26910,0
26911,0
26913,0
26916,0
26918,1
26920,0
26926,0
26927,1
26928,0
26930,0
26935,0
26947,0
26948,0
26949,0
26950,0
26951,1
26952,0
26956,0
26961,1
26963,0
26964,0
26965,0
26973,0
26974,1
26975,0
26976,0
26977,0
26979,1
26980,0
26982,1
26986,0
26987,0
26991,0
26992,0
26995,0
26996,0
27000,0
27002,0
27003,0
27004,0
27007,0
27010,0
27012,0
27017,0
27018,0
27027,0
27031,0
27032,0
27036,0
27040,1
27042,0
27048,0
27050,1
27051,1
27054,1
27056,0
27057,0
27072,0
27076,0
27088,1
27091,0
27093,0
27096,0
27097,0
27102,0
27104,1
27107,0
27113,0
27114,0
27115,0
27118,1
27120,0
27122,0
27123,0
27128,0
27130,0
27136,1
27139,0
27146,0
27147,1
27158,0
27159,0
27163,0
27166,0
27169,0
27173,0
27174,0
27176,0
27178,0
27179,0
27180,1
27182,0
27185,0
27191,0
27194,0
27195,0
27196,0
27198,0
27200,0
27201,0
27203,0
27205,0
27206,0
27207,0
27213,0
27214,0
27222,0
27223,0
27225,1
27226,0
27228,0
27232,0
27235,0
27238,0
27241,0
27242,1
27247,0
27248,0
27252,0
27254,0
27257,0
27263,0
27264,0
27268,0
27271,0
27274,0
27276,0
27279,1
27282,0
27292,0
27293,0
27295,0
27297,0
27298,0
27299,0
27300,0
27302,0
27303,0
27305,0
27306,0
27316,1
27318,0
27319,0
27323,0
27325,0
27327,0
27341,0
27346,1
27352,0
27357,0
27358,0
27363,1
27364,1
27366,0
27368,0
27370,0
27371,0
27372,0
27375,0
27381,0
27382,0
27383,0
27384,0
27389,0
27394,0
27396,0
27397,0
27400,1
27402,0
27404,0
27405,0
27408,0
27409,0
27411,1
27412,0
27413,0
27414,0
27416,0
27417,1
27419,0
27421,1
27423,0
27425,0
27427,1
27428,0
27434,0
27435,1
27437,0
27442,1
27443,0
27445,0
27451,0
27457,1
27458,0
27463,0
27464,0
27467,1
27469,0
27472,0
27473,0
27477,0
27481,0
27483,0
27486,0
27487,0
27490,0
27494,0
27495,0
27500,0
27502,0
27503,0
27505,1
27511,0
27512,0
27514,0
27520,0
27522,0
27530,0
27536,0
27537,0
27538,1
27543,1
27548,0
27564,0
27566,0
27568,0
27569,0
27574,0
27576,0
27577,0
27581,0
27585,0
27587,0
27593,0
27594,0
27597,0
27599,0
27612,0
27613,0
27619,1
27620,0
27621,1
27624,0
27629,1
27631,0
27632,0
27633,0
27634,0
27638,0
27639,0
27641,1
27642,0
27644,0
27648,1
27650,0
27651,0
27653,0
27659,0
27660,0
27663,0
27670,0
27672,0
27675,1
27680,0
27684,0
27687,1
27691,0
27707,0
27713,0
27717,0
27721,0
27729,0
27730,0
27731,0
27733,0
27738,0
27740,0
27743,1
27744,1
27748,0
27755,0
27764,0
27765,0
27767,0
27768,0
27770,0
27771,0
27776,0
27780,0
27783,0
27789,0
27790,0
27796,0
27799,1
27803,1
27807,0
27810,0
27814,0
27817,0
27819,0
27820,0
27823,0
27825,0
27827,0
27828,0
27829,1
27830,0
27833,0
27835,0
27836,0
27837,0
27840,1
27842,1
27851,0
27853,1
27855,1
27858,0
27860,0
27862,0
27866,0
27868,1
27873,0
27876,0
27877,0
27886,0
27887,0
27888,0
27890,0
27891,1
27894,1
27895,0
27896,1
27897,0
27899,0
27900,0
27901,0
27903,0
27907,0
27912,0
27918,0
27923,0
27925,0
27927,0
27928,0
27931,0
27939,1
27942,0
27945,0
27949,0
27953,0
27956,0
27957,0
27959,0
27961,0
27963,1
27966,0
27972,0
27976,0
27979,0
27981,0
27983,0
27985,0
27989,0
27993,0
27994,0
27999,1
28000,1
28004,1
28005,1
28007,1
28013,1
28015,0
28018,0
28019,0
28020,0
28022,0
28023,0
28033,0
28038,0
28043,0
28047,0
28050,0
28051,0
28054,0
28056,0
28061,0
28063,0
28064,1
28065,0
28070,0
28072,0
28073,0
28077,0
28079,0
28080,0
28083,0
28084,0
28085,0
28086,1
28089,0
28096,0
28100,0
28101,0
28102,0
28106,1
28109,0
28110,0
28113,0
28114,0
28115,0
28119,0
28123,0
28125,0
28128,0
28130,0
28131,0
28132,1
28133,1
28137,1
28143,0
28149,0
28151,0
28152,1
28154,0
28156,1
28158,1
28159,0
28161,0
28162,0
28167,0
28168,0
28170,1
28173,0
28178,0
28182,0
28183,1
28186,1
28188,0
28194,0
28195,0
28197,0
28198,1
28203,0
28204,1
28206,1
28212,0
28213,0
28217,0
28222,0
28223,0
28224,0
28225,0
28226,0
28227,0
28228,0
28230,0
28231,0
28235,0
28241,0
28242,0
28243,0
28245,0
28247,1
28254,0
28258,1
28259,0
28260,1
28264,0
28276,0
28279,1
28280,0
28282,1
28283,1
28286,0
28287,0
28288,0
28289,1
28290,1
28292,0
28294,1
28296,0
28304,0
28307,0
28310,0
28311,1
28312,0
28313,0
28320,1
28321,0
28323,0
28324,0
28326,0
28338,0
28344,0
28351,0
28354,1
28357,1
28359,0
28364,0
28372,0
28375,0
28378,0
28380,0
28381,0
28382,0
28388,1
28389,0
28390,0
28397,1
28398,1
28400,0
28401,0
28406,0
28408,0
28412,0
28414,1
28417,1
28418,1
28419,0
28428,0
28435,1
28436,0
28437,1
28439,1
28441,0
28447,0
28453,0
28454,0
28455,0
28456,0
28457,0
28458,0
28459,0
28461,1
28463,1
28464,1
28474,0
28475,0
28479,0
28482,0
28485,0
28487,0
28490,0
28500,0
28504,1
28506,1
28507,0
28516,0
28519,0
28520,0
28521,0
28523,0
28526,0
28539,0
28541,1
28543,1
28544,0
28546,0
28547,0
28548,0
28549,1
28550,1
28555,0
28558,0
28562,0
28563,0
28565,0
28566,0
28567,0
28568,1
28569,0
28570,0
28572,0
28578,0
28580,0
28581,0
28586,0
28593,0
28594,0
28597,1
28606,0
28608,0
28614,0
28622,0
28624,0
28636,0
28645,1
28650,0
28652,0
28657,0
28660,0
28663,0
28664,0
28665,0
28666,0
28669,0
28672,0
28674,1
28676,0
28682,0
28684,0
28687,0
28692,0
28693,0
28695,1
28697,0
28699,1
28703,0
28704,0
28708,0
28709,0
28710,0
28719,0
28720,0
28725,1
28726,0
28734,1
28735,0
28736,0
28737,0
28738,0
28740,0
28741,0
28743,0
28752,0
28757,0
28758,0
28760,0
28763,0
28764,0
28767,0
28769,0
28773,0
28777,0
28778,0
28781,1
28785,1
28786,0
28788,0
28790,0
28791,1
28795,0
28796,0
28798,1
28801,0
28802,0
28808,0
28814,0
28816,0
28818,0
28819,0
28822,0
28825,0
28826,0
28827,0
28833,0
28850,0
28852,0
28855,0
28858,0
28859,0
28861,0
28867,0
28868,0
28873,0
28874,0
28878,1
28885,0
28886,1
28889,0
28890,0
28894,0
28896,0
28898,0
28899,0
28901,0
28908,0
28910,0
28913,1
28918,0
28922,0
28926,0
28927,0
28929,0
28933,0
28942,0
28951,1
28953,0
28959,0
28962,0
28966,1
28968,1
28972,0
28974,0
28975,0
28978,0
28982,0
28985,0
28986,1
28989,0
28990,0
28991,0
28992,0
28994,0
28997,0
28998,0
28999,0
29000,0
29002,0
29003,0
29005,0
29009,1
29010,0
29013,0
29015,0
29018,1
29020,0
29023,0
29033,0
29034,0
29036,0
29039,0
29045,0
29046,0
29047,0
29049,1
29051,0
29054,1
29058,0
29060,0
29061,1
29070,0
29071,0
29073,0
29081,0
29082,0
29089,0
29093,1
29096,0
29102,0
29103,0
29104,0
29105,0
29107,0
29108,1
29109,1
29111,0
29119,0
29125,1
29131,0
29133,1
29135,0
29138,0
29139,1
29141,0
29144,0
29151,0
29156,1
29158,0
29164,0
29168,1
29169,1
29170,1
29172,0
29178,0
29180,0
29182,0
29184,1
29186,1
29189,0
29190,0
29192,1
29201,1
29206,0
29207,0
29211,0
29215,0
29216,0
29223,0
29225,1
29228,0
29232,0
29236,0
29240,0
29249,0
29251,0
29254,0
29255,0
29258,0
29259,0
29262,0
29263,0
29264,0
29266,0
29276,0
29278,0
29294,0
29295,0
29297,0
29298,0
29304,0
29307,0
29309,1
29310,0
29312,0
29313,0
29321,0
29322,0
29323,0
29328,0
29329,0
29332,0
29337,0
29340,0
29341,0
29342,0
29349,0
29351,0
29352,0
29354,0
29358,0
29360,0
29361,0
29364,0
29365,1
29366,0
29367,0
29369,0
29372,0
29373,1
29374,0
29375,0
29378,0
29381,0
29382,0
29384,1
29388,0
29390,0
29391,0
29393,0
29396,1
29399,0
29401,0
29403,0
29405,0
29408,0
29410,0
29415,0
29416,0
29417,0
29418,0
29419,0
29421,0
29423,0
29424,1
29430,0
29434,0
29437,1
29438,0
29450,0
29452,1
29455,0
29462,0
29463,0
29467,0
29473,0
29475,0
29477,0
29481,0
29482,0
29483,0
29492,0
29493,0
29498,0
29501,0
29502,1
29504,0
29505,0
29506,1
29507,0
29509,0
29513,0
29516,1
29518,0
29520,0
29521,0
29523,0
29524,0
29529,0
29533,0
29539,0
29540,0
29541,1
29545,0
29546,0
29551,1
29557,0
29560,0
29564,0
29568,0
29577,0
29578,0
29581,0
29583,1
29585,0
29587,0
29588,0
29594,1
29595,0
29596,0
29602,0
29606,0
29613,0
29614,0
29629,0
29634,0
29639,0
29643,1
29644,1
29646,0
29650,0
29652,0
29653,1
29654,1
29658,0
29661,0
29665,1
29669,0
29674,0
29676,0
29683,0
29685,0
29688,1
29690,0
29693,0
29697,0
29707,0
29710,0
29712,0
29716,0
29720,0
29721,0
29725,0
29728,0
29735,0
29740,0
29744,0
29748,0
29749,0
29753,0
29756,1
29760,0
29762,0
29765,0
29766,0
29771,0
29782,0
29783,0
29787,0
29788,0
29789,0
29790,1
29794,0
29798,0
29799,0
29801,1
29803,0
29806,0
29808,0
29810,1
29813,0
29820,0
29829,0
29831,0
29832,0
29836,0
29839,1
29841,1
29844,0
29849,0
29850,0
29854,0
29856,0
29857,0
29858,0
29863,1
29867,0
29873,0
29882,0
29888,0
29890,1
29892,0
29899,0
29904,0
29905,0
29911,0
29924,0
29925,1
29926,0
29927,0
29932,1
29933,0
29935,0
29936,0
29937,0
29940,0
29941,0
29942,0
29945,1
29946,0
29953,0
29955,0
29956,1
29958,0
29960,1
29964,0
29965,0
29967,0
29975,0
29980,0
29984,0
29987,0
29989,0
29990,0
29991,0
29994,0
29995,0
29998,0
30003,0
30005,0
30006,0
30007,0
30008,0
30009,0
30012,0
30015,1
30016,0
30018,0
30019,0
30020,1
30022,1
30028,0
30036,0
30039,0
30041,0
30042,0
30044,0
30048,0
30050,0
30052,0
30053,1
30055,0
30057,0
30059,1
30060,1
30061,0
30081,0
30084,0
30091,0
30095,0
30097,0
30098,0
30100,1
30101,0
30104,0
30107,0
30112,0
30116,1
30117,0
30118,0
30125,0
30126,0
30129,1
30130,0
30132,0
30138,0
30140,0
30141,0
30146,0
30147,0
30151,0
30153,0
30154,0
30156,0
30157,0
30159,0
30160,1
30162,0
30166,0
30167,1
30176,0
30181,0
30185,1
30186,0
30187,1
30190,1
30191,1
30196,0
30197,0
30201,0
30202,0
30203,0
30206,0
30209,0
30212,0
30216,0
30218,0
30220,0
30221,0
30223,0
30225,1
30226,1
30228,0
30230,1
30231,1
30233,0
30234,1
30236,0
30239,0
30243,0
30247,1
30248,0
30252,0
30253,1
30255,0
30257,0
30259,0
30264,1
30273,0
30282,0
30285,0
30287,0
30288,0
30289,1
30291,1
30293,0
30295,0
30297,0
30298,0
30299,0
30301,0
30303,1
30304,0
30305,1
30312,0
30315,0
30317,0
30318,0
30323,0
30326,0
30332,0
30333,0
30334,0
30339,0
30340,0
30341,0
30345,0
30346,0
30349,1
30350,0
30353,0
30355,0
30356,0
30357,0
30362,0
30363,0
30378,1
30380,1
30381,0
30383,0
30387,1
30390,0
30391,1
30392,0
30393,0
30394,0
30396,1
30398,0
30402,0
30405,1
30408,0
30409,0
30410,0
30411,0
30414,0
30415,0
30418,0
30421,0
30427,0
30428,1
30429,1
30434,0
30447,0
30448,0
30449,0
30451,0
30454,0
30455,0
30457,1
30459,0
30461,0
30465,0
30466,0
30476,0
30482,0
30484,0
30489,0
30491,0
30492,0
30496,0
30500,0
30504,0
30507,0
30509,0
30510,0
30512,0
30515,0
30516,0
30519,0
30525,0
30526,0
30528,1
30530,0
30537,0
30538,0
30543,0
30544,0
30545,0
30549,0
30552,0
30557,0
30560,0
30565,0
30568,1
30571,0
30572,0
30574,0
30577,0
30584,1
30585,0
30586,0
30587,0
30591,1
30593,0
30594,1
30595,0
30598,0
30602,0
30607,1
30609,0
30611,0
30612,0
30613,0
30618,0
30619,0
30621,0
30633,1
30634,0
30636,0
30638,0
30641,1
30642,0
30643,0
30646,0
30653,0
30654,0
30656,0
30657,0
30658,0
30666,0
30669,0
30672,0
30678,0
30680,0
30682,0
30684,0
30685,0
30686,0
30688,0
30689,0
30691,0
30695,0
30697,0
30699,0
30704,0
30705,0
30708,0
30711,0
30712,0
30715,1
30716,0
30719,0
30722,0
30723,0
30738,0
30739,1
30742,0
30743,1
30753,0
30754,0
30756,0
30758,0
30759,0
30761,1
30765,0
30768,0
30772,0
30773,1
30777,0
30779,1
30781,0
30783,0
30787,0
30788,0
30792,0
30793,0
30797,1
30801,0
30802,1
30805,0
30806,0
30807,0
30808,1
30816,0
30817,0
30818,0
30823,0
30827,0
30829,0
30830,0
30833,0
30834,0
30836,0
30837,0
30841,0
30851,0
30853,0
30854,0
30858,0
30861,0
30863,0
30864,0
30868,0
30870,0
30875,0
30882,0
30886,1
30887,0
30891,1
30895,0
30896,1
30898,0
30900,0
30902,0
30903,0
30905,1
30908,1
30909,0
30915,0
30916,0
30918,0
30919,0
30920,0
30921,1
30922,1
30923,0
30924,0
30926,0
30933,0
30934,1
30936,0
30937,0
30943,0
30959,0
30965,0
30966,1
30976,0
30977,0
30978,0
30979,0
30981,0
30983,1
30988,0
30990,0
30991,0
31000,0
31002,0
31005,1
31006,0
31007,0
31009,0
31010,0
31014,1
31017,0
31018,0
31026,0
31028,0
31036,1
31041,0
31043,1
31045,0
31047,1
31048,0
31053,0
31054,0
31057,0
31060,0
31061,1
31064,0
31065,0
31066,0
31071,0
31079,0
31092,0
31096,0
31102,1
31105,0
31112,0
31117,1
31119,0
31122,0
31124,0
31127,0
31128,0
31129,1
31130,1
31137,0
31140,0
31142,0
31153,0
31156,0
31159,1
31160,0
31163,0
31164,0
31167,0
31174,0
31175,0
31177,0
31185,0
31187,0
31192,0
31198,0
31201,0
31202,1
31207,1
31216,0
31223,0
31224,0
31227,0
31228,0
31229,0
31235,0
31236,1
31237,0
31239,0
31241,0
31242,0
31245,0
31247,0
31250,0
31257,0
31261,1
31264,0
31268,0
31271,0
31277,1
31278,1
31280,0
31281,1
31284,0
31285,0
31286,0
31293,0
31302,1
31303,0
31304,0
31305,0
31307,0
31308,0
31312,0
31313,0
31314,1
31322,0
31324,0
31328,1
31329,1
31334,0
31335,0
31336,0
31337,0
31339,0
31341,1
31342,0
31369,0
31374,0
31376,0
31378,0
31380,0
31382,1
31383,0
31388,0
31393,0
31395,0
31396,0
31399,0
31406,0
31412,0
31414,0
31415,0
31428,1
31429,0
31430,0
31433,0
31436,0
31444,0
31447,0
31450,0
31456,1
31461,0
31462,0
31465,0
31468,1
31475,0
31492,0
31493,1
31505,0
31506,0
31508,0
31509,0
31510,1
31513,1
31518,0
31519,0
31521,1
31525,1
31528,0
31529,0
31534,0
31535,0
31541,1
31549,1
31557,0
31562,0
31566,0
31567,0
31569,0
31571,0
31574,0
31577,0
31581,0
31590,0
31592,0
31599,1
31601,0
31606,0
31609,0
31613,0
31615,0
31623,0
31625,0
31627,0
31630,0
31633,0
31635,0
31638,1
31640,1
31645,0
31651,0
31653,1
31658,0
31659,0
31661,0
31663,0
31672,0
31674,1
31677,0
31680,1
31685,0
31687,1
31689,0
31692,1
31694,1
31697,0
31703,0
31704,0
31706,0
31707,0
31711,0
31713,0
31716,1
31719,1
31720,0
31721,0
31724,0
31727,0
31728,0
31730,1
31732,0
31733,0
31740,0
31742,0
31743,0
31745,0
31754,0
31760,0
31765,0
31770,1
31772,0
31775,0
31776,0
31778,0
31779,0
31782,0
31786,0
31788,0
31792,0
31793,0
31795,0
31797,0
31798,1
31799,0
31807,0
31808,0
31811,0
31813,0
31816,1
31817,0
31818,0
31819,0
31824,1
31825,1
31827,1
31829,0
31831,0
31833,0
31835,0
31842,1
31848,1
31849,0
31850,0
31856,0
31859,0
31861,0
31864,0
31867,0
31869,0
31870,0
31871,0
31872,0
31876,0
31879,0
31883,1
31886,0
31887,0
31889,0
31890,0
31892,0
31894,0
31899,0
31903,0
31904,0
31906,0
31914,0
31915,1
31919,0
31923,0
31924,0
31925,1
31926,0
31931,0
31933,0
31934,0
31936,0
31938,1
31941,0
31943,1
31944,0
31946,0
31949,0
31952,0
31959,0
31961,1
31964,0
31967,0
31970,1
31976,0
31979,0
31980,0
31981,0
31984,1
31985,0
31987,0
31988,0
31989,0
31992,0
31993,0
31995,0
31997,0
31998,0
32000,0
32007,0
32009,0
32014,1
32015,0
32017,0
32020,0
32025,0
32027,0
32039,0
32040,0
32042,0
32044,0
32046,0
32048,0
32056,0
32057,0
32062,0
32063,0
32065,0
32067,0
32075,0
32076,1
32077,1
32078,0
32081,1
32084,0
32086,1
32087,1
32088,1
32090,0
32091,0
32093,0
32096,0
32098,0
32099,0
32102,0
32104,1
32105,0
32115,0
32117,0
32124,0
32127,0
32129,0
32134,0
32137,0
32141,1
32143,0
32145,0
32146,0
32147,1
32148,1
32150,0
32154,0
32157,0
32159,1
32171,0
32176,0
32179,0
32181,0
32183,0
32184,1
32189,0
32191,0
32193,0
32194,0
32200,1
32202,0
32204,0
32205,0
32206,0
32207,0
32208,0
32211,0
32213,0
32216,0
32217,0
32218,0
32227,0
32228,0
32229,0
32230,0
32231,1
32239,1
32243,1
32248,0
32250,0
32256,0
32258,1
32259,0
32261,1
32263,0
32264,0
32267,1
32269,0
32270,0
32271,0
32273,0
32278,0
32279,0
32280,0
32281,0
32283,0
32284,0
32285,0
32288,1
32290,0
32291,0
32292,0
32297,0
32302,0
32304,1
32305,0
32308,0
32310,0
32311,0
32313,0
32315,0
32317,0
32321,0
32322,0
32326,1
32327,0
32330,0
32333,0
32338,0
32339,1
32341,0
32347,0
32348,0
32351,0
32353,0
32355,0
32356,0
32357,0
32358,0
32362,0
32365,1
32366,0
32371,0
32374,0
32376,0
32377,0
32378,0
32384,0
32385,0
32391,0
32396,0
32398,0
32407,0
32412,0
32418,0
32420,0
32422,0
32425,0
32426,0
32428,0
32429,0
32431,0
32433,0
32443,0
32445,0
32448,0
32450,0
32451,1
32458,1
32460,0
32461,0
32469,1
32470,0
32476,0
32480,0
32481,1
32482,0
32487,0
32495,0
32498,0
32500,0
32506,0
32508,0
32517,0
32522,0
32523,0
32527,0
32530,0
32531,0
32532,0
32534,0
32535,0
32536,0
32538,0
32539,0
32542,0
32545,0
32549,0
32555,0
32558,0
32562,0
32563,0
32564,1
32565,0
32567,0
32573,0
32576,0
32580,0
32585,0
32586,0
32588,1
32590,0
32593,1
32595,0
32598,0
32602,0
32604,0
32608,0
32615,0
32617,1
32623,0
32624,0
32637,0
32639,0
32642,0
32644,0
32646,0
32652,1
32659,1
32661,0
32662,0
32663,1
32665,0
32668,0
32669,0
32681,1
32683,0
32684,1
32686,0
32689,0
32690,0
32693,1
32694,0
32697,0
32698,0
32709,0
32710,0
32715,0
32717,0
32718,0
32721,1
32731,0
32736,0
32740,0
32741,0
32742,0
32743,0
32746,1
32747,0
32748,1
32751,0
32753,0
32754,0
32763,0
32766,0
32767,0
32768,1
32773,0
32776,0
32777,0
32778,1
32783,0
32790,1
32791,0
32792,0
32794,0
32798,0
32799,0
32802,0
32810,0
32812,1
32814,0
32817,0
32822,1
32827,1
32833,0
32835,0
32837,0
32841,0
32843,0
32846,0
32853,0
32854,0
32857,0
32859,0
32860,1
32866,0
32872,1
32881,0
32893,0
32895,0
32896,0
32897,1
32899,1
32909,0
32912,0
32916,1
32919,0
32920,0
32926,0
32928,0
32931,1
32941,0
32945,0
32946,0
32949,1
32953,0
32956,0
32958,0
32970,0
32971,1
32973,0
32982,0
32983,0
32995,0
32997,0
33000,0
33002,0
33006,1
33009,0
33014,0
33015,0
33019,0
33022,0
33027,0
33029,0
33030,0
33035,0
33040,0
33041,0
33042,0
33046,0
33050,0
33056,0
33057,0
33064,0
33065,1
33068,1
33069,0
33070,0
33077,1
33078,0
33080,0
33082,0
33084,0
33086,0
33096,0
33098,0
33108,0
33111,0
33112,0
33113,0
33114,0
33115,0
33116,1
33118,0
33119,0
33120,1
33121,0
33122,0
33126,0
33129,0
33130,0
33140,1
33142,1
33150,0
33159,0
33167,1
33168,0
33169,0
33171,0
33172,0
33174,0
33176,0
33178,1
33184,1
33187,0
33190,0
33193,0
33199,1
33200,1
33203,0
33205,0
33206,0
33207,0
33210,0
33213,0
33217,1
33219,0
33222,0
33223,0
33224,1
33226,0
33230,0
33232,0
33233,0
33240,0
33243,1
33247,0
33250,0
33253,0
33255,0
33257,0
33260,0
33262,0
33265,1
33273,0
33274,0
33276,0
33286,0
33290,0
33295,0
33299,1
33302,1
33307,0
33308,0
33311,0
33315,0
33318,0
33320,0
33326,0
33328,1
33334,0
33342,0
33344,0
33348,0
33350,0
33356,0
33363,0
33364,0
33367,0
33368,0
33371,0
33373,0
33375,0
33376,0
33378,0
33380,0
33387,0
33393,0
33396,0
33397,0
33398,0
33404,0
33405,0
33407,0
33411,0
33412,0
33414,0
33415,0
33417,0
33418,0
33423,0
33424,0
33428,0
33430,0
33433,0
33437,0
33440,1
33446,0
33448,1
33451,0
33453,1
33454,0
33455,0
33457,0
33466,0
33469,1
33470,0
33473,0
33476,0
33480,1
33481,0
33485,1
33489,0
33490,0
33495,0
33500,1
33501,0
33502,0
33504,0
33505,0
33508,0
33509,0
33510,0
33512,0
33513,0
33514,0
33515,0
33519,0
33521,0
33522,1
33527,0
33529,0
33530,0
33531,0
33532,1
33534,0
33535,1
33536,0
33539,0
33541,1
33548,0
33554,0
33572,0
33576,0
33578,0
33580,1
33581,1
33587,0
33591,0
33595,0
33597,0
33598,0
33600,0
33604,0
33605,0
33607,0
33608,1
33611,0
33612,0
33616,1
33620,0
33622,0
33625,1
33626,0
33628,0
33632,0
33638,0
33641,0
33642,0
33644,0
33645,0
33655,0
33659,0
33660,0
33661,0
33670,0
33673,0
33675,0
33676,0
33686,0
33690,0
33691,0
33692,0
33696,0
33698,0
33700,0
33701,1
33702,0
33703,0
33708,0
33714,0
33717,1
33726,0
33727,0
33731,0
33735,0
33736,1
33738,0
33740,1
33744,0
33747,0
33752,0
33762,1
33764,0
33765,1
33769,0
33770,0
33771,1
33778,0
33779,0
33784,0
33786,0
33789,0
33792,0
33793,0
33796,0
33797,1
33799,0
33813,0
33814,0
33820,0
33824,0
33828,0
33829,0
33835,1
33836,0
33839,0
33840,1
33842,0
33844,1
33845,0
33847,1
33848,0
33855,1
33859,1
33863,0
33866,0
33868,0
33869,0
33877,0
33879,0
33880,0
33886,0
33888,0
33889,1
33891,0
33892,1
33896,0
33899,0
33900,0
33901,0
33908,0
33916,0
33923,0
33926,0
33929,0
33930,0
33937,0
33940,0
33941,0
33943,1
33945,0
33946,1
33947,0
33955,0
33956,0
33957,0
33958,1
33959,0
33968,0
33972,0
33975,0
33978,0
33979,1
33980,0
33982,1
33983,0
33989,0
34010,0
34013,0
34016,0
34025,1
34028,0
34034,0
34035,0
34044,1
34047,0
34056,0
34057,0
34060,1
34063,0
34065,0
34066,0
34073,0
34077,0
34078,0
34087,0
34088,0
34089,0
34090,0
34094,1
34097,1
34099,0
34103,0
34104,1
34106,0
34107,0
34109,1
34112,0
34115,0
34117,0
34118,0
34119,0
34121,0
34122,0
34123,0
34125,0
34127,0
34128,0
34134,0
34138,0
34139,0
34140,0
34151,0
34158,1
34159,0
34162,0
34165,0
34166,0
34169,1
34170,1
34172,0
34173,0
34174,0
34178,0
34184,0
34191,0
34199,0
34200,0
34208,0
34210,0
34211,0
34216,0
34217,0
34225,1
34226,0
34228,0
34234,0
34235,0
34239,0
34241,0
34242,0
34243,0
34245,0
34251,0
34253,0
34254,1
34255,1
34256,0
34258,0
34260,0
34261,0
34262,0
34263,0
34264,0
34266,0
34267,0
34272,0
34274,0
34275,0
34276,0
34277,1
34283,0
34289,0
34293,0
34302,1
34303,0
34304,0
34305,0
34315,0
34318,0
34322,0
34325,0
34327,0
34330,0
34331,1
34332,0
34333,1
34335,1
34336,0
34337,0
34340,1
34341,0
34343,0
34344,0
34350,0
34352,0
34358,1
34359,0
34360,1
34362,0
34363,0
34364,1
34365,0
34366,0
34369,0
34371,0
34372,0
34375,1
34376,0
34378,0
34384,1
34386,0
34389,0
34391,0
34392,0
34394,0
34395,0
34398,0
34403,0
34404,0
34406,0
34408,0
34411,0
34415,0
34416,0
34418,0
34420,0
34425,0
34427,0
34429,1
34434,0
34438,0
34442,0
34443,0
34446,0
34447,0
34449,0
34450,0
34451,0
34456,0
34465,0
34468,0
34472,0
34473,0
34474,0
34475,1
34476,0
34477,0
34478,0
34488,1
34496,0
34497,0
34499,0
34500,0
34501,0
34513,0
34514,0
34515,0
34518,0
34519,0
34520,0
34521,0
34522,0
34523,0
34534,0
34537,0
34539,1
34547,0
34554,0
34556,1
34558,1
34559,0
34561,0
34562,0
34565,0
34566,0
34567,0
34569,1
34575,0
34578,1
34580,0
34582,0
34586,0
34587,0
34588,0
34591,0
34594,0
34597,1
34599,0
34601,0
34602,0
34604,0
34611,0
34612,0
34614,0
34615,0
34617,0
34624,0
34626,0
34627,0
34628,0
34630,0
34631,0
34644,1
34646,0
34649,0
34656,0
34658,0
34661,0
34668,0
34673,0
34684,0
34686,0
34687,0
34688,0
34689,0
34693,0
34694,0
34695,0
34696,0
34698,0
34700,0
34704,0
34705,0
34706,1
34707,1
34708,1
34711,0
34712,0
34716,0
34717,0
34719,0
34723,1
34729,1
34731,0
34733,0
34736,0
34740,0
34741,0
34744,1
34745,0
34749,0
34753,0
34759,0
34762,0
34765,0
34766,0
34769,0
34777,0
34782,0
34784,0
34789,1
34794,0
34796,0
34798,0
34799,1
34802,0
34803,0
34804,0
34806,0
34807,1
34808,0
34814,0
34816,0
34818,0
34828,0
34830,1
34835,0
34836,1
34840,0
34842,0
34847,0
34848,0
34849,0
34851,1
34857,0
34858,0
34865,1
34868,1
34872,0
34874,0
34878,1
34880,0
34881,0
34884,0
34885,1
34894,0
34896,0
34897,0
34898,0
34899,1
34900,0
34903,1
34904,0
34909,0
34910,0
34913,0
34916,0
34922,0
34923,0
34930,0
34934,0
34937,0
34939,0
34942,0
34947,0
34948,0
34952,1
34954,0
34956,0
34958,1
34959,0
34960,0
34962,0
34964,0
34965,1
34970,0
34972,0
34974,0
34975,0
34978,1
34979,0
34982,0
34983,1
34987,0
34988,0
34989,0
34990,0
34994,0
34998,0
35000,0
35001,0
35004,0
35006,0
35008,1
35010,1
35013,0
35017,0
35022,0
35023,1
35025,0
35026,0
35027,0
35032,0
35039,0
35041,0
35042,0
35051,0
35054,1
35055,0
35057,1
35059,0
35061,0
35062,0
35066,0
35073,0
35076,1
35078,1
35083,0
35091,0
35099,0
35100,0
35104,1
35105,1
35109,1
35110,1
35112,0
35113,0
35115,1
35121,0
35122,0
35123,0
35124,1
35128,0
35129,0
35132,0
35137,0
35140,0
35144,0
35145,0
35148,0
35152,0
35153,0
35155,0
35156,0
35158,0
35159,0
35161,0
35164,0
35168,0
35170,0
35173,1
35174,1
35175,0
35177,1
35179,1
35183,0
35185,0
35187,1
35191,1
35193,0
35194,0
35202,0
35213,0
35216,0
35217,0
35219,0
35223,0
35228,0
35229,0
35231,1
35237,0
35239,0
35241,0
35248,0
35249,0
35251,0
35253,0
35257,0
35258,0
35260,0
35262,0
35264,0
35267,1
35268,0
35269,0
35278,0
35283,0
35284,0
35287,0
35288,0
35289,0
35291,0
35294,0
35299,1
35303,0
35308,1
35309,1
35312,0
35320,1
35327,0
35329,0
35330,0
35331,0
35337,0
35341,1
35342,1
35346,0
35347,0
35349,1
35353,0
35360,0
35361,0
35367,0
35368,0
35372,0
35374,0
35375,1
35378,0
35379,0
35381,0
35382,0
35383,0
35389,0
35394,1
35395,1
35398,0
35399,0
35403,1
35404,0
35407,0
35409,1
35410,0
35411,0
35413,0
35416,1
35419,0
35427,0
35431,0
35432,0
35433,0
35434,0
35442,0
35444,1
35445,0
35447,0
35448,0
35450,0
35452,0
35454,0
35455,1
35458,0
35459,0
35462,0
35464,0
35470,0
35472,0
35480,0
35484,0
35489,0
35493,0
35499,0
35500,0
35501,0
35503,1
35504,0
35507,0
35508,0
35509,0
35513,0
35515,1
35516,0
35518,1
35519,1
35520,1
35521,1
35523,0
35527,0
35528,1
35535,1
35538,0
35539,0
35547,0
35549,0
35555,1
35558,0
35562,0
35564,1
35567,0
35568,0
35570,0
35578,0
35585,0
35586,0
35591,0
35593,0
35595,0
35598,1
35600,0
35603,0
35614,0
35620,0
35622,0
35625,1
35626,0
35627,0
35629,1
35637,0
35642,0
35644,0
35645,0
35646,0
35651,0
35652,0
35653,0
35655,1
35661,0
35664,1
35666,0
35667,0
35669,0
35674,0
35679,0
35681,0
35682,1
35684,0
35688,0
35689,0
35690,1
35691,0
35693,0
35694,0
35697,0
35702,0
35705,0
35708,0
35709,1
35713,0
35714,0
35716,0
35720,0
35727,1
35731,0
35732,0
35733,0
35735,0
35740,0
35743,0
35745,0
35747,1
35748,0
35749,1
35753,1
35754,0
35757,0
35761,0
35762,0
35763,0
35766,0
35771,1
35779,0
35780,0
35783,0
35785,0
35786,1
35793,0
35794,0
35796,0
35804,0
35805,0
35806,1
35815,0
35824,0
35829,1
35832,1
35833,1
35834,0
35835,0
35836,0
35839,1
35846,0
35849,0
35850,0
35855,0
35863,0
35864,1
35869,0
35872,1
35876,0
35880,0
35881,0
35882,0
35885,0
35887,0
35889,0
35896,0
35899,0
35903,0
35904,0
35907,0
35910,0
35914,0
35916,0
35920,0
35921,0
35922,0
35924,0
35925,0
35927,1
35929,0
35933,1
35934,1
35940,1
35951,0
35959,0
35961,0
35963,0
35968,1
35969,1
35970,0
35974,1
35976,0
35978,0
35979,0
35980,0
35984,0
35993,0
36004,1
36005,0
36011,0
36013,0
36015,1
36016,0
36022,0
36030,1
36033,1
36036,0
36048,0
36051,0
36052,0
36054,1
36056,1
36057,0
36065,0
36069,0
36082,0
36083,0
36088,1
36090,0
36092,0
36093,0
36094,0
36095,0
36099,0
36100,0
36102,0
36105,0
36107,1
36111,0
36114,1
36116,0
36117,0
36118,0
36122,0
36125,0
36130,0
36133,0
36136,0
36144,1
36146,0
36148,0
36159,0
36160,1
36162,0
36165,0
36167,0
36168,0
36169,0
36172,0
36176,0
36180,0
36186,0
36192,1
36193,0
36197,0
36199,0
36201,1
36204,0
36212,0
36214,0
36215,0
36217,0
36221,0
36225,0
36226,0
36227,0
36231,1
36241,0
36244,0
36246,1
36251,0
36255,0
36256,0
36257,0
36266,0
36270,0
36272,0
36275,0
36284,0
36290,0
36291,0
36294,0
36298,0
36299,0
36309,0
36311,0
36313,1
36323,0
36330,1
36333,0
36334,0
36335,0
36339,1
36342,1
36343,1
36349,0
36350,0
36359,0
36360,0
36361,0
36363,1
36365,0
36369,0
36376,0
36378,0
36379,0
36380,0
36383,1
36387,0
36389,0
36390,0
36392,0
36394,0
36396,0
36399,0
36402,1
36403,0
36404,0
36405,0
36407,1
36412,0
36416,0
36418,1
36419,0
36424,0
36426,1
36431,0
36434,0
36435,1
36440,1
36449,1
36450,1
36451,0
36453,1
36455,1
36459,0
36460,0
36462,1
36466,0
36468,0
36469,0
36470,0
36474,1
36476,0
36478,0
36479,0
36488,0
36489,0
36492,1
36493,1
36494,0
36495,0
36496,0
36497,1
36498,1
36499,1
36503,1
36505,1
36507,0
36509,1
36512,1
36513,1
36518,0
36519,0
36520,1
36524,0
36525,0
36537,0
36538,0
36540,0
36550,0
36554,0
36556,0
36560,0
36564,0
36569,0
36570,0
36578,1
36581,0
36588,1
36594,0
36596,0
36597,0
36601,0
36604,1
36605,1
36608,0
36609,0
36613,1
36617,0
36619,0
36622,0
36626,0
36627,0
36632,0
36641,0
36643,0
36653,0
36654,0
36657,0
36659,0
36663,0
36665,0
36666,1
36669,0
36678,1
36679,0
36681,0
36687,0
36689,1
36690,1
36691,0
36695,0
36696,0
36698,0
36703,0
36704,0
36705,0
36707,0
36708,1
36710,1
36711,0
36713,1
36717,0
36720,0
36721,0
36734,1
36735,0
36739,0
36740,0
36741,0
36743,1
36744,1
36746,1
36749,1
36753,0
36757,0
36759,0
36761,0
36764,1
36765,0
36767,0
36769,0
36771,0
36773,0
36777,0
36778,0
36783,0
36787,0
36788,1
36791,0
36793,0
36794,0
36795,0
36799,0
36802,0
36805,0
36807,0
36809,0
36816,1
36818,0
36820,0
36821,0
36824,0
36831,0
36832,0
36833,0
36837,0
36838,0
36839,0
36841,0
36843,0
36846,0
36848,0
36851,1
36852,0
36853,1
36855,1
36858,0
36860,0
36864,0
36865,0
36867,1
36875,0
36883,0
36885,1
36888,0
36889,0
36890,0
36892,1
36895,0
36896,1
36904,1
36906,0
36908,0
36917,0
36922,0
36925,0
36927,0
36931,0
36932,1
36933,0
36936,0
36940,0
36950,0
36952,0
36958,0
36961,0
36962,0
36965,1
36966,0
36968,1
36973,1
36974,1
36977,1
36984,0
36988,0
36995,0
36997,0
36998,0
37005,0
37006,0
37009,1
37011,0
37017,0
37018,0
37029,0
37030,0
37031,0
37033,1
37034,0
37036,0
37037,0
37040,0
37042,0
37045,0
37047,0
37048,0
37051,0
37069,1
37075,0
37078,1
37088,1
37090,0
37093,0
37094,0
37096,0
37099,0
37102,1
37106,0
37108,0
37109,0
37110,0
37112,1
37113,1
37114,0
37117,0
37120,0
37122,1
37123,1
37124,0
37133,0
37136,1
37137,1
37145,0
37146,0
37148,1
37150,0
37154,0
37161,1
37167,0
37176,0
37179,0
37181,0
37183,0
37184,0
37186,0
37187,0
37188,0
37189,0
37190,1
37191,0
37197,1
37206,0
37212,0
37214,0
37217,0
37220,0
37225,0
37226,0
37227,0
37228,0
37230,1
37231,1
37234,0
37238,0
37246,0
37247,0
37259,0
37262,0
37263,0
37264,0
37267,0
37268,0
37269,0
37270,0
37274,0
37278,0
37280,0
37293,1
37294,0
37297,0
37298,0
37304,0
37307,0
37312,0
37319,0
37321,0
37334,0
37337,0
37343,0
37348,0
37354,0
37355,0
37361,1
37362,0
37364,0
37376,0
37377,0
37378,0
37382,0
37383,0
37385,1
37388,1
37391,0
37392,0
37394,0
37395,0
37402,0
37403,1
37413,0
37414,0
37415,0
37418,0
37423,0
37424,0
37425,0
37429,0
37430,0
37431,0
37433,0
37434,0
37440,0
37441,0
37443,0
37444,0
37449,0
37454,1
37456,0
37461,1
37462,0
37463,0
37464,0
37468,0
37472,1
37477,0
37481,1
37483,0
37487,0
37489,0
37495,0
37497,0
37501,0
37503,0
37504,0
37505,0
37508,0
37512,0
37513,0
37522,0
37529,0
37531,0
37532,0
37538,0
37539,0
37541,0
37542,0
37543,1
37544,0
37545,0
37547,0
37553,0
37559,0
37560,0
37563,1
37565,0
37571,0
37574,1
37581,0
37589,0
37601,0
37602,0
37605,1
37607,0
37612,0
37619,1
37621,0
37623,0
37624,0
37626,0
37629,0
37634,1
37636,1
37637,0
37638,0
37640,0
37641,0
37646,0
37648,0
37652,0
37654,1
37660,0
37665,0
37667,0
37668,0
37669,0
37674,0
37676,0
37677,0
37678,0
37680,0
37681,0
37686,1
37687,1
37689,0
37695,0
37698,0
37701,1
37706,0
37708,0
37710,0
37716,0
37719,0
37728,0
37735,0
37742,0
37745,0
37746,0
37747,0
37748,0
37749,1
37754,1
37759,0
37763,0
37764,0
37765,0
37767,0
37768,0
37769,0
37773,0
37774,0
37775,0
37780,0
37782,0
37783,0
37787,0
37791,1
37793,0
37800,0
37801,0
37803,0
37812,0
37816,0
37817,0
37824,1
37825,0
37826,0
37828,0
37829,1
37836,1
37839,0
37841,0
37845,0
37846,0
37850,0
37852,0
37854,0
37857,0
37864,0
37865,0
37866,0
37873,0
37875,0
37878,0
37879,1
37880,0
37884,0
37890,0
37901,1
37905,1
37914,0
37915,1
37920,0
37922,0
37937,1
37939,0
37941,0
37948,0
37952,0
37954,0
37955,0
37956,0
37959,0
37963,0
37966,0
37967,0
37971,0
37976,1
37982,0
37984,0
37985,1
37989,1
37996,0
37997,1
38004,0
38009,1
38010,0
38011,1
38013,1
38016,0
38023,0
38027,0
38033,0
38035,0
38041,0
38042,1
38046,0
38053,0
38056,0
38058,0
38059,0
38066,0
38067,0
38068,0
38073,0
38075,0
38078,0
38082,1
38095,0
38101,0
38103,0
38105,0
38111,0
38112,0
38113,0
38115,1
38121,0
38125,0
38126,1
38128,1
38130,0
38131,0
38137,0
38139,0
38145,0
38153,0
38155,0
38160,0
38164,0
38167,0
38172,0
38173,0
38175,0
38177,0
38178,0
38182,1
38184,0
38185,0
38187,0
38193,0
38194,1
38195,0
38203,0
38204,1
38205,1
38208,0
38210,0
38214,0
38216,0
38219,0
38222,0
38223,0
38226,0
38228,0
38230,0
38232,1
38235,1
38239,1
38242,0
38245,1
38247,0
38248,1
38250,0
38254,0
38258,0
38259,0
38266,1
38269,0
38271,0
38274,0
38275,1
38279,0
38280,0
38283,1
38286,0
38299,0
38303,0
38304,0
38305,1
38307,1
38308,1
38311,0
38313,0
38314,0
38316,0
38322,0
38323,0
38325,0
38326,0
38332,0
38335,0
38343,0
38347,0
38350,1
38351,0
38353,0
38355,0
38357,0
38364,1
38366,0
38370,0
38374,1
38378,0
38380,0
38381,0
38386,1
38391,0
38392,0
38397,1
38403,1
38407,0
38408,0
38410,0
38411,0
38416,0
38418,1
38420,1
38422,1
38426,1
38428,1
38429,1
38431,0
38434,0
38444,0
38449,0
38451,1
38453,1
38456,1
38460,1
38462,0
38463,0
38464,1
38467,0
38477,0
38478,1
38479,1
38480,0
38481,1
38483,1
38484,0
38489,1
38492,0
38493,0
38497,0
38499,0
38500,0
38504,0
38520,0
38521,0
38523,0
38524,0
38525,0
38528,1
38530,0
38531,1
38536,1
38537,0
38541,0
38543,0
38550,0
38551,1
38553,0
38557,1
38558,0
38561,1
38564,0
38566,0
38569,0
38572,0
38573,0
38583,0
38588,0
38591,1
38593,0
38597,0
38601,0
38604,0
38611,1
38612,1
38613,1
38616,1
38617,1
38622,0
38623,0
38628,0
38632,0
38635,0
38637,0
38639,0
38640,0
38642,0
38643,0
38644,0
38645,0
38647,1
38653,0
38655,0
38662,0
38672,0
38674,0
38675,0
38679,1
38683,0
38688,0
38689,0
38693,0
38696,1
38697,1
38698,0
38701,0
38702,0
38708,0
38716,0
38719,0
38722,0
38726,0
38729,0
38732,1
38733,0
38736,0
38741,0
38745,0
38751,0
38752,0
38754,0
38755,0
38756,0
38757,0
38764,0
38766,0
38768,0
38775,0
38777,1
38781,0
38783,0
38784,0
38786,0
38790,1
38792,0
38793,0
38798,0
38811,0
38816,0
38821,1
38823,1
38826,0
38829,1
38831,0
38833,0
38835,0
38837,0
38840,0
38842,1
38844,1
38847,0
38849,0
38853,0
38857,0
38858,0
38859,1
38860,0
38863,0
38865,0
38866,0
38869,0
38877,0
38878,0
38879,0
38881,0
38882,0
38884,0
38886,1
38888,0
38890,0
38894,0
38899,0
38900,0
38902,0
38903,0
38905,0
38907,0
38911,0
38916,0
38917,0
38920,0
38924,0
38927,0
38929,0
38937,0
38940,1
38941,1
38947,0
38948,1
38951,0
38954,0
38957,1
38962,1
38964,0
38968,0
38974,0
38976,0
38977,0
38978,0
38982,0
38983,0
38985,0
38987,0
38990,0
38994,0
38995,0
38997,0
38999,0
39002,0
39003,0
39004,0
39005,1
39010,0
39011,0
39013,0
39014,0
39015,0
39021,0
39022,0
39025,0
39027,0
39029,0
39039,0
39041,0
39043,0
39048,0
39050,0
39052,0
39053,0
39057,1
39061,0
39062,0
39069,1
39071,0
39078,0
39083,0
39087,1
39088,1
39089,0
39091,0
39093,0
39104,1
39108,1
39109,0
39111,0
39112,0
39114,1
39115,0
39120,1
39122,0
39125,0
39131,0
39133,0
39137,0
39142,0
39143,0
39148,0
39152,0
39153,1
39159,1
39160,0
39166,0
39168,0
39172,0
39179,1
39180,0
39183,1
39184,0
39186,0
39188,1
39191,0
39192,0
39195,0
39198,0
39204,0
39211,1
39212,0
39214,0
39225,1
39226,0
39227,0
39232,0
39244,1
39247,0
39249,0
39252,0
39253,0
39256,0
39257,0
39258,0
39260,0
39263,0
39266,0
39268,0
39269,0
39270,1
39273,0
39276,0
39292,1
39297,1
39298,0
39303,0
39308,0
39312,0
39313,0
39315,1
39316,0
39324,1
39329,0
39334,0
39336,0
39339,1
39340,1
39345,0
39348,0
39350,0
39352,0
39353,0
39358,0
39359,0
39360,0
39362,0
39365,0
39366,0
39367,0
39368,0
39377,1
39380,0
39383,0
39392,0
39393,0
39398,1
39399,0
39403,1
39404,1
39406,0
39413,0
39425,1
39426,0
39427,0
39430,1
39434,0
39437,0
39440,1
39446,1
39453,0
39455,0
39457,0
39458,0
39461,0
39462,0
39463,0
39473,0
39476,0
39482,1
39490,0
39492,0
39494,0
39497,0
39506,1
39508,0
39512,0
39513,0
39514,0
39518,0
39519,0
39520,0
39526,0
39529,0
39530,0
39533,0
39534,1
39536,0
39537,0
39538,0
39542,0
39543,1
39545,0
39551,0
39552,0
39562,0
39565,0
39574,0
39585,0
39588,0
39590,0
39594,0
39595,0
39597,0
39602,0
39610,0
39614,1
39615,0
39621,0
39623,1
39624,0
39625,1
39627,0
39628,0
39629,0
39630,0
39631,0
39634,1
39638,0
39644,0
39645,0
39646,1
39652,0
39653,1
39656,0
39657,1
39659,1
39670,0
39671,1
39675,0
39679,0
39680,0
39683,0
39691,1
39698,0
39699,0
39702,1
39709,0
39714,0
39719,0
39720,1
39722,0
39723,0
39732,1
39736,0
39738,0
39741,0
39742,0
39743,0
39753,0
39754,0
39760,0
39762,0
39763,1
39773,0
39777,0
39782,0
39783,0
39786,0
39795,0
39805,0
39806,0
39809,0
39815,0
39818,0
39824,1
39832,1
39834,0
39835,1
39838,0
39841,0
39844,1
39848,0
39849,1
39858,0
39863,0
39865,1
39870,0
39875,1
39876,0
39879,0
39880,0
39900,0
39904,0
39920,0
39922,0
39925,0
39927,0
39928,1
39930,1
39931,0
39933,0
39935,0
39938,1
39940,0
39942,0
39943,0
39947,0
39951,0
39954,0
39955,0
39958,0
39959,0
39961,0
39962,0
39964,0
39970,1
39983,1
39986,0
39992,0
39993,0
39994,0
39998,0
40000,1
40006,0
40010,0
40012,1
40014,0
40016,1
40017,1
40018,0
40019,0
40020,0
40022,1
40024,0
40031,1
40034,0
40036,0
40040,1
40049,0
40050,0
40057,0
40059,0
40060,0
40061,0
40067,1
40070,0
40078,1
40080,1
40087,0
40088,0
40089,1
40092,0
40093,0
40094,1
40096,1
40097,0
40103,0
40106,0
40107,1
40108,0
40110,0
40115,0
40116,0
40117,1
40118,1
40119,0
40123,0
40126,1
40129,0
40133,0
40136,0
40137,0
40139,1
40144,0
40146,0
40148,0
40151,0
40155,0
40157,1
40158,0
40160,0
40161,0
40162,1
40163,0
40167,0
40168,0
40169,0
40171,0
40175,0
40176,0
40180,0
40183,0
40184,0
40197,0
40198,0
40199,0
40200,0
40203,0
40212,1
40213,1
40214,0
40215,0
40220,0
40222,0
40224,0
40225,0
40228,0
40231,0
40237,0
40240,0
40241,0
40245,0
40249,0
40250,0
40252,1
40253,0
40254,0
40255,0
40259,0
40263,0
40265,0
40266,0
40275,0
40279,0
40280,0
40286,0
40287,1
40289,0
40292,0
40293,0
40298,0
40301,1
40302,1
40313,0
40314,0
40315,0
40318,0
40319,1
40325,0
40326,0
40327,0
40328,0
40330,0
40333,0
40334,0
40336,0
40338,1
40340,0
40341,0
40342,0
40343,0
40345,0
40346,0
40348,0
40350,0
40351,0
40356,0
40360,1
40361,1
40362,0
40364,0
40365,0
40373,0
40376,0
40378,0
40387,0
40395,0
40397,0
40399,0
40405,1
40409,1
40412,0
40413,1
40414,1
40420,1
40422,0
40425,0
40432,1
40433,0
40435,0
40439,1
40442,0
40445,0
40448,0
40449,0
40453,0
40454,0
40455,1
40458,1
40459,0
40460,1
40466,0
40476,0
40480,1
40481,1
40482,0
40483,0
40484,0
40486,0
40490,1
40491,0
40495,0
40496,0
40502,0
40503,1
40506,0
40508,0
40512,0
40516,0
40518,0
40523,0
40525,0
40528,0
40531,0
40532,0
40536,1
40539,0
40543,0
40548,0
40553,1
40562,0
40563,0
40564,0
40572,0
40574,0
40579,0
40580,0
40583,0
40586,0
40588,0
40601,1
40607,0
40612,0
40614,0
40622,0
40623,0
40624,0
40630,0
40632,0
40634,0
40637,0
40638,0
40642,0
40650,0
40653,0
40655,0
40656,0
40658,1
40660,0
40668,0
40670,0
40677,0
40678,0
40681,0
40684,0
40692,0
40695,0
40700,0
40704,1
40705,1
40708,0
40709,0
40710,0
40711,0
40713,0
40715,0
40716,0
40719,0
40736,0
40738,0
40739,0
40740,0
40742,1
40743,0
40747,0
40751,0
40757,0
40758,0
40761,1
40767,0
40770,1
40772,0
40777,1
40778,1
40780,1
40781,1
40787,0
40792,0
40795,0
40796,1
40798,0
40808,0
40811,0
40813,0
40818,0
40825,0
40833,0
40834,0
40837,0
40842,0
40843,0
40845,0
40846,0
40857,0
40859,0
40860,0
40861,0
40862,0
40863,0
40866,0
40868,0
40869,0
40871,0
40873,0
40880,0
40882,0
40886,0
40888,0
40891,0
40896,0
40902,1
40904,0
40911,0
40915,0
40923,1
40929,0
40930,0
40931,0
40934,0
40936,1
40937,0
40939,0
40941,0
40945,0
40947,0
40951,0
40954,1
40955,0
40957,0
40961,0
40962,0
40964,1
40966,0
40970,1
40981,0
40982,0
40983,0
40984,1
40992,1
40993,0
40997,0
40998,0
41001,0
41004,0
41005,0
41006,0
41009,0
41012,0
41020,0
41022,0
41027,0
41032,0
41038,0
41039,0
41042,0
41050,0
41052,1
41058,0
41061,0
41064,0
41065,0
41073,0
41075,0
41080,1
41081,0
41083,0
41095,0
41096,0
41099,0
41100,0
41104,0
41109,0
41112,0
41113,1
41114,0
41121,0
41124,0
41125,0
41130,0
41135,0
41138,0
41144,1
41147,1
41148,1
41149,0
41152,0
41155,0
41161,0
41164,0
41166,0
41168,1
41172,1
41175,0
41181,0
41183,0
41185,0
41188,0
41189,1
41196,0
41198,0
41200,0
41202,0
41203,0
41208,0
41213,1
41215,0
41217,0
41218,0
41224,0
41233,0
41234,0
41235,0
41241,0
41245,0
41251,0
41253,1
41264,0
41265,1
41268,0
41269,0
41271,0
41281,0
41287,1
41289,1
41291,1
41295,1
41299,1
41301,0
41305,0
41308,0
41311,0
41315,1
41317,0
41322,0
41325,1
41326,0
41328,1
41329,0
41336,1
41340,0
41349,0
41352,0
41353,0
41357,0
41365,0
41368,0
41371,0
41378,1
41380,0
41381,0
41384,0
41385,0
41387,0
41388,0
41392,0
41394,0
41397,0
41406,0
41408,0
41409,0
41411,0
41414,1
41423,0
41427,0
41438,1
41440,1
41442,0
41444,0
41445,1
41446,0
41448,0
41449,0
41450,0
41451,0
41452,0
41455,0
41457,1
41459,0
41460,0
41466,1
41467,0
41479,0
41484,0
41491,0
41492,0
41493,0
41500,1
41503,0
41504,0
41505,0
41507,0
41508,0
41511,0
41518,0
41529,0
41532,1
41534,0
41538,0
41539,0
41541,0
41543,0
41550,0
41551,0
41554,0
41558,0
41564,0
41565,1
41566,0
41572,0
41575,0
41578,0
41580,0
41582,0
41583,0
41584,0
41588,0
41589,0
41590,0
41595,1
41596,1
41597,1
41598,0
41599,1
41603,1
41604,0
41610,0
41614,1
41616,0
41619,1
41622,0
41624,0
41626,0
41627,0
41629,0
41634,1
41637,0
41638,1
41640,1
41643,0
41645,0
41647,0
41648,0
41655,1
41657,0
41661,0
41662,0
41663,0
41668,0
41671,0
41676,0
41679,1
41680,0
41681,1
41684,1
41690,0
41694,0
41698,0
41700,0
41702,1
41705,1
41707,0
41708,0
41710,1
41712,0
41715,1
41720,0
41723,0
41726,0
41729,1
41732,0
41733,0
41737,1
41739,0
41741,1
41742,0
41745,0
41751,0
41752,1
41753,0
41755,0
41759,0
41764,0
41766,0
41769,0
41771,0
41772,1
41778,1
41780,0
41781,1
41784,1
41788,0
41789,0
41790,0
41791,0
41794,0
41799,0
41808,0
41810,0
41813,0
41824,0
41825,0
41828,0
41829,0
41830,0
41833,0
41835,0
41841,0
41847,0
41850,0
41851,0
41852,1
41853,0
41854,0
41855,0
41864,0
41867,0
41868,0
41874,0
41877,0
41881,0
41886,0
41889,0
41895,0
41898,1
41899,0
41905,0
41906,1
41909,0
41911,0
41915,0
41919,0
41927,1
41934,1
41935,0
41936,1
41942,0
41945,0
41946,0
41950,0
41961,0
41963,1
41964,0
41965,0
41969,1
41970,0
41980,0
41983,0
41985,1
41989,0
41992,0
41995,0
41998,0
41999,0
42002,0
42006,0
42010,0
42017,1
42022,0
42024,0
42025,1
42027,0
42029,0
42030,0
42031,0
42032,0
42033,0
42037,0
42038,1
42039,0
42043,0
42045,0
42046,0
42053,0
42054,1
42055,0
42056,0
42058,0
42063,0
42066,1
42068,0
42069,0
42077,0
42078,0
42082,1
42083,0
42086,0
42090,0
42100,0
42101,0
42103,0
42104,0
42107,0
42110,1
42111,0
42112,0
42113,0
42117,0
42123,0
42127,1
42128,1
42129,0
42130,0
42132,0
42136,0
42141,0
42142,0
42143,0
42144,0
42154,0
42157,1
42158,0
42161,0
42165,0
42166,1
42175,0
42180,0
42182,0
42183,0
42189,1
42190,1
42193,0
42195,0
42196,1
42199,0
42201,0
42202,0
42206,0
42208,0
42211,0
42212,0
42213,1
42216,0
42218,0
42222,0
42223,0
42228,0
42233,0
42235,0
42238,0
42243,0
42246,0
42247,0
42248,0
42261,0
42262,0
42271,0
42272,0
42273,1
42274,1
42275,1
42277,1
42282,0
42283,0
42287,1
42289,0
42292,0
42293,0
42294,0
42297,0
42299,0
42302,0
42307,0
42312,0
42314,0
42317,0
42320,0
42326,0
42327,0
42329,0
42334,0
42335,0
42336,0
42337,0
42338,0
42339,0
42343,0
42347,0
42351,1
42361,0
42366,1
42374,0
42376,0
42377,0
42381,0
42382,0
42384,1
42386,0
42393,0
42394,0
42395,0
42397,1
42398,0
42400,0
42402,0
42414,1
42415,0
42419,0
42420,0
42422,0
42424,0
42432,0
42434,0
42437,0
42442,0
42449,1
42450,0
42452,0
42453,0
42454,0
42455,0
42460,1
42462,0
42466,0
42470,0
42472,0
42477,1
42479,0
42482,1
42484,0
42488,0
42491,0
42493,0
42496,0
42497,1
42501,0
42502,1
42503,0
42504,0
42505,1
42506,1
42508,0
42511,0
42527,0
42531,0
42532,0
42533,0
42534,0
42545,0
42546,0
42548,1
42551,0
42553,1
42554,0
42557,1
42558,1
42560,0
42565,0
42568,0
42569,0
42573,0
42574,0
42579,0
42580,1
42582,0
42586,0
42591,0
42594,0
42595,0
42596,0
42597,1
42600,0
42605,1
42606,1
42610,1
42613,0
42614,0
42619,0
42621,0
42622,0
42623,0
42631,0
42632,0
42633,0
42636,0
42640,0
42642,0
42645,1
42646,0
42647,0
42649,1
42657,0
42658,0
42660,0
42671,0
42672,0
42675,0
42678,0
42679,0
42682,0
42687,0
42688,0
42691,0
42692,1
42695,1
42696,1
42707,0
42709,0
42717,0
42722,0
42727,0
42729,0
42733,1
42739,0
42740,0
42743,1
42744,1
42748,1
42754,0
42757,0
42758,0
42759,0
42763,0
42765,0
42767,0
42768,0
42772,0
42773,0
42775,0
42777,0
42779,0
42781,0
42783,0
42788,0
42794,0
42795,0
42804,0
42805,0
42806,0
42807,0
42809,0
42812,0
42815,0
42818,0
42820,0
42825,0
42827,0
42830,0
42833,0
42841,0
42844,0
42849,0
42850,0
42851,0
42852,0
42858,1
42862,0
42864,0
42866,0
42868,0
42874,1
42882,0
42886,0
42889,0
42890,0
42896,0
42899,0
42902,0
42903,0
42911,1
42915,0
42916,0
42919,1
42920,0
42921,1
42923,1
42925,1
42926,0
42927,1
42928,0
42933,0
42936,0
42940,0
42943,0
42947,1
42949,1
42950,1
42952,1
42953,0
42956,0
42960,0
42961,0
42963,0
42964,0
42965,0
42967,0
42969,0
42971,0
42974,0
42975,0
42978,0
42980,0
42981,0
42985,0
42986,0
42987,0
42990,0
42995,0
42998,0
42999,0
43000,0
43013,0
43014,0
43015,0
43020,0
43022,0
43023,1
43025,0
43029,0
43031,0
43039,0
43049,0
43054,0
43057,0
43060,1
43061,0
43063,0
43067,0
43070,0
43072,0
43074,1
43075,0
43077,0
43079,0
43090,0
43093,1
43095,1
43100,0
43104,0
43106,1
43110,0
43113,0
43115,1
43122,0
43124,0
43125,0
43126,0
43130,0
43132,0
43133,0
43134,0
43136,0
43137,1
43144,0
43145,0
43146,0
43149,1
43151,1
43152,0
43155,0
43158,0
43162,0
43165,0
43169,0
43171,0
43174,0
43177,0
43178,0
43179,0
43181,0
43182,0
43191,0
43195,0
43197,0
43198,0
43204,0
43206,0
43210,1
43217,0
43219,0
43223,0
43224,0
43225,0
43226,0
43227,0
43229,0
43235,0
43236,0
43239,0
43246,0
43249,1
43251,1
43253,1
43255,0
43258,0
43263,0
43266,1
43268,0
43274,0
43278,0
43282,0
43283,0
43285,0
43289,0
43291,0
43293,0
43296,0
43304,0
43306,1
43308,0
43309,0
43310,0
43311,0
43316,0
43317,1
43321,0
43323,0
43328,0
43329,0
43334,0
43336,0
43339,0
43344,0
43345,0
43346,0
43347,0
43348,0
43350,0
43351,0
43354,0
43355,0
43360,0
43364,1
43368,0
43370,0
43373,0
43375,0
43377,0
43379,0
43380,0
43381,0
43390,0
43392,0
43395,0
43402,1
43403,0
43404,0
43406,0
43412,0
43416,1
43423,0
43424,0
43428,0
43436,0
43437,0
43438,0
43440,0
43445,0
43447,0
43452,0
43454,1
43465,0
43466,0
43468,0
43476,0
43477,0
43479,0
43481,0
43485,0
43490,0
43493,0
43498,1
43502,0
43504,1
43507,1
43508,0
43509,0
43510,0
43515,0
43521,0
43522,0
43523,0
43526,0
43529,0
43534,1
43535,0
43536,0
43537,0
43538,1
43541,1
43544,1
43547,0
43548,0
43553,0
43555,0
43560,0
43561,0
43564,0
43569,0
43575,0
43576,0
43577,0
43579,0
43580,1
43582,0
43583,1
43592,1
43594,0
43599,0
43600,0
43601,0
43604,0
43606,0
43609,0
43614,1
43618,1
43620,1
43622,0
43627,0
43628,1
43634,0
43639,1
43640,0
43644,0
43647,0
43656,0
43657,0
43661,0
43667,0
43668,0
43675,0
43678,0
43682,0
43684,0
43694,0
43696,0
43701,0
43703,0
43704,0
43705,0
43708,1
43712,0
43713,0
43715,0
43717,0
43719,0
43720,0
43729,0
43734,0
43738,0
43739,0
43742,0
43744,0
43746,0
43747,1
43754,1
43757,0
43763,0
43768,0
43770,0
43773,0
43777,0
43778,0
43779,0
43781,0
43784,0
43785,0
43789,0
43796,0
43798,1
43800,0
43807,1
43808,1
43810,0
43815,0
43816,0
43817,0
43829,0
43834,1
43835,0
43839,0
43840,0
43841,0
43847,1
43849,0
43852,1
43856,0
43860,1
43866,0
43867,0
43871,1
43874,1
43878,0
43885,0
43888,0
43895,1
43898,0
43901,0
43902,0
43903,0
43908,0
43910,1
43912,0
43917,0
43933,0
43935,0
43936,0
43945,0
43947,0
43950,0
43951,0
43952,0
43953,0
43956,0
43958,0
43965,0
43966,0
43968,0
43971,0
43972,0
43977,0
43979,0
43984,0
43986,0
43987,0
43993,0
43994,0
43996,0
43998,0
44005,0
44006,1
44010,0
44012,1
44014,1
44015,0
44017,0
44019,1
44021,0
44022,0
44025,0
44026,1
44028,1
44029,0
44032,0
44033,0
44034,0
44035,0
44036,0
44037,0
44038,0
44039,0
44040,0
44043,0
44046,0
44047,0
44052,0
44053,0
44055,0
44060,1
44068,1
44072,1
44074,0
44079,0
44080,0
44082,0
44085,1
44088,0
44089,0
44092,0
44097,1
44098,1
44100,0
44102,0
44103,0
44104,1
44110,1
44111,0
44112,0
44116,1
44119,0
44120,0
44122,0
44126,0
44127,0
44128,0
44132,0
44133,0
44134,0
44139,0
44141,0
44143,0
44146,0
44148,0
44149,0
44150,1
44153,0
44155,0
44157,0
44161,1
44166,1
44171,1
44173,0
44174,0
44179,0
44180,0
44184,0
44185,0
44186,0
44193,0
44205,0
44212,0
44215,0
44219,0
44221,1
44229,0
44234,0
44239,1
44241,0
44247,0
44250,0
44251,0
44254,0
44259,0
44260,1
44261,0
44264,0
44267,0
44268,0
44269,1
44273,0
44274,0
44275,0
44277,0
44279,0
44285,0
44288,0
44302,0
44309,0
44312,0
44314,1
44318,0
44321,0
44323,0
44325,0
44328,0
44330,0
44331,1
44332,0
44336,0
44337,0
44338,0
44341,0
44345,0
44349,0
44355,0
44356,1
44357,0
44364,0
44365,1
44372,0
44373,1
44375,1
44379,0
44380,0
44381,0
44390,0
44394,0
44396,0
44398,0
44401,1
44405,0
44406,1
44410,0
44412,1
44418,0
44420,0
44423,0
44424,0
44425,0
44426,0
44428,0
44433,1
44434,0
44437,0
44438,0
44439,0
44441,1
44446,0
44447,0
44449,0
44450,0
44453,0
44454,0
44457,0
44464,1
44466,0
44470,0
44471,0
44476,0
44483,0
44487,0
44489,0
44494,0
44495,0
44497,0
44502,1
44503,1
44505,0
44508,0
44509,0
44513,1
44519,1
44520,0
44522,0
44524,0
44525,0
44532,0
44537,0
44538,0
44542,0
44544,0
44550,0
44551,1
44553,0
44554,0
44555,0
44559,0
44564,1
44567,0
44569,0
44570,0
44571,0
44572,1
44579,0
44580,0
44582,0
44583,1
44586,0
44587,0
44588,0
44600,1
44601,1
44603,0
44604,0
44605,0
44606,1
44609,0
44612,0
44613,0
44616,0
44617,0
44618,0
44630,0
44632,0
44633,0
44635,0
44637,0
44640,0
44644,1
44646,0
44649,0
44651,1
44652,0
44656,0
44657,0
44661,0
44663,0
44666,1
44667,1
44668,0
44669,0
44678,1
44679,0
44680,0
44685,0
44687,1
44689,1
44690,0
44691,0
44701,0
44704,0
44709,0
44716,0
44720,0
44727,1
44736,0
44738,0
44744,1
44748,0
44753,1
44754,0
44755,0
44760,1
44766,0
44767,0
44771,1
44773,0
44781,0
44782,0
44785,0
44793,0
44794,0
44795,0
44797,1
44805,0
44807,0
44809,0
44823,1
44826,0
44829,0
44835,0
44839,1
44846,0
44847,0
44853,0
44860,0
44861,0
44864,0
44868,0
44869,0
44871,0
44874,0
44876,0
44877,0
44879,0
44880,0
44881,0
44883,0
44884,0
44889,0
44890,0
44891,1
44899,0
44901,1
44904,0
44906,0
44908,0
44912,0
44919,0
44929,0
44930,0
44933,0
44934,0
44940,0
44942,0
44943,0
44945,0
44946,0
44949,0
44950,0
44954,0
44956,0
44957,0
44958,0
44959,0
44960,1
44965,1
44966,0
44967,0
44969,0
44970,0
44975,0
44976,0
44979,1
44980,1
44982,0
44986,0
44988,0
44994,0
44995,0
44999,0
45005,0
45007,0
45008,0
45018,0
45025,0
45026,0
45034,0
45036,0
45037,0
45043,0
45051,0
45058,1
45060,1
45063,0
45067,0
45068,0
45073,0
45076,1
45081,0
45083,0
45085,0
45086,0
45091,0
45092,0
45096,0
45097,0
45102,0
45105,0
45107,0
45108,0
45112,0
45113,0
45115,0
45116,0
45119,1
45124,0
45132,0
45134,0
45153,0
45155,0
45160,0
45163,0
45165,1
45166,1
45171,1
45174,0
45180,0
45181,0
45182,1
45185,1
45188,0
45193,1
45195,0
45199,0
45202,0
45209,0
45210,0
45214,0
45215,0
45217,1
45218,0
45224,0
45227,0
45237,0
45239,0
45241,0
45244,0
45246,0
45248,1
45252,0
45254,0
45258,0
45259,0
45265,0
45267,0
45271,0
45273,0
45278,1
45279,1
45281,0
45291,0
45292,0
45295,0
45299,0
45301,0
45302,0
45303,0
45306,0
45310,0
45318,0
45320,0
45323,0
45330,0
45334,0
45339,1
45341,0
45344,1
45347,1
45348,0
45349,1
45356,0
45359,1
45361,0
45364,0
45367,0
45368,1
45374,1
45377,0
45378,0
45379,0
45383,0
45387,0
45392,0
45395,0
45397,0
45400,1
45403,1
45405,0
45411,0
45413,0
45414,0
45418,1
45420,0
45421,0
45428,0
45429,0
45433,0
45435,0
45437,1
45453,0
45455,0
45456,0
45459,1
45461,0
45462,0
45464,1
45466,0
45468,0
45469,0
45470,0
45471,0
45472,0
45474,0
45481,0
45485,0
45490,0
45491,0
45492,0
45495,1
45496,0
45499,0
45500,0
45507,1
45508,1
45510,0
45513,0
45515,1
45516,0
45517,0
45518,0
45526,0
45529,1
45538,0
45540,0
45541,1
45548,0
45549,0
45550,0
45551,1
45552,0
45553,1
45556,0
45559,0
45560,1
45562,1
45563,0
45564,0
45571,0
45574,0
45575,0
45577,1
45582,0
45584,1
45586,1
45590,0
45591,1
45594,0
45595,0
45597,0
45598,0
45600,0
45602,0
45603,0
45604,0
45606,0
45610,0
45611,0
45612,0
45616,0
45624,0
45626,0
45627,0
45631,0
45637,0
45640,1
45641,0
45645,0
45647,0
45653,0
45655,0
45657,1
45662,0
45667,1
45668,1
45670,0
45672,0
45673,0
45674,0
45679,0
45681,1
45682,0
45686,0
45687,0
45689,0
45691,0
45692,0
45698,0
45709,1
45716,1
45718,0
45720,0
45722,0
45723,0
45725,0
45728,1
45729,0
45736,0
45737,0
45740,0
45741,0
45757,0
45760,0
45763,1
45772,0
45774,1
45780,0
45782,0
45785,0
45786,0
45790,0
45791,0
45792,0
45793,0
45796,0
45798,1
45800,0
45807,0
45809,0
45810,0
45815,0
45820,0
45823,0
45825,0
45826,0
45827,0
45830,1
45832,1
45835,0
45837,0
45839,0
45840,0
45841,0
45842,0
45845,1
45850,0
45852,0
45854,0
45855,0
45860,0
45861,0
45866,1
45869,0
45872,0
45875,1
45876,0
45878,0
45881,1
45884,0
45885,0
45886,0
45887,0
45890,1
45898,0
45907,0
45917,0
45918,1
45921,0
45922,0
45926,0
45931,0
45933,0
45937,0
45940,0
45944,0
45947,1
45948,1
45949,1
45954,0
45957,1
45958,0
45971,0
45978,1
45983,0
45985,0
45986,0
45988,0
45995,1
46000,1
46003,0
46004,0
46005,0
46007,0
46008,1
46010,0
46013,0
46021,0
46025,0
46030,1
46032,0
46037,0
46039,0
46044,0
46048,0
46050,0
46051,1
46055,0
46067,1
46069,0
46070,1
46075,1
46076,0
46079,1
46081,0
46082,0
46090,0
46091,0
46093,1
46096,0
46099,0
46103,0
46106,0
46111,0
46115,0
46116,0
46118,1
46120,0
46125,0
46127,0
46130,0
46131,0
46132,1
46136,0
46139,0
46141,1
46142,1
46146,0
46151,0
46160,0
46165,0
46168,0
46169,0
46173,0
46174,0
46176,1
46180,0
46181,0
46193,0
46195,0
46198,0
46206,1
46207,0
46210,0
46214,0
46217,1
46222,0
46224,0
46227,0
46228,0
46230,0
46232,1
46233,0
46239,1
46240,1
46242,0
46245,0
46246,0
46255,1
46262,0
46263,0
46264,0
46265,1
46266,1
46269,0
46272,1
46275,0
46280,0
46281,0
46284,0
46285,0
46288,0
46289,0
46290,0
46297,1
46303,0
46308,0
46309,0
46310,0
46311,0
46314,1
46319,0
46320,0
46326,1
46327,0
46331,0
46333,0
46334,0
46336,1
46340,0
46343,0
46345,0
46346,0
46347,0
46348,0
46353,0
46357,0
46359,1
46360,0
46364,0
46365,0
46372,0
46376,0
46377,1
46381,0
46382,0
46383,0
46386,0
46388,0
46390,1
46391,1
46403,0
46405,0
46409,1
46410,0
46414,1
46415,0
46422,1
46425,0
46427,0
46431,0
46434,0
46435,1
46438,0
46441,0
46450,0
46459,1
46460,0
46465,0
46466,0
46476,0
46478,0
46482,1
46485,0
46488,0
46489,0
46492,0
46496,0
46499,0
46501,0
46503,0
46506,0
46512,0
46514,0
46521,0
46531,0
46532,0
46535,0
46536,1
46537,0
46540,0
46542,0
46544,0
46548,0
46553,0
46555,0
46558,0
46561,0
46562,1
46563,1
46564,0
46565,0
46566,0
46567,0
46572,0
46576,0
46580,0
46581,0
46582,0
46591,0
46595,1
46601,0
46603,0
46604,0
46612,0
46616,0
46617,0
46619,0
46621,0
46628,0
46629,0
46630,0
46633,0
46635,0
46639,0
46640,0
46643,0
46644,1
46648,0
46649,0
46663,1
46670,0
46671,1
46675,0
46677,0
46678,0
46680,0
46684,0
46688,1
46690,1
46692,0
46696,1
46699,0
46700,0
46704,0
46714,0
46722,1
46729,0
46731,0
46738,0
46739,0
46743,0
46746,0
46748,0
46749,0
46752,0
46754,0
46764,1
46765,0
46766,0
46770,0
46777,0
46778,0
46802,0
46807,0
46809,0
46811,0
46815,1
46818,0
46823,1
46830,0
46832,1
46833,0
46834,0
46835,0
46836,0
46837,1
46841,1
46843,0
46845,0
46848,0
46857,0
46858,0
46861,0
46865,0
46866,0
46871,0
46876,1
46883,0
46884,0
46886,0
46889,0
46893,0
46894,1
46895,0
46896,0
46898,0
46901,0
46902,0
46903,1
46906,0
46907,1
46908,1
46910,0
46918,0
46925,0
46927,1
46932,1
46933,0
46937,0
46939,0
46940,1
46941,0
46944,0
46948,0
46949,0
46951,0
46952,0
46956,1
46957,0
46958,0
46959,0
46960,0
46963,1
46965,1
46974,1
46978,1
46979,0
46988,0
46990,0
46995,0
47002,1
47004,1
47006,0
47007,0
47009,0
47011,0
47012,0
47016,0
47020,0
47029,1
47030,0
47031,0
47040,0
47043,0
47047,0
47049,0
47050,0
47051,0
47053,0
47057,1
47060,1
47062,1
47064,0
47065,0
47067,0
47075,0
47078,0
47080,0
47083,1
47089,1
47093,0
47101,1
47103,0
47104,0
47107,1
47109,1
47113,1
47115,0
47121,0
47123,0
47128,1
47136,0
47137,0
47139,0
47140,0
47141,0
47142,1
47148,0
47149,0
47155,1
47157,0
47159,0
47160,0
47162,0
47163,0
47165,0
47166,0
47176,0
47181,0
47183,0
47187,0
47192,0
47194,0
47195,0
47196,0
47197,0
47199,0
47200,1
47201,0
47203,0
47210,0
47217,0
47222,0
47228,0
47232,0
47235,1
47239,0
47243,0
47244,0
47246,0
47247,1
47248,0
47250,0
47251,0
47254,1
47255,0
47267,1
47268,0
47269,0
47271,1
47273,0
47274,0
47278,0
47281,0
47282,1
47284,1
47286,0
47290,0
47296,1
47297,1
47302,0
47306,1
47307,1
47309,0
47310,0
47312,0
47314,0
47315,0
47317,1
47318,0
47320,0
47334,1
47340,0
47345,1
47346,0
47347,0
47348,1
47349,1
47350,0
47351,0
47352,0
47356,1
47359,1
47360,0
47362,0
47363,0
47364,0
47365,0
47366,0
47369,0
47370,0
47371,0
47377,0
47379,1
47381,1
47382,0
47383,0
47384,0
47385,0
47387,0
47388,0
47390,0
47394,0
47399,0
47402,0
47404,0
47405,0
47407,0
47410,0
47411,0
47413,1
47415,0
47417,0
47418,0
47422,0
47430,0
47431,0
47432,0
47433,0
47434,0
47438,0
47444,0
47447,0
47448,0
47449,1
47454,1
47456,1
47460,0
47461,0
47464,0
47467,0
47471,1
47474,0
47486,1
47490,0
47494,1
47495,0
47497,0
47498,0
47499,1
47503,0
47511,0
47515,0
47516,0
47517,0
47520,1
47521,0
47522,0
47524,0
47530,0
47531,1
47533,0
47534,0
47538,0
47539,0
47544,0
47545,0
47547,1
47555,0
47556,0
47559,0
47561,0
47572,0
47582,0
47583,1
47584,0
47585,0
47587,1
47588,0
47591,0
47592,0
47594,0
47597,0
47601,0
47604,0
47605,0
47606,0
47610,0
47616,0
47621,0
47622,0
47623,0
47624,0
47625,0
47626,0
47632,0
47634,1
47635,0
47639,1
47641,0
47645,0
47648,0
47649,1
47652,1
47654,0
47656,0
47657,0
47662,0
47665,0
47667,0
47670,0
47673,0
47675,0
47677,0
47683,0
47685,0
47688,0
47689,0
47690,0
47698,0
47699,0
47700,0
47703,0
47708,0
47709,1
47714,1
47717,0
47722,0
47725,0
47728,0
47729,0
47733,1
47735,0
47736,1
47737,1
47739,0
47741,0
47744,0
47746,1
47747,0
47748,0
47749,0
47752,1
47755,0
47757,1
47765,0
47767,0
47770,1
47775,0
47780,0
47781,0
47783,0
47784,0
47786,0
47787,0
47793,0
47796,0
47798,0
47799,1
47805,0
47807,1
47809,0
47810,0
47811,0
47812,1
47813,0
47814,0
47815,0
47816,0
47817,0
47820,0
47823,0
47828,0
47830,0
47833,0
47837,0
47838,0
47843,0
47845,0
47854,1
47860,0
47873,0
47876,0
47877,0
47882,1
47884,0
47888,0
47893,0
47895,0
47896,0
47899,0
47901,1
47906,0
47907,0
47908,0
47909,0
47912,0
47917,1
47918,0
47921,0
47923,0
47926,0
47927,0
47931,0
47932,0
47934,0
47938,0
47943,0
47945,0
47946,0
47947,0
47949,0
47953,1
47954,0
47956,0
47959,0
47961,0
47962,0
47966,0
47970,0
47972,0
47978,0
47980,1
47983,0
47990,0
47992,0
47993,0
47994,0
47996,0
48007,1
48010,0
48013,0
48014,0
48023,0
48027,0
48028,0
48030,0
48032,1
48035,0
48036,0
48039,1
48040,1
48042,0
48044,1
48050,0
48051,0
48052,0
48053,0
48056,0
48062,0
48064,0
48067,1
48068,0
48070,0
48074,0
48075,0
48077,1
48079,0
48081,0
48082,0
48084,0
48086,0
48092,1
48097,0
48098,0
48099,0
48102,0
48113,0
48117,1
48119,0
48121,0
48122,0
48124,0
48127,0
48130,0
48133,0
48136,1
48146,0
48149,1
48158,0
48166,0
48167,0
48169,0
48170,0
48173,0
48176,1
48179,0
48180,0
48186,0
48193,1
48201,0
48206,0
48209,0
48210,0
48213,1
48216,1
48217,0
48220,1
48222,0
48226,0
48228,0
48230,0
48232,1
48236,0
48237,0
48241,0
48244,1
48246,0
48248,1
48260,0
48261,0
48286,0
48287,0
48288,0
48298,0
48300,0
48303,1
48306,0
48309,0
48313,0
48316,0
48323,0
48324,0
48326,0
48328,1
48332,0
48335,0
48337,0
48340,0
48343,1
48345,0
48347,0
48355,0
48358,0
48362,0
48363,0
48370,0
48373,0
48375,0
48377,0
48385,0
48386,0
48387,0
48398,0
48401,0
48409,0
48411,0
48415,0
48416,0
48417,0
48420,0
48424,0
48427,0
48429,0
48435,0
48444,1
48450,0
48453,0
48456,0
48457,1
48459,1
48473,1
48478,0
48479,0
48480,0
48489,0
48490,0
48491,0
48493,0
48497,0
48498,0
48500,0
48505,0
48507,0
48511,0
48512,0
48513,0
48514,0
48517,0
48531,1
48545,0
48547,1
48550,0
48553,0
48557,1
48563,0
48564,0
48565,0
48568,0
48570,0
48576,0
48579,0
48583,0
48584,1
48585,0
48586,0
48588,1
48591,0
48594,0
48595,0
48598,1
48599,1
48606,1
48612,0
48615,0
48616,0
48619,0
48622,0
48627,0
48629,0
48633,0
48634,0
48635,0
48641,1
48651,0
48653,0
48655,1
48656,0
48659,0
48663,0
48664,0
48667,1
48669,0
48670,0
48672,0
48675,0
48676,0
48685,1
48690,1
48691,0
48695,0
48697,0
48702,0
48703,0
48705,0
48706,0
48708,0
48714,1
48720,0
48724,0
48725,0
48743,1
48752,0
48756,0
48759,0
48761,0
48767,0
48770,0
48774,0
48777,0
48778,1
48782,0
48784,1
48786,0
48787,0
48788,1
48790,0
48791,0
48792,0
48794,0
48795,1
48796,1
48800,0
48801,1
48804,0
48805,0
48806,0
48810,0
48821,0
48822,0
48823,0
48824,0
48830,0
48831,0
48835,1
48836,0
48841,0
48846,0
48851,0
48852,1
48856,0
48861,0
48862,0
48866,0
48867,0
48869,0
48870,0
48873,0
48875,0
48877,1
48880,0
48881,0
48882,0
48883,0
48889,0
48891,0
48892,1
48895,0
48896,0
48904,0
48907,0
48909,0
48916,0
48917,1
48925,0
48931,0
48932,0
48933,0
48938,0
48941,1
48954,0
48956,0
48957,0
48959,0
48961,1
48964,1
48967,0
48969,0
48970,0
48974,0
48978,1
48979,0
48980,0
48981,0
48983,0
48984,0
48987,0
48991,0
48992,0
48996,1
48997,0
48998,0
49000,0
49001,0
49005,0
49008,0
49011,0
49012,0
49014,0
49015,0
49017,0
49021,0
49027,1
49030,0
49032,0
49040,0
49042,1
49043,1
49046,0
49054,0
49056,0
49059,1
49062,0
49067,0
49082,0
49086,1
49091,0
49092,1
49093,0
49094,0
49096,1
49097,1
49100,0
49103,0
49105,0
49106,1
49110,0
49111,1
49114,0
49115,0
49119,0
49121,0
49126,0
49127,0
49129,0
49131,0
49133,0
49134,1
49138,0
49144,0
49148,0
49149,0
49154,0
49155,1
49156,0
49157,1
49164,0
49170,0
49172,0
49178,0
49179,0
49182,0
49184,1
49187,0
49189,0
49191,1
49192,0
49197,0
49198,1
49200,0
49210,0
49213,0
49219,0
49220,0
49221,0
49226,1
49231,0
49233,0
49243,0
49246,0
49252,0
49253,0
49254,0
49261,0
49262,1
49263,0
49265,0
49266,0
49267,1
49270,0
49274,0
49276,1
49278,0
49279,0
49281,0
49293,1
49294,0
49296,0
49309,0
49310,1
49315,0
49316,0
49319,1
49322,0
49330,1
49333,0
49334,1
49335,0
49342,1
49344,0
49350,0
49352,0
49353,0
49356,0
49357,0
49359,1
49361,0
49365,0
49370,0
49375,1
49379,0
49381,0
49385,0
49394,0
49396,0
49400,1
49404,0
49405,0
49406,0
49407,0
49412,1
49414,1
49416,0
49418,0
49421,0
49425,1
49429,0
49430,0
49431,1
49433,0
49434,1
49436,0
49437,1
49443,0
49452,1
49453,0
49454,0
49459,0
49460,0
49463,0
49464,0
49469,1
49471,0
49472,1
49474,0
49476,0
49477,1
49482,0
49483,0
49486,0
49488,0
49490,0
49492,0
49493,1
49499,0
49500,0
49501,1
49502,0
49505,0
49507,0
49512,1
49515,1
49517,0
49518,0
49519,0
49520,0
49524,0
49525,1
49527,0
49529,0
49533,0
49534,0
49537,0
49539,0
49542,0
49543,0
49544,0
49548,0
49550,0
49553,0
49554,0
49558,0
49561,0
49563,1
49566,0
49568,0
49570,0
49573,0
49574,0
49575,0
49577,0
49579,0
49580,0
49590,0
49591,1
49594,0
49603,0
49607,0
49610,0
49611,0
49613,0
49615,1
49616,0
49617,0
49621,0
49627,0
49631,0
49632,0
49636,0
49637,0
49640,0
49641,0
49643,0
49649,0
49651,0
49653,0
49657,0
49662,0
49664,0
49670,0
49671,0
49675,0
49678,1
49679,1
49683,0
49689,0
49690,0
49691,0
49692,0
49693,0
49695,0
49696,0
49697,0
49705,0
49709,0
49712,0
49718,1
49719,0
49720,0
49722,0
49724,0
49727,0
49728,0
49729,0
49730,0
49737,0
49739,1
49743,0
49744,0
49756,0
49758,0
49760,1
49761,0
49763,1
49765,0
49766,1
49769,0
49771,1
49777,0
49779,0
49786,0
49790,0
49793,0
49794,0
49796,0
49797,0
49799,1
49800,0
49808,0
49810,1
49812,1
49813,1
49815,0
49822,0
49824,0
49826,0
49829,0
49833,0
49835,0
49839,0
49840,0
49841,0
49846,0
49847,0
49849,1
49851,0
49853,1
49854,0
49856,1
49866,0
49867,0
49870,0
49874,0
49876,1
49879,1
49881,1
49889,0
49890,0
49893,1
49895,1
49897,0
49898,0
49900,0
49905,0
49906,0
49908,0
49909,0
49918,0
49920,1
49924,0
49933,0
49935,0
49936,0
49943,0
49949,0
49951,0
49954,0
49955,0
49956,0
49968,0
49974,0
49976,0
49994,0
49996,0
50008,0
50009,1
50010,0
50015,0
50017,0
50019,0
50026,1
50027,0
50033,0
50034,1
50038,0
50040,0
50042,1
50060,0
50062,0
50066,0
50067,0
50068,1
50069,1
50072,0
50075,0
50076,0
50079,1
50081,0
50093,0
50096,0
50099,0
50101,0
50103,0
50104,0
50105,0
50108,0
50110,1
50116,1
50118,0
50119,0
50120,1
50121,0
50124,0
50128,0
50134,0
50137,0
50141,0
50142,1
50143,0
50145,0
50158,1
50159,0
50163,1
50170,1
50177,1
50186,0
50187,1
50193,0
50199,0
50200,0
50201,0
50204,1
50208,0
50211,1
50214,0
50222,0
50223,1
50224,0
50231,0
50234,0
50235,0
50239,0
50242,0
50246,0
50248,1
50249,0
50253,0
50261,0
50265,0
50271,0
50273,0
50274,0
50277,0
50280,0
50282,0
50290,0
50296,0
50297,0
50299,0
50301,0
50304,1
50305,1
50306,1
50311,0
50312,0
50314,0
50316,0
50318,1
50321,0
50322,0
50325,0
50327,0
50328,0
50331,0
50335,0
50337,1
50339,0
50341,0
50342,0
50346,0
50349,0
50350,0
50351,1
50352,0
50353,0
50360,0
50364,0
50367,1
50369,1
50380,0
50381,0
50389,0
50391,0
50399,0
50400,0
50401,0
50407,0
50408,0
50409,0
50413,0
50414,0
50415,0
50416,0
50418,0
50420,0
50426,1
50428,1
50430,0
50438,0
50442,0
50443,0
50445,0
50446,0
50447,0
50448,0
50449,0
50452,0
50455,0
50456,0
50461,0
50462,1
50463,0
50465,0
50466,0
50467,0
50468,0
50469,0
50473,0
50478,0
50479,0
50481,1
50487,0
50488,0
50491,0
50492,0
50494,0
50495,0
50497,1
50501,0
50503,0
50504,0
50505,1
50508,0
50511,0
50518,0
50520,0
50521,0
50530,0
50533,0
50537,0
50541,0
50544,0
50545,0
50547,0
50549,0
50550,1
50555,0
50556,0
50561,0
50567,1
50568,1
50569,0
50570,0
50577,0
50579,0
50581,0
50583,0
50586,0
50589,1
50590,0
50598,0
50604,0
50606,0
50607,0
50608,0
50613,1
50615,1
50616,0
50617,0
50618,0
50619,0
50626,0
50629,0
50633,1
50634,0
50637,1
50639,1
50644,0
50650,0
50653,1
50657,1
50659,1
50661,0
50664,1
50667,1
50668,0
50669,1
50670,0
50674,0
50679,1
50681,0
50684,1
50692,0
50694,0
50695,0
50696,0
50697,0
50702,1
50705,0
50712,0
50713,0
50716,1
50717,0
50722,1
50726,1
50727,0
50728,1
50729,1
50730,0
50734,0
50737,0
50738,1
50740,0
50743,1
50746,0
50747,1
50749,1
50750,0
50753,0
50756,1
50759,1
50760,0
50764,0
50771,0
50773,0
50778,0
50779,0
50782,0
50784,1
50795,0
50796,1
50800,0
50802,0
50804,0
50807,0
50808,1
50810,0
50811,1
50813,0
50816,1
50819,0
50822,1
50823,1
50825,0
50827,0
50828,0
50831,0
50835,0
50845,0
50846,1
50847,0
50850,1
50851,1
50857,0
50858,0
50865,1
50868,0
50869,0
50874,0
50877,0
50884,0
50890,0
50891,0
50892,0
50895,0
50899,0
50900,1
50904,0
50913,0
50915,0
50918,0
50919,0
50923,1
50926,0
50932,0
50933,0
50934,1
50935,0
50941,0
50946,0
50950,0
50951,0
50953,0
50957,0
50960,0
50964,0
50968,0
50974,0
50983,0
50990,1
50991,1
50994,0
50995,0
50998,1
51000,0
51001,0
51002,1
51003,1
51004,0
51007,0
51013,0
51022,1
51027,1
51029,1
51032,0
51036,1
51037,1
51038,1
51039,1
51040,0
51042,1
51047,0
51048,1
51052,1
51056,0
51057,0
51062,0
51066,0
51069,1
51076,0
51079,1
51085,0
51087,0
51092,0
51093,0
51095,0
51096,0
51097,0
51100,0
51102,0
51104,0
51105,0
51108,0
51109,0
51110,0
51111,0
51112,0
51121,0
51123,0
51124,1
51125,1
51128,1
51132,0
51140,0
51151,0
51157,0
51158,1
51160,1
51167,0
51169,0
51171,0
51173,0
51175,0
51176,0
51185,0
51188,0
51190,0
51192,0
51194,0
51196,0
51200,0
51202,0
51204,0
51206,0
51207,0
51209,0
51212,0
51213,1
51217,1
51220,0
51225,0
51228,0
51230,0
51232,0
51233,0
51234,0
51238,1
51243,1
51245,1
51247,0
51250,1
51254,0
51255,0
51256,1
51257,0
51258,1
51263,0
51266,1
51269,0
51275,0
51277,1
51284,1
51286,0
51288,1
51292,0
51295,0
51296,1
51297,0
51299,0
51300,0
51302,0
51305,0
51306,0
51307,0
51309,0
51310,0
51311,1
51314,0
51315,0
51316,1
51317,0
51321,0
51322,0
51323,0
51327,0
51331,0
51335,0
51336,0
51338,0
51340,0
51343,0
51346,0
51348,1
51350,0
51351,0
51357,0
51361,0
51362,0
51365,0
51369,0
51371,0
51373,0
51379,0
51382,0
51383,1
51384,0
51387,0
51388,0
51394,0
51395,0
51400,0
51403,0
51406,0
51412,0
51418,0
51421,0
51423,0
51426,0
51427,1
51428,1
51431,0
51432,0
51439,0
51452,0
51459,0
51460,0
51466,0
51481,0
51485,0
51489,0
51494,0
51495,0
51499,0
51502,0
51504,1
51505,1
51507,1
51510,0
51511,0
51514,1
51515,1
51516,0
51520,0
51526,0
51528,1
51530,0
51531,0
51532,0
51535,0
51538,1
51540,0
51541,0
51543,0
51546,0
51549,0
51552,0
51554,0
51555,0
51556,0
51559,0
51560,0
51561,0
51564,1
51568,0
51570,0
51578,1
51585,0
51588,1
51590,0
51603,0
51604,0
51608,0
51609,0
51612,1
51615,0
51617,0
51618,0
51623,1
51626,0
51629,0
51631,1
51639,0
51640,0
51643,0
51649,0
51658,0
51660,0
51676,0
51679,0
51680,1
51682,1
51685,0
51687,0
51700,0
51704,1
51706,0
51708,1
51709,1
51713,0
51717,0
51719,0
51723,1
51727,0
51729,0
51731,0
51738,0
51746,0
51750,0
51755,0
51756,0
51758,0
51760,0
51766,0
51772,0
51778,0
51779,0
51780,0
51785,0
51787,0
51790,0
51795,0
51796,0
51797,0
51802,1
51803,0
51805,0
51806,1
51807,0
51812,0
51815,0
51819,0
51825,0
51826,0
51828,1
51830,0
51831,1
51832,0
51836,0
51837,1
51844,0
51845,1
51846,0
51847,0
51848,0
51849,0
51850,0
51853,1
51855,1
51857,0
51862,0
51865,1
51866,1
51869,0
51874,0
51875,0
51877,1
51880,0
51892,1
51893,0
51895,0
51897,1
51898,0
51908,0
51921,0
51924,0
51926,0
51928,1
51929,0
51934,0
51943,0
51946,1
51947,0
51950,1
51951,0
51953,0
51954,1
51955,0
51957,0
51959,1
51960,0
51963,0
51968,0
51972,0
51976,0
51977,0
51984,0
51992,0
51997,0
51998,0
52000,0
52010,1
52011,0
52012,0
52013,0
52018,0
52026,0
52027,0
52038,1
52040,0
52041,0
52044,0
52046,0
52051,0
52053,0
52057,0
52061,0
52062,0
52067,0
52069,0
52074,0
52078,0
52079,0
52081,0
52089,0
52091,0
52093,1
52095,0
52096,0
52100,0
52103,0
52104,1
52107,0
52110,1
52114,0
52117,0
52120,0
52126,0
52128,0
52129,0
52130,0
52137,0
52138,0
52154,0
52158,0
52160,0
52163,0
52166,0
52169,0
52174,1
52176,0
52177,0
52180,0
52182,0
52183,1
52184,1
52191,0
52193,1
52196,0
52197,0
52199,0
52200,0
52202,0
52203,1
52207,0
52211,1
52223,0
52226,0
52228,0
52229,0
52237,0
52241,0
52246,0
52249,0
52256,1
52264,0
52267,0
52268,1
52270,0
52276,0
52278,0
52283,0
52286,0
52289,0
52294,0
52299,0
52301,0
52307,0
52314,0
52316,0
52317,0
52319,1
52324,1
52326,0
52333,0
52335,0
52336,1
52337,0
52340,0
52341,0
52342,0
52349,0
52350,0
52357,0
52359,0
52371,1
52374,0
52378,0
52380,0
52384,1
52388,0
52392,0
52398,0
52399,0
52402,0
52403,0
52404,0
52407,0
52410,1
52413,0
52416,1
52420,0
52422,0
52427,0
52429,0
52430,0
52434,0
52448,1
52449,0
52450,1
52451,0
52452,0
52453,0
52454,0
52458,0
52459,0
52462,0
52464,0
52466,0
52467,0
52468,0
52472,0
52476,0
52478,0
52481,1
52487,0
52488,0
52489,0
52490,1
52498,0
52499,0
52500,0
52506,0
52513,0
52517,0
52519,0
52522,0
52529,0
52534,0
52536,0
52539,0
52540,0
52541,0
52544,0
52551,0
52553,0
52555,0
52557,0
52559,1
52563,0
52564,1
52568,0
52569,0
52577,0
52578,0
52581,0
52584,1
52587,0
52589,0
52592,1
52593,1
52594,0
52597,0
52598,1
52604,0
52606,0
52609,0
52610,0
52615,0
52617,0
52618,0
52622,0
52628,1
52634,0
52637,0
52638,0
52639,0
52640,0
52645,0
52647,0
52649,0
52655,0
52661,0
52664,1
52665,0
52669,0
52677,0
52678,0
52679,0
52682,0
52683,0
52686,0
52689,0
52691,0
52693,1
52695,0
52697,0
52699,0
52700,0
52708,0
52715,0
52724,0
52726,0
52728,0
52733,0
52737,0
52739,0
52745,1
52747,0
52758,0
52760,0
52766,0
52773,0
52777,1
52781,0
52782,0
52784,0
52785,0
52788,0
52789,0
52790,0
52792,0
52793,0
52796,0
52797,0
52799,0
52806,0
52807,0
52812,0
52814,0
52815,0
52816,0
52821,1
52825,0
52826,0
52830,0
52833,0
52834,0
52835,0
52836,0
52839,0
52841,0
52843,0
52847,0
52850,1
52851,0
52856,0
52858,1
52861,0
52863,0
52866,0
52871,0
52872,0
52888,1
52891,0
52894,0
52896,1
52897,0
52898,0
52903,1
52904,0
52905,1
52916,1
52935,1
52937,1
52943,0
52948,1
52952,0
52957,0
52960,0
52963,1
52967,0
52972,1
52973,1
52978,0
52979,0
52986,0
52987,0
52989,0
52994,0
52995,0
52997,0
52998,1
53000,0
53003,0
53013,0
53014,0
53018,0
53022,0
53024,0
53025,0
53026,0
53027,1
53029,0
53036,0
53043,0
53044,0
53045,1
53052,0
53054,0
53055,1
53059,0
53060,0
53061,1
53066,0
53067,0
53073,0
53074,0
53076,0
53082,0
53083,1
53085,0
53086,0
53089,0
53090,0
53091,0
53092,1
53093,0
53096,0
53099,0
53100,0
53109,1
53111,1
53113,0
53114,0
53118,1
53120,0
53123,0
53136,0
53141,0
53145,0
53148,0
53152,0
53163,1
53164,0
53166,0
53168,0
53169,0
53174,0
53176,0
53177,0
53179,0
53181,0
53182,0
53185,0
53188,0
53191,0
53194,0
53195,0
53199,0
53202,0
53203,0
53206,0
53207,0
53210,1
53212,0
53214,0
53219,0
53227,1
53234,0
53235,0
53240,1
53241,0
53245,0
53246,0
53247,0
53248,1
53254,1
53255,0
53256,1
53258,0
53259,0
53260,0
53262,0
53263,1
53265,0
53267,0
53273,0
53274,1
53275,0
53276,0
53277,0
53279,0
53282,0
53285,0
53287,0
53290,0
53291,0
53295,0
53300,0
53301,0
53303,0
53305,0
53306,1
53310,1
53315,0
53317,0
53318,1
53321,0
53326,0
53330,0
53343,0
53344,0
53345,0
53349,0
53354,1
53355,1
53357,0
53358,1
53360,0
53361,0
53363,0
53366,0
53367,0
53376,0
53378,0
53381,0
53382,0
53385,0
53391,0
53392,0
53396,0
53397,0
53400,0
53404,0
53405,1
53406,1
53407,0
53408,0
53412,1
53414,0
53416,0
53417,1
53418,0
53420,1
53426,0
53427,0
53428,1
53429,1
53432,1
53433,0
53440,0
53444,0
53449,0
53454,1
53457,1
53459,0
53460,0
53461,0
53462,0
53463,0
53465,0
53466,0
53467,1
53470,0
53474,1
53475,0
53476,0
53478,0
53480,0
53481,0
53486,0
53488,0
53493,0
53495,1
53496,0
53499,0
53501,1
53504,0
53505,0
53507,1
53509,0
53510,0
53514,0
53518,0
53519,0
53523,1
53527,0
53533,0
53534,0
53539,1
53540,1
53542,0
53543,0
53545,0
53546,0
53548,1
53549,0
53555,0
53557,0
53560,0
53561,0
53562,0
53564,0
53568,0
53569,0
53571,1
53578,1
53579,1
53580,0
53582,0
53583,0
53586,0
53591,0
53596,1
53597,1
53598,0
53599,0
53601,0
53603,0
53606,0
53611,0
53612,1
53615,0
53617,0
53628,0
53629,0
53630,0
53634,1
53636,1
53638,0
53639,0
53641,1
53642,0
53643,0
53652,0
53660,0
53663,0
53667,0
53668,1
53672,0
53677,0
53678,0
53680,1
53687,0
53688,0
53692,1
53695,0
53701,0
53705,1
53708,0
53709,0
53710,1
53711,0
53713,0
53717,0
53719,1
53721,0
53723,0
53729,0
53731,0
53732,0
53738,0
53739,0
53741,0
53743,0
53744,0
53745,1
53748,0
53749,0
53751,0
53756,0
53767,0
53768,0
53769,0
53770,0
53779,1
53781,0
53785,0
53801,0
53802,0
53804,0
53808,0
53809,0
53813,0
53817,0
53829,1
53830,0
53831,0
53832,0
53838,0
53845,0
53847,0
53848,0
53852,0
53854,1
53857,0
53859,0
53866,0
53870,1
53877,1
53878,1
53880,0
53883,1
53889,0
53890,0
53894,0
53896,0
53898,0
53899,1
53900,0
53901,0
53903,0
53914,0
53916,1
53920,0
53921,0
53922,0
53923,0
53927,0
53933,0
53934,0
53938,0
53943,0
53944,0
53949,0
53951,0
53961,1
53963,1
53966,1
53973,0
53974,1
53978,0
53979,0
53980,0
53981,0
53986,1
53989,0
53991,1
53997,0
53999,0
54000,0
54002,0
54006,1
54011,1
54012,0
54013,0
54020,0
54023,0
54025,0
54026,0
54027,0
54028,1
54029,0
54031,0
54032,0
54036,0
54050,0
54051,0
54064,0
54067,0
54068,0
54076,1
54081,0
54082,0
54083,0
54088,0
54089,0
54094,0
54097,0
54098,0
54100,0
54103,0
54105,0
54111,1
54114,0
54119,1
54123,0
54127,0
54128,0
54129,0
54130,0
54132,0
54137,0
54144,0
54147,0
54150,0
54155,0
54156,0
54160,0
54162,0
54164,0
54168,0
54170,1
54176,0
54178,0
54182,0
54185,0
54186,0
54188,0
54189,1
54190,0
54193,0
54196,0
54199,0
54200,0
54202,0
54204,0
54216,0
54217,0
54219,0
54220,0
54227,1
54231,0
54232,0
54235,0
54239,0
54243,1
54247,0
54248,0
54251,0
54252,0
54253,0
54258,0
54259,0
54269,0
54270,0
54274,0
54276,0
54281,0
54282,0
54291,0
54298,1
54300,0
54303,0
54310,0
54314,0
54317,0
54318,0
54326,0
54330,0
54332,0
54334,0
54335,0
54338,0
54339,0
54340,1
54342,0
54346,0
54354,1
54359,0
54364,0
54366,0
54367,0
54370,0
54376,0
54377,1
54381,0
54385,0
54391,0
54393,0
54395,0
54398,1
54408,0
54411,0
54417,0
54420,1
54424,0
54425,0
54428,0
54434,0
54435,0
54445,1
54447,0
54449,0
54457,0
54465,0
54467,0
54468,1
54469,0
54474,0
54476,0
54480,0
54484,0
54492,0
54495,0
54497,0
54498,0
54509,1
54511,0
54512,0
54514,0
54515,0
54517,1
54519,0
54520,0
54521,0
54523,0
54526,0
54527,0
54533,0
54536,0
54537,1
54539,0
54544,0
54545,1
54546,0
54547,1
54551,0
54552,0
54554,0
54560,1
54564,0
54565,1
54566,0
54569,0
54572,0
54576,0
54580,1
54584,0
54585,0
54586,0
54591,0
54593,0
54600,0
54603,0
54604,0
54605,1
54610,0
54611,0
54614,0
54618,0
54620,0
54622,0
54623,0
54629,0
54632,0
54633,1
54636,0
54643,0
54645,0
54648,1
54649,1
54651,0
54652,0
54654,0
54657,0
54668,1
54669,0
54670,0
54673,0
54674,0
54676,0
54677,0
54683,0
54688,0
54691,0
54693,1
54700,0
54705,0
54707,1
54716,0
54719,0
54723,0
54729,0
54730,0
54731,1
54735,1
54738,1
54739,1
54741,1
54747,0
54749,0
54750,0
54752,0
54754,0
54755,0
54759,1
54762,0
54763,0
54764,1
54765,1
54767,0
54768,1
54777,1
54778,0
54782,0
54783,0
54785,0
54788,1
54793,0
54794,0
54798,0
54806,0
54807,0
54808,0
54810,0
54814,0
54816,1
54818,0
54822,1
54826,1
54828,0
54831,0
54833,0
54834,0
54839,1
54842,0
54844,0
54846,1
54848,0
54853,0
54856,1
54859,0
54860,0
54864,0
54872,0
54873,0
54877,1
54878,0
54882,0
54892,0
54893,0
54895,0
54896,0
54897,1
54899,0
54901,0
54904,0
54905,0
54906,1
54908,1
54909,0
54910,1
54914,1
54918,0
54919,0
54926,0
54931,0
54937,0
54938,1
54941,0
54944,0
54945,0
54946,0
54956,0
54957,1
54960,0
54968,0
54969,0
54970,0
54978,0
54979,0
54980,0
54981,1
54984,1
54989,0
54990,0
54991,0
54992,0
54993,0
54997,0
54999,0
55000,0
55004,1
55007,0
55012,0
55023,0
55024,1
55029,0
55030,0
55031,1
55034,0
55038,0
55039,0
55040,0
55041,0
55043,0
55046,0
55056,0
55059,0
55060,0
55063,0
55067,0
55079,0
55080,0
55084,0
55087,1
55093,0
55095,0
55096,0
55097,0
55100,0
55106,0
55109,0
55116,0
55118,0
55125,1
55128,0
55129,0
55135,0
55140,0
55141,0
55143,0
55144,0
55146,0
55151,0
55152,0
55156,0
55159,0
55163,0
55167,0
55170,0
55171,0
55179,0
55182,0
55185,0
55186,0
55190,0
55191,0
55192,0
55194,1
55195,0
55196,0
55198,0
55200,0
55202,0
55203,0
55207,0
55208,0
55209,0
55210,0
55215,0
55216,1
55218,0
55221,0
55225,0
55231,0
55234,0
55237,0
55242,0
55248,0
55252,0
55260,0
55267,0
55269,0
55271,0
55278,0
55279,0
55283,0
55286,1
55288,0
55294,0
55295,0
55296,0
55301,0
55302,0
55305,0
55306,1
55308,0
55312,0
55316,0
55321,0
55323,0
55332,0
55334,0
55340,0
55341,0
55342,0
55345,0
55350,0
55351,1
55353,0
55362,0
55363,0
55365,0
55368,0
55369,0
55372,0
55379,0
55385,0
55387,0
55388,0
55391,1
55392,1
55393,0
55394,1
55398,1
55399,1
55402,0
55404,1
55405,0
55406,0
55409,0
55413,0
55416,0
55421,0
55430,0
55431,0
55434,0
55437,0
55455,1
55456,0
55462,1
55463,0
55469,0
55471,0
55472,0
55478,0
55480,0
55481,0
55487,0
55488,0
55489,0
55491,1
55492,0
55493,1
55495,1
55496,0
55500,0
55507,0
55509,0
55511,0
55513,0
55514,0
55518,0
55527,0
55530,0
55531,0
55536,0
55537,0
55540,0
55544,0
55545,0
55550,0
55553,0
55556,0
55560,0
55564,0
55565,0
55569,0
55571,1
55573,0
55576,0
55588,0
55591,0
55592,0
55594,0
55596,0
55598,0
55601,0
55602,0
55603,0
55604,0
55610,1
55611,0
55616,0
55617,0
55619,0
55621,0
55627,1
55632,0
55634,0
55635,0
55637,0
55638,0
55643,0
55644,0
55655,1
55656,0
55667,0
55668,0
55669,0
55677,0
55681,0
55682,0
55683,0
55687,0
55693,0
55694,0
55695,0
55696,0
55698,0
55699,0
55700,1
55705,0
55706,0
55708,0
55715,1
55717,0
55718,0
55722,0
55725,0
55727,0
55730,0
55734,0
55735,1
55736,0
55739,0
55741,0
55743,0
55751,0
55755,0
55759,0
55762,0
55764,0
55768,0
55775,0
55777,0
55778,0
55780,0
55784,1
55786,0
55789,0
55791,1
55794,1
55798,0
55809,0
55812,0
55814,0
55820,1
55822,0
55824,1
55825,1
55829,1
55836,0
55838,0
55842,0
55846,0
55854,0
55855,1
55860,0
55861,0
55871,0
55873,0
55874,0
55877,0
55883,0
55886,0
55889,1
55895,1
55898,0
55899,0
55907,0
55912,0
55916,0
55917,0
55922,0
55923,0
55924,0
55926,0
55928,0
55929,0
55950,0
55951,0
55953,0
55957,0
55960,0
55961,0
55967,0
55970,1
55973,0
55975,1
55985,0
55986,1
55987,0
55990,1
55993,0
55994,1
55995,0
55999,0
56002,0
56010,0
56014,0
56020,0
56022,1
56024,0
56026,0
56027,0
56029,0
56033,0
56034,0
56036,0
56037,0
56040,0
56052,1
56053,0
56054,0
56055,0
56057,1
56060,0
56061,0
56067,1
56069,0
56070,0
56075,0
56076,0
56077,0
56079,0
56082,1
56083,0
56085,0
56086,0
56087,0
56088,0
56091,0
56097,1
56101,0
56104,1
56110,0
56113,0
56116,0
56118,0
56119,0
56121,0
56123,0
56126,0
56137,0
56138,0
56141,0
56145,0
56146,0
56149,0
56152,0
56154,0
56156,1
56157,0
56159,0
56160,0
56161,0
56162,0
56163,1
56166,0
56167,1
56171,1
56172,0
56173,0
56180,0
56181,0
56184,0
56187,1
56191,0
56192,0
56194,0
56197,0
56202,0
56203,0
56207,0
56208,0
56212,0
56213,0
56218,0
56219,1
56222,0
56223,1
56227,0
56230,0
56231,1
56234,0
56239,0
56240,0
56243,0
56246,1
56253,0
56254,1
56256,0
56257,0
56263,0
56265,0
56268,1
56269,0
56271,0
56273,0
56274,0
56277,0
56279,1
56283,0
56284,1
56288,0
56291,0
56294,1
56296,1
56297,0
56298,0
56308,0
56313,1
56314,0
56320,0
56323,0
56325,0
56326,0
56331,0
56333,0
56338,0
56339,0
56343,0
56347,0
56348,0
56349,0
56361,0
56365,0
56367,1
56370,1
56376,0
56378,0
56379,0
56380,0
56381,0
56383,0
56391,0
56397,0
56398,1
56399,0
56402,1
56404,0
56411,0
56414,0
56416,0
56419,0
56420,0
56421,1
56426,0
56429,0
56430,0
56431,0
56433,0
56441,0
56448,0
56449,0
56458,0
56461,1
56465,0
56473,0
56474,1
56475,0
56477,0
56478,0
56479,0
56486,0
56487,0
56496,0
56499,0
56502,0
56503,0
56507,0
56513,0
56517,0
56520,0
56522,0
56523,1
56525,1
56526,0
56530,0
56537,0
56539,0
56544,0
56551,0
56552,0
56555,0
56556,0
56562,0
56563,1
56573,1
56576,0
56579,0
56581,0
56586,1
56589,0
56592,0
56593,0
56595,0
56596,0
56607,0
56608,0
56617,0
56619,0
56623,0
56627,1
56631,0
56632,0
56633,0
56644,0
56645,0
56649,0
56650,0
56661,1
56664,0
56665,0
56670,0
56673,0
56676,1
56678,0
56681,0
56682,0
56683,1
56684,0
56690,1
56693,1
56695,0
56696,0
56697,1
56698,0
56701,0
56705,0
56706,0
56710,0
56712,0
56713,0
56717,0
56720,0
56722,0
56723,0
56727,0
56729,0
56737,0
56738,0
56743,0
56745,0
56749,0
56750,0
56754,1
56762,1
56764,0
56767,1
56774,0
56776,0
56780,0
56782,0
56788,0
56796,0
56804,0
56807,0
56808,1
56811,0
56818,0
56820,0
56822,0
56823,0
56824,1
56826,0
56829,0
56831,0
56838,0
56839,0
56841,0
56843,0
56847,0
56848,1
56850,0
56855,0
56856,0
56867,0
56869,0
56880,0
56883,0
56885,0
56899,1
56901,0
56904,1
56905,1
56908,1
56909,0
56912,0
56913,0
56914,0
56915,1
56916,0
56917,1
56920,0
56921,1
56923,1
56932,0
56933,0
56934,0
56935,0
56936,0
56938,0
56939,0
56941,0
56942,0
56952,0
56956,0
56957,0
56959,0
56965,0
56968,0
56972,0
56974,0
56978,0
56980,0
56981,0
56983,0
56988,0
56989,0
56990,0
56993,0
56995,1
56999,0
57000,0
57002,0
57005,0
57007,1
57008,0
57009,1
57014,0
57018,1
57019,1
57022,0
57031,1
57034,1
57038,0
57039,0
57040,1
57043,0
57044,0
57058,0
57065,0
57067,1
57068,0
57071,0
57073,0
57074,0
57080,0
57083,0
57092,0
57095,0
57106,0
57107,1
57110,0
57111,0
57112,0
57117,0
57121,0
57125,0
57126,0
57130,0
57133,1
57134,0
57137,1
57140,1
57145,0
57149,0
57150,0
57156,1
57158,0
57159,0
57160,0
57161,0
57162,1
57165,0
57167,0
57168,0
57169,1
57171,1
57172,1
57173,0
57178,0
57179,0
57181,0
57182,0
57184,1
57186,0
57187,0
57189,1
57190,0
57199,0
57200,0
57203,0
57211,0
57214,0
57218,0
57220,0
57221,0
57225,0
57226,0
57234,0
57235,0
57237,0
57239,0
57240,0
57243,0
57245,0
57251,0
57253,0
57257,0
57266,0
57273,0
57276,0
57278,0
57286,0
57301,0
57303,1
57304,0
57306,0
57320,1
57328,0
57342,0
57345,0
57347,0
57350,1
57355,1
57359,0
57361,0
57362,0
57364,0
57365,1
57367,0
57373,0
57380,0
57382,0
57383,0
57384,0
57389,0
57390,1
57394,0
57396,0
57398,0
57403,0
57408,0
57434,0
57436,0
57443,0
57444,0
57446,0
57448,0
57450,0
57453,0
57457,0
57463,0
57465,0
57467,0
57472,0
57476,1
57482,0
57484,0
57492,0
57496,0
57499,1
57501,1
57515,0
57521,0
57525,0
57526,0
57527,0
57533,0
57539,1
57547,0
57551,0
57552,0
57555,0
57557,0
57560,0
57561,0
57562,0
57564,0
57566,1
57567,1
57568,0
57569,1
57571,0
57574,1
57576,0
57577,0
57580,1
57582,0
57588,0
57591,0
57594,0
57595,0
57597,0
57603,0
57604,0
57606,0
57609,1
57612,0
57618,1
57619,0
57623,0
57624,1
57625,1
57626,0
57628,0
57633,0
57634,0
57638,0
57644,0
57645,0
57646,0
57652,0
57653,0
57658,1
57661,0
57662,0
57664,0
57668,0
57672,0
57678,0
57679,0
57684,0
57685,1
57692,1
57694,0
57696,0
57699,0
57702,1
57703,0
57707,0
57717,0
57718,0
57719,0
57721,0
57723,0
57724,0
57727,1
57728,0
57730,1
57734,0
57745,0
57747,0
57750,0
57751,0
57752,0
57753,0
57754,0
57756,0
57757,1
57758,0
57760,1
57762,0
57765,0
57766,0
57773,0
57775,0
57778,0
57782,0
57787,0
57789,0
57790,0
57792,0
57795,0
57796,0
57800,0
57802,1
57806,0
57813,0
57819,0
57824,0
57825,0
57826,0
57827,0
57829,1
57837,0
57838,0
57845,0
57847,1
57855,0
57856,0
57858,0
57859,0
57860,0
57861,0
57864,1
57866,0
57867,0
57869,0
57872,0
57874,0
57880,0
57881,0
57882,0
57888,0
57890,0
57891,0
57894,0
57899,1
57901,0
57908,0
57913,1
57914,1
57918,0
57919,0
57928,0
57929,0
57933,0
57937,0
57938,0
57939,0
57940,1
57947,0
57948,0
57951,0
57953,1
57956,0
57958,1
57960,0
57964,0
57969,0
57970,1
57972,0
57978,0
57979,0
57980,0
57981,0
57988,0
57997,0
57999,0
58000,0
58001,0
58006,0
58009,0
58010,0
58013,0
58015,0
58018,0
58022,0
58032,0
58033,0
58037,0
58039,0
58045,0
58046,1
58052,0
58056,0
58059,1
58063,0
58065,0
58066,0
58068,0
58072,0
58075,0
58077,0
58081,0
58086,0
58088,0
58089,0
58093,0
58099,1
58102,0
58103,1
58109,0
58127,0
58130,0
58131,1
58140,1
58142,1
58143,1
58144,0
58145,1
58153,0
58156,0
58157,0
58161,0
58166,0
58167,0
58171,0
58172,0
58177,1
58179,0
58184,0
58185,0
58186,0
58188,0
58191,1
58194,1
58195,0
58196,0
58198,0
58199,0
58200,1
58202,1
58203,0
58207,0
58208,1
58209,0
58210,0
58211,0
58212,0
58213,0
58220,0
58231,0
58235,0
58236,0
58238,0
58240,1
58241,0
58242,1
58243,1
58247,0
58257,0
58258,0
58265,0
58267,1
58268,0
58269,0
58270,0
58273,0
58275,0
58277,0
58278,0
58290,0
58291,0
58294,0
58295,0
58297,0
58307,0
58312,0
58313,0
58314,0
58318,0
58319,0
58320,0
58322,0
58324,0
58325,0
58333,0
58340,0
58342,0
58348,1
58349,0
58352,0
58353,0
58355,0
58357,0
58361,0
58362,0
58363,1
58365,0
58366,0
58367,0
58371,1
58373,0
58374,0
58377,0
58382,1
58386,0
58389,0
58390,0
58391,0
58393,0
58395,0
58397,0
58398,0
58400,0
58402,1
58415,0
58418,0
58422,0
58433,0
58436,0
58443,0
58446,0
58450,0
58452,0
58457,0
58458,0
58463,1
58465,0
58467,0
58469,1
58470,0
58475,0
58478,0
58482,0
58492,0
58496,1
58499,0
58502,0
58507,1
58508,0
58511,0
58513,0
58514,1
58515,0
58516,0
58518,0
58519,1
58521,1
58530,0
58534,0
58535,0
58549,0
58551,1
58554,1
58557,0
58565,1
58571,1
58574,1
58576,0
58579,1
58584,0
58585,0
58589,0
58591,1
58593,0
58598,0
58602,0
58603,0
58604,0
58605,0
58607,0
58608,0
58609,1
58610,0
58611,0
58613,0
58617,1
58621,1
58624,0
58628,0
58629,0
58631,0
58636,0
58639,0
58640,0
58643,0
58645,0
58646,0
58647,0
58649,0
58654,0
58656,0
58661,0
58663,0
58665,0
58666,0
58675,1
58680,0
58682,1
58687,1
58690,1
58694,1
58696,0
58698,0
58699,1
58701,0
58709,0
58712,0
58717,0
58719,0
58722,0
58726,0
58727,0
58728,0
58732,0
58735,0
58741,0
58746,0
58750,0
58758,0
58762,0
58768,0
58770,0
58774,0
58775,0
58777,0
58778,0
58782,0
58785,0
58786,0
58788,0
58802,0
58805,0
58806,0
58807,0
58808,0
58810,0
58811,0
58812,0
58818,0
58819,0
58822,0
58823,0
58824,0
58830,0
58832,1
58834,1
58835,0
58836,0
58838,0
58841,1
58842,0
58848,0
58852,1
58854,0
58860,0
58861,0
58862,0
58865,1
58866,0
58867,0
58874,0
58878,0
58880,0
58894,0
58897,0
58899,0
58901,0
58908,0
58911,1
58912,0
58914,1
58917,0
58919,0
58922,1
58928,0
58929,0
58930,0
58931,1
58932,1
58933,0
58942,0
58943,0
58944,0
58947,0
58950,0
58952,0
58953,0
58954,1
58960,0
58961,1
58964,0
58966,0
58969,0
58977,0
58979,0
58981,0
58985,0
58986,0
58990,1
58994,0
58997,0
58998,0
59001,0
59004,0
59008,0
59016,0
59022,0
59023,1
59030,1
59032,0
59035,0
59044,1
59046,0
59049,0
59054,0
59057,0
59058,0
59061,0
59063,1
59066,0
59067,0
59068,0
59069,0
59070,0
59075,0
59077,1
59078,1
59084,0
59085,0
59087,0
59088,0
59090,0
59091,0
59096,0
59101,0
59103,0
59104,0
59105,1
59106,0
59109,1
59118,0
59119,0
59120,0
59121,0
59122,0
59123,0
59126,1
59129,0
59138,0
59140,0
59144,0
59145,0
59146,0
59147,1
59150,0
59154,0
59156,0
59160,1
59165,0
59172,0
59175,1
59177,1
59179,0
59183,0
59188,0
59193,1
59195,0
59199,1
59207,0
59211,1
59212,1
59213,1
59215,1
59216,0
59222,1
59229,1
59234,0
59242,0
59244,0
59247,0
59249,0
59251,0
59253,0
59254,0
59255,0
59257,0
59258,0
59263,1
59265,0
59266,0
59267,0
59270,1
59271,0
59272,0
59279,0
59281,1
59285,0
59286,0
59291,1
59295,0
59300,0
59301,0
59305,0
59309,1
59310,0
59316,1
59320,0
59323,1
59324,0
59328,0
59330,0
59331,0
59333,0
59335,0
59339,0
59355,0
59375,0
59377,0
59382,0
59384,0
59387,0
59390,0
59393,0
59396,0
59398,0
59403,0
59406,0
59412,0
59414,0
59416,0
59417,0
59418,0
59421,0
59422,0
59428,0
59429,0
59435,0
59437,0
59438,0
59441,0
59442,0
59445,0
59448,1
59451,1
59452,1
59453,0
59454,0
59464,0
59467,0
59468,0
59470,0
59474,0
59475,0
59478,1
59480,0
59482,1
59485,0
59488,0
59498,1
59500,0
59503,0
59504,0
59505,0
59507,0
59509,0
59514,1
59520,0
59523,0
59529,0
59533,0
59537,0
59539,0
59540,0
59541,0
59544,0
59547,0
59549,0
59550,0
59551,1
59553,1
59554,0
59557,0
59558,1
59560,0
59564,0
59569,0
59570,0
59571,0
59574,0
59577,0
59578,0
59580,0
59581,0
59587,0
59589,0
59592,0
59593,1
59594,0
59595,0
59598,0
59599,0
59602,1
59604,0
59617,0
59618,0
59619,0
59620,0
59622,1
59626,0
59631,0
59634,0
59639,0
59644,0
59646,1
59650,0
59658,0
59659,0
59662,1
59665,0
59666,0
59670,1
59674,1
59675,0
59677,0
59678,0
59679,0
59682,0
59683,0
59688,0
59690,1
59692,0
59699,0
59701,0
59708,0
59709,0
59710,0
59711,0
59713,0
59717,0
59721,0
59724,0
59725,0
59732,0
59744,0
59747,1
59751,1
59756,0
59759,0
59761,0
59766,0
59771,0
59774,0
59779,0
59781,1
59786,0
59787,0
59792,1
59793,0
59796,0
59799,0
59802,0
59816,0
59818,0
59821,0
59822,1
59823,0
59824,0
59827,0
59829,1
59832,0
59835,0
59836,0
59837,0
59838,0
59839,0
59840,0
59842,0
59843,0
59850,1
59855,0
59859,1
59860,0
59862,0
59863,0
59866,0
59869,1
59873,1
59875,0
59877,0
59879,0
59882,0
59883,1
59889,0
59893,0
59894,0
59895,1
59902,0
59903,0
59904,1
59908,1
59917,1
59919,1
59926,0
59928,1
59934,0
59938,0
59939,1
59943,1
59949,0
59951,0
59952,0
59953,0
59954,0
59960,0
59962,0
59964,0
59965,0
59970,0
59972,0
59979,0
59982,0
59984,0
59988,0
59991,0
59995,0
59997,1
60001,0
60002,0
60003,0
60005,1
60006,0
60008,0
60009,0
60013,0
60020,1
60023,0
60028,0
60031,0
60032,1
60034,0
60037,0
60039,0
60041,0
60042,0
60043,0
60057,0
60070,0
60072,0
60075,0
60080,1
60086,0
60089,0
60095,0
60097,0
60101,0
60103,0
60106,0
60107,1
60108,0
60110,0
60114,1
60121,1
60123,0
60126,1
60130,0
60131,1
60132,0
60134,0
60135,0
60140,0
60142,0
60144,1
60147,0
60157,0
60158,0
60159,0
60160,1
60165,0
60170,0
60180,0
60185,0
60186,0
60188,0
60189,0
60194,0
60195,1
60196,0
60197,1
60204,0
60208,0
60210,0
60211,0
60223,0
60225,0
60226,0
60227,0
60228,1
60230,0
60231,1
60238,1
60240,0
60242,0
60246,0
60247,0
60256,1
60261,0
60262,0
60265,0
60267,1
60270,0
60271,1
60272,0
60281,0
60284,1
60285,1
60290,0
60292,0
60294,0
60306,0
60307,0
60309,0
60310,0
60313,0
60315,0
60318,0
60321,0
60325,0
60326,0
60328,0
60334,1
60338,0
60343,1
60348,1
60351,0
60352,1
60354,0
60355,0
60361,1
60364,0
60368,1
60374,0
60378,0
60379,0
60380,0
60381,0
60382,0
60385,0
60387,1
60388,1
60390,0
60398,1
60399,0
60409,0
60412,1
60415,0
60416,1
60418,1
60420,0
60424,0
60428,0
60430,0
60434,0
60435,0
60438,1
60451,0
60457,0
60458,0
60459,0
60462,0
60463,0
60466,0
60472,0
60474,0
60481,1
60482,0
60485,0
60486,0
60487,0
60489,0
60490,0
60493,1
60494,0
60495,0
60497,0
60498,0
60500,1
60502,0
60504,0
60514,0
60516,0
60517,1
60519,0
60526,0
60530,0
60532,0
60533,0
60534,0
60536,0
60537,0
60538,0
60540,0
60544,0
60551,0
60552,0
60563,0
60568,0
60569,0
60570,0
60573,1
60578,0
60582,1
60583,0
60587,0
60591,0
60592,0
60599,0
60601,0
60608,0
60611,0
60613,1
60615,0
60620,1
60622,0
60623,0
60625,0
60628,1
60634,0
60637,0
60639,1
60641,0
60642,0
60643,0
60645,0
60646,1
60647,0
60655,0
60658,1
60660,0
60664,1
60665,0
60667,0
60670,0
60671,0
60677,0
60684,0
60685,0
60689,0
60690,1
60693,0
60694,0
60699,0
60700,0
60706,0
60707,0
60713,0
60715,0
60716,0
60717,0
60718,0
60721,0
60722,0
60723,0
60724,1
60725,1
60727,1
60728,0
60734,0
60739,0
60740,0
60741,0
60743,1
60744,0
60747,0
60748,0
60749,1
60753,1
60755,0
60758,0
60762,0
60763,1
60771,0
60774,0
60776,1
60777,1
60780,0
60781,0
60784,0
60787,0
60790,0
60794,0
60795,0
60798,0
60799,0
60801,0
60803,0
60804,0
60806,0
60808,0
60810,0
60813,1
60814,0
60816,1
60817,1
60818,1
60823,0
60825,1
60827,0
60829,0
60832,0
60834,0
60850,0
60851,0
60854,0
60855,0
60857,0
60859,0
60862,0
60866,0
60867,0
60872,0
60875,0
60877,0
60878,0
60880,0
60883,0
60884,0
60887,0
60889,0
60891,0
60892,1
60893,0
60894,0
60896,0
60901,0
60902,1
60905,1
60906,1
60907,1
60910,0
60911,1
60913,0
60916,1
60922,1
60927,0
60929,0
60935,0
60936,0
60937,0
60944,0
60945,0
60952,0
60954,0
60956,0
60960,0
60961,0
60963,0
60964,0
60965,0
60966,0
60969,0
60972,1
60973,1
60974,0
60981,0
60986,0
60990,1
60991,0
60996,0
60997,1
61001,0
61006,0
61013,0
61019,0
61023,1
61029,0
61030,0
61031,0
61032,0
61033,0
61034,0
61035,1
61036,0
61039,0
61041,1
61044,1
61048,0
61052,0
61056,0
61064,1
61068,0
61070,0
61072,1
61073,1
61076,0
61077,1
61078,0
61079,0
61084,0
61085,0
61086,0
61090,1
61092,0
61094,0
61096,0
61099,0
61106,0
61108,0
61109,1
61118,0
61129,0
61132,0
61137,1
61143,0
61147,0
61152,1
61156,0
61164,0
61167,1
61170,0
61171,0
61175,0
61180,0
61187,1
61192,0
61193,0
61194,0
61198,0
61200,0
61201,1
61205,0
61207,1
61208,0
61209,0
61210,0
61212,0
61218,0
61222,0
61223,1
61224,0
61225,0
61227,0
61228,1
61236,1
61240,0
61255,0
61260,0
61264,0
61266,0
61267,0
61275,0
61282,0
61283,1
61284,1
61285,0
61287,0
61288,0
61289,0
61290,0
61293,0
61296,0
61299,1
61305,1
61308,0
61313,0
61315,0
61317,0
61318,0
61323,0
61327,0
61331,0
61333,1
61336,1
61337,0
61338,0
61340,0
61342,0
61346,0
61347,0
61349,0
61352,0
61364,0
61366,0
61368,0
61369,0
61370,0
61374,0
61377,0
61378,0
61381,0
61383,0
61385,0
61386,1
61387,1
61388,0
61390,0
61396,0
61399,0
61409,0
61414,0
61417,1
61418,1
61421,0
61423,1
61426,0
61427,0
61428,0
61431,0
61435,0
61436,0
61439,0
61440,0
61445,0
61446,1
61452,0
61454,1
61458,1
61466,0
61468,0
61470,0
61471,1
61472,1
61474,1
61479,0
61480,0
61481,0
61482,0
61483,0
61484,0
61485,1
61486,1
61494,0
61495,0
61496,0
61498,0
61499,0
61500,0
61502,0
61503,1
61504,0
61506,0
61508,0
61510,1
61511,0
61512,0
61514,0
61516,0
61518,1
61524,0
61528,0
61530,0
61533,0
61540,1
61541,0
61542,0
61544,0
61549,1
61554,0
61555,0
61564,0
61568,1
61574,0
61576,0
61581,0
61582,0
61584,0
61588,0
61589,0
61592,0
61598,1
61599,0
61602,0
61604,1
61605,0
61606,0
61608,1
61610,0
61616,0
61629,1
61633,0
61634,0
61636,0
61638,0
61639,0
61640,0
61641,0
61645,1
61647,0
61651,1
61653,0
61655,0
61656,0
61660,0
61661,0
61662,0
61664,1
61667,1
61668,0
61672,0
61673,0
61678,1
61679,0
61680,0
61687,0
61691,0
61692,0
61693,0
61695,1
61696,0
61700,0
61701,1
61704,0
61709,0
61710,0
61712,0
61713,0
61723,1
61726,0
61728,0
61729,0
61730,0
61735,0
61740,0
61741,0
61742,0
61746,0
61747,0
61751,0
61753,1
61758,0
61759,0
61761,0
61766,0
61772,0
61773,0
61774,0
61777,0
61788,1
61791,1
61792,0
61793,0
61797,0
61799,1
61800,1
61801,0
61802,0
61804,0
61805,0
61806,0
61808,0
61815,0
61816,0
61817,1
61823,0
61824,1
61826,0
61827,0
61837,0
61841,0
61845,0
61846,0
61849,1
61851,0
61854,1
61858,0
61864,1
61865,0
61866,1
61868,0
61869,0
61881,0
61883,0
61884,0
61885,0
61889,1
61892,1
61893,1
61894,0
61897,0
61898,1
61899,0
61904,0
61908,0
61913,1
61914,1
61915,1
61918,0
61919,0
61920,1
61924,0
61925,0
61933,1
61937,0
61939,1
61953,0
61963,0
61966,0
61978,0
61979,0
61980,0
61982,0
61986,0
61987,0
61988,0
61990,0
61994,0
61999,1
62000,0
62002,0
62006,0
62007,0
62016,0
62017,0
62018,0
62024,0
62028,0
62036,0
62038,0
62039,0
62043,1
62044,0
62052,0
62056,0
62060,0
62063,0
62065,0
62070,0
62073,0
62076,0
62087,0
62088,0
62097,0
62098,1
62106,0
62107,0
62109,0
62110,1
62113,1
62114,0
62117,0
62120,0
62121,0
62123,0
62124,0
62125,1
62133,0
62134,0
62136,0
62137,0
62141,0
62142,0
62146,0
62150,1
62154,0
62155,1
62157,0
62162,0
62164,0
62167,0
62168,0
62173,0
62178,0
62180,0
62183,0
62184,1
62185,0
62188,0
62189,0
62190,0
62192,0
62194,0
62201,1
62203,0
62207,0
62209,0
62211,0
62213,0
62218,0
62219,1
62220,0
62223,0
62235,0
62236,0
62240,0
62244,0
62245,0
62247,0
62248,0
62255,0
62257,1
62260,0
62262,0
62263,0
62265,1
62267,0
62270,0
62271,1
62272,1
62276,0
62287,0
62288,0
62290,0
62299,0
62307,1
62309,0
62318,0
62324,0
62330,1
62332,0
62342,1
62343,0
62346,0
62347,0
62349,0
62350,0
62352,0
62356,0
62358,0
62361,0
62363,0
62368,0
62369,0
62371,0
62372,0
62374,0
62377,0
62381,0
62384,0
62389,0
62391,1
62392,0
62393,1
62396,1
62399,1
62400,1
62403,1
62404,0
62408,0
62410,1
62420,0
62422,0
62426,0
62433,0
62441,0
62444,1
62449,0
62452,0
62453,0
62455,0
62459,0
62460,0
62472,0
62475,1
62476,0
62477,0
62481,0
62482,1
62485,0
62486,0
62489,1
62493,0
62495,0
62497,0
62500,1
62507,0
62509,1
62513,1
62521,0
62523,0
62532,0
62536,0
62539,0
62543,1
62546,0
62557,0
62561,0
62563,0
62573,0
62576,0
62578,0
62579,0
62583,0
62584,0
62586,0
62587,0
62589,0
62594,0
62602,0
62603,0
62606,0
62607,0
62609,0
62610,0
62611,0
62615,0
62625,0
62626,1
62627,0
62628,0
62630,0
62634,0
62636,0
62638,0
62639,0
62642,1
62650,0
62651,0
62653,0
62655,0
62657,0
62658,0
62659,1
62661,0
62662,0
62665,0
62672,0
62675,0
62681,0
62682,0
62685,0
62687,0
62689,0
62690,1
62691,1
62692,0
62694,0
62696,0
62700,1
62701,0
62703,0
62707,0
62708,0
62717,0
62722,0
62723,0
62725,0
62727,0
62730,0
62732,1
62741,0
62745,0
62749,1
62753,1
62757,0
62762,0
62763,0
62764,0
62769,1
62770,0
62772,0
62777,0
62779,0
62782,0
62783,0
62786,0
62805,0
62807,1
62808,0
62811,0
62815,0
62821,0
62825,0
62826,0
62827,0
62834,1
62839,1
62841,0
62842,0
62846,0
62848,0
62849,0
62851,0
62852,0
62859,1
62865,0
62868,0
62876,0
62879,0
62880,0
62888,1
62889,0
62891,0
62892,0
62893,1
62894,0
62896,1
62898,0
62899,1
62904,1
62905,0
62907,1
62908,0
62909,1
62910,1
62912,0
62913,0
62914,0
62916,0
62923,0
62936,0
62937,0
62941,0
62943,0
62946,0
62959,1
62961,1
62962,0
62965,0
62966,1
62970,0
62972,0
62974,0
62976,0
62987,0
62992,0
62994,0
62996,0
62998,0
63001,1
63006,0
63007,0
63012,0
63027,0
63028,1
63030,0
63032,1
63033,0
63035,0
63037,1
63039,0
63042,1
63045,0
63048,0
63061,0
63063,1
63071,0
63073,0
63079,0
63091,0
63097,0
63098,0
63099,0
63100,0
63101,0
63102,0
63112,0
63113,1
63115,0
63118,1
63124,0
63128,0
63131,0
63132,0
63136,0
63137,1
63139,1
63141,1
63142,1
63144,0
63147,0
63148,0
63149,0
63150,0
63152,0
63155,0
63160,0
63161,0
63166,1
63170,0
63173,0
63176,0
63182,0
63183,1
63186,0
63191,0
63197,1
63200,0
63201,0
63206,0
63207,1
63208,0
63211,0
63216,0
63221,0
63222,0
63223,0
63224,0
63225,0
63226,0
63227,0
63232,0
63234,0
63237,0
63241,0
63247,0
63253,1
63256,0
63262,1
63264,0
63267,1
63273,0
63277,0
63287,0
63288,0
63289,1
63291,0
63292,0
63293,0
63295,1
63298,0
63302,0
63306,0
63316,1
63326,0
63330,0
63331,0
63335,0
63338,0
63340,0
63341,0
63349,0
63350,0
63354,0
63355,0
63356,1
63362,0
63369,1
63372,0
63373,0
63374,0
63382,0
63383,1
63386,1
63387,0
63388,0
63392,1
63395,0
63398,0
63399,0
63402,1
63406,0
63407,0
63411,1
63412,0
63416,0
63418,0
63431,0
63440,0
63441,1
63453,0
63455,0
63456,1
63460,1
63461,1
63465,0
63470,0
63472,0
63474,0
63477,0
63478,0
63479,1
63481,0
63482,0
63486,0
63494,0
63497,0
63501,1
63505,0
63506,0
63508,0
63509,1
63515,0
63516,0
63517,0
63518,0
63519,0
63521,0
63529,1
63532,0
63534,0
63539,1
63546,1
63550,0
63555,0
63557,0
63560,0
63565,0
63567,1
63569,0
63570,1
63571,0
63572,0
63582,0
63584,0
63586,0
63589,0
63592,0
63594,1
63595,0
63597,0
63605,0
63608,0
63613,0
63614,0
63615,0
63618,0
63621,0
63624,0
63626,1
63627,0
63628,0
63630,1
63632,0
63633,0
63636,0
63639,0
63644,0
63645,0
63648,1
63651,0
63653,0
63657,0
63659,0
63663,0
63665,0
63669,0
63672,0
63676,0
63677,0
63678,0
63681,0
63683,0
63684,0
63686,0
63690,0
63692,1
63693,0
63705,0
63708,1
63714,0
63719,0
63727,0
63732,0
63733,0
63735,0
63737,0
63745,0
63747,1
63748,0
63749,0
63750,0
63751,1
63753,0
63755,1
63758,1
63765,1
63766,0
63774,0
63776,0
63781,1
63786,0
63787,1
63789,1
63796,1
63797,1
63798,0
63799,0
63800,0
63801,0
63807,1
63809,1
63815,0
63816,0
63826,0
63828,0
63830,0
63834,0
63840,0
63841,0
63846,0
63849,0
63854,1
63856,0
63857,0
63858,0
63859,0
63862,0
63863,0
63867,0
63877,1
63878,0
63879,1
63880,0
63883,0
63893,1
63895,1
63896,0
63902,1
63904,0
63906,0
63908,1
63914,1
63917,0
63919,0
63921,1
63929,0
63932,0
63938,1
63940,0
63949,0
63950,0
63951,0
63952,1
63955,0
63965,1
63967,1
63968,1
63969,0
63972,1
63973,1
63976,0
63982,0
63984,0
63985,0
63987,0
63994,0
63995,0
63997,1
63998,1
64000,0
64004,0
64006,0
64009,0
64012,0
64013,0
64014,0
64019,0
64023,1
64025,0
64026,0
64029,0
64031,0
64034,0
64036,1
64039,0
64048,1
64055,0
64059,0
64063,0
64066,0
64071,1
64073,0
64074,0
64075,0
64081,1
64082,1
64084,0
64087,0
64089,0
64091,0
64092,1
64094,0
64095,0
64096,1
64105,0
64108,0
64109,0
64111,0
64115,0
64117,0
64120,0
64125,0
64132,0
64137,0
64138,0
64139,1
64140,0
64143,1
64144,0
64147,0
64149,1
64153,0
64159,0
64161,1
64163,0
64168,1
64170,1
64173,0
64174,1
64175,1
64177,0
64178,0
64185,0
64186,0
64188,0
64192,1
64194,0
64197,0
64201,1
64202,0
64207,0
64212,1
64213,1
64221,1
64223,0
64227,0
64231,0
64233,0
64234,0
64240,0
64246,0
64248,0
64249,1
64250,1
64253,0
64257,0
64261,0
64266,1
64271,0
64280,0
64282,1
64283,0
64286,0
64287,0
64297,0
64298,1
64305,0
64307,0
64308,0
64314,0
64315,1
64321,0
64324,0
64325,0
64328,1
64329,1
64330,1
64331,0
64332,0
64334,0
64335,0
64336,0
64340,0
64345,0
64347,0
64356,1
64366,0
64370,0
64372,0
64377,0
64379,0
64383,1
64384,0
64389,1
64391,1
64392,0
64395,0
64398,0
64399,0
64403,0
64407,0
64408,0
64409,0
64410,0
64414,0
64415,1
64418,0
64420,0
64421,0
64423,0
64424,0
64429,0
64431,0
64432,0
64445,0
64447,0
64450,0
64452,1
64453,1
64459,0
64460,0
64461,0
64463,0
64464,0
64467,0
64472,1
64473,0
64477,0
64479,0
64480,0
64484,0
64485,0
64487,0
64493,0
64494,0
64501,0
64502,0
64506,0
64518,0
64528,0
64529,0
64530,1
64531,0
64532,0
64533,0
64536,1
64538,1
64550,0
64552,0
64566,0
64567,0
64568,0
64570,0
64571,0
64577,1
64580,0
64593,0
64595,0
64601,1
64603,0
64610,0
64614,0
64620,0
64621,0
64623,0
64626,0
64628,0
64632,0
64633,0
64635,0
64636,0
64639,0
64641,0
64643,0
64646,0
64648,0
64650,0
64651,0
64652,0
64653,1
64656,0
64658,0
64659,0
64663,0
64669,0
64672,1
64673,0
64675,0
64676,1
64680,1
64682,0
64685,0
64690,0
64695,0
64696,0
64698,1
64700,1
64701,0
64702,0
64706,0
64715,0
64718,0
64719,0
64721,0
64724,0
64727,0
64729,1
64730,1
64741,0
64742,0
64743,0
64746,0
64747,0
64749,0
64750,0
64752,0
64753,0
64755,0
64761,0
64766,0
64769,0
64773,1
64774,1
64775,0
64780,0
64784,0
64786,0
64797,1
64800,0
64801,0
64804,1
64810,0
64813,0
64816,0
64822,0
64823,0
64824,0
64829,0
64832,0
64835,0
64837,0
64841,0
64842,1
64850,0
64851,0
64869,0
64874,0
64875,0
64877,0
64878,0
64879,0
64880,0
64882,0
64883,0
64885,0
64886,0
64888,0
64889,0
64891,0
64893,1
64895,0
64900,0
64901,0
64906,0
64910,0
64914,0
64918,1
64921,0
64924,1
64927,0
64932,0
64936,1
64938,1
64939,0
64947,0
64950,0
64951,1
64956,0
64957,0
64962,0
64965,0
64966,1
64975,1
64977,1
64982,0
64986,1
64992,1
64993,0
64994,1
64995,0
64997,1
65015,1
65017,0
65019,0
65022,0
65025,0
65027,0
65029,0
65030,0
65031,1
65033,1
65034,1
65035,1
65039,1
65040,0
65042,0
65043,1
65045,1
65049,0
65050,0
65052,0
65054,0
65055,0
65060,1
65061,0
65064,0
65065,0
65067,0
65072,1
65073,0
65076,1
65079,1
65083,0
65084,0
65086,0
65089,0
65090,0
65092,0
65093,0
65095,0
65099,1
65104,0
65109,0
65113,0
65115,0
65119,0
65120,0
65128,1
65130,0
65131,0
65132,1
65133,0
65135,0
65136,0
65141,0
65146,0
65147,1
65149,0
65150,0
65153,0
65155,0
65166,0
65167,0
65170,0
65181,0
65189,0
65190,0
65191,0
65192,0
65193,0
65196,1
65198,1
65207,0
65215,0
65217,0
65227,1
65238,0
65241,0
65242,1
65245,0
65251,1
65254,0
65263,0
65264,0
65265,0
65274,0
65278,0
65283,1
65290,0
65293,0
65297,0
65298,0
65305,1
65307,0
65308,0
65309,1
65311,0
65321,0
65323,0
65327,0
65328,1
65331,1
65332,0
65334,1
65335,1
65336,0
65337,0
65338,0
65343,0
65345,1
65347,0
65348,1
65353,0
65356,1
65357,0
65359,1
65367,0
65368,1
65372,1
65373,1
65374,0
65376,1
65379,0
65380,0
65381,0
65382,0
65383,0
65387,0
65392,1
65406,0
65408,0
65419,0
65420,1
65421,1
65424,1
65426,1
65428,0
65429,0
65440,0
65441,0
65449,1
65457,0
65461,0
65475,0
65476,0
65479,1
65482,0
65486,0
65491,0
65501,1
65505,0
65506,1
65510,0
65511,0
65514,0
65516,0
65518,1
65521,0
65524,0
65526,0
65531,0
65536,0
65537,0
65539,0
65545,0
65546,0
65552,0
65555,0
65561,1
65562,0
65566,0
65567,0
65570,0
65573,0
65574,0
65576,0
65577,0
65578,0
65583,0
65590,1
65602,0
65606,1
65607,1
65611,0
65612,1
65619,0
65621,0
65622,0
65625,0
65627,0
65630,1
65632,0
65635,0
65638,0
65639,0
65641,0
65643,0
65644,0
65645,1
65650,0
65653,0
65655,0
65656,1
65657,0
65664,0
65666,0
65667,0
65672,1
65673,0
65680,0
65686,0
65687,0
65688,0
65689,0
65695,0
65699,0
65700,0
65701,1
65703,0
65711,0
65713,1
65715,1
65717,0
65718,0
65719,1
65723,0
65727,0
65746,0
65747,0
65748,0
65749,1
65750,0
65754,0
65759,0
65764,0
65767,0
65771,0
65772,0
65773,1
65778,1
65780,1
65785,0
65786,0
65788,0
65789,0
65795,0
65800,0
65814,0
65818,0
65821,1
65826,0
65828,0
65834,0
65839,0
65848,0
65850,0
65851,0
65852,0
65853,0
65856,0
65859,0
65864,0
65868,0
65873,0
65875,0
65879,1
65881,0
65886,1
65891,0
65892,0
65896,0
65899,0
65901,0
65903,0
65906,0
65907,0
65908,1
65914,0
65920,0
65922,0
65925,0
65927,1
65931,1
65932,1
65939,0
65940,1
65944,1
65954,1
65959,0
65960,0
65961,0
65962,0
65966,0
65968,0
65970,0
65974,0
65981,0
65983,0
65989,1
65990,0
65991,0
65994,0
65996,0
65998,1
66002,1
66003,0
66004,0
66005,0
66008,0
66009,0
66010,1
66017,0
66024,1
66029,0
66032,0
66033,0
66034,1
66047,0
66048,0
66052,0
66057,0
66058,0
66060,1
66061,0
66063,0
66068,0
66069,0
66072,0
66074,1
66076,0
66085,0
66086,0
66087,0
66088,0
66094,0
66095,0
66099,1
66101,0
66105,0
66112,0
66115,0
66120,0
66122,0
66123,0
66125,0
66132,0
66134,0
66136,1
66138,1
66139,0
66141,1
66142,0
66144,0
66145,0
66154,0
66156,0
66159,0
66165,0
66171,0
66173,0
66178,1
66181,1
66182,0
66185,0
66187,1
66188,0
66192,0
66194,0
66195,1
66197,0
66200,0
66201,0
66203,0
66207,0
66209,0
66211,0
66214,1
66227,0
66229,1
66230,0
66231,0
66232,0
66233,0
66236,0
66251,0
66255,0
66256,1
66258,0
66259,0
66260,0
66262,0
66263,0
66264,0
66266,0
66269,0
66272,0
66273,0
66275,0
66276,0
66278,0
66281,0
66284,0
66295,0
66299,0
66300,0
66306,1
66317,0
66319,0
66320,0
66326,0
66332,0
66333,0
66335,0
66337,0
66338,1
66345,0
66347,0
66349,0
66350,0
66353,0
66354,0
66360,0
66371,1
66372,1
66373,1
66374,0
66375,0
66383,1
66384,1
66385,0
66389,1
66390,0
66391,1
66392,0
66395,0
66400,0
66401,1
66402,0
66409,1
66410,1
66411,0
66413,0
66417,0
66421,0
66426,0
66427,0
66429,0
66430,0
66432,0
66439,0
66443,0
66447,1
66457,0
66459,0
66460,0
66466,0
66468,0
66473,1
66474,0
66475,0
66477,1
66481,1
66483,0
66484,1
66486,0
66492,0
66494,0
66495,1
66505,0
66511,0
66522,0
66523,0
66528,0
66530,0
66531,0
66534,0
66538,0
66545,0
66551,0
66561,0
66562,0
66563,0
66564,0
66568,0
66569,1
66570,0
66572,0
66577,0
66578,0
66584,0
66588,0
66589,0
66597,0
66598,1
66599,0
66600,1
66604,0
66608,0
66610,1
66614,1
66617,1
66625,1
66630,0
66631,0
66632,0
66633,0
66639,0
66645,0
66647,1
66653,0
66654,0
66657,1
66659,1
66660,1
66665,1
66669,0
66671,0
66678,0
66682,0
66686,0
66707,0
66712,0
66713,0
66717,0
66719,0
66720,1
66721,0
66726,0
66730,0
66737,0
66738,0
66739,1
66750,0
66756,0
66758,1
66761,0
66764,0
66766,0
66768,0
66769,0
66775,0
66776,0
66780,1
66781,1
66782,0
66783,1
66786,1
66791,0
66792,1
66793,0
66794,0
66795,0
66797,0
66800,0
66802,0
66804,0
66809,1
66815,0
66816,1
66822,0
66824,0
66825,1
66830,0
66831,0
66833,0
66835,1
66837,0
66839,1
66843,0
66844,1
66850,0
66851,0
66856,0
66857,0
66859,0
66861,0
66862,0
66863,0
66865,0
66866,0
66868,0
66869,0
66870,0
66874,1
66876,0
66879,0
66882,0
66883,0
66886,1
66888,0
66889,0
66890,0
66891,0
66892,0
66894,0
66895,1
66900,0
66902,1
66904,0
66906,0
66911,0
66917,0
66918,1
66921,0
66923,0
66924,1
66926,0
66927,0
66928,1
66929,0
66931,0
66932,0
66935,1
66937,0
66938,0
66943,0
66953,0
66958,0
66960,0
66961,1
66967,0
66968,0
66970,1
66974,0
66975,0
66977,1
66985,0
66994,0
66996,0
67001,0
67002,0
67003,0
67005,0
67008,0
67009,0
67010,0
67013,0
67015,0
67016,0
67017,0
67020,0
67021,0
67026,0
67028,1
67033,0
67038,0
67039,0
67041,0
67046,0
67051,0
67054,0
67057,0
67062,0
67066,0
67068,0
67069,1
67074,0
67082,1
67084,1
67085,0
67087,0
67089,0
67091,0
67094,0
67096,0
67098,0
67100,0
67101,0
67105,0
67107,0
67114,1
67115,0
67116,0
67117,0
67118,0
67119,0
67122,0
67126,1
67130,0
67132,1
67134,0
67135,0
67140,0
67147,0
67148,0
67149,0
67151,0
67154,0
67155,0
67160,0
67163,0
67164,0
67166,0
67169,0
67176,0
67177,0
67180,0
67181,0
67182,0
67183,1
67185,1
67187,0
67190,0
67194,0
67195,0
67197,0
67201,0
67210,0
67213,0
67215,0
67220,0
67221,0
67224,0
67231,0
67235,0
67236,0
67239,0
67240,1
67241,0
67242,0
67244,0
67247,1
67250,0
67251,0
67253,0
67258,0
67259,0
67267,0
67271,0
67273,0
67274,0
67277,0
67279,0
67281,0
67286,0
67287,0
67291,0
67295,0
67296,0
67298,0
67299,0
67301,0
67302,0
67306,0
67310,1
67315,0
67318,0
67323,0
67326,0
67327,0
67334,0
67335,0
67337,1
67339,0
67341,0
67343,0
67344,0
67345,0
67346,0
67350,1
67351,0
67352,0
67353,1
67355,0
67357,0
67358,0
67359,1
67365,0
67367,1
67368,0
67371,0
67373,0
67374,0
67375,1
67384,0
67389,0
67391,0
67399,0
67402,0
67410,0
67412,1
67415,0
67416,0
67417,1
67419,0
67426,1
67427,1
67430,0
67432,0
67439,0
67440,0
67444,1
67445,0
67446,0
67448,0
67449,0
67453,0
67454,0
67455,1
67456,0
67457,0
67459,1
67462,1
67464,1
67467,0
67468,1
67469,1
67473,0
67475,1
67484,0
67485,1
67489,0
67491,0
67494,0
67496,0
67497,1
67499,0
67503,0
67506,1
67516,1
67517,1
67518,0
67532,1
67534,0
67535,0
67536,0
67537,1
67539,0
67545,0
67547,0
67553,0
67554,0
67557,0
67561,0
67564,0
67567,0
67571,1
67573,0
67578,0
67580,0
67584,0
67588,0
67590,0
67598,0
67599,0
67607,0
67612,0
67620,1
67625,0
67626,0
67627,1
67628,0
67635,0
67637,0
67639,0
67644,1
67647,0
67649,1
67650,0
67651,1
67652,1
67657,1
67661,1
67666,0
67667,0
67672,0
67673,0
67675,1
67677,1
67679,0
67682,0
67684,1
67685,0
67686,0
67691,0
67696,1
67697,0
67701,1
67704,1
67705,0
67706,0
67707,0
67708,0
67709,0
67712,0
67715,0
67717,0
67723,1
67725,0
67726,1
67728,0
67729,0
67732,0
67733,1
67734,1
67735,1
67736,1
67739,0
67740,1
67744,0
67745,1
67746,1
67758,0
67759,0
67760,0
67763,0
67768,0
67773,0
67782,0
67786,0
67789,0
67793,0
67794,0
67798,0
67803,1
67805,0
67809,0
67812,0
67819,0
67822,0
67823,1
67827,0
67828,0
67831,1
67843,0
67844,0
67846,0
67850,0
67852,0
67856,1
67858,0
67859,0
67862,0
67864,0
67866,1
67867,1
67868,0
67869,0
67873,1
67875,0
67879,0
67881,0
67882,1
67886,0
67891,0
67894,0
67896,0
67900,0
67905,0
67909,1
67911,0
67921,1
67923,0
67924,0
67929,0
67931,0
67933,0
67935,0
67937,0
67942,0
67944,1
67949,0
67951,0
67956,0
67959,0
67961,0
67962,0
67964,0
67965,0
67977,0
67988,0
67991,0
67994,1
67998,0
68003,0
68005,0
68009,0
68010,0
68015,1
68017,0
68019,1
68020,0
68023,0
68027,0
68028,0
68029,0
68032,0
68035,0
68039,1
68040,0
68043,0
68051,0
68052,1
68055,0
68061,0
68068,0
68072,0
68073,0
68075,0
68076,0
68083,1
68085,1
68086,0
68088,0
68092,1
68093,1
68094,0
68096,0
68100,0
68101,0
68102,0
68103,0
68104,0
68109,0
68116,0
68117,1
68119,0
68126,1
68131,0
68132,0
68133,0
68134,1
68136,1
68138,0
68139,0
68142,0
68143,0
68144,0
68146,1
68148,0
68152,0
68155,0
68160,0
68164,0
68167,1
68175,0
68177,0
68180,0
68182,0
68183,0
68187,0
68188,0
68190,0
68194,0
68196,0
68199,0
68202,0
68203,0
68206,0
68207,0
68208,0
68209,0
68211,0
68219,0
68223,0
68224,0
68226,0
68229,0
68232,0
68235,1
68241,0
68243,0
68246,0
68248,0
68250,1
68252,0
68257,0
68260,0
68264,0
68266,0
68269,0
68270,0
68273,0
68274,0
68277,0
68278,0
68281,0
68287,0
68290,0
68292,1
68295,0
68297,0
68298,0
68302,0
68306,0
68308,0
68309,1
68311,0
68313,0
68316,0
68317,1
68318,0
68319,0
68322,0
68324,0
68325,0
68327,0
68328,0
68333,1
68334,1
68341,0
68342,0
68347,0
68351,0
68352,0
68358,0
68362,0
68364,1
68366,1
68367,1
68376,0
68381,0
68385,0
68388,0
68392,0
68393,0
68396,0
68399,0
68400,0
68404,0
68408,0
68409,1
68418,0
68420,1
68422,1
68427,0
68430,1
68435,0
68439,0
68441,0
68443,0
68444,0
68445,0
68446,0
68455,0
68456,0
68463,0
68468,0
68477,0
68478,0
68483,1
68488,0
68492,0
68494,0
68495,0
68496,0
68498,0
68505,0
68506,1
68508,0
68509,0
68511,1
68512,1
68513,1
68516,0
68527,1
68532,0
68540,0
68542,0
68543,0
68546,0
68549,0
68551,0
68552,0
68557,0
68561,1
68564,0
68566,0
68570,0
68573,0
68575,0
68578,0
68579,0
68583,0
68587,0
68590,1
68591,0
68592,1
68596,1
68601,0
68602,0
68606,0
68607,0
68612,0
68614,0
68617,0
68620,0
68633,0
68634,0
68638,0
68640,0
68641,0
68644,0
68645,0
68646,0
68651,1
68652,0
68653,1
68656,0
68658,1
68659,0
68660,0
68661,0
68663,0
68667,1
68668,1
68670,1
68673,1
68684,1
68687,0
68697,1
68703,1
68708,0
68712,0
68715,1
68723,0
68724,0
68725,0
68727,0
68731,0
68736,0
68741,0
68743,0
68744,0
68746,0
68753,0
68754,0
68756,0
68758,0
68760,1
68766,1
68767,0
68769,0
68772,0
68779,0
68784,1
68795,1
68801,0
68802,1
68805,0
68806,0
68807,1
68808,1
68819,1
68820,0
68828,0
68829,1
68830,0
68832,0
68834,0
68838,0
68840,0
68842,0
68843,0
68848,1
68855,1
68857,0
68859,0
68860,0
68861,0
68864,0
68865,0
68869,0
68870,1
68874,0
68875,0
68877,0
68878,0
68881,0
68885,0
68886,1
68887,0
68896,0
68898,0
68901,0
68902,0
68904,0
68908,0
68913,1
68915,0
68916,0
68921,0
68924,1
68925,0
68927,0
68928,0
68932,0
68935,0
68937,0
68938,0
68940,0
68949,0
68950,1
68951,0
68952,0
68954,0
68955,0
68957,0
68958,0
68961,0
68966,0
68969,1
68970,1
68972,0
68974,0
68978,0
68979,0
68980,0
68981,0
68983,0
68984,0
68990,0
68991,0
68995,0
68998,1
69000,1
69003,0
69004,0
69007,0
69008,1
69013,0
69015,1
69016,1
69017,1
69025,0
69026,0
69029,0
69034,0
69039,0
69040,0
69045,0
69047,1
69050,0
69051,1
69052,0
69055,1
69057,0
69060,0
69064,1
69068,0
69072,0
69073,0
69074,0
69075,0
69076,1
69079,0
69081,0
69082,0
69085,0
69086,0
69093,0
69095,0
69097,1
69101,0
69102,0
69106,0
69110,0
69114,0
69115,0
69117,1
69121,0
69122,1
69126,0
69130,0
69133,1
69134,1
69135,0
69138,0
69141,0
69146,0
69147,0
69152,1
69155,0
69156,0
69159,0
69161,0
69166,0
69172,0
69178,0
69179,0
69183,0
69184,0
69186,0
69189,0
69190,0
69192,0
69193,0
69194,1
69196,0
69197,0
69201,0
69202,0
69208,1
69214,0
69218,0
69223,0
69228,0
69230,0
69231,0
69232,0
69238,0
69240,0
69241,0
69246,0
69249,0
69252,0
69254,0
69256,0
69259,0
69261,0
69263,1
69264,1
69265,0
69266,0
69270,0
69271,1
69272,1
69273,0
69279,0
69286,0
69291,0
69296,0
69297,1
69299,0
69302,1
69303,0
69305,0
69308,0
69311,0
69313,0
69316,0
69318,0
69319,1
69327,0
69329,1
69331,0
69335,0
69336,1
69339,0
69340,1
69343,0
69344,0
69347,0
69349,1
69352,1
69353,0
69354,0
69355,0
69360,1
69361,0
69367,0
69370,0
69371,1
69372,1
69374,0
69376,1
69378,1
69384,0
69388,0
69394,1
69397,0
69399,0
69400,0
69402,1
69404,1
69410,0
69411,0
69414,0
69415,0
69416,0
69421,0
69423,0
69427,0
69428,1
69430,0
69442,0
69445,0
69451,1
69452,0
69454,0
69459,0
69460,0
69464,0
69465,0
69467,1
69468,0
69473,0
69475,0
69480,0
69482,0
69487,1
69488,0
69489,0
69494,0
69501,0
69502,1
69504,1
69506,0
69507,0
69513,0
69514,0
69518,1
69519,0
69525,0
69528,0
69529,1
69531,0
69532,0
69536,0
69537,0
69538,0
69540,0
69541,1
69542,0
69546,1
69550,0
69551,0
69555,1
69557,0
69560,1
69563,0
69564,0
69566,0
69569,0
69571,0
69573,0
69577,0
69579,0
69581,0
69582,1
69584,0
69585,0
69587,1
69590,0
69592,0
69593,1
69596,1
69598,0
69599,0
69601,0
69611,0
69612,0
69614,0
69618,1
69622,0
69629,0
69630,0
69632,0
69637,0
69640,0
69641,1
69643,0
69646,0
69652,0
69654,0
69660,0
69670,0
69674,0
69677,0
69679,1
69684,0
69689,0
69697,1
69700,0
69703,0
69708,0
69709,0
69710,0
69712,0
69715,0
69716,0
69718,0
69719,0
69720,0
69723,1
69726,0
69730,0
69731,0
69732,0
69735,0
69738,0
69740,0
69741,0
69742,0
69743,0
69744,1
69746,0
69748,0
69752,0
69755,0
69757,1
69758,0
69759,1
69760,0
69761,0
69764,0
69765,0
69767,1
69769,1
69775,0
69779,1
69782,0
69794,0
69795,0
69796,0
69797,0
69798,0
69799,1
69800,0
69804,0
69805,0
69810,0
69811,0
69814,1
69818,1
69821,1
69823,0
69824,1
69825,0
69826,1
69829,0
69831,0
69839,1
69842,0
69843,0
69845,0
69849,0
69851,0
69853,0
69855,0
69856,0
69859,0
69860,0
69862,0
69863,0
69864,0
69865,0
69868,0
69869,0
69874,0
69877,0
69881,0
69883,1
69889,1
69890,0
69893,0
69899,0
69900,0
69903,0
69906,0
69909,1
69911,1
69915,0
69923,0
69925,1
69928,0
69929,0
69935,0
69940,0
69941,0
69946,0
69948,0
69949,1
69950,0
69951,0
69952,0
69958,0
69969,0
69971,1
69972,0
69973,0
69975,1
69980,0
69984,0
69988,0
69989,0
69991,0
69992,1
69995,1
69996,1
69999,0
70002,0
70004,0
70005,0
70006,0
70008,1
70011,0
70012,0
70015,1
70019,0
70020,0
70021,1
70023,1
70024,0
70028,0
70032,0
70033,0
70041,0
70044,0
70046,0
70047,0
70050,0
70053,0
70054,1
70056,1
70061,1
70063,1
70065,0
70067,0
70068,0
70072,1
70074,0
70076,0
70078,0
70079,0
70081,0
70085,0
70086,0
70087,0
70089,0
70091,0
70093,0
70094,0
70095,0
70096,0
70097,0
70098,0
70101,0
70102,0
70104,0
70107,1
70108,0
70116,1
70119,0
70122,0
70124,0
70129,1
70130,0
70131,0
70132,0
70139,0
70142,0
70146,0
70148,0
70153,1
70154,0
70155,0
70156,0
70161,0
70162,0
70163,1
70167,0
70169,0
70170,0
70177,0
70180,0
70181,1
70185,0
70188,0
70193,1
70195,0
70198,0
70200,0
70201,0
70202,0
70203,1
70206,0
70207,1
70213,0
70214,0
70218,0
70221,0
70224,0
70232,0
70233,0
70235,0
70237,0
70239,0
70241,1
70243,1
70247,0
70253,0
70254,0
70264,0
70267,0
70268,0
70272,0
70277,1
70278,1
70279,0
70283,0
70291,0
70294,0
70295,0
70300,0
70303,0
70304,0
70306,0
70308,0
70316,0
70320,1
70325,0
70327,0
70330,1
70333,0
70336,1
70339,0
70342,0
70349,0
70350,1
70354,0
70358,0
70359,0
70361,0
70365,0
70370,0
70376,0
70381,1
70382,0
70385,0
70386,0
70390,1
70392,1
70394,0
70397,0
70398,0
70401,0
70406,0
70410,1
70412,1
70414,0
70416,0
70417,1
70421,0
70427,0
70428,0
70432,1
70433,0
70435,0
70438,0
70446,0
70448,0
70449,0
70453,0
70455,0
70457,0
70459,0
70462,0
70470,0
70472,0
70473,0
70476,0
70478,1
70488,1
70490,1
70491,0
70493,0
70494,0
70495,1
70496,0
70503,0
70505,0
70506,0
70509,1
70512,0
70513,0
70516,0
70518,1
70522,0
70534,0
70540,0
70546,0
70547,0
70548,1
70549,0
70550,0
70554,0
70555,1
70558,0
70559,0
70564,0
70567,0
70569,0
70575,0
70577,1
70581,0
70582,0
70583,0
70596,1
70599,0
70603,1
70605,1
70606,1
70607,1
70608,1
70609,0
70621,1
70622,0
70627,0
70628,0
70630,0
70632,0
70633,0
70642,0
70652,0
70657,0
70658,0
70660,0
70662,1
70664,1
70668,1
70671,1
70674,0
70677,0
70680,0
70681,1
70683,0
70686,0
70689,0
70690,0
70694,0
70695,1
70696,0
70697,0
70703,0
70707,0
70708,0
70715,1
70718,0
70722,1
70724,0
70726,1
70727,0
70728,0
70730,0
70733,1
70734,1
70736,0
70741,0
70742,0
70746,0
70747,0
70749,0
70757,0
70761,0
70766,0
70769,0
70770,0
70776,0
70777,1
70781,0
70786,0
70788,0
70789,0
70792,0
70793,0
70794,0
70797,0
70806,0
70808,1
70811,0
70815,1
70818,1
70823,0
70828,0
70830,0
70831,0
70834,0
70835,0
70836,0
70839,1
70840,1
70841,0
70842,0
70843,0
70850,0
70854,0
70855,0
70857,0
70863,0
70864,0
70867,0
70868,0
70869,0
70874,0
70878,0
70879,0
70884,0
70885,0
70887,0
70888,0
70890,0
70900,1
70902,0
70904,0
70909,0
70911,0
70914,0
70915,0
70916,0
70926,0
70928,0
70929,1
70933,1
70936,0
70939,0
70941,0
70944,0
70946,1
70950,0
70951,0
70955,0
70957,1
70958,0
70960,0
70969,0
70970,0
70973,0
70975,0
70976,0
70978,0
70979,1
70981,0
70987,0
70989,0
70996,1
70999,1
71003,1
71006,0
71010,0
71013,0
71015,0
71016,1
71017,0
71020,0
71021,1
71023,0
71031,0
71032,1
71034,0
71038,1
71039,0
71044,1
71046,0
71049,0
71050,1
71056,0
71059,0
71065,0
71066,1
71067,0
71069,0
71076,1
71078,0
71080,1
71083,0
71086,0
71087,0
71089,0
71090,0
71091,1
71093,0
71095,0
71097,0
71100,0
71102,0
71105,0
71110,0
71112,1
71113,1
71117,0
71122,1
71123,0
71128,0
71133,0
71134,0
71140,0
71143,1
71146,0
71153,0
71154,0
71155,0
71156,0
71158,0
71160,0
71162,0
71163,0
71164,0
71167,0
71171,0
71176,0
71177,0
71180,1
71182,0
71184,0
71186,1
71188,1
71190,0
71193,0
71194,0
71195,0
71197,0
71199,0
71201,0
71202,0
71206,0
71210,0
71213,1
71220,0
71223,0
71231,0
71234,0
71238,0
71245,0
71246,0
71248,0
71250,0
71253,0
71257,0
71262,0
71269,0
71273,0
71274,0
71276,0
71277,1
71278,0
71279,0
71284,0
71285,0
71287,0
71288,0
71293,1
71295,1
71297,0
71299,0
71301,0
71302,1
71304,1
71308,0
71311,0
71312,1
71314,0
71316,0
71320,0
71321,0
71324,0
71326,0
71328,1
71332,0
71334,1
71337,0
71339,0
71341,0
71342,0
71346,0
71347,0
71349,0
71350,0
71360,1
71361,0
71362,0
71372,0
71373,0
71377,1
71379,0
71386,1
71388,1
71390,0
71401,0
71407,0
71408,0
71410,1
71411,0
71417,0
71419,0
71428,0
71430,0
71433,0
71438,1
71440,1
71444,0
71446,0
71449,0
71456,0
71458,0
71459,0
71462,1
71465,1
71466,0
71467,0
71468,0
71472,0
71474,0
71480,0
71484,0
71485,0
71487,1
71490,0
71491,1
71492,0
71494,0
71498,1
71504,0
71505,1
71516,0
71523,0
71528,0
71532,0
71535,0
71540,0
71542,0
71545,0
71546,1
71547,1
71550,0
71555,1
71557,0
71563,0
71564,0
71567,0
71568,0
71572,0
71575,0
71576,1
71579,1
71583,0
71590,0
71591,0
71593,0
71594,0
71595,0
71600,0
71601,0
71603,0
71604,0
71616,1
71624,1
71625,0
71628,0
71629,0
71631,0
71634,0
71635,0
71646,0
71647,0
71649,0
71652,0
71658,0
71660,0
71661,0
71666,0
71668,0
71669,1
71670,0
71673,1
71675,0
71676,0
71677,0
71678,0
71679,0
71680,0
71681,0
71683,0
71685,0
71694,1
71697,0
71700,0
71702,0
71705,0
71706,0
71710,0
71717,1
71722,1
71726,0
71730,1
71736,0
71745,0
71746,0
71748,0
71758,0
71759,0
71761,0
71767,1
71768,1
71770,1
71771,0
71773,0
71777,0
71783,0
71784,1
71788,0
71791,0
71793,0
71798,0
71800,0
71802,0
71807,0
71811,0
71814,0
71816,1
71817,0
71818,0
71819,0
71821,1
71823,0
71825,0
71829,0
71836,1
71837,0
71839,0
71844,0
71845,0
71851,0
71853,0
71860,0
71861,0
71869,1
71870,0
71872,0
71873,1
71875,0
71879,0
71881,0
71886,0
71890,0
71892,0
71893,0
71900,0
71907,0
71912,1
71915,0
71916,0
71923,0
71926,0
71927,0
71928,0
71932,0
71933,1
71936,0
71940,0
71941,1
71943,1
71944,0
71945,1
71951,0
71954,0
71957,0
71958,0
71959,0
71962,0
71963,0
71965,1
71967,0
71972,0
71974,0
71988,0
71992,0
71994,0
71999,1
72000,0
72002,0
72004,1
72011,0
72014,1
72016,0
72020,0
72021,1
72026,0
72029,0
72030,1
72031,1
72033,0
72036,0
72037,0
72040,1
72041,0
72042,0
72044,1
72046,1
72048,0
72051,0
72053,0
72054,0
72055,0
72057,0
72060,0
72064,0
72071,0
72078,0
72082,1
72089,0
72090,0
72094,0
72095,0
72102,0
72105,0
72112,0
72114,0
72119,1
72123,0
72126,0
72128,1
72135,0
72136,0
72138,1
72141,1
72142,0
72143,1
72145,0
72148,0
72153,1
72154,0
72157,0
72158,0
72163,0
72167,1
72169,0
72171,1
72172,1
72174,0
72176,0
72179,0
72182,0
72183,0
72185,1
72187,0
72189,0
72193,0
72195,0
72200,0
72204,0
72209,0
72210,1
72212,0
72213,0
72217,1
72221,0
72222,1
72223,1
72225,1
72226,0
72231,0
72232,0
72235,0
72239,0
72243,1
72244,0
72245,0
72247,0
72252,0
72259,0
72265,0
72267,0
72268,0
72270,0
72273,0
72280,0
72286,1
72292,0
72294,0
72297,0
72306,0
72308,0
72311,0
72316,1
72320,0
72323,0
72325,0
72327,0
72330,0
72331,0
72334,0
72335,0
72339,0
72340,0
72342,0
72346,0
72349,0
72357,0
72358,0
72360,0
72364,0
72367,0
72370,0
72371,0
72373,0
72374,0
72377,1
72380,0
72381,1
72385,1
72390,0
72392,0
72393,1
72399,0
72400,0
72402,0
72409,0
72410,0
72411,1
72415,0
72418,0
72419,0
72424,0
72425,0
72432,0
72435,1
72436,0
72438,0
72440,0
72447,0
72449,0
72451,1
72455,0
72456,1
72458,0
72459,0
72461,0
72462,0
72466,1
72471,0
72476,1
72477,0
72479,0
72482,0
72488,1
72490,0
72494,1
72500,0
72501,0
72505,0
72510,0
72514,0
72515,0
72520,0
72521,0
72525,0
72528,0
72530,0
72531,0
72532,0
72533,0
72535,0
72537,0
72538,0
72540,1
72542,0
72543,0
72544,0
72545,0
72548,0
72551,1
72553,0
72561,0
72562,0
72565,1
72566,0
72571,0
72574,0
72577,1
72580,0
72583,0
72586,0
72591,0
72598,0
72605,0
72606,0
72608,0
72609,1
72610,0
72612,0
72613,0
72617,0
72621,1
72624,0
72626,0
72635,0
72636,0
72637,0
72642,0
72643,0
72644,1
72646,0
72651,0
72656,1
72658,0
72659,1
72666,1
72667,0
72668,0
72672,0
72674,0
72679,0
72681,0
72682,0
72685,0
72686,0
72688,0
72694,1
72695,0
72700,0
72702,0
72703,0
72710,0
72711,0
72714,0
72718,0
72719,0
72720,0
72724,0
72730,0
72731,0
72733,0
72735,0
72738,0
72740,0
72741,0
72744,0
72746,0
72749,0
72751,1
72752,0
72753,1
72759,0
72763,0
72764,0
72766,0
72768,0
72769,0
72771,0
72774,0
72775,1
72777,0
72780,0
72781,0
72782,0
72789,0
72790,1
72792,0
72794,0
72795,0
72799,0
72802,0
72804,0
72805,0
72806,0
72808,0
72813,0
72820,1
72823,0
72828,1
72831,0
72832,1
72833,1
72834,0
72835,1
72837,0
72838,1
72839,1
72842,0
72845,0
72848,0
72854,0
72859,0
72861,0
72862,0
72867,1
72873,1
72876,1
72877,0
72884,0
72886,0
72888,1
72891,0
72893,0
72897,0
72900,0
72901,0
72904,0
72907,0
72911,0
72913,0
72916,0
72921,0
72923,1
72924,0
72925,0
72936,0
72939,0
72940,0
72941,1
72945,0
72946,0
72951,0
72960,0
72962,1
72963,0
72969,0
72975,1
72976,1
72978,1
72979,0
72983,0
72987,0
72988,0
72989,0
72990,1
72993,0
72997,0
73001,0
73011,0
73012,0
73015,0
73017,1
73018,1
73019,0
73023,0
73028,1
73033,1
73037,0
73040,0
73043,0
73048,0
73050,0
73054,0
73057,0
73061,0
73063,1
73064,0
73065,1
73066,0
73069,0
73075,0
73076,0
73079,0
73080,0
73082,0
73083,1
73084,0
73086,0
73087,0
73089,1
73091,0
73092,0
73095,0
73099,0
73101,0
73102,0
73103,0
73106,1
73107,0
73109,0
73114,0
73115,0
73118,0
73120,0
73122,0
73123,1
73127,0
73129,0
73130,0
73132,1
73142,1
73145,0
73149,0
73150,0
73151,0
73155,0
73161,0
73162,1
73164,0
73172,0
73174,0
73175,0
73179,1
73180,0
73182,0
73183,0
73184,0
73189,0
73201,0
73205,0
73206,1
73207,0
73209,1
73210,1
73211,0
73213,0
73214,0
73225,0
73232,0
73237,0
73240,0
73242,1
73243,0
73245,0
73247,0
73248,0
73253,1
73261,0
73263,0
73264,0
73270,0
73271,0
73275,1
73280,0
73283,1
73284,0
73286,0
73289,1
73296,0
73298,0
73300,0
73305,1
73306,1
73307,1
73308,0
73311,0
73312,0
73314,0
73316,1
73323,0
73326,0
73328,0
73331,1
73332,1
73339,0
73340,1
73341,0
73349,0
73351,1
73356,0
73357,0
73358,0
73362,0
73363,0
73365,1
73374,0
73376,0
73379,0
73381,0
73384,0
73389,0
73390,0
73397,0
73404,0
73407,0
73410,0
73415,0
73423,0
73424,0
73427,0
73429,0
73430,0
73431,0
73435,0
73436,0
73437,0
73438,0
73440,0
73441,0
73442,0
73447,0
73450,1
73452,1
73453,1
73459,0
73460,1
73465,0
73470,1
73473,0
73476,0
73481,0
73491,0
73495,0
73502,0
73503,1
73509,1
73510,0
73513,1
73514,0
73515,0
73516,0
73520,1
73522,0
73525,0
73526,1
73534,1
73538,0
73539,0
73541,0
73544,1
73545,0
73547,0
73548,1
73557,0
73558,0
73564,0
73565,0
73567,0
73568,0
73569,1
73578,0
73579,0
73582,1
73584,0
73597,0
73600,0
73609,0
73610,0
73611,0
73626,1
73632,1
73634,0
73635,0
73636,1
73638,0
73639,0
73640,0
73646,0
73651,1
73653,0
73656,1
73664,0
73666,0
73667,0
73672,0
73673,0
73674,0
73679,1
73680,0
73682,0
73683,0
73686,1
73687,0
73690,0
73693,0
73702,1
73710,1
73720,0
73721,0
73724,0
73726,0
73728,1
73730,0
73732,1
73733,0
73736,0
73737,0
73738,0
73743,0
73744,0
73748,0
73749,1
73758,1
73763,1
73765,1
73768,0
73772,0
73774,0
73775,0
73777,0
73779,0
73783,0
73784,0
73790,0
73793,0
73800,0
73803,0
73804,0
73808,1
73809,1
73815,0
73816,0
73817,0
73818,0
73820,0
73822,0
73824,1
73827,1
73834,1
73837,0
73838,1
73839,0
73841,1
73844,0
73845,0
73850,0
73852,0
73859,0
73861,1
73869,0
73871,0
73873,0
73877,0
73878,0
73883,0
73888,0
73889,0
73890,0
73893,0
73894,1
73895,1
73898,0
73900,0
73901,0
73910,0
73918,0
73919,1
73947,0
73948,1
73952,0
73955,0
73963,0
73969,0
73970,0
73973,0
73976,0
73978,0
73982,0
73992,0
73994,0
73999,1
74004,0
74010,1
74019,1
74020,0
74024,0
74027,0
74028,1
74030,0
74031,1
74038,1
74039,1
74040,0
74041,0
74042,1
74045,0
74054,1
74056,0
74060,0
74061,0
74064,0
74068,1
74073,0
74074,0
74076,1
74078,0
74079,1
74081,0
74083,0
74085,0
74086,1
74087,0
74094,0
74095,1
74100,0
74102,0
74103,0
74107,0
74109,0
74111,0
74115,0
74117,1
74126,0
74129,0
74132,0
74133,0
74136,0
74139,1
74140,0
74144,0
74152,0
74154,0
74159,0
74160,0
74162,0
74163,1
74170,0
74174,0
74176,0
74178,0
74180,0
74182,0
74184,0
74186,0
74188,0
74194,0
74198,0
74200,0
74201,1
74202,0
74205,1
74208,0
74220,1
74224,1
74228,0
74232,0
74240,0
74241,0
74243,1
74247,0
74248,0
74257,0
74258,0
74263,1
74265,0
74267,0
74270,0
74271,0
74273,0
74283,0
74288,0
74291,0
74298,0
74300,0
74301,0
74302,0
74303,0
74308,0
74309,1
74315,0
74318,1
74319,1
74326,0
74330,0
74336,0
74339,0
74340,0
74343,0
74345,0
74348,0
74355,0
74357,0
74358,1
74359,0
74360,0
74364,0
74365,0
74377,1
74382,0
74386,0
74388,0
74389,0
74390,1
74391,0
74392,0
74397,0
74399,1
74403,0
74404,0
74410,1
74412,0
74414,0
74421,0
74423,0
74426,1
74427,0
74431,1
74438,0
74440,0
74441,0
74444,0
74446,1
74447,0
74451,0
74455,0
74459,0
74463,1
74465,0
74466,0
74469,0
74470,1
74474,0
74487,0
74488,0
74490,0
74492,0
74494,1
74495,0
74496,0
74497,0
74498,0
74500,0
74504,0
74512,0
74513,0
74514,0
74515,0
74516,0
74518,0
74521,0
74524,0
74525,1
74528,0
74530,0
74533,0
74534,0
74537,1
74538,0
74541,1
74542,1
74547,0
74549,0
74550,0
74551,0
74552,0
74553,0
74555,0
74556,0
74558,0
74559,0
74561,0
74563,1
74564,0
74567,0
74568,0
74571,0
74576,0
74579,1
74581,0
74582,0
74585,0
74586,0
74589,0
74592,0
74593,1
74594,1
74599,1
74602,0
74606,0
74607,1
74608,0
74612,1
74613,0
74616,0
74618,1
74621,0
74623,0
74627,0
74629,0
74637,1
74639,0
74640,0
74641,0
74646,0
74647,1
74648,0
74652,0
74660,0
74664,0
74665,0
74666,0
74667,0
74668,0
74669,0
74671,0
74679,0
74685,1
74689,0
74691,0
74695,0
74697,0
74698,0
74699,0
74701,0
74704,0
74705,0
74706,0
74707,1
74709,1
74711,0
74712,0
74713,1
74718,0
74720,0
74721,0
74724,0
74726,0
74727,0
74728,0
74729,0
74742,1
74743,0
74746,0
74750,0
74751,0
74752,1
74754,0
74759,0
74762,0
74764,0
74765,1
74768,0
74770,0
74772,0
74774,0
74777,0
74778,0
74786,0
74789,0
74791,0
74795,0
74796,0
74799,1
74801,1
74805,0
74808,0
74810,0
74814,0
74816,0
74817,0
74821,0
74822,1
74823,0
74824,0
74828,1
74830,0
74831,0
74833,0
74841,0
74842,1
74844,1
74846,0
74848,1
74853,0
74857,0
74858,0
74861,0
74869,1
74871,0
74881,0
74883,0
74891,0
74892,0
74896,0
74898,0
74899,1
74900,0
74901,1
74902,0
74905,0
74916,0
74917,0
74920,0
74927,0
74928,0
74929,0
74936,0
74937,0
74938,0
74939,0
74942,1
74946,0
74948,0
74949,0
74952,0
74955,0
74957,0
74959,1
74960,1
74961,1
74964,0
74966,0
74967,0
74968,0
74973,0
74976,0
74979,0
74981,0
74984,0
74989,0
74992,0
74996,0
74999,0
75001,1
75005,1
75007,0
75009,0
75010,0
75013,0
75015,0
75017,0
75027,0
75028,1
75032,0
75033,1
75034,1
75035,0
75037,0
75044,1
75049,0
75052,1
75053,0
75056,0
75057,0
75058,1
75060,0
75062,1
75065,0
75073,0
75074,0
75081,1
75083,0
75084,0
75087,1
75097,0
75098,0
75100,1
75103,0
75105,0
75115,1
75116,0
75118,0
75119,0
75122,1
75125,0
75128,1
75130,0
75131,0
75132,0
75143,0
75145,0
75147,0
75155,0
75157,0
75158,0
75166,0
75171,0
75182,0
75184,1
75188,0
75189,0
75191,0
75196,1
75199,1
75200,0
75211,0
75213,1
75214,0
75218,0
75219,1
75222,0
75223,0
75224,0
75228,0
75229,0
75232,0
75234,1
75235,1
75236,0
75237,1
75244,1
75246,0
75250,0
75251,0
75254,1
75256,0
75261,0
75265,0
75274,0
75277,0
75282,0
75284,0
75285,0
75289,0
75292,0
75293,1
75294,1
75295,0
75296,0
75301,0
75305,0
75310,0
75313,0
75314,0
75318,1
75319,0
75320,0
75321,0
75324,1
75325,0
75326,0
75329,0
75332,0
75334,0
75335,0
75339,0
75343,0
75346,0
75347,0
75348,0
75349,0
75351,0
75352,0
75354,1
75359,0
75360,1
75361,0
75365,0
75373,0
75374,1
75380,0
75381,1
75385,0
75386,0
75392,1
75394,0
75395,1
75396,0
75397,0
75403,0
75405,0
75407,0
75410,0
75412,0
75415,1
75419,0
75423,0
75424,0
75431,0
75433,1
75439,1
75440,1
75444,0
75446,1
75449,0
75450,1
75451,0
75453,0
75456,0
75457,0
75458,0
75459,0
75461,1
75465,0
75471,0
75476,0
75477,0
75487,0
75490,0
75493,0
75495,1
75496,1
75500,0
75501,0
75506,1
75508,0
75509,0
75512,0
75516,0
75517,0
75520,1
75522,0
75527,0
75529,0
75530,1
75537,0
75538,0
75540,0
75542,0
75543,0
75544,0
75549,0
75551,0
75555,0
75558,0
75559,0
75563,0
75566,0
75568,1
75569,0
75571,1
75574,1
75576,0
75577,1
75579,0
75580,0
75585,0
75587,1
75590,0
75595,1
75598,0
75599,0
75603,0
75608,0
75609,0
75610,1
75611,1
75612,0
75613,0
75614,1
75615,0
75618,0
75619,0
75623,0
75624,0
75625,1
75626,0
75629,0
75632,0
75634,1
75637,0
75642,0
75647,0
75651,0
75653,0
75657,0
75662,0
75663,1
75665,0
75667,0
75670,0
75671,1
75675,0
75676,0
75677,0
75685,0
75686,0
75689,0
75692,1
75694,0
75696,1
75697,0
75698,0
75702,0
75707,0
75709,0
75712,0
75717,0
75723,1
75728,0
75731,0
75735,0
75739,0
75743,0
75746,0
75748,0
75754,0
75757,1
75758,1
75761,0
75762,0
75764,0
75767,0
75768,1
75772,1
75773,0
75777,1
75784,1
75785,0
75786,0
75788,0
75797,1
75803,0
75810,0
75813,0
75814,0
75818,0
75825,0
75826,0
75828,0
75829,0
75832,0
75836,0
75843,1
75847,0
75849,0
75851,0
75852,1
75856,1
75857,0
75859,0
75869,1
75872,0
75876,0
75880,0
75892,0
75894,0
75900,0
75909,0
75911,0
75912,0
75920,1
75931,0
75933,1
75940,0
75949,0
75951,1
75954,0
75957,0
75961,0
75975,0
75976,0
75978,0
75979,0
75986,0
75988,0
76001,0
76005,1
76007,0
76008,0
76011,0
76012,1
76019,1
76021,0
76024,0
76025,1
76027,0
76030,0
76035,1
76036,1
76037,0
76038,0
76040,0
76047,1
76051,0
76052,1
76054,1
76055,0
76057,0
76062,0
76067,0
76068,1
76071,0
76074,0
76078,0
76079,1
76084,0
76087,0
76088,0
76089,0
76091,0
76094,0
76095,0
76096,0
76099,0
76100,0
76102,0
76105,0
76106,0
76108,0
76110,0
76111,1
76115,0
76116,0
76120,1
76121,0
76123,0
76124,0
76126,1
76130,0
76137,1
76138,1
76139,0
76144,1
76146,0
76148,0
76150,1
76151,0
76154,0
76156,0
76158,0
76159,1
76162,0
76167,1
76168,1
76169,1
76171,1
76179,1
76180,1
76185,1
76188,1
76189,0
76194,0
76196,0
76201,0
76205,0
76206,0
76210,0
76211,1
76215,0
76217,0
76223,1
76226,0
76230,1
76235,0
76237,0
76242,0
76251,0
76253,0
76254,0
76255,0
76259,0
76266,0
76267,0
76270,1
76272,0
76277,0
76279,0
76282,0
76285,1
76287,0
76291,1
76293,1
76296,0
76305,0
76309,0
76311,0
76312,0
76319,1
76321,0
76327,0
76328,0
76329,0
76332,1
76334,0
76335,0
76336,0
76337,1
76338,0
76346,0
76349,0
76352,0
76359,0
76362,1
76369,0
76373,0
76375,1
76377,0
76380,1
76388,0
76392,0
76393,0
76396,0
76399,0
76401,1
76403,1
76404,1
76405,1
76408,0
76412,0
76415,0
76417,0
76418,0
76419,0
76423,0
76424,0
76425,0
76426,1
76431,0
76433,0
76435,0
76437,0
76445,0
76447,0
76449,1
76451,0
76455,0
76459,0
76461,0
76466,0
76467,1
76468,1
76471,0
76474,0
76475,0
76479,0
76481,0
76483,0
76484,0
76486,0
76487,0
76489,0
76495,0
76500,0
76511,0
76512,0
76520,0
76521,0
76522,0
76528,0
76529,0
76532,0
76534,0
76536,0
76538,0
76539,0
76547,0
76548,0
76549,1
76552,0
76557,0
76566,0
76567,1
76571,0
76573,1
76574,0
76575,0
76576,0
76577,0
76580,0
76581,0
76592,0
76593,1
76594,0
76596,0
76598,0
76601,0
76602,0
76603,1
76604,1
76608,1
76610,1
76612,0
76613,1
76617,0
76619,0
76621,0
76626,1
76629,0
76633,0
76634,0
76636,1
76639,0
76640,0
76642,1
76643,0
76644,0
76645,1
76646,0
76647,0
76649,0
76651,1
76654,0
76656,0
76658,0
76659,1
76661,0
76663,1
76666,1
76667,1
76669,0
76670,0
76674,0
76675,0
76677,0
76680,0
76682,0
76691,0
76695,0
76697,0
76700,0
76705,0
76706,0
76708,1
76711,0
76712,1
76719,1
76722,1
76725,0
76727,0
76729,1
76731,0
76736,0
76745,1
76746,0
76749,0
76750,0
76756,0
76758,0
76764,0
76768,0
76770,0
76773,0
76779,0
76785,1
76786,0
76791,0
76792,1
76794,0
76795,0
76805,0
76807,0
76812,0
76828,0
76830,0
76831,0
76842,0
76844,0
76846,0
76849,0
76851,1
76854,0
76856,0
76859,0
76866,0
76871,1
76873,0
76876,0
76877,0
76884,0
76887,0
76888,1
76891,0
76893,0
76898,0
76905,0
76907,0
76908,0
76916,0
76917,0
76919,0
76923,0
76925,0
76928,1
76929,0
76930,1
76932,1
76938,0
76942,0
76952,0
76955,0
76958,0
76962,0
76964,0
76968,0
76971,1
76974,0
76976,0
76978,0
76979,0
76983,0
76986,1
76991,1
76993,0
76996,0
77000,0
77004,0
77006,0
77017,0
77018,0
77025,0
77029,0
77033,0
77036,1
77037,0
77041,0
77044,0
77045,0
77046,0
77047,0
77050,1
77052,0
77054,0
77057,1
77058,1
77059,0
77063,0
77066,0
77069,0
77070,0
77072,0
77084,0
77087,0
77091,1
77092,1
77093,0
77106,0
77108,1
77109,1
77113,0
77115,0
77121,0
77123,0
77126,0
77140,0
77142,1
77146,0
77147,1
77150,0
77151,0
77152,0
77155,1
77160,1
77161,1
77162,0
77163,0
77165,1
77169,0
77173,0
77174,0
77179,1
77180,0
77181,0
77183,0
77184,0
77186,0
77187,0
77188,1
77191,0
77193,0
77194,0
77197,0
77199,0
77201,0
77202,0
77204,0
77205,0
77208,0
77210,0
77213,0
77216,0
77217,0
77219,0
77224,1
77225,0
77226,0
77228,0
77230,0
77235,1
77236,0
77244,0
77245,0
77246,0
77248,0
77249,0
77256,0
77264,0
77267,0
77269,0
77270,0
77273,1
77277,0
77283,0
77288,0
77295,0
77299,1
77301,0
77302,0
77303,0
77317,0
77324,1
77327,0
77328,0
77331,0
77336,0
77339,1
77343,1
77350,0
77361,1
77363,0
77364,0
77365,1
77370,1
77371,0
77374,0
77376,1
77383,0
77384,0
77386,1
77392,0
77393,1
77396,0
77397,0
77400,1
77405,0
77406,0
77418,0
77419,0
77421,1
77423,1
77431,0
77435,0
77436,0
77441,0
77447,0
77451,0
77457,0
77459,1
77460,1
77461,0
77463,0
77465,0
77466,1
77468,0
77474,0
77475,1
77477,0
77487,0
77496,0
77499,0
77500,1
77501,0
77506,1
77510,0
77511,0
77512,0
77513,0
77518,1
77519,0
77521,1
77525,0
77528,0
77530,1
77533,0
77538,0
77543,0
77544,0
77545,0
77547,0
77551,0
77553,0
77556,0
77558,1
77560,0
77561,0
77562,1
77563,1
77565,1
77567,0
77568,0
77569,1
77570,0
77574,0
77576,0
77578,0
77581,0
77583,1
77586,1
77587,0
77590,1
77592,0
77593,0
77596,0
77604,0
77605,1
77606,0
77607,0
77608,0
77609,0
77613,0
77621,0
77622,0
77626,1
77627,0
77635,1
77641,0
77643,0
77648,0
77650,1
77652,0
77654,0
77655,0
77659,0
77660,0
77662,0
77664,0
77665,0
77668,0
77671,0
77676,0
77677,0
77681,0
77682,1
77685,1
77693,0
77698,0
77700,0
77703,1
77712,0
77715,0
77718,1
77719,0
77724,1
77725,1
77728,0
77729,0
77735,0
77751,0
77754,0
77756,0
77760,0
77762,1
77764,0
77768,0
77770,0
77774,0
77776,1
77777,1
77781,0
77782,1
77784,0
77788,0
77792,0
77794,0
77802,1
77803,0
77810,0
77815,0
77817,1
77820,0
77821,0
77827,0
77834,0
77835,0
77852,0
77857,0
77859,0
77860,1
77861,0
77867,0
77868,1
77869,0
77870,0
77873,0
77875,0
77879,0
77882,0
77883,1
77884,0
77889,0
77893,0
77897,1
77903,0
77904,1
77909,0
77911,0
77912,1
77913,0
77915,1
77917,0
77920,0
77930,1
77934,0
77936,0
77937,1
77938,1
77945,0
77950,0
77951,1
77954,0
77956,1
77958,0
77959,0
77963,1
77964,0
77966,0
77968,1
77974,0
77975,0
77976,0
77988,1
77991,0
77992,1
77995,0
77996,0
77997,0
78005,0
78009,0
78017,0
78019,0
78021,0
78022,0
78027,0
78028,1
78029,0
78034,1
78035,0
78037,0
78041,0
78043,0
78045,0
78046,0
78049,0
78055,0
78056,0
78059,0
78064,1
78066,0
78070,1
78071,1
78075,1
78076,1
78077,0
78084,1
78087,0
78088,0
78090,0
78094,0
78097,0
78102,0
78103,0
78107,1
78115,0
78116,0
78117,1
78119,0
78120,0
78122,1
78123,0
78124,0
78125,1
78126,1
78133,1
78137,0
78145,0
78150,0
78157,0
78159,0
78164,0
78166,1
78167,0
78168,0
78170,0
78171,0
78173,0
78174,0
78177,0
78181,0
78188,1
78196,1
78201,0
78206,0
78207,1
78213,0
78215,0
78216,1
78221,0
78222,0
78223,1
78225,0
78226,0
78234,0
78236,1
78237,1
78238,0
78241,0
78242,0
78244,0
78246,0
78252,0
78263,0
78265,1
78275,0
78279,1
78285,0
78288,0
78290,0
78291,0
78295,1
78298,0
78306,0
78310,0
78311,0
78313,0
78322,1
78329,0
78333,0
78334,0
78337,0
78338,0
78339,0
78344,0
78345,0
78347,1
78349,1
78352,1
78356,0
78362,0
78365,0
78366,0
78369,1
78370,0
78372,0
78373,0
78374,0
78376,0
78383,0
78385,0
78390,0
78393,0
78394,0
78401,0
78404,1
78409,1
78412,0
78414,1
78418,0
78421,0
78424,1
78425,0
78427,0
78429,0
78430,0
78431,0
78435,0
78439,0
78440,0
78442,0
78449,0
78451,0
78453,0
78454,0
78462,0
78463,0
78464,0
78468,0
78472,0
78474,1
78475,0
78477,0
78478,0
78483,0
78484,1
78485,0
78486,1
78487,0
78488,0
78489,0
78491,0
78493,1
78499,0
78500,0
78504,0
78507,0
78510,0
78512,0
78516,0
78517,0
78518,0
78519,0
78524,0
78525,1
78529,0
78530,0
78531,0
78533,0
78534,0
78538,0
78539,0
78546,1
78547,1
78548,0
78553,1
78557,1
78559,0
78561,0
78566,0
78567,0
78568,0
78571,0
78572,0
78574,0
78580,0
78583,1
78589,0
78596,0
78608,0
78609,0
78611,0
78613,0
78615,0
78621,0
78623,0
78626,0
78633,0
78635,0
78636,0
78650,1
78655,0
78656,1
78664,1
78670,0
78684,0
78689,0
78690,0
78692,0
78693,0
78695,1
78696,0
78697,0
78698,0
78699,0
78700,0
78704,0
78708,0
78709,0
78711,1
78714,1
78728,0
78729,1
78733,0
78735,0
78736,0
78739,0
78742,0
78743,0
78744,0
78747,0
78750,0
78754,0
78758,1
78759,0
78760,0
78768,0
78771,0
78776,0
78777,0
78778,0
78780,0
78783,1
78785,0
78790,1
78791,0
78795,0
78796,0
78805,0
78808,0
78809,1
78811,0
78815,0
78818,0
78819,0
78820,0
78821,0
78822,0
78824,0
78827,0
78828,0
78830,1
78838,0
78842,0
78846,0
78847,0
78850,0
78855,0
78856,0
78857,0
78858,1
78864,0
78866,0
78868,0
78871,0
78873,0
78874,1
78876,0
78878,0
78885,0
78889,0
78891,0
78893,0
78897,0
78903,0
78905,0
78906,1
78908,0
78909,0
78913,1
78914,1
78915,0
78920,0
78921,0
78922,0
78923,0
78925,0
78926,0
78928,0
78929,0
78932,0
78935,0
78938,0
78940,0
78942,0
78944,0
78946,1
78949,0
78952,0
78955,0
78957,0
78958,0
78961,0
78967,1
78968,1
78969,0
78971,0
78976,0
78978,0
78983,0
78986,0
78987,0
78992,1
78993,0
78998,0
79000,0
79009,1
79010,1
79011,0
79014,0
79018,0
79020,0
79024,0
79025,0
79026,0
79030,0
79031,1
79032,0
79034,0
79035,0
79036,0
79039,0
79042,0
79044,0
79045,0
79049,1
79051,0
79056,0
79057,0
79060,1
79065,1
79067,1
79072,0
79074,0
79075,0
79079,0
79081,0
79082,0
79088,0
79089,1
79092,0
79103,1
79108,0
79109,0
79111,0
79114,1
79115,0
79120,0
79125,1
79127,0
79131,0
79135,0
79136,0
79137,0
79138,0
79143,0
79144,0
79145,1
79147,0
79149,0
79154,0
79155,0
79162,0
79165,0
79169,1
79170,0
79171,1
79173,0
79176,1
79177,0
79178,0
79181,0
79182,0
79183,0
79185,0
79187,0
79192,0
79197,0
79199,0
79200,0
79204,0
79208,0
79209,1
79210,0
79211,0
79213,1
79216,0
79224,0
79225,0
79227,0
79229,0
79234,0
79240,0
79243,0
79246,0
79249,1
79250,0
79252,0
79253,0
79256,0
79260,0
79263,0
79272,0
79276,0
79277,1
79283,0
79284,0
79288,1
79289,0
79292,0
79296,0
79303,1
79304,0
79307,0
79308,0
79313,0
79316,1
79317,0
79318,0
79321,0
79323,0
79326,0
79327,0
79328,0
79330,0
79331,0
79334,0
79341,0
79346,1
79348,0
79349,0
79351,1
79352,0
79357,0
79359,0
79362,0
79364,1
79365,0
79374,0
79375,0
79377,0
79379,0
79381,0
79386,0
79397,0
79398,0
79399,0
79408,1
79409,0
79412,1
79418,0
79419,0
79420,0
79423,1
79425,1
79426,0
79431,0
79433,0
79434,0
79438,1
79439,0
79443,0
79444,0
79445,1
79450,1
79452,0
79453,0
79456,0
79457,1
79461,0
79462,0
79465,0
79471,0
79473,0
79474,0
79490,0
79491,0
79492,0
79493,0
79496,0
79499,0
79500,0
79501,0
79502,0
79503,0
79505,0
79506,0
79507,0
79508,0
79511,1
79513,0
79520,0
79524,0
79526,0
79528,0
79532,0
79535,1
79538,0
79542,0
79545,0
79549,1
79551,0
79552,1
79555,1
79560,1
79561,0
79564,0
79566,0
79567,1
79571,0
79578,0
79580,0
79581,1
79583,0
79589,0
79593,0
79600,0
79605,1
79606,0
79610,1
79614,0
79618,0
79620,1
79621,1
79624,0
79627,0
79632,0
79633,0
79641,0
79643,0
79646,0
79649,0
79650,0
79651,0
79652,0
79655,0
79660,0
79665,0
79666,0
79667,0
79671,1
79673,0
79675,0
79681,0
79682,0
79689,0
79693,1
79694,0
79701,0
79702,0
79705,1
79708,1
79709,0
79718,0
79723,0
79725,0
79731,1
79732,0
79737,0
79738,0
79739,0
79740,0
79741,0
79743,1
79745,0
79748,0
79749,0
79753,0
79760,0
79763,1
79765,0
79766,1
79772,0
79774,1
79777,1
79779,0
79784,0
79793,0
79794,0
79797,0
79802,1
79810,1
79811,0
79812,1
79815,1
79816,0
79817,0
79818,1
79819,0
79820,1
79821,0
79823,0
79824,0
79827,1
79830,1
79832,0
79833,0
79835,0
79837,1
79844,0
79848,0
79849,0
79851,0
79857,0
79859,0
79860,0
79862,0
79867,0
79870,0
79871,1
79876,0
79877,0
79882,0
79884,0
79887,0
79888,0
79890,0
79891,1
79895,0
79898,0
79899,0
79902,1
79906,0
79907,1
79909,0
79910,0
79914,0
79915,0
79916,0
79923,0
79926,0
79928,1
79929,0
79932,0
79936,0
79939,0
79941,0
79947,0
79953,1
79961,0
79962,0
79963,0
79971,0
79975,0
79977,0
79978,0
79983,0
79984,0
79985,0
79997,0
79999,0
80001,0
80003,0
80004,0
80006,0
80007,0
80008,1
80009,0
80013,0
80019,0
80024,1
80027,0
80032,1
80034,0
80035,0
80039,0
80040,0
80041,1
80043,0
80044,0
80045,0
80048,0
80049,0
80051,0
80064,0
80065,0
80067,0
80071,0
80073,1
80074,0
80076,0
80077,0
80085,0
80089,0
80097,1
80104,0
80109,0
80111,0
80113,0
80114,0
80120,0
80122,0
80126,0
80130,0
80132,1
80136,0
80140,0
80153,0
80154,0
80155,0
80157,0
80164,0
80166,0
80167,0
80170,0
80171,0
80172,0
80187,0
80189,0
80190,0
80192,0
80199,1
80206,0
80208,0
80209,0
80210,0
80214,0
80223,0
80226,0
80227,0
80228,0
80229,0
80239,0
80243,0
80251,0
80253,1
80255,1
80258,0
80259,0
80264,0
80265,0
80267,0
80268,1
80280,0
80288,1
80294,0
80296,1
80301,1
80302,0
80305,1
80307,0
80310,0
80311,0
80313,0
80314,0
80316,0
80320,0
80322,0
80325,1
80327,0
80330,1
80332,0
80334,0
80340,0
80344,0
80347,0
80351,0
80353,0
80354,1
80359,0
80362,0
80363,0
80364,0
80369,0
80370,0
80374,0
80376,1
80377,0
80379,0
80380,0
80381,0
80383,1
80384,0
80388,0
80389,0
80390,0
80393,1
80396,1
80397,0
80403,1
80406,0
80419,1
80423,0
80433,0
80435,1
80436,0
80439,0
80446,0
80449,0
80450,0
80456,0
80461,0
80467,0
80482,0
80484,0
80490,0
80494,0
80500,0
80502,0
80503,0
80504,0
80506,0
80510,1
80512,0
80513,0
80516,0
80520,0
80527,0
80534,0
80535,1
80537,0
80538,0
80539,0
80540,0
80542,0
80543,0
80544,0
80551,1
80552,0
80561,0
80563,0
80565,0
80567,0
80568,1
80570,1
80578,0
80579,0
80580,0
80583,1
80584,0
80585,0
80589,1
80591,0
80592,0
80595,0
80596,0
80599,1
80600,0
80608,1
80610,0
80613,0
80615,1
80616,1
80618,0
80619,0
80622,0
80625,1
80628,0
80631,0
80633,1
80635,0
80636,0
80645,0
80654,0
80657,0
80661,0
80663,0
80665,0
80666,0
80678,0
80680,0
80683,0
80684,1
80686,0
80687,0
80689,0
80696,0
80700,1
80701,1
80702,1
80703,0
80704,0
80706,0
80708,0
80711,0
80713,0
80717,0
80718,0
80719,0
80720,0
80725,0
80728,0
80730,1
80732,0
80733,0
80736,0
80738,0
80739,0
80741,1
80745,0
80751,1
80752,0
80756,0
80757,0
80760,1
80762,0
80765,1
80767,1
80770,1
80774,0
80775,0
80778,0
80781,0
80783,1
80786,0
80787,0
80790,0
80791,1
80792,0
80794,0
80796,0
80797,0
80798,0
80799,0
80800,0
80802,0
80803,0
80814,0
80817,0
80818,0
80819,0
80821,0
80830,0
80831,1
80834,0
80835,0
80838,0
80839,0
80843,1
80849,0
80859,0
80867,0
80868,0
80875,0
80878,0
80882,1
80883,0
80884,1
80889,1
80893,1
80894,0
80895,1
80896,0
80898,1
80905,0
80906,0
80908,0
80909,0
80910,0
80915,0
80917,1
80919,0
80922,1
80926,0
80930,1
80932,0
80940,1
80941,0
80942,0
80944,0
80945,0
80951,0
80953,0
80959,0
80961,0
80964,0
80967,0
80972,0
80981,0
80983,1
80989,1
80990,0
80993,0
80994,1
80996,1
80999,0
81003,0
81004,0
81008,0
81013,0
81015,0
81016,0
81017,0
81023,0
81027,0
81032,0
81034,1
81035,0
81037,0
81041,1
81042,0
81045,1
81049,0
81058,1
81059,1
81062,0
81066,0
81070,1
81077,1
81080,0
81081,1
81087,1
81088,1
81091,0
81092,0
81093,0
81096,0
81105,0
81106,0
81107,0
81113,0
81114,1
81115,0
81116,1
81118,0
81129,0
81130,0
81135,1
81138,0
81140,0
81147,1
81151,0
81153,0
81155,0
81162,0
81163,0
81173,0
81177,0
81179,0
81180,0
81182,0
81185,0
81187,1
81190,0
81191,0
81193,0
81194,0
81195,0
81205,0
81208,0
81213,0
81214,0
81217,1
81220,1
81223,1
81225,0
81226,0
81228,0
81234,0
81235,1
81244,0
81246,0
81251,0
81252,0
81254,0
81258,0
81265,0
81267,0
81269,0
81272,0
81275,0
81277,0
81281,1
81285,0
81286,0
81287,0
81291,0
81296,0
81298,0
81302,0
81304,0
81305,0
81306,1
81307,1
81309,1
81312,0
81324,0
81329,0
81330,0
81332,0
81334,0
81335,0
81337,0
81338,0
81344,1
81350,0
81353,1
81356,0
81357,0
81363,0
81365,0
81367,0
81374,1
81380,0
81382,1
81383,1
81388,0
81390,1
81391,0
81393,0
81394,0
81397,0
81398,1
81399,0
81406,0
81410,1
81414,0
81418,0
81419,0
81429,1
81437,0
81439,0
81440,1
81448,0
81449,0
81450,0
81457,1
81458,1
81460,1
81461,0
81464,0
81466,0
81467,0
81469,0
81470,1
81471,0
81474,0
81478,1
81482,0
81485,1
81491,0
81495,0
81496,1
81497,0
81499,0
81502,0
81508,0
81511,0
81512,0
81513,0
81514,0
81518,0
81521,1
81522,0
81525,0
81528,0
81529,1
81533,0
81535,0
81536,0
81545,0
81548,0
81551,0
81553,0
81558,0
81560,0
81563,1
81564,0
81565,0
81569,0
81570,0
81572,0
81573,0
81579,1
81584,1
81586,1
81593,0
81594,0
81597,0
81598,0
81600,1
81608,0
81609,0
81611,0
81615,0
81618,0
81620,0
81624,0
81625,0
81629,0
81630,0
81640,0
81642,0
81646,0
81648,0
81650,0
81654,0
81661,0
81663,0
81665,0
81667,0
81668,1
81670,0
81676,0
81681,0
81684,0
81685,0
81686,0
81688,0
81695,0
81696,0
81697,0
81707,0
81714,0
81715,1
81717,0
81721,1
81726,0
81728,1
81734,1
81735,0
81737,0
81739,0
81740,0
81742,0
81749,0
81750,0
81754,0
81755,1
81760,0
81761,1
81767,0
81768,1
81771,1
81772,1
81777,0
81781,1
81782,0
81784,0
81785,1
81791,0
81792,0
81793,0
81796,1
81797,1
81799,0
81803,0
81804,0
81811,0
81812,0
81813,0
81814,0
81815,0
81816,0
81817,0
81821,0
81824,0
81828,0
81832,0
81836,0
81837,1
81844,0
81845,0
81849,0
81854,0
81861,0
81862,0
81870,0
81873,0
81879,0
81880,0
81885,0
81888,0
81890,1
81891,0
81895,0
81898,0
81899,0
81902,0
81907,0
81911,0
81917,1
81918,0
81921,0
81925,0
81926,0
81928,0
81931,0
81933,0
81936,1
81938,1
81944,0
81946,0
81947,0
81948,0
81949,0
81956,1
81962,0
81966,0
81968,0
81970,1
81972,0
81978,1
81981,0
81984,0
81990,0
81991,0
81996,0
82001,0
82003,1
82004,0
82005,0
82006,0
82008,0
82011,0
82012,0
82013,0
82015,0
82016,0
82020,1
82021,1
82022,1
82027,0
82031,0
82040,0
82042,0
82048,1
82049,0
82051,0
82052,1
82060,0
82061,0
82064,1
82067,0
82069,0
82073,0
82078,0
82085,0
82086,1
82089,0
82090,0
82093,1
82097,0
82100,0
82106,0
82108,0
82110,1
82111,0
82119,0
82122,0
82123,0
82127,0
82129,0
82130,0
82131,0
82133,0
82134,0
82136,0
82137,0
82138,1
82140,0
82146,0
82147,0
82150,0
82153,0
82163,0
82165,0
82169,1
82177,0
82179,1
82186,0
82192,0
82195,0
82206,1
82210,0
82211,1
82220,0
82221,1
82224,0
82228,0
82238,1
82241,1
82243,0
82245,0
82248,1
82250,0
82252,1
82255,0
82256,0
82258,0
82259,0
82268,0
82271,0
82272,0
82273,0
82275,1
82276,0
82282,0
82283,0
82284,0
82289,1
82295,0
82298,0
82299,0
82300,0
82306,0
82311,0
82313,0
82316,0
82319,0
82320,1
82327,1
82331,0
82333,1
82334,0
82336,0
82338,0
82339,0
82341,0
82342,0
82346,1
82349,1
82351,0
82352,0
82359,0
82364,1
82368,0
82372,0
82373,0
82384,1
82385,0
82386,0
82387,0
82393,0
82400,0
82402,0
82405,0
82413,0
82414,0
82420,0
82423,1
82424,1
82425,0
82426,0
82428,0
82435,0
82438,0
82440,0
82441,1
82442,0
82446,0
82447,0
82452,0
82461,0
82466,0
82467,0
82472,0
82473,0
82474,0
82476,0
82478,0
82486,0
82487,1
82489,0
82490,0
82494,0
82496,0
82497,0
82499,0
82501,0
82502,0
82503,0
82504,1
82506,0
82515,0
82516,0
82520,0
82522,0
82523,0
82530,0
82531,0
82532,0
82541,0
82543,0
82546,1
82552,1
82557,0
82558,0
82559,0
82561,1
82562,0
82569,0
82570,1
82573,0
82575,1
82576,0
82577,0
82583,0
82584,0
82591,0
82592,0
82603,0
82605,0
82607,0
82614,0
82615,0
82621,0
82626,0
82629,1
82630,1
82631,0
82633,0
82634,0
82635,0
82636,0
82642,0
82643,0
82644,0
82646,0
82647,0
82653,0
82654,0
82664,0
82671,1
82673,0
82677,0
82680,0
82682,0
82683,0
82689,1
82690,1
82698,0
82703,0
82704,1
82705,0
82708,0
82717,1
82719,1
82723,0
82732,0
82736,0
82741,0
82745,0
82746,1
82748,1
82760,1
82762,0
82769,0
82772,0
82774,0
82776,1
82777,0
82778,1
82779,0
82780,0
82781,1
82786,0
82791,0
82794,0
82802,0
82803,0
82804,0
82811,0
82813,0
82816,0
82817,1
82819,0
82823,0
82824,1
82831,1
82833,0
82840,0
82842,0
82845,0
82847,0
82851,1
82854,0
82855,0
82858,1
82859,0
82862,1
82865,0
82866,0
82873,0
82874,0
82878,0
82879,0
82881,0
82883,0
82889,1
82892,1
82896,1
82899,0
82902,0
82903,0
82907,1
82910,0
82913,0
82916,0
82919,0
82923,0
82924,0
82925,0
82937,1
82939,0
82942,0
82945,0
82946,0
82949,0
82956,0
82957,0
82961,0
82967,0
82974,0
82976,0
82979,0
82983,0
82987,0
82989,0
82994,0
82995,0
82996,0
82998,1
83001,0
83003,0
83004,1
83007,0
83010,0
83013,0
83015,0
83018,0
83021,0
83026,1
83032,1
83034,0
83036,1
83037,0
83041,0
83043,0
83047,0
83049,0
83052,0
83056,1
83060,0
83062,0
83065,0
83066,0
83067,1
83069,0
83074,0
83077,1
83080,0
83083,0
83084,0
83097,1
83098,0
83099,0
83104,0
83105,0
83108,1
83112,0
83116,0
83117,1
83118,0
83120,0
83127,0
83132,0
83133,0
83136,0
83137,0
83141,0
83144,0
83147,0
83149,0
83151,0
83155,0
83156,0
83158,0
83159,0
83162,0
83163,0
83166,0
83167,0
83168,0
83170,0
83172,1
83173,1
83179,0
83188,0
83190,1
83191,1
83194,0
83195,0
83196,1
83197,0
83198,0
83199,0
83202,0
83205,0
83206,0
83207,0
83208,0
83209,0
83210,0
83211,0
83216,0
83217,0
83220,0
83223,0
83225,0
83229,0
83235,0
83236,1
83239,0
83245,0
83246,0
83247,0
83249,0
83250,0
83252,0
83253,0
83254,0
83259,0
83261,0
83263,0
83267,1
83268,0
83272,0
83274,0
83279,0
83285,0
83288,1
83289,0
83297,0
83298,0
83299,0
83302,1
83303,0
83304,0
83305,0
83308,1
83314,1
83316,0
83318,0
83319,1
83326,0
83330,0
83333,1
83335,0
83338,0
83339,0
83340,0
83343,0
83344,0
83349,0
83350,0
83355,1
83362,0
83365,0
83368,0
83370,1
83372,0
83378,0
83381,0
83391,0
83392,1
83396,0
83402,0
83406,0
83408,0
83409,1
83411,0
83417,0
83419,0
83421,0
83424,1
83427,0
83428,1
83434,0
83436,1
83447,0
83448,0
83454,0
83456,0
83459,1
83466,0
83469,0
83473,0
83477,0
83479,1
83480,0
83483,0
83485,0
83489,0
83492,0
83497,1
83498,0
83499,0
83503,0
83504,0
83508,1
83509,0
83513,0
83514,1
83515,0
83517,0
83518,0
83520,0
83523,0
83524,0
83526,0
83527,0
83532,0
83533,0
83534,0
83535,0
83547,0
83549,1
83551,0
83554,0
83558,0
83564,0
83568,1
83574,1
83581,0
83582,1
83584,0
83597,1
83599,1
83601,1
83603,0
83606,1
83608,0
83609,0
83613,0
83616,0
83619,0
83620,0
83625,0
83626,1
83630,0
83631,0
83638,0
83643,0
83647,1
83648,0
83649,0
83650,0
83651,0
83655,0
83663,0
83664,0
83665,1
83667,0
83668,0
83670,0
83671,0
83673,1
83676,0
83677,0
83679,0
83680,0
83681,0
83682,0
83683,1
83689,0
83690,0
83691,0
83692,1
83693,0
83697,0
83701,1
83704,0
83707,0
83710,0
83713,0
83714,1
83716,0
83720,0
83722,0
83726,1
83728,0
83729,0
83731,1
83735,0
83736,0
83739,0
83741,0
83744,0
83751,0
83755,1
83756,0
83759,0
83760,0
83761,0
83769,1
83770,0
83772,0
83773,0
83781,0
83788,0
83790,0
83791,1
83792,0
83794,0
83795,0
83799,0
83800,0
83803,0
83811,0
83813,0
83820,0
83825,0
83833,1
83835,0
83836,0
83838,0
83839,0
83842,0
83844,1
83847,0
83849,0
83864,1
83865,0
83868,0
83871,0
83874,0
83879,0
83887,0
83892,0
83893,1
83894,0
83897,0
83898,0
83899,0
83903,1
83904,0
83911,0
83912,1
83916,0
83921,0
83922,0
83923,0
83925,0
83927,0
83929,0
83931,0
83933,0
83939,0
83940,1
83941,0
83948,0
83955,0
83957,0
83960,0
83963,1
83964,0
83965,1
83967,1
83970,0
83971,1
83972,0
83975,1
83976,0
83985,0
83986,1
83988,0
83989,1
83990,0
83992,1
83995,0
83999,0
84000,0
84005,0
84007,0
84009,0
84011,0
84014,0
84017,1
84018,0
84019,0
84020,1
84022,0
84023,0
84027,0
84028,0
84032,0
84033,0
84035,0
84036,0
84039,0
84043,0
84045,0
84046,0
84050,0
84054,0
84058,0
84059,0
84061,0
84062,0
84064,0
84065,1
84067,0
84068,1
84070,0
84075,0
84079,1
84081,0
84086,0
84088,0
84089,1
84090,0
84092,0
84095,1
84096,0
84099,0
84101,0
84102,0
84103,0
84104,0
84107,0
84108,0
84109,0
84112,0
84113,0
84114,1
84132,0
84137,0
84146,0
84147,1
84149,1
84152,0
84154,0
84161,0
84164,1
84167,0
84171,0
84173,0
84182,0
84184,0
84187,1
84188,0
84191,0
84198,0
84199,1
84202,1
84207,0
84209,0
84211,0
84213,0
84216,0
84219,0
84220,0
84221,0
84222,0
84223,0
84227,0
84229,0
84230,0
84231,0
84238,0
84241,0
84242,0
84243,0
84246,0
84250,0
84251,0
84260,0
84264,0
84265,0
84268,0
84271,0
84274,0
84276,0
84277,0
84278,0
84280,0
84282,1
84283,1
84285,0
84297,0
84299,0
84300,0
84305,0
84306,0
84310,0
84320,0
84322,0
84325,0
84327,0
84329,0
84331,0
84332,1
84333,1
84337,0
84338,0
84341,0
84344,0
84346,0
84347,0
84348,0
84349,0
84351,0
84352,0
84354,1
84359,0
84361,1
84362,0
84364,1
84372,0
84373,0
84376,0
84381,0
84383,1
84389,0
84393,0
84398,0
84406,0
84408,0
84417,0
84421,0
84422,0
84426,0
84434,1
84435,0
84436,0
84442,0
84445,0
84446,0
84449,0
84450,0
84456,0
84459,1
84468,1
84469,0
84471,0
84472,0
84473,0
84481,0
84484,0
84485,1
84487,0
84488,0
84490,0
84491,0
84493,0
84498,1
84499,0
84501,0
84506,0
84509,0
84512,0
84517,0
84519,0
84521,0
84528,0
84538,0
84548,0
84549,0
84557,0
84558,0
84561,0
84565,0
84567,0
84574,1
84576,0
84578,0
84580,0
84582,0
84584,1
84585,0
84587,1
84588,1
84597,0
84601,1
84602,0
84603,1
84604,1
84605,1
84608,0
84612,1
84616,0
84618,0
84628,0
84631,0
84637,0
84639,0
84640,0
84644,0
84645,0
84651,1
84652,0
84660,0
84670,0
84671,0
84675,0
84678,0
84686,1
84687,1
84689,0
84694,0
84696,0
84698,0
84700,0
84701,0
84702,0
84704,0
84709,0
84713,0
84720,0
84726,1
84728,0
84729,0
84732,1
84743,0
84749,0
84753,0
84759,0
84760,1
84761,0
84765,0
84769,0
84773,0
84776,1
84778,0
84780,0
84781,0
84789,0
84791,0
84792,1
84794,0
84795,0
84796,0
84797,1
84802,0
84803,1
84807,0
84808,0
84811,0
84812,0
84813,0
84814,0
84819,0
84821,0
84822,1
84823,0
84824,0
84827,0
84832,1
84835,1
84838,0
84839,1
84840,0
84841,0
84842,0
84850,0
84851,0
84852,1
84854,0
84855,0
84856,0
84859,0
84866,0
84869,0
84875,0
84876,0
84881,0
84882,1
84885,0
84887,0
84890,0
84895,1
84898,0
84899,0
84901,0
84907,0
84909,0
84914,0
84915,1
84916,0
84924,0
84935,1
84936,0
84941,1
84942,1
84943,1
84949,0
84951,1
84960,0
84962,0
84963,0
84967,0
84970,0
84976,1
84980,0
84983,0
84985,0
84988,1
84992,0
84997,0
85006,0
85007,0
85008,0
85010,0
85014,0
85022,0
85025,0
85028,0
85029,0
85033,1
85036,1
85037,0
85045,0
85046,1
85050,0
85054,0
85057,0
85064,1
85067,0
85075,1
85077,0
85085,1
85086,0
85090,1
85092,1
85096,0
85102,0
85103,0
85106,1
85114,0
85117,0
85119,0
85121,0
85127,0
85129,0
85135,0
85137,0
85140,0
85144,0
85145,1
85147,0
85149,0
85151,0
85152,0
85163,0
85167,0
85168,0
85175,0
85176,1
85192,0
85193,0
85195,0
85197,0
85201,0
85210,0
85211,1
85217,0
85219,0
85221,1
85224,0
85226,0
85227,1
85229,0
85232,0
85236,1
85237,1
85238,0
85239,0
85253,0
85257,0
85258,0
85261,0
85262,1
85264,0
85265,0
85266,0
85271,0
85272,0
85275,1
85286,0
85287,0
85294,0
85296,0
85300,1
85302,0
85309,0
85313,1
85314,0
85316,0
85317,0
85321,0
85324,0
85325,0
85327,0
85334,1
85337,0
85338,0
85339,0
85341,1
85354,1
85355,0
85359,0
85362,1
85365,0
85366,0
85375,0
85376,1
85385,0
85388,0
85389,1
85391,0
85396,1
85402,1
85406,0
85407,0
85410,0
85412,0
85422,0
85423,0
85427,0
85435,1
85436,0
85440,0
85442,1
85444,0
85457,0
85458,0
85462,0
85467,0
85470,1
85473,1
85475,0
85476,1
85477,1
85478,0
85479,0
85480,0
85481,0
85484,0
85488,1
85490,0
85492,0
85493,0
85494,1
85495,0
85502,0
85505,0
85508,0
85516,0
85518,0
85520,0
85522,0
85524,1
85533,0
85534,0
85535,0
85541,1
85547,0
85557,0
85559,0
85560,0
85561,0
85562,0
85563,0
85564,1
85565,0
85567,0
85572,0
85573,0
85574,0
85581,0
85587,0
85588,1
85589,0
85595,0
85596,0
85598,0
85600,0
85605,1
85608,0
85623,0
85625,1
85633,0
85635,1
85636,0
85640,0
85642,0
85643,0
85650,0
85651,0
85655,0
85658,0
85663,0
85665,0
85669,1
85672,0
85675,0
85677,0
85683,1
85688,0
85691,1
85692,1
85693,0
85694,0
85695,0
85701,0
85702,0
85704,0
85710,0
85713,0
85714,0
85715,0
85720,0
85724,0
85726,0
85727,1
85728,0
85732,0
85734,0
85735,0
85740,0
85741,0
85745,0
85747,1
85749,1
85750,0
85751,0
85752,0
85758,0
85763,0
85766,0
85769,0
85770,0
85776,0
85779,0
85780,1
85786,0
85787,0
85790,0
85792,0
85794,0
85795,0
85796,0
85797,0
85799,1
85802,0
85807,0
85808,0
85810,0
85815,1
85818,1
85825,0
85826,0
85827,0
85828,0
85836,0
85838,0
85842,0
85843,0
85844,1
85845,0
85851,1
85855,0
85856,0
85857,0
85858,0
85860,0
85861,0
85863,0
85865,0
85868,0
85871,0
85873,0
85874,1
85875,1
85876,0
85878,0
85879,0
85884,0
85886,0
85891,0
85892,0
85894,0
85895,0
85896,0
85897,0
85898,0
85900,0
85901,0
85904,1
85905,0
85911,0
85914,0
85916,0
85920,0
85922,0
85923,1
85924,0
85926,1
85927,0
85929,1
85931,0
85932,1
85934,0
85939,0
85941,0
85943,0
85949,0
85951,0
85955,0
85957,0
85958,0
85959,0
85960,0
85963,0
85969,1
85979,0
85983,0
85991,0
85993,0
85994,0
85996,0
85998,0
86000,0
86005,0
86008,1
86010,0
86012,0
86015,0
86018,0
86019,0
86022,1
86023,1
86025,1
86027,1
86028,0
86032,0
86034,0
86037,0
86038,0
86042,1
86048,0
86059,0
86061,0
86062,0
86065,0
86066,1
86071,1
86074,0
86075,0
86076,1
86079,0
86080,0
86081,0
86085,0
86087,0
86090,0
86092,0
86094,0
86095,0
86100,1
86101,0
86102,0
86107,0
86112,0
86114,0
86119,0
86121,0
86127,0
86134,0
86135,0
86138,0
86140,0
86148,0
86150,0
86151,0
86155,1
86157,0
86159,0
86160,0
86161,1
86166,0
86167,0
86169,0
86172,1
86182,0
86183,0
86188,0
86191,0
86192,1
86194,0
86195,0
86196,0
86198,1
86205,0
86208,1
86209,1
86212,0
86213,0
86214,0
86217,1
86223,0
86225,0
86226,0
86233,0
86235,0
86236,1
86238,0
86239,0
86244,0
86247,0
86250,1
86251,1
86252,0
86256,1
86258,0
86259,1
86261,0
86264,0
86268,0
86271,0
86272,0
86276,0
86280,0
86282,0
86287,0
86289,1
86290,0
86292,0
86295,0
86296,0
86297,0
86298,0
86301,0
86303,1
86306,0
86312,1
86317,0
86318,0
86319,0
86325,0
86327,0
86330,0
86333,0
86340,0
86341,0
86344,0
86345,0
86347,0
86351,0
86352,0
86358,0
86364,1
86370,0
86371,0
86372,1
86375,0
86383,1
86384,0
86386,0
86387,1
86390,1
86392,0
86393,0
86398,0
86404,0
86409,0
86413,1
86417,0
86419,1
86421,0
86424,0
86426,0
86428,0
86429,0
86435,0
86436,0
86437,1
86443,1
86445,0
86447,0
86448,0
86452,0
86461,0
86463,1
86466,1
86474,0
86480,0
86483,0
86488,0
86489,1
86497,0
86502,1
86507,0
86515,0
86518,0
86519,0
86520,0
86522,1
86525,0
86526,0
86527,1
86530,1
86532,0
86533,0
86534,0
86537,0
86541,0
86544,0
86547,0
86548,0
86550,0
86552,1
86554,0
86557,1
86559,0
86562,0
86566,0
86571,0
86572,1
86573,1
86578,1
86581,0
86583,0
86584,1
86598,0
86603,0
86608,0
86613,1
86615,0
86623,0
86625,0
86631,0
86638,0
86649,0
86651,0
86653,0
86654,0
86659,1
86662,0
86667,1
86672,1
86673,1
86674,0
86675,0
86677,0
86680,0
86681,0
86682,1
86683,0
86684,0
86685,0
86688,0
86692,1
86698,1
86699,1
86700,0
86701,1
86712,0
86713,0
86714,0
86722,0
86726,0
86732,0
86741,0
86754,0
86756,0
86761,0
86762,1
86765,0
86770,0
86777,1
86779,0
86782,0
86788,0
86794,0
86801,0
86802,0
86810,1
86811,0
86812,0
86815,1
86816,0
86817,0
86821,0
86822,1
86825,0
86831,0
86837,0
86839,1
86843,0
86844,0
86849,0
86851,0
86853,0
86854,0
86863,0
86872,0
86879,0
86880,0
86883,1
86885,0
86890,0
86895,0
86897,0
86902,1
86903,0
86904,0
86907,0
86912,0
86913,0
86914,0
86918,1
86919,1
86923,0
86927,0
86932,0
86933,0
86940,0
86943,0
86945,0
86946,1
86950,0
86953,0
86955,0
86956,1
86958,0
86959,0
86964,1
86970,0
86971,0
86976,0
86985,0
86986,1
86991,0
86996,1
86997,0
87000,0
87002,0
87007,0
87008,0
87009,1
87013,0
87015,0
87019,0
87026,0
87028,0
87033,0
87034,0
87040,0
87041,0
87044,1
87045,0
87046,0
87047,0
87048,1
87049,1
87050,0
87051,0
87055,0
87058,0
87062,0
87065,1
87070,0
87071,1
87072,0
87082,0
87084,0
87085,0
87086,0
87090,0
87097,0
87102,0
87103,0
87108,0
87110,0
87116,0
87117,1
87119,1
87132,1
87133,0
87141,0
87143,0
87144,0
87145,0
87150,0
87152,0
87153,0
87154,0
87157,0
87160,0
87165,0
87171,0
87177,0
87185,1
87186,1
87189,0
87190,0
87198,0
87201,1
87202,0
87203,0
87205,0
87208,0
87209,0
87212,1
87215,0
87217,0
87218,0
87224,1
87225,0
87228,0
87229,0
87230,0
87231,0
87232,0
87234,1
87235,0
87238,0
87239,0
87244,0
87246,0
87250,0
87253,0
87254,0
87259,1
87261,1
87263,0
87266,0
87267,0
87269,0
87275,0
87276,0
87277,0
87279,0
87281,1
87286,1
87290,0
87295,0
87297,1
87300,0
87302,0
87309,0
87310,1
87311,0
87318,0
87319,0
87327,1
87328,0
87333,0
87336,0
87337,0
87339,1
87344,0
87345,0
87350,0
87353,1
87358,0
87359,0
87364,0
87365,0
87367,0
87383,0
87384,0
87385,0
87387,0
87392,1
87396,0
87397,0
87401,1
87402,1
87406,0
87407,0
87409,1
87410,0
87412,0
87413,0
87421,1
87425,1
87432,0
87433,0
87434,1
87437,0
87440,0
87441,1
87444,0
87447,0
87450,1
87452,1
87455,0
87457,1
87458,1
87460,0
87468,0
87472,0
87473,0
87474,0
87476,0
87485,0
87489,0
87494,1
87495,1
87498,0
87499,1
87503,0
87505,1
87513,1
87514,0
87515,0
87519,0
87522,0
87529,0
87530,0
87532,1
87534,0
87535,0
87543,0
87544,0
87547,1
87548,0
87552,0
87554,0
87557,0
87563,0
87565,0
87567,0
87568,0
87569,0
87570,0
87572,1
87573,0
87576,0
87578,0
87583,0
87584,0
87588,1
87591,0
87594,0
87595,0
87600,0
87601,0
87603,0
87604,1
87606,0
87608,1
87609,0
87610,0
87611,1
87615,1
87617,0
87619,0
87622,0
87623,0
87628,0
87631,0
87632,1
87640,0
87643,0
87645,1
87648,0
87660,1
87661,1
87662,0
87663,0
87664,0
87669,0
87676,0
87685,0
87687,0
87690,0
87693,0
87694,0
87697,0
87708,1
87710,0
87712,0
87717,1
87719,0
87720,0
87725,0
87726,0
87727,0
87729,0
87738,0
87739,1
87746,1
87750,1
87751,0
87753,0
87754,0
87758,0
87766,0
87770,0
87773,0
87775,0
87777,0
87779,0
87781,1
87784,0
87786,0
87787,1
87789,1
87790,1
87791,0
87793,0
87796,0
87799,0
87801,0
87802,0
87804,0
87809,0
87811,1
87813,0
87816,0
87817,0
87818,1
87819,0
87833,0
87836,0
87842,0
87844,0
87846,0
87848,0
87853,1
87858,0
87867,0
87874,1
87885,0
87886,1
87887,0
87889,0
87890,0
87894,0
87896,1
87897,0
87907,0
87908,0
87916,0
87917,0
87918,0
87919,0
87921,0
87924,0
87926,0
87929,1
87932,0
87933,0
87936,0
87939,1
87943,0
87953,0
87955,0
87961,0
87962,0
87963,0
87966,0
87971,0
87979,0
87981,0
87983,1
87990,1
87992,0
87993,0
87995,0
87997,0
88000,0
88011,0
88012,0
88013,0
88016,0
88017,0
88024,0
88029,0
88036,0
88037,0
88040,0
88042,0
88047,0
88056,1
88057,0
88067,0
88068,0
88070,1
88077,0
88081,0
88084,0
88087,1
88090,0
88096,0
88097,0
88098,0
88112,0
88115,0
88119,0
88122,0
88124,0
88126,1
88131,0
88134,0
88135,0
88136,0
88143,0
88145,1
88146,0
88148,0
88154,0
88156,1
88158,0
88159,0
88161,0
88162,0
88163,0
88166,0
88169,0
88170,0
88171,0
88172,0
88178,0
88179,0
88180,0
88181,0
88183,0
88185,0
88187,0
88193,0
88194,0
88195,0
88197,1
88198,0
88199,0
88200,0
88206,0
88212,1
88213,0
88215,0
88216,0
88219,0
88221,0
88223,0
88226,1
88228,0
88229,1
88233,0
88234,0
88235,0
88236,1
88237,0
88240,1
88244,0
88249,0
88251,0
88258,0
88259,0
88261,0
88263,0
88267,1
88273,0
88276,0
88278,0
88279,1
88282,0
88283,1
88284,1
88287,0
88293,0
88294,0
88298,1
88299,0
88300,0
88305,0
88309,0
88310,0
88314,1
88319,1
88323,0
88324,0
88326,0
88329,0
88332,1
88334,0
88335,0
88338,0
88339,0
88343,0
88344,1
88350,0
88356,0
88357,0
88358,0
88360,0
88362,0
88363,0
88364,0
88367,0
88370,0
88371,0
88377,1
88386,0
88391,0
88392,0
88393,0
88394,0
88397,0
88398,0
88400,0
88404,1
88406,0
88407,0
88408,0
88412,0
88416,0
88423,0
88429,0
88440,0
88445,0
88448,0
88452,0
88454,0
88456,0
88462,0
88463,0
88466,0
88473,0
88475,0
88477,0
88478,0
88479,0
88484,0
88486,0
88488,1
88489,1
88490,0
88493,0
88494,0
88497,0
88500,0
88503,0
88504,0
88505,0
88507,1
88513,0
88518,0
88521,1
88525,0
88527,0
88532,0
88533,0
88534,0
88536,0
88537,0
88540,0
88543,0
88545,1
88547,0
88555,1
88556,0
88558,0
88562,0
88563,0
88564,0
88565,0
88567,0
88568,0
88577,0
88591,0
88593,0
88596,0
88599,0
88602,0
88609,0
88611,0
88612,1
88613,1
88615,0
88619,0
88623,0
88624,0
88627,0
88629,0
88630,0
88631,0
88633,1
88634,1
88636,0
88638,1
88641,0
88644,0
88645,0
88647,0
88648,0
88649,0
88650,0
88656,0
88657,1
88659,1
88661,0
88662,1
88663,0
88666,0
88670,0
88677,0
88678,0
88686,0
88688,1
88689,0
88692,0
88693,1
88695,1
88698,0
88699,0
88701,1
88702,1
88703,0
88707,0
88712,1
88717,0
88718,0
88719,0
88723,0
88728,0
88729,1
88733,0
88734,0
88737,0
88740,0
88741,0
88743,1
88748,0
88749,0
88750,0
88752,0
88754,0
88756,0
88759,0
88761,1
88762,0
88763,0
88764,0
88768,0
88770,0
88773,0
88776,0
88777,0
88784,0
88786,0
88791,1
88794,0
88796,0
88801,0
88805,0
88806,0
88809,0
88811,0
88812,1
88814,1
88817,0
88818,1
88820,1
88822,0
88830,0
88832,0
88833,0
88835,1
88841,0
88846,0
88848,1
88850,0
88851,0
88853,0
88858,1
88859,0
88863,0
88866,1
88868,0
88872,0
88874,1
88877,1
88879,0
88880,1
88884,0
88890,1
88899,0
88902,1
88903,1
88904,0
88916,0
88918,1
88919,1
88924,1
88925,0
88926,1
88928,0
88930,1
88936,0
88939,1
88940,0
88945,0
88946,0
88949,0
88951,0
88953,0
88955,0
88958,0
88961,0
88965,1
88967,1
88969,0
88971,1
88974,0
88977,0
88978,1
88979,0
88980,1
88981,1
88982,1
88983,0
88985,0
88992,0
88996,0
89003,0
89004,0
89007,0
89008,1
89013,0
89018,0
89029,0
89034,0
89035,0
89037,0
89038,0
89039,0
89049,0
89052,1
89057,0
89059,1
89060,0
89061,0
89066,0
89068,0
89070,0
89071,0
89074,0
89077,1
89079,0
89083,0
89084,0
89085,0
89087,0
89088,0
89089,0
89091,0
89098,0
89099,0
89100,0
89105,0
89107,0
89110,0
89118,0
89122,0
89124,0
89127,1
89132,0
89133,0
89134,1
89135,0
89136,1
89137,1
89139,0
89143,0
89147,0
89149,0
89151,1
89153,1
89154,0
89157,0
89164,1
89165,0
89166,0
89170,0
89172,0
89175,0
89182,0
89185,0
89189,0
89190,0
89193,1
89194,0
89195,0
89198,0
89206,1
89209,0
89210,0
89211,0
89214,0
89215,1
89217,1
89224,1
89225,1
89229,0
89233,0
89239,0
89245,0
89246,1
89250,0
89251,0
89252,0
89255,0
89259,0
89260,0
89262,1
89263,0
89267,1
89269,0
89284,0
89287,0
89291,1
89292,0
89293,0
89295,0
89297,0
89301,0
89302,0
89306,0
89308,0
89310,0
89314,1
89316,0
89317,1
89319,0
89321,0
89335,0
89336,0
89345,0
89346,0
89347,0
89348,0
89353,0
89356,0
89359,1
89361,0
89362,0
89363,1
89365,1
89368,0
89370,1
89373,1
89374,0
89375,0
89381,1
89384,1
89387,1
89388,0
89390,0
89392,0
89394,0
89397,0
89400,0
89404,0
89408,0
89409,1
89413,1
89418,0
89419,0
89428,0
89433,0
89435,1
89443,0
89444,0
89446,0
89448,1
89450,0
89452,0
89456,0
89466,0
89469,0
89471,0
89480,0
89481,1
89482,1
89484,0
89486,0
89487,0
89489,0
89492,0
89494,1
89498,1
89501,0
89502,1
89503,0
89505,1
89506,1
89510,0
89519,0
89520,1
89524,1
89528,0
89531,1
89532,1
89533,1
89534,0
89541,0
89543,0
89544,0
89555,0
89557,0
89558,0
89561,0
89562,1
89563,0
89565,1
89566,0
89567,0
89568,0
89572,0
89573,0
89575,0
89581,0
89584,1
89586,0
89590,0
89593,0
89594,0
89598,0
89600,0
89601,0
89603,0
89607,0
89612,0
89613,1
89614,1
89618,0
89620,0
89621,0
89625,0
89628,0
89638,0
89649,0
89653,0
89661,0
89664,0
89669,0
89671,0
89672,1
89674,0
89676,0
89678,0
89683,0
89688,0
89689,0
89693,0
89694,1
89695,0
89697,0
89710,1
89717,1
89726,0
89729,1
89737,0
89739,0
89743,1
89744,0
89746,0
89750,0
89751,0
89752,0
89753,1
89756,0
89761,0
89770,0
89779,0
89780,0
89783,0
89791,0
89797,0
89800,0
89801,0
89802,0
89806,0
89811,0
89813,0
89816,1
89819,1
89820,0
89824,0
89825,0
89826,0
89830,1
89840,0
89841,0
89846,0
89851,0
89853,0
89854,1
89860,1
89863,1
89868,0
89874,1
89875,0
89877,1
89880,1
89881,0
89885,0
89886,0
89887,1
89890,0
89891,0
89893,0
89895,1
89896,1
89898,1
89899,0
89903,0
89904,0
89906,0
89907,0
89908,0
89912,0
89913,0
89915,0
89916,0
89917,0
89921,0
89922,0
89930,1
89934,0
89936,0
89937,0
89938,1
89939,1
89943,1
89947,1
89948,1
89950,1
89951,0
89956,0
89961,1
89963,1
89964,0
89970,0
89976,0
89977,1
89985,0
89997,1
89998,0
89999,0
90000,0
90004,1
90006,0
90010,0
90011,0
90019,1
90020,0
90029,0
90037,0
90040,0
90049,0
90050,0
90063,1
90065,0
90067,0
90068,0
90069,0
90071,0
90072,0
90076,0
90080,1
90085,0
90092,0
90094,1
90098,1
90100,1
90104,1
90105,0
90108,0
90109,0
90114,0
90117,0
90120,0
90123,0
90125,0
90126,1
90131,0
90132,0
90135,1
90136,0
90138,0
90139,0
90142,0
90145,1
90147,0
90149,0
90152,1
90155,1
90160,1
90165,0
90166,0
90167,0
90169,0
90171,0
90173,0
90174,0
90175,0
90179,0
90181,0
90187,0
90188,0
90191,0
90192,0
90193,0
90203,0
90204,1
90205,1
90206,0
90207,0
90218,1
90220,0
90223,1
90224,0
90226,0
90230,0
90239,0
90240,0
90242,1
90246,0
90251,0
90253,0
90255,0
90256,0
90260,0
90261,0
90263,1
90265,0
90267,0
90268,0
90275,0
90276,0
90282,0
90284,0
90287,0
90290,0
90298,0
90302,0
90304,0
90313,0
90319,0
90322,0
90324,0
90327,0
90332,0
90338,1
90339,0
90340,0
90342,0
90345,0
90347,0
90349,1
90350,1
90352,0
90353,1
90354,0
90357,1
90358,1
90359,1
90370,0
90372,0
90374,0
90375,1
90379,0
90383,0
90390,0
90404,0
90405,1
90406,1
90407,0
90412,0
90421,1
90431,0
90433,1
90436,0
90443,0
90446,1
90448,1
90449,1
90450,0
90452,0
90456,0
90457,0
90462,0
90467,0
90468,0
90469,0
90472,0
90473,0
90474,1
90478,0
90479,0
90480,0
90483,1
90485,0
90486,1
90492,1
90498,0
90501,1
90502,1
90504,0
90505,0
90508,1
90517,0
90518,0
90519,0
90520,0
90521,1
90522,0
90523,0
90524,0
90526,0
90527,0
90533,0
90534,0
90535,0
90542,0
90544,1
90547,0
90550,0
90551,0
90553,0
90556,0
90557,0
90565,0
90568,0
90569,0
90570,0
90574,0
90579,0
90586,0
90589,0
90591,0
90592,1
90596,0
90604,1
90607,0
90616,0
90617,1
90621,0
90641,0
90643,0
90644,0
90648,1
90649,0
90652,0
90658,1
90659,0
90668,0
90669,0
90671,0
90672,0
90674,0
90676,0
90678,0
90680,0
90681,0
90682,0
90684,1
90687,0
90690,0
90692,0
90696,1
90698,0
90699,0
90701,0
90703,0
90709,0
90711,1
90717,0
90718,0
90720,0
90724,0
90727,0
90729,1
90733,1
90742,0
90746,1
90748,0
90749,0
90753,0
90754,0
90757,0
90760,0
90766,0
90767,0
90772,0
90773,0
90776,0
90778,0
90787,0
90789,0
90790,0
90791,1
90797,0
90799,0
90805,0
90808,0
90810,0
90812,1
90814,0
90815,0
90816,0
90817,0
90819,0
90824,0
90829,0
90830,1
90839,1
90840,0
90842,0
90844,1
90845,1
90846,0
90851,0
90852,0
90854,0
90855,0
90856,0
90857,0
90860,0
90862,0
90864,0
90865,1
90866,0
90867,1
90869,0
90871,0
90873,0
90874,1
90879,1
90882,0
90884,0
90887,0
90890,0
90894,0
90895,0
90898,1
90901,0
90902,0
90911,0
90914,0
90916,1
90918,0
90922,0
90923,0
90926,0
90932,1
90934,0
90935,0
90938,0
90940,0
90942,1
90943,0
90945,1
90949,1
90950,0
90951,0
90953,0
90955,0
90956,0
90959,1
90960,0
90963,0
90967,1
90971,1
90979,1
90983,1
90986,1
90987,0
90990,0
90992,0
90994,0
90996,0
90998,1
90999,0
91000,0
91006,0
91010,0
91014,0
91016,1
91017,1
91018,0
91020,0
91024,0
91028,0
91029,0
91031,0
91034,0
91036,0
91038,0
91040,0
91041,1
91046,1
91048,0
91049,0
91052,1
91053,0
91054,0
91055,0
91057,0
91061,0
91063,1
91065,1
91070,0
91077,1
91079,0
91080,0
91081,0
91091,0
91096,0
91098,1
91099,1
91101,0
91103,0
91105,0
91108,0
91114,0
91116,0
91119,0
91120,1
91122,0
91123,0
91125,0
91126,0
91128,0
91131,0
91135,0
91136,0
91137,1
91141,0
91142,0
91143,1
91145,1
91146,0
91147,0
91150,0
91153,0
91155,0
91157,1
91162,0
91163,0
91164,0
91171,0
91172,0
91174,0
91175,0
91178,0
91179,0
91184,0
91185,0
91194,1
91198,0
91203,0
91207,0
91212,1
91214,0
91219,0
91221,0
91222,0
91225,0
91228,0
91233,1
91235,1
91236,1
91237,0
91240,1
91247,0
91248,0
91250,0
91253,1
91256,0
91257,0
91258,0
91259,0
91261,0
91262,0
91263,0
91266,1
91270,0
91273,1
91275,0
91283,0
91284,1
91285,0
91287,0
91290,0
91298,0
91301,0
91302,0
91304,1
91305,0
91306,0
91307,0
91312,0
91313,0
91320,1
91322,0
91323,1
91325,0
91326,1
91327,0
91332,0
91334,1
91336,0
91343,0
91346,0
91349,0
91350,1
91355,0
91357,1
91358,0
91359,1
91361,1
91367,1
91372,0
91373,0
91376,0
91377,0
91384,0
91387,0
91390,0
91391,0
91392,0
91394,1
91406,0
91410,0
91414,0
91419,0
91420,0
91422,1
91425,0
91436,0
91440,0
91441,0
91442,0
91447,0
91451,0
91455,0
91457,0
91461,1
91465,1
91467,1
91471,0
91475,1
91479,0
91481,0
91484,0
91488,1
91491,0
91492,0
91495,0
91499,1
91503,1
91508,0
91509,0
91510,0
91511,0
91512,0
91513,0
91515,0
91516,0
91518,0
91524,0
91527,0
91528,1
91536,0
91540,1
91546,0
91551,1
91558,0
91562,0
91565,0
91567,0
91569,0
91571,0
91576,0
91579,0
91582,1
91588,0
91596,1
91598,0
91599,1
91600,0
91602,0
91604,1
91606,0
91608,0
91610,0
91613,0
91614,0
91617,0
91618,1
91620,0
91623,0
91628,0
91630,0
91633,1
91634,0
91637,0
91641,0
91642,0
91645,0
91646,0
91650,1
91651,0
91653,0
91656,1
91658,0
91660,0
91663,0
91664,0
91666,0
91667,0
91668,0
91669,0
91670,0
91673,0
91679,0
91681,0
91687,0
91689,0
91694,0
91697,0
91700,0
91703,0
91709,0
91713,0
91715,0
91722,0
91727,1
91728,0
91734,1
91737,1
91740,1
91743,0
91744,0
91751,0
91755,0
91756,0
91764,1
91765,0
91766,0
91767,0
91770,0
91774,0
91778,1
91779,0
91781,0
91784,1
91786,1
91789,1
91790,0
91791,0
91797,0
91800,0
91801,0
91802,0
91808,0
91812,0
91817,1
91818,0
91820,0
91831,1
91832,0
91834,1
91841,1
91844,0
91845,0
91847,0
91850,0
91852,0
91856,0
91861,0
91862,0
91863,1
91864,1
91865,0
91866,0
91868,0
91870,1
91871,0
91873,0
91887,0
91890,0
91891,0
91893,1
91894,0
91898,0
91901,1
91904,1
91905,0
91907,0
91916,0
91929,0
91932,1
91933,0
91934,0
91936,0
91939,0
91943,0
91945,1
91949,1
91951,0
91955,0
91958,0
91959,0
91960,0
91963,0
91964,0
91965,1
91968,0
91969,0
91973,0
91981,1
91985,0
91987,0
91992,0
91993,0
91994,1
91997,1
92000,0
92003,0
92008,1
92017,1
92021,1
92023,0
92027,0
92029,0
92030,1
92031,0
92034,0
92035,0
92036,0
92037,0
92038,0
92041,0
92042,0
92043,0
92045,0
92049,1
92054,0
92063,0
92066,0
92069,1
92070,1
92074,0
92081,0
92084,0
92089,0
92091,0
92093,0
92095,0
92098,0
92103,0
92104,0
92105,0
92107,1
92108,0
92110,1
92115,0
92117,1
92118,0
92121,0
92122,0
92123,0
92124,0
92128,1
92130,0
92134,0
92135,1
92140,0
92146,0
92148,1
92149,0
92153,0
92164,1
92165,0
92170,1
92173,0
92175,0
92176,1
92177,1
92180,1
92183,0
92186,0
92187,1
92188,0
92191,0
92193,0
92194,0
92196,0
92197,0
92198,0
92200,1
92201,1
92202,0
92203,0
92204,0
92210,0
92211,1
92217,0
92218,1
92222,0
92223,0
92225,0
92228,0
92229,0
92230,0
92233,0
92235,0
92237,1
92241,0
92242,0
92243,0
92244,0
92251,0
92256,0
92262,1
92263,0
92264,0
92266,1
92270,1
92276,0
92282,1
92284,0
92287,0
92291,0
92292,0
92294,1
92303,1
92305,0
92306,0
92307,1
92310,1
92317,0
92319,0
92325,1
92331,0
92338,0
92341,0
92343,1
92348,0
92349,1
92350,0
92353,0
92355,1
92357,0
92362,0
92364,0
92365,0
92366,0
92375,0
92376,0
92381,0
92385,0
92387,0
92391,0
92395,0
92396,1
92397,0
92398,0
92400,0
92403,0
92404,0
92408,1
92409,0
92411,0
92412,0
92416,0
92417,0
92418,0
92422,0
92429,0
92430,0
92432,1
92434,0
92436,1
92439,0
92445,1
92449,0
92450,0
92455,1
92461,0
92462,0
92467,1
92472,0
92474,0
92475,0
92477,1
92479,0
92481,0
92486,0
92490,1
92493,1
92496,1
92500,1
92501,0
92502,0
92504,0
92507,1
92509,0
92510,0
92517,0
92520,0
92527,0
92528,0
92531,0
92533,0
92543,0
92544,0
92546,1
92555,0
92556,0
92558,0
92563,0
92566,0
92568,1
92570,0
92577,0
92579,0
92580,0
92581,0
92586,1
92592,0
92594,1
92598,0
92605,0
92610,0
92614,0
92615,0
92621,0
92624,0
92625,0
92634,0
92636,0
92637,0
92638,0
92643,1
92644,0
92647,0
92649,0
92651,0
92652,0
92654,1
92655,1
92658,0
92659,0
92662,0
92665,0
92666,0
92667,0
92668,0
92671,0
92673,0
92677,0
92681,1
92682,0
92684,0
92690,0
92692,0
92697,0
92698,0
92706,0
92707,0
92710,0
92711,0
92716,0
92717,0
92719,0
92726,0
92737,0
92738,0
92740,0
92747,0
92754,0
92760,0
92768,0
92770,0
92772,0
92777,0
92780,0
92781,0
92784,0
92786,0
92788,0
92791,0
92796,0
92800,0
92802,0
92803,0
92804,1
92805,0
92809,0
92810,0
92811,0
92812,0
92814,0
92818,1
92822,0
92823,1
92827,1
92829,0
92831,0
92840,1
92841,1
92847,0
92849,0
92850,1
92851,1
92852,0
92856,0
92860,0
92861,0
92862,1
92867,0
92869,1
92873,0
92878,0
92882,0
92883,1
92898,0
92903,0
92904,0
92906,0
92908,0
92909,0
92914,0
92915,0
92916,1
92927,1
92929,1
92930,1
92934,0
92936,0
92937,0
92938,0
92947,0
92948,0
92950,0
92953,0
92955,0
92956,0
92957,0
92958,0
92962,0
92963,0
92966,0
92969,1
92972,0
92974,0
92976,0
92980,0
92982,1
92985,0
92988,0
92989,0
92990,0
92991,0
92993,0
92994,0
92996,0
92997,0
92999,1
93005,0
93006,1
93011,1
93012,0
93013,0
93017,0
93019,0
93020,0
93022,0
93024,0
93026,0
93029,0
93032,0
93033,0
93035,0
93039,0
93049,1
93054,0
93055,0
93057,0
93062,0
93071,0
93073,1
93075,1
93079,0
93083,0
93084,0
93088,0
93103,0
93105,0
93107,0
93109,0
93110,0
93111,0
93112,0
93113,0
93115,1
93116,0
93119,1
93122,1
93123,1
93125,1
93127,0
93128,0
93130,0
93134,0
93135,0
93136,0
93149,0
93152,1
93158,0
93160,0
93166,0
93171,0
93173,0
93175,0
93176,0
93178,0
93179,0
93183,0
93184,0
93185,0
93190,0
93191,0
93194,0
93195,1
93196,0
93197,0
93198,1
93199,0
93203,0
93204,0
93205,0
93210,0
93212,0
93213,1
93216,0
93217,0
93220,0
93230,1
93231,0
93234,0
93235,0
93238,0
93239,0
93240,0
93241,1
93242,1
93244,1
93251,0
93260,0
93272,0
93273,0
93274,0
93276,0
93277,0
93278,1
93279,0
93280,0
93281,0
93283,0
93294,1
93298,0
93299,0
93301,0
93303,0
93304,1
93308,1
93313,0
93315,0
93316,0
93319,0
93320,0
93321,0
93322,0
93323,0
93331,0
93332,0
93338,0
93340,1
93342,0
93353,0
93354,0
93357,0
93362,0
93363,0
93364,0
93366,0
93375,0
93384,0
93391,0
93393,0
93399,0
93401,0
93405,0
93410,0
93413,1
93414,0
93415,1
93416,0
93423,0
93429,0
93436,0
93437,1
93445,0
93450,0
93451,1
93452,0
93453,0
93455,0
93456,0
93457,0
93460,0
93461,0
93466,0
93468,0
93470,0
93472,0
93479,1
93483,0
93484,0
93485,1
93486,0
93487,0
93489,0
93493,1
93494,0
93496,0
93497,0
93498,0
93499,0
93501,1
93507,0
93508,0
93515,0
93518,0
93523,1
93525,0
93528,0
93532,0
93536,1
93538,0
93539,0
93541,0
93544,0
93546,0
93547,0
93550,0
93571,0
93572,0
93578,0
93580,0
93581,1
93590,0
93597,0
93600,0
93601,1
93602,0
93603,0
93604,0
93605,0
93606,0
93608,0
93610,1
93622,0
93624,0
93626,0
93628,1
93631,0
93633,0
93637,0
93638,0
93649,0
93651,0
93653,1
93654,0
93661,1
93663,0
93665,0
93668,0
93670,0
93672,0
93674,1
93680,0
93683,0
93684,0
93688,0
93689,0
93690,0
93692,1
93694,0
93698,0
93701,0
93704,0
93705,0
93708,0
93710,0
93715,0
93716,0
93718,0
93719,0
93721,0
93723,0
93726,0
93728,0
93729,1
93730,0
93731,0
93732,0
93735,0
93739,0
93742,0
93743,0
93744,0
93751,0
93755,0
93758,0
93763,0
93764,0
93769,0
93772,0
93775,1
93777,0
93780,0
93781,0
93783,0
93788,0
93789,0
93790,0
93791,0
93793,1
93797,0
93798,1
93802,1
93803,0
93811,0
93812,0
93819,0
93820,0
93830,0
93835,0
93836,0
93839,0
93840,0
93841,0
93846,0
93848,1
93849,0
93851,0
93857,0
93858,0
93859,0
93862,1
93865,0
93869,0
93874,0
93875,0
93876,0
93878,1
93879,1
93881,0
93882,0
93883,0
93884,1
93889,1
93890,0
93895,1
93896,0
93897,1
93901,1
93903,0
93904,0
93907,0
93908,0
93909,0
93910,0
93912,0
93913,1
93917,0
93918,0
93919,0
93921,0
93928,0
93930,0
93931,0
93932,0
93938,0
93939,1
93942,0
93944,0
93946,0
93952,0
93954,1
93957,0
93959,0
93960,0
93964,1
93977,0
93981,0
93984,1
93989,1
93990,1
93996,0
94002,0
94004,0
94006,0
94007,0
94012,0
94017,0
94022,1
94024,0
94025,0
94026,0
94029,0
94031,0
94035,0
94037,0
94040,0
94047,0
94050,1
94051,0
94059,1
94061,1
94063,0
94064,0
94065,0
94071,0
94074,0
94075,0
94076,0
94077,0
94080,1
94081,0
94087,0
94094,1
94097,1
94098,0
94104,0
94107,1
94111,1
94112,0
94113,0
94115,0
94119,0
94120,1
94121,0
94122,0
94123,0
94130,1
94131,0
94136,0
94137,1
94138,0
94139,0
94142,0
94144,0
94145,0
94146,0
94147,0
94151,0
94153,0
94155,0
94157,0
94158,0
94166,0
94167,0
94169,0
94173,0
94175,0
94183,0
94185,1
94186,0
94192,1
94193,0
94194,0
94196,1
94197,0
94198,0
94203,0
94206,0
94207,0
94208,0
94211,1
94213,0
94214,0
94215,0
94217,0
94224,0
94228,0
94230,0
94232,1
94234,0
94235,1
94239,0
94242,0
94243,1
94248,0
94256,0
94258,0
94272,0
94273,1
94275,0
94276,1
94278,0
94279,0
94284,0
94289,0
94296,0
94300,0
94303,1
94304,0
94305,0
94310,0
94315,0
94320,0
94323,0
94325,0
94342,0
94346,0
94347,1
94348,0
94349,0
94356,0
94367,1
94368,0
94370,0
94374,1
94378,0
94379,0
94385,1
94386,0
94402,1
94405,1
94410,0
94416,0
94419,0
94420,0
94421,1
94422,0
94423,1
94427,0
94433,1
94434,0
94435,0
94438,0
94441,0
94442,0
94443,0
94445,1
94446,0
94448,0
94460,0
94463,0
94466,1
94467,1
94468,0
94469,0
94470,0
94473,0
94476,1
94482,0
94483,0
94484,0
94487,1
94489,0
94492,0
94493,0
94494,0
94495,1
94497,0
94500,1
94504,0
94506,0
94507,0
94511,0
94513,1
94523,0
94526,0
94535,0
94544,0
94548,0
94549,0
94553,1
94555,1
94558,0
94559,1
94560,0
94561,0
94562,0
94569,0
94572,1
94573,1
94582,0
94588,0
94594,0
94597,0
94600,1
94602,0
94603,0
94607,1
94611,0
94612,0
94615,0
94620,0
94622,1
94626,0
94627,1
94628,0
94629,1
94630,0
94635,1
94639,0
94646,0
94650,1
94654,1
94658,0
94662,0
94663,0
94665,0
94666,0
94667,0
94668,0
94677,0
94678,0
94681,0
94686,0
94688,0
94691,0
94693,0
94698,0
94701,0
94705,0
94707,0
94711,0
94712,1
94713,0
94717,0
94718,0
94720,0
94722,0
94725,0
94726,0
94727,1
94734,1
94739,0
94745,0
94748,0
94758,0
94761,0
94766,0
94769,0
94774,0
94779,0
94782,0
94783,0
94784,0
94786,1
94787,0
94791,0
94795,1
94797,1
94798,0
94805,0
94810,0
94818,0
94828,0
94835,1
94837,1
94838,0
94840,0
94841,0
94842,0
94843,0
94846,0
94849,0
94854,0
94858,0
94860,0
94861,0
94862,0
94863,1
94864,1
94867,0
94868,0
94870,0
94871,0
94873,1
94874,0
94878,1
94880,0
94883,1
94885,0
94887,1
94892,0
94897,0
94899,1
94902,0
94903,1
94907,1
94908,0
94910,0
94912,0
94913,0
94917,1
94920,0
94924,0
94928,1
94929,0
94930,1
94934,1
94938,0
94947,0
94949,0
94950,1
94957,0
94958,0
94959,0
94960,0
94964,1
94967,0
94968,0
94971,0
94974,0
94988,0
94993,0
94998,0
95001,0
95006,0
95007,1
95008,1
95010,0
95012,0
95013,1
95015,1
95017,0
95021,0
95030,0
95035,0
95045,0
95046,0
95047,0
95048,0
95050,0
95052,0
95056,0
95057,0
95060,0
95065,1
95069,1
95074,0
95075,0
95076,0
95077,0
95079,0
95082,0
95084,0
95088,0
95089,0
95094,0
95096,0
95099,0
95101,0
95105,0
95108,0
95109,0
95110,0
95114,0
95117,1
95119,0
95120,0
95122,0
95124,0
95126,0
95127,0
95129,0
95132,1
95138,0
95140,0
95141,0
95142,0
95144,0
95145,0
95150,0
95154,0
95160,0
95161,0
95166,0
95172,0
95173,1
95178,0
95182,0
95187,1
95192,0
95193,0
95199,0
95200,0
95201,0
95209,0
95215,1
95216,1
95223,0
95225,1
95226,0
95228,1
95232,0
95235,0
95241,0
95242,0
95244,0
95251,0
95252,0
95253,1
95255,0
95257,1
95258,0
95259,0
95264,0
95265,1
95268,0
95269,0
95270,0
95272,0
95275,1
95278,0
95282,1
95283,0
95286,0
95289,1
95290,1
95294,1
95295,0
95298,0
95302,0
95303,0
95308,0
95309,0
95310,0
95316,1
95318,0
95319,0
95323,0
95326,1
95329,1
95330,1
95335,0
95346,0
95347,0
95349,1
95360,0
95364,1
95366,1
95367,1
95370,0
95372,1
95373,0
95375,0
95378,0
95381,0
95385,1
95386,0
95388,0
95391,1
95394,0
95395,0
95409,0
95416,0
95420,0
95422,0
95425,0
95429,0
95430,0
95432,1
95434,0
95438,0
95445,1
95447,0
95448,1
95453,0
95456,0
95461,0
95463,0
95466,0
95467,0
95470,0
95471,0
95473,0
95478,0
95483,1
95489,0
95493,0
95498,0
95499,0
95508,1
95511,0
95513,0
95517,0
95518,0
95521,1
95522,0
95525,0
95531,0
95537,0
95539,0
95540,1
95541,0
95544,0
95547,0
95548,0
95550,0
95551,0
95552,0
95554,0
95557,0
95559,0
95571,1
95573,0
95575,0
95581,0
95591,0
95595,1
95596,1
95606,0
95611,0
95613,0
95616,0
95619,1
95622,0
95627,0
95630,0
95632,0
95638,0
95646,0
95647,0
95648,0
95650,0
95656,0
95659,0
95661,0
95666,0
95668,1
95669,0
95686,0
95687,0
95688,0
95690,0
95691,0
95694,0
95697,0
95698,0
95700,0
95702,1
95704,1
95723,0
95728,0
95730,1
95734,0
95736,0
95742,0
95744,0
95746,0
95747,0
95748,0
95749,0
95750,0
95751,0
95753,0
95754,0
95756,0
95759,0
95761,1
95764,0
95765,0
95779,0
95780,0
95782,0
95785,1
95786,0
95789,1
95790,0
95794,0
95796,0
95799,0
95803,1
95807,0
95818,0
95819,0
95825,0
95827,0
95828,1
95832,1
95834,0
95837,0
95838,0
95840,0
95849,0
95850,0
95851,1
95856,0
95858,0
95861,0
95862,0
95868,0
95871,0
95873,0
95880,1
95883,1
95884,0
95886,1
95887,0
95888,0
95889,0
95890,1
95893,0
95898,0
95900,1
95901,1
95903,1
95907,0
95911,1
95912,0
95913,0
95914,0
95916,0
95918,0
95921,1
95924,1
95927,1
95928,0
95930,0
95933,0
95934,0
95937,0
95941,0
95942,0
95943,0
95947,1
95954,0
95957,0
95958,0
95959,0
95961,0
95964,0
95966,1
95970,0
95971,0
95976,0
95978,0
95980,1
95983,1
95984,1
95990,1
95997,0
96000,0
96003,1
96004,0
96009,0
96010,0
96011,0
96014,1
96015,0
96017,1
96024,0
96027,0
96029,0
96031,0
96034,0
96035,1
96038,0
96042,0
96044,0
96045,0
96046,0
96047,0
96050,0
96053,0
96054,0
96056,0
96059,1
96060,0
96062,1
96065,0
96073,1
96074,1
96075,0
96080,0
96081,0
96085,0
96086,0
96091,0
96094,1
96095,1
96096,1
96097,0
96100,0
96102,0
96103,0
96107,0
96108,0
96109,1
96111,0
96114,0
96116,0
96118,0
96119,0
96120,0
96124,0
96126,1
96129,1
96136,0
96137,0
96138,0
96143,0
96153,0
96157,0
96160,0
96167,0
96172,0
96180,0
96183,0
96184,0
96188,0
96191,0
96192,0
96194,1
96201,1
96202,1
96203,0
96204,0
96205,0
96206,0
96207,0
96220,1
96224,0
96228,1
96230,1
96231,0
96232,1
96233,0
96237,0
96244,0
96246,0
96248,0
96257,0
96259,0
96260,0
96261,0
96265,0
96272,1
96274,0
96278,0
96286,1
96287,0
96292,0
96299,0
96300,0
96301,0
96305,0
96307,0
96313,0
96314,0
96317,0
96319,0
96324,0
96325,0
96330,0
96331,0
96333,0
96336,0
96338,0
96343,0
96345,1
96346,0
96347,0
96350,1
96352,1
96354,0
96360,0
96363,1
96370,0
96371,0
96372,0
96374,0
96375,1
96376,1
96388,0
96390,1
96402,0
96404,0
96407,0
96411,1
96413,0
96415,0
96416,1
96418,0
96421,0
96422,0
96423,0
96425,1
96428,0
96436,0
96438,0
96446,1
96455,0
96457,0
96459,0
96463,0
96476,0
96482,0
96490,1
96492,0
96497,0
96498,1
96499,0
96500,1
96507,0
96508,0
96515,0
96517,0
96519,0
96520,1
96521,0
96523,1
96524,0
96532,1
96533,1
96534,1
96535,1
96538,0
96541,0
96542,0
96544,0
96547,0
96551,1
96557,1
96558,0
96568,1
96570,0
96589,0
96591,0
96592,0
96595,0
96596,0
96602,0
96606,1
96607,0
96608,0
96612,0
96617,0
96619,0
96622,0
96626,0
96627,0
96635,0
96650,0
96651,1
96653,0
96654,0
96659,0
96660,0
96661,0
96662,0
96663,0
96668,0
96673,1
96674,1
96675,0
96680,0
96684,0
96686,0
96688,1
96689,0
96690,0
96697,0
96699,0
96709,0
96711,0
96714,0
96719,0
96720,0
96722,0
96723,0
96726,1
96730,0
96733,0
96738,0
96739,0
96745,0
96750,0
96752,1
96756,1
96758,1
96759,0
96765,0
96766,1
96769,0
96770,0
96772,1
96777,1
96779,0
96784,1
96789,0
96794,0
96796,0
96797,1
96798,0
96803,0
96808,0
96811,0
96814,1
96815,0
96820,0
96823,0
96824,0
96826,0
96831,0
96835,0
96837,0
96840,1
96841,1
96844,0
96848,0
96849,1
96850,1
96851,1
96861,0
96872,0
96873,0
96875,0
96878,0
96879,1
96885,0
96888,0
96892,0
96899,0
96900,0
96909,1
96910,0
96913,0
96914,0
96917,0
96918,1
96920,0
96921,0
96931,0
96933,1
96935,0
96940,1
96944,0
96945,0
96946,0
96947,0
96952,0
96953,0
96955,0
96957,1
96958,0
96961,0
96963,1
96968,0
96974,0
96975,0
96981,1
96982,0
96985,0
96988,1
96989,0
96991,0
96992,0
97000,1
97001,0
97006,1
97007,0
97008,0
97009,0
97012,1
97015,0
97016,1
97020,1
97021,0
97026,0
97032,0
97035,0
97036,0
97042,0
97045,0
97048,1
97050,0
97056,0
97057,0
97061,0
97063,0
97064,1
97065,0
97066,0
97068,1
97070,1
97071,0
97073,0
97074,1
97075,0
97076,0
97078,1
97079,0
97084,1
97087,1
97088,0
97089,0
97091,0
97096,1
97099,0
97100,0
97103,1
97108,0
97113,0
97114,0
97117,1
97119,1
97120,1
97123,0
97124,0
97125,0
97126,0
97132,0
97133,0
97135,0
97137,0
97138,1
97145,0
97146,0
97150,1
97151,0
97153,0
97154,1
97158,0
97161,0
97164,0
97166,1
97167,1
97171,0
97172,0
97174,0
97177,0
97184,1
97197,0
97202,0
97203,0
97205,0
97209,0
97210,0
97217,0
97218,0
97221,0
97224,0
97232,0
97246,0
97247,0
97248,0
97250,1
97252,0
97255,0
97256,1
97257,0
97261,0
97262,1
97267,0
97269,0
97276,0
97277,1
97280,0
97282,1
97284,0
97289,0
97292,0
97302,1
97306,0
97310,1
97316,1
97317,0
97321,0
97322,0
97326,0
97331,0
97333,0
97334,1
97336,0
97337,0
97346,0
97351,0
97352,0
97353,0
97354,1
97356,0
97357,0
97358,0
97361,0
97362,0
97363,1
97367,0
97371,0
97372,0
97373,0
97374,0
97377,0
97378,0
97381,0
97386,0
97387,0
97394,0
97400,0
97413,0
97414,0
97415,0
97422,0
97430,0
97434,0
97440,0
97441,1
97442,1
97444,1
97449,0
97452,1
97454,0
97457,0
97463,0
97464,0
97466,1
97467,0
97468,0
97469,0
97471,0
97472,1
97477,0
97484,1
97485,0
97489,1
97492,0
97493,0
97495,0
97500,0
97502,1
97504,0
97505,0
97508,1
97511,1
97513,0
97514,0
97515,0
97517,0
97522,0
97523,0
97527,0
97534,0
97540,0
97542,0
97543,0
97545,0
97547,0
97550,0
97551,0
97552,0
97559,0
97561,0
97568,0
97575,1
97583,1
97586,0
97590,0
97598,0
97602,0
97603,0
97606,0
97613,1
97615,0
97616,0
97617,0
97618,0
97620,0
97622,0
97623,0
97625,1
97626,0
97628,1
97629,1
97631,0
97632,0
97633,0
97635,0
97639,0
97641,0
97642,0
97643,0
97645,0
97647,1
97650,1
97651,0
97658,0
97659,1
97661,0
97665,0
97669,0
97673,0
97677,0
97678,0
97679,0
97687,1
97688,0
97691,0
97692,0
97695,0
97696,0
97701,0
97705,0
97706,0
97711,0
97712,0
97718,0
97721,1
97727,0
97733,0
97738,1
97739,0
97740,0
97741,0
97742,0
97743,0
97744,0
97745,0
97749,0
97753,1
97754,1
97755,0
97757,1
97758,1
97759,0
97762,0
97763,1
97767,0
97770,1
97773,0
97779,0
97782,1
97784,0
97787,1
97789,0
97791,1
97794,0
97796,0
97800,0
97802,0
97803,1
97805,0
97806,0
97808,1
97809,0
97814,0
97817,0
97818,0
97819,0
97820,1
97823,1
97824,0
97825,0
97826,1
97832,0
97834,0
97835,0
97837,1
97844,1
97846,0
97852,1
97853,0
97859,0
97863,0
97872,0
97877,0
97878,1
97880,0
97884,1
97897,0
97898,0
97900,0
97901,0
97902,1
97903,0
97904,0
97905,0
97906,0
97909,0
97914,0
97916,0
97918,0
97921,0
97926,0
97928,0
97931,0
97932,0
97934,0
97935,0
97943,0
97944,0
97945,0
97946,0
97947,1
97950,1
97951,0
97953,0
97955,1
97956,0
97957,0
97968,0
97972,0
97976,0
97979,1
97982,1
97983,1
97987,1
97989,0
97990,0
97997,1
98000,0
98008,0
98014,1
98021,0
98026,0
98027,0
98028,0
98029,0
98034,1
98038,1
98042,0
98046,0
98048,0
98049,0
98050,0
98051,0
98052,0
98054,0
98055,0
98056,0
98057,0
98066,0
98070,0
98073,0
98074,1
98076,1
98078,0
98080,0
98081,1
98082,0
98085,0
98090,0
98092,1
98100,0
98108,1
98112,0
98114,0
98119,0
98137,0
98138,0
98143,0
98147,0
98148,0
98149,0
98152,1
98153,0
98156,0
98161,0
98162,0
98166,1
98167,0
98170,0
98171,0
98173,0
98175,0
98178,1
98179,0
98182,0
98183,0
98185,1
98194,1
98196,0
98200,0
98202,0
98207,0
98209,0
98210,1
98211,1
98220,0
98222,0
98224,0
98226,0
98229,1
98231,0
98232,1
98237,0
98238,0
98239,0
98240,1
98241,0
98243,1
98244,1
98248,0
98252,0
98255,0
98259,1
98260,0
98265,0
98266,0
98273,0
98278,0
98285,0
98294,1
98296,0
98297,0
98306,0
98314,0
98321,0
98325,1
98328,0
98330,0
98332,0
98335,0
98337,0
98339,0
98341,0
98342,0
98343,1
98346,0
98348,0
98350,1
98355,0
98364,0
98365,0
98366,0
98367,0
98368,0
98373,1
98376,0
98382,1
98386,1
98388,0
98390,0
98391,1
98402,0
98404,0
98406,0
98409,0
98415,1
98416,0
98420,0
98422,0
98425,0
98431,0
98432,0
98438,1
98440,0
98443,1
98444,0
98446,0
98451,0
98452,1
98453,0
98460,0
98461,0
98467,0
98469,0
98470,0
98482,0
98485,0
98490,1
98493,0
98500,0
98501,0
98513,1
98514,1
98517,1
98521,1
98523,0
98528,0
98529,0
98539,1
98541,1
98542,0
98545,0
98546,0
98556,1
98560,0
98562,0
98564,0
98565,0
98568,1
98570,0
98574,0
98575,0
98576,0
98577,0
98590,0
98591,1
98593,0
98595,1
98599,0
98603,1
98605,0
98610,0
98611,0
98612,0
98613,0
98616,0
98618,0
98622,0
98624,0
98627,0
98629,0
98632,0
98633,1
98635,1
98639,0
98650,0
98653,1
98658,0
98660,1
98663,0
98670,1
98671,0
98674,0
98678,0
98679,0
98680,0
98681,0
98684,0
98687,0
98689,0
98696,0
98700,0
98702,0
98703,0
98708,0
98710,1
98712,1
98713,1
98714,0
98717,0
98723,0
98724,0
98733,0
98735,0
98736,1
98740,1
98742,0
98745,0
98747,0
98749,0
98751,0
98752,0
98754,0
98763,0
98765,1
98767,0
98768,0
98770,0
98771,0
98776,0
98778,0
98780,0
98781,0
98784,0
98787,0
98788,1
98791,1
98795,0
98796,1
98798,1
98799,1
98802,0
98803,1
98807,0
98808,0
98809,0
98811,0
98813,0
98819,0
98822,0
98824,1
98827,0
98828,0
98829,0
98833,0
98837,0
98838,0
98839,0
98843,1
98845,1
98847,0
98850,1
98852,0
98854,0
98859,0
98862,0
98863,0
98865,0
98867,0
98868,1
98869,0
98871,0
98876,0
98877,0
98878,0
98879,0
98882,0
98885,0
98886,1
98887,0
98890,0
98898,0
98901,1
98908,0
98909,1
98914,1
98917,0
98920,0
98922,0
98923,0
98926,0
98928,0
98929,0
98935,0
98936,0
98937,0
98943,1
98946,1
98949,0
98950,0
98951,0
98953,0
98954,1
98957,1
98959,0
98964,0
98967,0
98968,0
98971,0
98973,0
98976,0
98977,1
98978,0
98982,0
98987,1
98990,1
98992,0
98994,0
99005,0
99007,0
99008,0
99011,0
99012,0
99016,0
99022,0
99023,0
99024,0
99027,1
99028,0
99038,0
99040,1
99045,1
99055,1
99060,0
99061,0
99064,0
99065,0
99068,0
99069,0
99072,0
99073,0
99074,0
99083,0
99084,0
99085,1
99086,0
99087,0
99092,0
99093,0
99096,1
99105,0
99106,1
99111,0
99113,1
99114,0
99118,0
99119,0
99120,0
99121,0
99123,0
99132,0
99134,0
99139,0
99143,1
99144,0
99146,0
99147,0
99148,1
99149,0
99155,0
99156,0
99158,0
99161,0
99162,0
99170,0
99171,0
99172,1
99173,0
99177,0
99178,0
99180,0
99189,0
99192,1
99194,0
99198,1
99205,0
99209,1
99210,0
99223,0
99225,1
99228,0
99232,1
99238,0
99244,0
99249,1
99251,0
99253,0
99258,0
99261,0
99262,0
99267,0
99268,0
99269,1
99270,0
99275,0
99277,0
99279,0
99282,1
99288,0
99289,0
99290,0
99294,0
99296,0
99310,0
99313,0
99314,0
99321,0
99322,1
99324,0
99327,1
99335,1
99336,0
99339,0
99340,0
99341,0
99346,0
99349,1
99351,0
99353,1
99355,0
99356,0
99358,0
99363,0
99364,0
99365,1
99366,0
99372,0
99375,0
99376,0
99381,0
99382,0
99383,0
99386,0
99389,1
99392,0
99393,0
99398,1
99401,0
99405,0
99406,0
99410,0
99413,0
99419,0
99421,0
99422,0
99425,0
99426,0
99427,1
99432,0
99440,0
99442,1
99443,0
99447,0
99453,0
99454,0
99464,0
99469,0
99470,0
99473,0
99479,0
99483,0
99484,1
99486,0
99487,0
99500,0
99505,0
99507,0
99508,0
99515,0
99516,0
99521,0
99524,0
99525,0
99527,0
99528,0
99529,0
99530,1
99535,1
99557,1
99562,0
99566,0
99567,0
99568,1
99570,0
99571,1
99574,0
99575,0
99581,0
99584,0
99585,0
99589,0
99591,0
99593,1
99594,0
99595,0
99603,0
99604,0
99607,0
99608,0
99613,1
99622,0
99624,0
99625,0
99631,0
99634,1
99635,1
99636,0
99637,0
99642,0
99648,0
99651,0
99652,0
99654,0
99661,0
99665,1
99667,0
99671,0
99673,0
99680,0
99682,0
99684,0
99685,0
99689,1
99690,0
99691,0
99693,0
99695,0
99699,1
99702,0
99705,0
99706,0
99707,1
99709,1
99711,1
99717,1
99719,1
99732,0
99735,0
99737,1
99738,0
99742,0
99743,0
99751,0
99757,0
99759,0
99761,1
99765,1
99774,1
99780,0
99781,0
99782,1
99784,0
99785,1
99796,0
99798,0
99800,0
99801,0
99802,1
99803,0
99805,0
99806,1
99808,0
99809,0
99817,0
99823,0
99829,1
99832,0
99835,0
99837,0
99840,0
99845,0
99846,0
99848,0
99852,0
99857,0
99862,0
99863,0
99872,0
99875,1
99878,1
99879,0
99881,0
99882,0
99887,0
99897,0
99899,0
99900,0
99902,0
99904,0
99905,1
99906,0
99908,0
99909,1
99913,1
99916,0
99919,1
99920,1
99922,0
99924,1
99926,0
99927,0
99928,0
99933,1
99934,1
99935,0
99943,0
99944,0
99946,0
99949,0
99952,0
99961,0
99966,0
99967,0
99984,1
99990,0
99992,1
99994,1
99995,0
99996,1
99998,1
99999,0
100000,0
100001,0
100003,1
100009,1
100013,0
100014,1
100015,0
100016,1
100017,0
100019,0
100025,0
100031,1
100032,0
100033,1
100044,0
100046,0
100052,0
100054,0
100056,0
100061,0
100064,0
100076,0
100078,1
100081,0
100083,1
100084,1
100087,0
100089,0
100092,0
100096,0
100098,0
100104,0
100109,0
100115,0
100119,0
100121,0
100124,0
100125,0
100127,0
100135,0
100141,1
100144,1
100147,1
100151,1
100156,0
100157,0
100160,0
100161,1
100162,0
100164,1
100170,1
100178,0
100180,0
100185,1
100187,0
100188,0
100191,0
100193,0
100198,0
100199,0
100203,1
100205,0
100208,1
100214,0
100219,0
100224,1
100225,0
100229,0
100230,0
100239,0
100243,0
100244,0
100247,0
100249,0
100252,0
100253,1
100256,0
100257,0
100259,0
100262,0
100263,0
100265,1
100269,1
100271,0
100275,0
100277,0
100278,1
100279,0
100283,1
100285,0
100286,0
100290,0
100291,1
100294,0
100295,0
100296,0
100300,0
100301,0
100302,1
100304,0
100306,0
100308,0
100312,0
100313,0
100314,1
100322,0
100325,0
100326,1
100331,0
100332,1
100333,0
100334,0
100335,0
100337,0
100338,0
100339,0
100347,0
100348,0
100352,1
100353,0
100356,0
100357,1
100358,1
100359,0
100360,0
100363,0
100365,0
100368,0
100371,1
100372,0
100377,1
100378,0
100381,0
100382,0
100384,1
100388,0
100392,0
100395,0
100397,0
100403,0
100404,0
100405,0
100407,0
100410,0
100411,0
100417,1
100421,0
100426,0
100429,0
100436,0
100443,1
100445,0
100447,0
100452,0
100455,0
100456,1
100457,0
100459,0
100460,0
100461,0
100462,1
100463,0
100467,1
100468,0
100478,0
100480,1
100482,0
100484,1
100485,1
100489,0
100497,0
100498,0
100499,0
100501,0
100502,0
100503,0
100504,0
100505,0
100510,0
100513,0
100516,0
100519,0
100521,1
100524,1
100525,0
100526,0
100528,0
100529,0
100531,0
100537,0
100538,1
100542,0
100552,0
100555,0
100557,1
100558,1
100559,0
100560,0
100566,0
100572,1
100577,1
100582,1
100585,1
100587,0
100588,0
100589,0
100591,1
100592,0
100594,0
100600,0
100601,0
100602,0
100604,0
100609,0
100615,1
100623,0
100625,0
100632,0
100635,0
100639,0
100640,0
100642,0
100643,1
100644,0
100653,1
100654,0
100655,1
100657,0
100661,0
100666,0
100668,0
100670,0
100673,1
100674,0
100682,0
100683,1
100686,0
100687,0
100688,0
100691,1
100696,0
100699,0
100701,0
100707,1
100711,0
100716,1
100718,0
100719,0
100723,0
100724,0
100727,0
100730,0
100731,1
100732,1
100734,1
100735,0
100740,0
100743,0
100744,1
100747,0
100751,0
100754,0
100755,0
100756,0
100760,0
100766,0
100774,0
100775,1
100776,1
100778,1
100782,0
100783,0
100785,0
100788,0
100789,1
100796,0
100799,1
100801,0
100805,0
100811,0
100813,0
100814,1
100815,1
100816,0
100823,0
100824,0
100827,0
100829,1
100830,0
100833,1
100839,0
100843,0
100848,0
100853,0
100854,0
100856,0
100858,0
100861,0
100872,1
100879,1
100880,0
100882,0
100883,0
100887,0
100890,1
100891,0
100892,0
100893,1
100897,0
100901,1
100904,0
100905,0
100906,0
100912,0
100914,0
100917,0
100918,0
100922,0
100924,0
100928,1
100944,0
100950,0
100952,0
100953,1
100955,0
100957,0
100958,0
100959,1
100962,0
100963,0
100967,0
100978,0
100982,0
100988,0
100990,0
100994,0
101001,1
101008,0
101009,0
101010,0
101015,0
101021,1
101026,1
101029,0
101038,0
101041,0
101049,0
101052,0
101054,0
101056,0
101059,0
101060,1
101061,1
101064,0
101071,0
101076,0
101089,0
101091,0
101092,0
101093,1
101095,1
101096,0
101101,0
101111,1
101113,0
101116,0
101118,0
101121,0
101122,0
101127,0
101128,0
101131,1
101138,0
101141,1
101144,0
101147,0
101148,0
101149,0
101151,0
101152,1
101153,0
101154,0
101158,1
101159,0
101163,0
101164,0
101165,0
101171,1
101175,1
101183,1
101186,1
101187,0
101188,0
101189,0
101198,0
101200,1
101203,1
101206,0
101209,0
101211,0
101216,0
101217,1
101218,0
101224,0
101229,1
101230,0
101235,0
101238,0
101240,1
101247,1
101251,0
101253,0
101257,1
101261,0
101265,0
101267,0
101270,1
101272,0
101277,0
101283,0
101287,1
101288,0
101298,0
101302,0
101305,0
101306,0
101308,0
101312,0
101335,1
101339,0
101344,1
101348,0
101354,0
101358,0
101361,0
101362,0
101363,0
101365,0
101366,0
101369,1
101374,1
101377,0
101380,0
101386,0
101394,0
101398,1
101403,0
101405,0
101406,0
101413,1
101414,1
101420,0
101421,0
101425,0
101430,0
101432,0
101434,1
101435,1
101438,0
101440,0
101443,1
101445,1
101448,1
101449,0
101457,0
101459,1
101468,0
101476,1
101477,0
101481,0
101487,0
101490,0
101494,0
101496,0
101498,1
101499,0
101503,1
101504,0
101515,0
101516,0
101518,1
101519,0
101531,0
101534,0
101537,0
101538,0
101540,0
101543,0
101550,1
101552,1
101557,0
101558,0
101560,0
101564,0
101565,0
101567,1
101572,1
101574,0
101576,0
101584,0
101585,1
101587,1
101593,1
101598,0
101601,1
101602,0
101603,0
101608,0
101609,1
101614,0
101616,0
101620,0
101622,0
101626,0
101627,0
101628,0
101629,1
101631,0
101633,0
101638,0
101642,0
101643,0
101653,0
101654,0
101657,0
101658,1
101659,0
101663,0
101669,0
101675,1
101676,0
101686,0
101687,0
101689,0
101690,0
101695,0
101697,0
101698,0
101701,0
101706,0
101707,0
101710,0
101712,0
101716,0
101719,0
101720,0
101723,0
101724,0
101725,0
101727,0
101732,0
101734,1
101736,0
101739,0
101741,0
101743,0
101744,0
101745,0
101762,1
101774,1
101778,0
101783,0
101787,0
101793,0
101796,1
101797,0
101798,0
101799,0
101800,0
101805,0
101806,0
101815,0
101817,0
101822,0
101825,1
101830,1
101835,0
101838,0
101840,1
101844,1
101847,0
101848,1
101850,0
101855,0
101865,0
101866,0
101872,0
101873,0
101883,1
101885,0
101890,0
101892,0
101900,0
101901,1
101902,0
101905,0
101906,0
101910,1
101912,1
101914,1
101917,0
101918,1
101919,0
101920,0
101921,0
101923,0
101926,0
101930,1
101931,0
101934,0
101936,0
101938,0
101941,0
101945,0
101950,1
101951,1
101952,0
101958,1
101962,1
101965,1
101966,0
101967,1
101971,0
101972,0
101973,0
101975,0
101977,0
101978,0
101979,0
101980,0
101981,0
101982,0
101983,1
101984,0
101986,0
101989,0
101990,0
101992,0
101993,1
101994,1
101995,0
101999,0
102001,0
102005,1
102011,0
102012,0
102014,0
102015,1
102016,1
102019,0
102026,0
102029,0
102030,0
102031,0
102033,0
102037,0
102041,0
102043,1
102048,1
102049,0
102053,0
102054,0
102055,1
102059,0
102061,0
102074,0
102075,0
102078,1
102079,1
102082,0
102085,0
102086,1
102087,1
102088,1
102089,0
102092,0
102093,0
102095,1
102096,0
102103,0
102104,0
102108,0
102113,0
102115,0
102121,1
102124,0
102127,0
102128,1
102129,0
102134,0
102137,0
102139,0
102143,0
102148,0
102151,0
102152,0
102153,0
102155,0
102156,1
102158,0
102162,0
102164,0
102169,0
102171,0
102173,0
102175,0
102177,0
102180,0
102183,0
102187,0
102193,0
102194,0
102197,0
102199,0
102200,0
102202,1
102205,0
102206,0
102207,0
102208,0
102209,0
102211,0
102214,0
102215,0
102216,1
102220,0
102225,0
102226,0
102227,1
102231,1
102233,1
102235,1
102241,0
102244,0
102245,0
102246,0
102249,0
102260,0
102261,0
102267,0
102271,0
102273,0
102275,1
102277,0
102280,0
102281,0
102283,0
102286,0
102288,0
102293,0
102296,0
102297,0
102303,0
102306,0
102311,0
102313,0
102314,0
102317,0
102323,1
102324,0
102325,1
102326,1
102329,1
102338,1
102339,1
102341,0
102344,0
102349,0
102350,1
102354,0
102355,0
102358,0
102369,1
102370,0
102374,0
102380,0
102384,0
102385,0
102388,0
102394,0
102397,1
102398,0
102400,0
102402,1
102404,1
102405,0
102409,0
102415,0
102416,0
102417,0
102419,1
102426,0
102429,1
102432,0
102436,0
102439,1
102442,0
102448,0
102449,0
102450,0
102454,1
102458,1
102460,0
102470,0
102472,0
102474,0
102476,0
102477,0
102478,0
102479,0
102486,0
102487,0
102496,0
102498,0
102499,1
102505,1
102506,1
102507,0
102508,0
102510,0
102512,0
102513,0
102523,0
102531,0
102534,0
102538,1
102539,0
102543,0
102546,1
102548,1
102552,0
102554,1
102559,0
102560,1
102562,1
102563,0
102566,1
102569,1
102571,0
102574,0
102579,0
102580,0
102582,0
102583,0
102591,1
102593,0
102594,1
102596,0
102597,0
102601,1
102609,0
102610,0
102611,0
102614,0
102615,1
102616,0
102618,0
102620,0
102621,0
102622,0
102623,0
102635,0
102638,0
102639,0
102640,1
102641,0
102643,1
102644,0
102652,0
102654,0
102662,0
102666,0
102671,0
102672,1
102673,0
102677,0
102678,0
102680,0
102681,0
102682,0
102686,0
102687,0
102688,0
102691,0
102692,1
102695,0
102696,1
102697,0
102698,1
102701,0
102702,0
102703,0
102706,0
102713,0
102717,0
102725,0
102726,0
102728,1
102735,0
102742,1
102743,0
102753,0
102754,0
102760,0
102761,0
102763,0
102767,0
102770,0
102771,0
102775,0
102776,0
102778,0
102779,0
102781,0
102783,1
102784,0
102787,1
102788,0
102789,1
102790,0
102797,1
102799,0
102804,0
102805,0
102812,0
102815,0
102819,0
102820,0
102821,0
102822,0
102823,0
102824,0
102832,1
102833,0
102837,0
102840,0
102843,0
102850,0
102854,0
102858,0
102861,1
102865,0
102868,1
102872,0
102873,1
102874,0
102875,0
102879,0
102881,1
102883,0
102884,0
102889,1
102890,0
102892,0
102893,0
102894,1
102902,0
102907,0
102908,0
102917,1
102919,0
102920,1
102921,0
102927,1
102930,0
102940,0
102941,0
102946,1
102950,1
102955,0
102957,0
102958,0
102961,0
102970,0
102972,0
102978,0
102981,0
102987,0
102989,1
102991,1
102994,0
102998,0
103000,0
103001,0
103003,0
103006,1
103007,0
103009,0
103010,1
103015,0
103018,1
103020,0
103024,0
103025,1
103027,0
103029,0
103031,0
103032,0
103038,1
103040,0
103045,0
103047,0
103055,0
103057,0
103060,0
103061,1
103062,0
103068,0
103075,0
103077,0
103078,1
103080,0
103082,1
103084,0
103096,1
103097,0
103098,1
103100,0
103106,0
103107,1
103112,0
103113,0
103126,0
103131,0
103135,0
103145,0
103151,0
103154,0
103157,1
103158,0
103161,0
103178,0
103180,0
103186,0
103188,1
103189,0
103196,0
103199,0
103200,0
103201,1
103202,0
103204,0
103206,0
103209,1
103210,1
103211,0
103212,1
103214,0
103220,0
103221,0
103224,1
103227,0
103230,0
103234,0
103236,0
103245,0
103246,0
103248,0
103249,0
103251,0
103256,0
103261,0
103263,1
103266,0
103268,0
103269,0
103270,0
103274,0
103276,1
103283,1
103297,0
103302,0
103305,0
103307,0
103309,0
103311,0
103313,0
103314,0
103316,0
103321,1
103323,1
103329,0
103334,0
103337,1
103338,0
103344,0
103347,0
103348,1
103353,1
103355,1
103371,1
103372,1
103373,1
103375,0
103383,0
103388,0
103389,1
103392,1
103393,0
103396,0
103397,0
103398,0
103399,0
103401,0
103402,0
103404,1
103405,0
103406,0
103412,0
103414,0
103421,0
103422,0
103424,0
103425,0
103430,0
103432,0
103434,0
103438,0
103440,0
103443,0
103444,1
103452,0
103453,0
103454,1
103458,1
103460,0
103468,0
103474,1
103480,0
103482,0
103485,0
103487,0
103488,0
103492,0
103495,0
103500,0
103501,0
103506,0
103508,1
103511,0
103512,0
103513,1
103514,1
103519,1
103521,0
103523,0
103525,0
103526,1
103530,1
103531,1
103534,0
103535,0
103536,0
103537,0
103545,0
103549,0
103551,1
103558,0
103559,0
103565,0
103567,1
103569,0
103572,0
103573,0
103578,0
103581,1
103582,0
103583,0
103585,0
103586,0
103595,1
103596,1
103597,0
103598,1
103602,0
103607,0
103610,1
103613,0
103614,0
103615,0
103619,1
103622,0
103623,0
103624,1
103632,0
103635,0
103641,1
103646,0
103648,0
103651,0
103654,0
103656,0
103657,1
103658,0
103663,0
103665,0
103667,0
103668,0
103669,1
103673,0
103677,1
103680,0
103681,0
103685,0
103689,0
103690,1
103691,0
103693,0
103697,0
103698,0
103699,0
103702,0
103704,0
103707,0
103709,1
103710,0
103711,1
103718,0
103719,0
103723,0
103730,0
103738,0
103740,0
103743,1
103744,0
103750,1
103753,0
103759,1
103760,0
103761,0
103765,1
103766,0
103777,0
103779,0
103780,0
103785,1
103786,1
103789,0
103795,0
103800,0
103804,1
103809,1
103813,0
103815,0
103816,0
103820,0
103821,0
103827,1
103834,1
103835,1
103840,1
103841,0
103843,0
103846,0
103847,1
103848,0
103863,0
103867,0
103869,0
103870,0
103872,1
103873,0
103874,0
103879,0
103880,1
103881,0
103882,0
103889,0
103891,0
103893,1
103895,0
103896,0
103897,1
103900,0
103904,0
103905,1
103907,0
103909,0
103917,0
103919,0
103925,1
103927,1
103928,1
103929,0
103930,1
103933,0
103934,0
103935,0
103936,1
103937,1
103948,0
103951,0
103960,0
103965,1
103970,0
103971,0
103973,0
103977,0
103978,0
103993,0
103994,0
103998,1
103999,0
104000,1
104004,0
104013,1
104015,0
104019,0
104021,0
104022,1
104023,1
104024,0
104027,1
104031,1
104032,0
104042,0
104046,1
104047,0
104048,0
104050,0
104052,0
104060,0
104061,0
104062,1
104063,0
104064,0
104066,0
104068,0
104074,0
104077,0
104080,0
104083,0
104086,0
104087,0
104088,0
104094,0
104095,0
104112,0
104115,0
104118,0
104119,0
104120,0
104122,0
104123,0
104126,0
104133,0
104138,0
104140,1
104141,0
104142,0
104144,0
104148,1
104151,1
104156,0
104157,0
104159,0
104161,1
104164,1
104167,0
104169,0
104171,0
104180,0
104182,0
104183,0
104184,0
104188,0
104190,0
104191,1
104192,0
104195,0
104197,0
104199,0
104214,1
104216,0
104217,1
104222,0
104223,0
104226,0
104232,0
104233,0
104238,1
104239,0
104240,0
104242,0
104243,1
104248,0
104249,0
104255,0
104259,1
104260,0
104266,0
104270,0
104271,1
104272,1
104275,0
104276,0
104281,0
104282,0
104284,0
104286,1
104287,0
104295,0
104297,1
104309,0
104310,0
104311,0
104312,0
104313,0
104314,1
104316,1
104317,1
104318,1
104319,0
104320,0
104326,0
104332,0
104333,0
104334,0
104340,0
104344,0
104347,1
104348,0
104350,1
104352,0
104354,0
104356,0
104357,1
104360,0
104361,0
104365,0
104369,0
104370,0
104371,0
104374,0
104376,0
104385,0
104386,0
104389,0
104390,1
104391,1
104395,0
104397,0
104399,0
104400,0
104407,0
104410,0
104414,0
104416,0
104419,1
104425,0
104430,0
104432,0
104435,0
104436,1
104437,1
104438,0
104448,1
104450,1
104454,0
104463,0
104464,1
104469,0
104470,0
104472,0
104481,0
104484,0
104485,0
104489,0
104491,0
104493,1
104502,1
104508,0
104516,1
104518,0
104519,0
104520,0
104521,0
104523,0
104527,1
104531,0
104533,0
104534,0
104535,0
104536,0
104540,1
104541,0
104542,0
104543,0
104545,0
104546,0
104547,1
104550,0
104553,0
104556,1
104557,0
104558,1
104561,0
104565,1
104566,0
104567,0
104568,0
104570,0
104571,0
104572,0
104573,0
104574,1
104580,0
104582,0
104586,0
104589,0
104596,1
104598,0
104604,0
104605,0
104606,0
104610,0
104611,0
104613,0
104616,0
104619,0
104628,1
104630,0
104632,0
104634,0
104635,0
104639,1
104643,0
104647,0
104651,0
104653,0
104657,0
104658,1
104660,0
104661,0
104665,1
104666,0
104667,0
104677,0
104678,0
104681,1
104683,0
104684,1
104685,1
104686,0
104691,0
104694,1
104697,0
104703,0
104708,0
104714,0
104715,1
104720,1
104722,0
104723,1
104725,1
104727,0
104731,0
104734,0
104740,0
104741,0
104744,1
104748,0
104761,0
104762,1
104763,0
104764,1
104765,0
104766,1
104769,0
104775,0
104777,0
104784,0
104785,0
104788,0
104789,1
104791,0
104793,0
104797,1
104801,0
104803,0
104805,0
104808,1
104814,0
104815,0
104828,1
104834,1
104837,0
104841,0
104842,1
104843,0
104845,0
104848,0
104850,1
104852,0
104855,0
104856,0
104857,0
104859,0
104862,1
104865,0
104867,0
104868,0
104870,0
104875,0
104877,0
104883,0
104887,1
104893,1
104894,0
104897,0
104898,0
104900,1
104901,0
104902,0
104905,1
104906,0
104909,0
104910,0
104911,0
104917,1
104919,0
104920,1
104921,0
104922,0
104926,0
104929,1
104932,1
104938,1
104940,0
104941,0
104942,0
104950,0
104951,0
104954,0
104955,0
104956,0
104959,1
104976,1
104982,0
104985,0
104988,0
104994,0
105005,0
105006,1
105007,0
105008,0
105015,0
105021,1
105023,0
105029,0
105037,1
105038,0
105042,0
105043,0
105044,1
105045,0
105047,0
105048,1
105056,0
105057,0
105064,0
105066,0
105067,0
105068,1
105071,0
105072,1
105073,0
105074,0
105075,0
105078,0
105079,1
105080,0
105082,0
105085,1
105086,0
105091,1
105094,0
105096,1
105098,0
105099,1
105102,0
105103,1
105104,0
105106,1
105109,0
105110,0
105111,0
105113,0
105114,0
105118,0
105119,0
105121,0
105123,1
105126,0
105128,0
105131,0
105133,0
105135,0
105139,0
105149,0
105158,0
105162,0
105163,0
105168,1
105172,0
105173,0
105181,0
105182,0
105188,0
105203,0
105204,0
105208,0
105211,1
105218,1
105220,1
105229,0
105230,0
105232,0
105234,0
105235,0
105237,0
105245,0
105246,0
105248,0
105250,0
105258,0
105265,1
105269,0
105272,0
105274,0
105279,0
105282,0
105283,0
105285,0
105288,0
105290,0
105292,0
105296,0
105297,0
105299,0
105303,0
105305,1
105308,0
105310,0
105313,0
105318,0
105319,1
105321,1
105326,0
105329,0
105334,0
105335,0
105337,0
105339,1
105340,0
105343,0
105350,0
105353,1
105354,1
105356,0
105362,0
105365,0
105368,0
105375,1
105379,0
105380,0
105383,0
105384,0
105385,1
105387,0
105389,0
105390,1
105391,1
105396,0
105406,0
105408,0
105410,0
105412,0
105413,0
105415,0
105417,0
105428,0
105433,0
105447,1
105449,0
105452,0
105464,0
105465,0
105466,0
105468,0
105476,0
105477,0
105485,0
105486,0
105487,1
105489,0
105493,0
105497,0
105498,0
105500,0
105504,0
105507,0
105508,0
105511,0
105513,1
105517,0
105519,0
105528,0
105532,1
105533,0
105539,1
105543,1
105546,0
105547,0
105550,0
105551,1
105552,0
105556,0
105557,0
105559,0
105564,0
105568,0
105570,1
105571,0
105572,0
105577,0
105581,0
105583,0
105586,1
105593,0
105596,0
105599,1
105604,0
105606,0
105610,0
105611,0
105614,0
105618,1
105620,0
105621,0
105627,0
105629,0
105632,0
105634,0
105637,1
105638,1
105639,0
105640,0
105649,1
105653,1
105654,0
105657,0
105661,0
105663,1
105668,0
105671,1
105682,0
105687,1
105691,1
105693,0
105696,0
105698,0
105699,0
105704,0
105705,0
105708,1
105713,0
105717,0
105718,0
105725,0
105728,0
105729,1
105730,0
105739,0
105740,0
105745,0
105751,0
105753,1
105754,0
105755,0
105759,0
105763,0
105765,0
105767,1
105770,0
105774,1
105777,0
105778,1
105779,1
105782,0
105784,0
105785,1
105788,1
105790,1
105792,0
105795,0
105797,1
105802,0
105804,0
105809,0
105816,0
105821,0
105823,0
105826,1
105827,1
105828,0
105829,0
105834,0
105840,0
105842,0
105843,0
105846,0
105848,0
105855,1
105856,0
105857,0
105859,0
105860,0
105861,1
105862,1
105865,0
105866,0
105867,1
105870,1
105876,0
105878,0
105881,0
105887,0
105888,0
105893,1
105894,0
105896,1
105897,1
105900,0
105902,0
105905,0
105906,0
105917,1
105918,1
105920,1
105921,1
105925,0
105926,0
105928,1
105935,0
105938,0
105947,0
105948,0
105951,0
105953,0
105954,0
105959,0
105966,0
105970,0
105971,0
105974,0
105975,0
105976,0
105978,0
105988,1
105989,1
105993,0
105998,1
106002,0
106006,0
106008,0
106009,0
106011,0
106014,1
106017,0
106021,1
106022,1
106027,0
106029,0
106031,1
106033,0
106036,0
106039,0
106043,0
106053,0
106055,1
106056,0
106060,0
106064,0
106065,0
106067,0
106068,0
106070,0
106074,0
106079,1
106080,0
106082,1
106084,0
106086,0
106087,1
106093,1
106096,0
106097,0
106100,0
106102,0
106104,0
106109,0
106110,0
106112,1
106117,0
106118,0
106130,1
106132,1
106135,0
106136,1
106137,1
106139,0
106141,1
106142,0
106143,0
106146,1
106155,0
106157,0
106164,0
106165,0
106168,0
106169,1
106170,0
106171,1
106172,0
106180,1
106182,0
106184,0
106185,0
106186,0
106188,1
106189,0
106196,0
106197,0
106202,1
106204,0
106212,0
106219,0
106220,0
106224,0
106227,1
106230,0
106235,1
106237,0
106242,0
106244,0
106245,0
106247,0
106249,0
106252,1
106253,1
106256,0
106261,1
106264,0
106272,0
106279,0
106280,1
106282,0
106286,0
106294,0
106295,0
106296,0
106297,0
106299,0
106300,1
106304,0
106305,0
106310,1
106312,0
106313,0
106314,1
106317,1
106318,1
106325,0
106331,0
106332,0
106334,0
106338,0
106339,1
106340,1
106349,0
106358,0
106360,0
106362,1
106367,0
106374,0
106386,0
106387,1
106388,1
106391,1
106395,0
106398,0
106403,0
106406,0
106409,0
106413,1
106415,1
106416,0
106418,1
106419,0
106422,0
106425,0
106429,1
106435,0
106436,0
106440,0
106441,0
106442,0
106445,1
106446,0
106448,1
106449,0
106450,1
106454,1
106455,1
106457,1
106460,0
106465,0
106469,1
106472,0
106481,0
106487,0
106495,1
106496,0
106504,1
106506,0
106507,0
106508,1
106512,1
106513,1
106515,0
106516,0
106522,0
106523,0
106524,0
106526,0
106533,0
106537,1
106545,0
106548,0
106550,0
106551,0
106557,0
106558,0
106560,0
106561,0
106563,0
106564,1
106565,1
106567,0
106568,1
106570,0
106571,0
106574,0
106576,0
106580,1
106583,0
106585,0
106586,0
106590,0
106591,0
106600,0
106604,0
106608,0
106609,0
106610,1
106626,0
106628,0
106631,0
106636,1
106637,1
106641,0
106643,0
106645,0
106646,0
106653,0
106654,1
106656,1
106659,0
106660,1
106661,1
106663,1
106665,1
106668,1
106670,0
106673,1
106674,1
106675,0
106691,0
106698,0
106705,0
106711,1
106714,0
106716,1
106717,0
106723,1
106725,0
106729,0
106730,0
106734,0
106735,1
106736,0
106738,0
106742,1
106743,1
106744,1
106749,0
106757,1
106758,1
106764,1
106765,1
106766,0
106767,0
106771,1
106777,0
106784,1
106787,1
106788,0
106791,0
106796,1
106799,0
106803,0
106808,0
106817,0
106819,0
106820,0
106824,1
106830,0
106832,0
106833,0
106838,1
106841,0
106842,0
106844,1
106846,0
106847,0
106849,0
106850,0
106856,0
106858,0
106859,0
106860,0
106861,0
106864,0
106866,1
106871,1
106875,0
106877,0
106880,0
106881,0
106882,0
106884,0
106902,1
106903,0
106907,0
106912,1
106913,0
106916,0
106917,1
106921,0
106924,0
106927,1
106928,1
106931,1
106935,0
106936,0
106941,0
106943,1
106947,0
106958,1
106960,0
106966,0
106969,1
106974,0
106977,0
106984,0
106986,1
106995,0
106996,0
107000,0
107004,0
107008,0
107011,1
107015,0
107017,0
107018,0
107022,0
107030,0
107031,0
107033,0
107035,0
107040,0
107044,0
107045,0
107048,0
107051,0
107053,0
107054,0
107059,0
107062,0
107067,1
107073,1
107075,1
107079,0
107080,0
107081,0
107083,0
107085,0
107087,1
107092,0
107093,0
107094,0
107095,0
107097,0
107098,1
107105,1
107106,0
107107,0
107108,0
107110,0
107111,0
107113,1
107115,0
107118,0
107119,0
107126,0
107127,0
107128,0
107131,0
107134,1
107135,1
107144,0
107145,1
107146,0
107148,0
107151,0
107154,0
107156,0
107159,1
107160,0
107161,0
107168,0
107171,0
107173,0
107185,0
107186,1
107188,1
107191,0
107193,0
107196,0
107198,1
107201,1
107202,0
107204,1
107208,1
107209,1
107210,0
107212,1
107216,0
107217,0
107223,0
107231,1
107232,0
107234,0
107237,0
107240,1
107241,0
107244,0
107246,0
107249,0
107250,0
107254,0
107256,0
107261,0
107262,1
107269,0
107272,0
107282,1
107284,0
107287,1
107288,0
107298,1
107301,1
107303,0
107304,1
107305,1
107308,0
107309,0
107312,0
107313,0
107315,1
107317,0
107322,0
107326,0
107330,1
107331,0
107336,0
107339,0
107341,0
107343,0
107345,0
107357,1
107358,0
107363,1
107365,0
107376,0
107379,1
107383,0
107384,0
107387,0
107392,0
107394,1
107396,0
107398,0
107401,1
107410,1
107411,0
107415,0
107417,0
107419,0
107423,0
107424,0
107427,0
107428,1
107430,0
107432,0
107435,0
107438,0
107441,0
107445,1
107446,0
107454,0
107458,0
107462,1
107466,0
107468,0
107472,0
107482,1
107484,0
107488,0
107491,0
107492,0
107495,1
107497,1
107501,0
107502,1
107505,0
107508,1
107509,0
107516,0
107518,1
107521,0
107522,0
107527,1
107528,0
107531,0
107532,1
107533,0
107534,0
107536,0
107538,0
107540,0
107547,1
107550,0
107551,0
107556,1
107564,1
107566,1
107569,0
107574,0
107575,0
107577,1
107582,0
107583,0
107584,0
107590,0
107593,0
107599,0
107600,1
107606,0
107607,0
107608,0
107610,0
107616,0
107619,1
107620,0
107627,0
107628,1
107638,0
107640,1
107643,0
107645,0
107651,0
107657,0
107658,0
107659,0
107660,0
107665,1
107669,0
107670,1
107673,1
107676,0
107677,0
107678,0
107679,0
107680,0
107683,1
107686,0
107688,0
107690,0
107691,0
107692,1
107696,0
107702,1
107705,1
107706,0
107707,0
107716,0
107721,0
107722,0
107723,0
107725,0
107726,0
107728,0
107729,1
107735,0
107736,0
107739,0
107741,0
107744,0
107745,1
107751,1
107752,0
107755,0
107756,0
107757,0
107758,0
107759,0
107763,0
107768,0
107774,0
107775,0
107780,0
107783,0
107787,0
107788,0
107793,1
107795,1
107797,0
107798,0
107799,0
107802,0
107803,0
107804,1
107808,1
107809,1
107810,1
107812,0
107813,0
107814,1
107821,1
107822,0
107828,0
107829,0
107837,0
107838,0
107842,0
107845,1
107848,1
107851,1
107855,1
107856,1
107859,1
107862,0
107864,0
107865,0
107867,0
107868,1
107871,1
107873,0
107875,0
107877,0
107879,0
107880,1
107887,0
107893,1
107894,0
107895,0
107898,0
107899,0
107902,0
107906,0
107907,0
107917,0
107919,0
107921,0
107922,0
107923,0
107926,0
107927,1
107935,0
107936,0
107937,0
107941,0
107943,0
107951,0
107953,0
107957,1
107960,0
107971,0
107975,0
107976,0
107978,1
107980,1
107985,0
107989,0
107990,0
107992,0
107993,0
107996,1
107999,1
108000,0
108005,0
108007,1
108010,0
108019,0
108021,0
108022,0
108024,0
108026,0
108029,0
108030,0
108031,0
108035,0
108037,0
108039,1
108041,0
108042,0
108047,0
108048,0
108056,1
108058,1
108059,0
108063,0
108064,0
108067,0
108068,1
108071,0
108075,0
108082,0
108084,0
108085,1
108090,0
108092,0
108103,0
108106,0
108107,1
108109,0
108110,0
108112,0
108114,0
108118,0
108119,0
108121,0
108124,0
108129,0
108133,0
108137,0
108138,0
108139,0
108140,0
108143,1
108144,0
108146,0
108157,0
108164,1
108165,1
108166,1
108168,0
108169,0
108171,0
108176,0
108181,0
108190,0
108192,0
108193,0
108202,0
108210,0
108212,1
108219,1
108220,0
108221,1
108225,0
108227,1
108229,1
108230,1
108232,0
108234,0
108236,1
108239,1
108242,0
108244,0
108246,0
108251,0
108255,1
108259,0
108260,1
108262,0
108267,0
108270,0
108271,0
108272,0
108275,0
108277,1
108287,0
108289,0
108291,0
108292,0
108293,0
108295,1
108296,0
108299,1
108302,0
108306,0
108307,0
108309,0
108310,0
108313,0
108316,0
108317,0
108318,0
108326,0
108329,1
108330,1
108333,0
108334,0
108335,1
108339,0
108347,1
108348,0
108350,0
108361,0
108364,0
108373,0
108375,0
108380,0
108385,0
108388,0
108390,1
108392,1
108394,0
108397,1
108402,0
108404,1
108413,0
108415,1
108421,0
108427,0
108429,1
108434,1
108442,0
108446,0
108449,1
108450,0
108451,1
108453,1
108456,0
108457,1
108460,0
108461,1
108464,0
108465,0
108466,0
108467,0
108469,1
108475,1
108482,0
108484,0
108489,0
108495,0
108496,1
108498,0
108501,0
108502,1
108503,0
108507,0
108508,0
108509,0
108510,0
108512,0
108513,0
108514,0
108515,0
108516,0
108523,0
108524,0
108525,0
108526,1
108528,1
108535,0
108542,1
108544,0
108549,0
108552,0
108554,0
108555,0
108556,0
108557,0
108560,0
108561,0
108562,0
108563,0
108568,0
108570,0
108571,1
108572,0
108576,0
108578,0
108580,0
108581,0
108582,0
108583,0
108586,0
108590,0
108595,0
108598,1
108601,0
108604,0
108606,1
108607,0
108609,1
108610,1
108613,0
108615,1
108616,0
108617,1
108619,0
108627,1
108629,0
108633,0
108634,0
108635,1
108638,1
108641,0
108643,0
108644,0
108646,0
108648,0
108650,1
108651,0
108654,0
108656,0
108660,1
108668,1
108674,0
108676,0
108678,0
108682,0
108683,0
108695,1
108699,0
108705,0
108708,0
108712,0
108722,1
108725,1
108734,0
108735,0
108743,0
108745,0
108748,0
108751,0
108759,1
108761,1
108763,0
108764,1
108768,1
108769,0
108773,1
108777,0
108788,0
108789,0
108790,0
108791,1
108793,0
108795,1
108798,0
108799,0
108809,0
108810,0
108822,0
108824,1
108825,0
108826,0
108827,0
108828,1
108829,0
108836,1
108839,0
108850,0
108851,0
108852,0
108853,1
108855,0
108858,0
108861,0
108863,0
108876,0
108877,0
108878,0
108880,1
108883,1
108886,0
108887,0
108890,1
108892,0
108894,1
108895,0
108896,1
108898,1
108900,1
108901,1
108905,0
108906,0
108914,0
108925,0
108926,1
108927,0
108928,0
108929,1
108930,0
108933,1
108937,0
108943,0
108946,0
108949,0
108950,0
108953,1
108958,0
108970,0
108974,0
108978,0
108979,0
108982,0
108985,0
108988,0
108990,0
108995,0
108996,0
108998,0
109005,0
109007,0
109008,0
109011,0
109013,1
109018,1
109020,0
109022,1
109024,0
109025,0
109031,0
109033,0
109037,0
109038,0
109039,0
109041,0
109045,1
109048,0
109053,0
109062,0
109065,0
109067,1
109071,0
109072,0
109079,0
109081,0
109082,0
109086,0
109090,0
109095,0
109096,0
109099,0
109102,1
109105,1
109109,0
109116,0
109118,0
109121,0
109124,0
109130,0
109135,1
109139,0
109140,0
109142,0
109144,0
109145,1
109147,0
109155,1
109157,0
109158,0
109159,0
109160,0
109162,0
109164,0
109167,0
109180,0
109182,0
109183,0
109187,1
109188,1
109190,0
109193,0
109197,0
109198,0
109199,0
109200,0
109201,1
109202,0
109210,1
109211,0
109213,0
109222,0
109223,0
109228,0
109229,0
109232,0
109233,1
109236,1
109237,0
109238,0
109241,1
109245,0
109247,0
109248,0
109249,0
109255,0
109257,0
109259,0
109261,0
109264,0
109265,0
109267,0
109268,0
109273,0
109277,0
109280,0
109282,0
109285,0
109287,0
109290,1
109294,0
109299,0
109303,0
109305,0
109308,1
109310,0
109312,0
109323,0
109325,1
109332,0
109337,1
109341,0
109343,0
109344,0
109345,0
109347,1
109349,0
109350,0
109352,0
109355,1
109358,0
109359,1
109360,0
109361,0
109364,0
109365,0
109367,0
109368,0
109370,1
109373,0
109382,0
109385,0
109388,0
109390,1
109392,0
109393,0
109395,1
109396,1
109402,0
109403,1
109404,0
109405,0
109409,1
109411,0
109413,1
109420,0
109421,0
109422,0
109423,0
109426,0
109427,0
109428,0
109430,0
109433,0
109435,0
109439,0
109444,0
109445,0
109446,0
109450,0
109451,0
109452,0
109454,1
109455,0
109456,0
109460,0
109466,0
109467,0
109477,0
109479,0
109480,0
109483,0
109488,0
109491,0
109495,0
109498,0
109500,0
109502,0
109505,0
109506,0
109507,0
109508,0
109509,0
109510,1
109511,0
109513,0
109517,0
109519,1
109521,1
109523,1
109526,1
109530,0
109531,0
109536,0
109539,0
109544,0
109547,0
109548,0
109550,1
109552,0
109554,0
109562,1
109563,1
109564,0
109567,0
109568,0
109574,1
109576,0
109577,0
109584,0
109585,0
109586,0
109591,0
109594,1
109596,0
109602,1
109604,1
109611,1
109613,0
109615,0
109617,1
109620,0
109621,0
109623,1
109625,0
109631,0
109640,0
109643,0
109644,1
109649,0
109650,1
109652,0
109655,1
109657,0
109660,0
109664,0
109666,0
109669,0
109672,0
109673,0
109674,1
109675,0
109680,0
109689,0
109690,0
109692,0
109697,0
109698,0
109700,0
109701,0
109709,0
109711,0
109713,0
109715,0
109729,0
109732,0
109741,0
109742,0
109746,0
109747,0
109748,0
109751,0
109752,0
109756,0
109761,0
109764,0
109765,0
109781,1
109782,0
109785,0
109786,1
109788,1
109789,0
109790,1
109792,0
109800,0
109812,0
109813,0
109818,1
109820,0
109822,1
109823,0
109827,0
109829,0
109830,1
109831,1
109834,1
109836,0
109837,1
109838,1
109845,0
109846,1
109847,0
109850,0
109851,0
109854,1
109860,1
109862,0
109863,0
109866,0
109871,0
109872,1
109874,0
109875,0
109880,0
109882,0
109883,0
109884,0
109888,0
109890,0
109904,0
109907,0
109913,1
109922,1
109926,0
109935,0
109936,0
109937,0
109946,0
109951,0
109952,0
109953,0
109955,0
109959,0
109960,0
109961,0
109963,1
109965,0
109967,0
109969,0
109971,0
109974,0
109975,1
109978,0
109980,0
109984,0
109991,1
109992,1
109996,0
110000,0
110003,0
110007,0
110010,0
110011,0
110015,0
110016,0
110019,0
110022,0
110024,0
110025,0
110028,0
110029,0
110030,1
110032,0
110034,0
110035,0
110042,0
110044,1
110050,1
110052,0
110057,0
110061,1
110064,0
110066,1
110070,0
110072,0
110074,0
110077,0
110078,0
110080,1
110083,0
110087,0
110088,1
110095,0
110096,0
110097,0
110105,0
110107,0
110110,0
110113,1
110117,1
110119,1
110121,0
110125,1
110127,1
110129,0
110139,0
110142,0
110148,0
110150,0
110151,0
110152,1
110156,0
110172,1
110175,0
110183,0
110187,0
110192,0
110194,0
110196,0
110200,1
110205,1
110208,1
110210,1
110211,0
110213,0
110214,1
110220,0
110221,1
110222,0
110224,0
110226,0
110227,0
110229,0
110230,1
110232,0
110238,0
110239,0
110241,0
110246,0
110252,1
110253,0
110254,0
110256,1
110257,1
110266,0
110267,1
110271,0
110276,0
110279,0
110283,1
110284,1
110285,0
110287,0
110289,0
110291,0
110293,1
110296,0
110298,0
110302,0
110305,0
110308,0
110310,0
110318,0
110322,1
110323,0
110328,0
110329,0
110334,0
110336,0
110338,0
110341,0
110344,0
110346,0
110353,0
110356,0
110357,0
110360,0
110363,0
110364,0
110366,0
110372,1
110376,1
110378,0
110382,0
110386,1
110389,0
110391,0
110398,1
110401,0
110406,0
110409,0
110410,1
110413,0
110415,0
110416,1
110417,0
110419,1
110421,0
110423,0
110427,0
110428,0
110433,0
110436,1
110443,0
110454,0
110455,1
110457,1
110460,0
110461,0
110463,0
110464,0
110466,1
110469,1
110470,1
110473,0
110486,0
110490,0
110496,0
110497,1
110507,0
110509,0
110511,1
110513,1
110518,0
110526,0
110527,0
110528,0
110529,0
110531,0
110534,0
110547,0
110548,0
110549,0
110551,1
110556,0
110558,0
110559,1
110566,0
110570,1
110571,0
110572,0
110573,0
110575,0
110576,1
110585,0
110590,0
110594,0
110595,0
110596,0
110601,0
110603,0
110604,0
110606,0
110608,0
110610,0
110611,0
110617,0
110619,1
110624,1
110627,0
110629,0
110631,0
110632,0
110633,0
110634,0
110638,0
110644,0
110646,0
110647,0
110648,0
110652,1
110653,1
110656,1
110657,0
110658,0
110662,0
110664,0
110668,0
110669,1
110671,0
110672,0
110675,0
110681,0
110683,0
110688,0
110697,1
110701,1
110702,0
110706,1
110708,0
110709,0
110711,0
110717,0
110718,0
110721,0
110723,0
110724,1
110728,0
110738,1
110741,0
110745,1
110759,1
110761,1
110770,0
110771,0
110776,0
110778,0
110783,0
110784,0
110789,0
110793,0
110798,0
110801,0
110805,0
110807,0
110808,0
110812,0
110813,0
110816,0
110817,0
110819,0
110822,0
110826,1
110828,1
110833,0
110835,1
110837,0
110839,1
110841,0
110843,0
110847,0
110851,0
110852,1
110856,0
110857,0
110861,0
110867,0
110868,0
110869,1
110871,0
110873,0
110874,1
110877,0
110879,0
110880,0
110881,0
110887,0
110891,0
110892,0
110895,0
110905,0
110909,0
110914,0
110915,0
110918,0
110920,0
110922,1
110927,1
110929,1
110934,0
110941,0
110942,0
110944,0
110948,0
110950,1
110951,0
110952,1
110955,0
110958,0
110961,0
110964,0
110968,0
110969,0
110970,0
110976,0
110980,1
110984,0
110988,1
110989,0
110993,0
110994,0
110997,0
110999,0
111002,1
111003,1
111005,0
111010,0
111018,0
111021,0
111024,0
111025,0
111031,0
111034,0
111035,1
111036,0
111037,0
111038,0
111043,1
111047,1
111049,0
111050,1
111051,0
111052,0
111054,0
111057,0
111060,0
111061,0
111063,0
111067,0
111068,1
111069,0
111081,1
111087,0
111090,0
111091,0
111093,0
111095,0
111098,0
111099,0
111103,0
111108,1
111115,0
111117,0
111128,1
111131,0
111133,1
111134,0
111136,1
111139,0
111140,0
111147,0
111149,0
111159,1
111161,1
111163,0
111165,1
111166,0
111167,0
111169,0
111178,0
111179,0
111180,0
111182,0
111197,0
111200,0
111201,1
111206,0
111207,0
111208,0
111209,0
111212,1
111217,0
111221,1
111224,0
111229,0
111232,0
111234,0
111236,0
111244,0
111251,0
111254,0
111255,0
111256,0
111263,0
111266,1
111271,1
111273,0
111279,0
111280,0
111284,0
111286,0
111292,0
111293,0
111295,0
111296,1
111298,1
111304,0
111307,1
111309,1
111310,0
111311,0
111315,0
111318,1
111319,0
111320,0
111321,1
111323,0
111327,0
111330,1
111332,0
111334,0
111335,0
111336,1
111337,0
111338,0
111347,1
111355,1
111356,0
111359,0
111363,0
111365,1
111369,1
111372,1
111373,0
111377,1
111378,1
111384,0
111389,0
111391,1
111392,1
111394,1
111396,0
111402,0
111412,0
111415,0
111417,0
111420,0
111421,0
111425,0
111426,0
111427,0
111428,1
111429,0
111431,1
111432,1
111438,1
111439,1
111440,1
111443,0
111444,1
111450,0
111451,0
111455,0
111466,0
111468,0
111471,0
111473,0
111475,0
111477,0
111478,0
111483,0
111489,0
111490,0
111491,0
111493,0
111499,0
111501,0
111504,0
111506,1
111507,0
111508,0
111509,0
111514,1
111520,1
111522,1
111529,0
111530,0
111538,0
111545,1
111548,0
111552,0
111553,1
111561,0
111563,0
111564,1
111565,0
111566,1
111575,0
111577,0
111578,0
111582,1
111585,0
111587,1
111591,0
111593,1
111594,0
111595,0
111602,0
111604,0
111605,0
111610,0
111611,1
111623,0
111628,0
111631,0
111636,0
111641,0
111643,1
111645,0
111651,0
111657,0
111664,0
111670,1
111674,0
111677,0
111679,0
111683,0
111684,0
111685,0
111689,0
111693,0
111696,0
111697,0
111698,0
111700,0
111704,0
111709,0
111710,0
111713,0
111714,0
111727,1
111730,1
111734,1
111743,0
111746,0
111747,0
111752,0
111753,0
111754,0
111757,1
111762,0
111763,1
111773,0
111775,1
111777,0
111779,1
111785,0
111790,0
111791,1
111793,0
111799,1
111804,0
111807,1
111812,0
111813,0
111816,0
111824,0
111828,0
111829,0
111835,1
111837,1
111840,1
111841,1
111843,0
111846,0
111848,0
111851,1
111852,1
111855,0
111859,0
111862,1
111864,0
111866,1
111873,1
111876,1
111877,1
111879,0
111883,0
111884,0
111889,0
111890,0
111891,0
111897,0
111900,0
111902,0
111903,0
111904,1
111906,1
111907,0
111919,1
111921,0
111922,0
111924,1
111925,1
111927,0
111928,0
111931,0
111932,1
111935,1
111936,0
111940,0
111942,0
111946,0
111948,0
111952,1
111953,0
111955,1
111956,0
111957,0
111958,0
111965,0
111966,1
111972,0
111977,0
111981,0
111987,0
111991,0
111997,0
112001,0
112002,0
112003,0
112006,1
112008,1
112010,0
112013,0
112014,1
112016,0
112017,1
112018,0
112020,0
112023,0
112025,0
112027,0
112028,1
112031,0
112036,0
112037,0
112038,0
112041,0
112046,0
112049,0
112053,1
112059,0
112063,0
112064,0
112065,1
112066,0
112068,0
112069,0
112071,0
112078,0
112082,1
112086,1
112088,0
112089,0
112095,0
112097,0
112098,0
112101,0
112104,0
112105,0
112106,1
112107,1
112108,1
112113,1
112115,1
112117,0
112118,1
112120,0
112122,1
112123,0
112125,1
112126,0
112129,1
112130,0
112139,0
112140,1
112141,0
112142,0
112153,1
112160,0
112161,0
112163,1
112166,1
112169,0
112172,0
112173,0
112177,0
112184,0
112185,0
112187,0
112189,0
112191,0
112195,0
112198,0
112199,0
112201,0
112203,0
112204,0
112211,1
112220,0
112221,0
112222,0
112226,1
112228,0
112231,0
112237,0
112241,0
112243,0
112247,1
112252,0
112255,1
112257,1
112259,0
112260,0
112261,0
112262,0
112280,0
112284,0
112285,1
112287,0
112289,0
112291,0
112292,0
112293,0
112297,0
112299,1
112309,1
112310,0
112317,1
112327,0
112330,0
112334,0
112336,1
112337,0
112339,0
112344,1
112345,0
112349,0
112350,0
112360,1
112366,0
112371,0
112372,0
112375,0
112376,0
112380,1
112382,0
112387,0
112389,0
112392,0
112393,0
112394,0
112397,0
112409,0
112410,0
112412,1
112413,0
112423,0
112426,0
112430,0
112432,1
112433,0
112434,0
112438,0
112446,0
112447,0
112452,1
112455,1
112456,1
112459,0
112462,1
112464,0
112466,0
112468,0
112469,1
112476,0
112477,0
112478,0
112480,0
112481,0
112490,1
112491,0
112493,0
112494,0
112496,0
112499,0
112504,0
112510,0
112512,0
112514,0
112518,0
112524,0
112525,1
112526,1
112528,0
112529,1
112530,1
112536,1
112537,1
112540,0
112543,0
112545,0
112547,0
112558,0
112562,0
112570,1
112572,0
112575,0
112581,0
112582,0
112584,0
112587,0
112592,1
112597,0
112598,0
112602,0
112604,1
112606,0
112607,0
112611,0
112615,1
112618,1
112622,1
112627,0
112628,1
112634,0
112639,0
112640,0
112644,1
112646,0
112649,0
112654,0
112657,0
112662,0
112663,1
112666,1
112671,0
112674,1
112675,1
112677,1
112680,0
112684,1
112687,0
112688,0
112689,0
112694,0
112695,0
112698,0
112702,0
112704,1
112707,1
112710,0
112713,0
112715,1
112716,0
112719,1
112724,1
112725,0
112727,0
112730,0
112732,0
112739,0
112740,0
112743,1
112747,0
112748,0
112749,1
112757,0
112761,1
112762,0
112763,0
112765,1
112769,0
112773,0
112782,0
112783,0
112785,0
112795,0
112796,0
112799,0
112801,0
112812,0
112819,0
112826,0
112827,0
112829,1
112833,0
112837,0
112840,0
112841,0
112843,0
112844,0
112847,0
112849,0
112850,0
112852,0
112855,0
112856,0
112857,0
112860,0
112862,0
112865,0
112867,1
112868,0
112870,0
112872,0
112873,0
112874,0
112875,0
112877,0
112880,0
112881,0
112882,0
112886,0
112888,0
112892,0
112901,0
112903,0
112904,0
112906,1
112910,0
112914,0
112915,0
112916,0
112919,0
112922,0
112924,0
112930,1
112931,0
112932,0
112937,0
112938,0
112945,0
112946,0
112950,1
112953,1
112958,0
112959,0
112960,1
112961,0
112962,0
112966,1
112968,0
112970,1
112973,0
112976,1
112982,1
112985,1
112989,0
112990,0
113000,0
113001,0
113002,0
113004,0
113011,1
113015,0
113017,1
113020,1
113022,1
113023,1
113028,0
113031,1
113032,0
113039,0
113042,0
113045,1
113050,0
113052,1
113054,0
113062,1
113063,1
113072,0
113075,0
113079,0
113081,0
113083,1
113084,0
113087,0
113092,0
113106,1
113107,0
113112,1
113123,0
113126,0
113131,0
113133,1
113135,0
113137,0
113138,0
113144,0
113145,0
113146,0
113147,0
113152,1
113153,0
113158,0
113159,1
113160,0
113166,0
113168,0
113170,0
113173,0
113176,0
113179,0
113180,0
113182,0
113184,0
113187,0
113188,0
113194,0
113197,1
113202,0
113206,1
113207,0
113208,0
113209,1
113211,0
113212,0
113214,1
113216,0
113217,0
113218,0
113219,0
113221,0
113228,0
113231,0
113233,0
113234,0
113235,1
113237,0
113242,1
113244,0
113246,0
113249,1
113250,0
113252,0
113254,1
113257,0
113259,0
113264,0
113265,0
113270,1
113277,0
113278,0
113280,0
113287,0
113288,0
113291,0
113292,0
113296,0
113300,1
113301,1
113308,0
113315,0
113320,0
113321,0
113326,0
113330,1
113331,0
113336,0
113340,1
113345,0
113347,1
113348,1
113349,0
113350,0
113354,0
113355,1
113360,0
113364,0
113365,0
113366,0
113370,0
113374,0
113380,0
113381,0
113384,1
113386,1
113387,0
113390,0
113391,0
113402,1
113404,0
113408,0
113414,0
113416,0
113417,1
113418,0
113426,1
113429,0
113433,0
113435,1
113436,1
113440,0
113445,0
113446,0
113447,0
113448,0
113450,0
113454,0
113458,0
113463,0
113464,0
113481,0
113482,0
113485,0
113486,0
113495,1
113497,0
113505,0
113511,0
113512,0
113515,0
113517,1
113520,0
113521,0
113523,0
113525,1
113529,0
113532,0
113535,0
113538,0
113539,1
113541,0
113542,0
113543,0
113546,0
113555,1
113558,1
113570,0
113571,0
113578,0
113583,0
113584,0
113588,0
113589,1
113591,0
113594,0
113595,0
113597,0
113601,0
113606,0
113607,1
113611,0
113614,1
113617,0
113620,0
113630,0
113633,1
113637,0
113641,0
113642,0
113644,0
113646,0
113649,0
113654,1
113660,1
113661,0
113665,0
113667,0
113668,0
113670,0
113674,0
113676,0
113677,0
113678,0
113679,1
113685,1
113687,0
113688,0
113696,1
113697,1
113698,0
113701,0
113702,0
113704,0
113708,0
113709,0
113713,0
113718,0
113724,0
113725,0
113726,0
113728,0
113734,0
113741,0
113742,0
113746,0
113752,0
113755,1
113757,1
113758,0
113759,1
113761,0
113782,0
113808,1
113809,0
113810,0
113813,0
113814,0
113815,0
113817,0
113823,1
113825,0
113826,1
113827,0
113828,0
113829,0
113830,0
113837,1
113841,0
113851,0
113856,1
113861,0
113865,1
113870,1
113871,0
113873,0
113874,0
113876,0
113878,0
113879,0
113880,1
113884,0
113890,1
113891,0
113894,1
113895,0
113898,0
113902,0
113907,0
113909,0
113912,0
113918,0
113920,1
113921,1
113927,0
113928,0
113931,0
113933,0
113934,0
113936,1
113937,0
113939,0
113942,1
113948,0
113954,0
113955,1
113957,0
113959,0
113960,0
113963,0
113965,0
113966,1
113973,1
113974,1
113975,1
113978,0
113981,1
113983,1
113985,0
114000,1
114002,0
114006,0
114008,0
114012,0
114015,0
114019,0
114022,0
114024,0
114027,1
114028,1
114033,1
114037,0
114038,0
114042,0
114043,0
114049,0
114056,0
114061,0
114062,0
114063,0
114064,0
114071,1
114075,0
114079,0
114081,0
114082,0
114084,0
114086,1
114096,1
114097,0
114099,1
114100,1
114101,0
114102,0
114106,0
114109,1
114111,0
114113,1
114116,0
114117,0
114127,1
114128,1
114130,1
114131,1
114135,1
114136,0
114138,0
114139,0
114140,0
114143,1
114146,0
114148,1
114151,0
114155,0
114158,0
114161,1
114163,0
114165,1
114167,0
114171,0
114172,1
114174,0
114175,0
114177,0
114185,0
114187,0
114196,0
114198,0
114199,0
114205,0
114216,0
114218,0
114221,0
114229,0
114231,1
114236,0
114243,0
114244,0
114247,1
114249,1
114252,1
114254,0
114255,0
114257,0
114260,0
114269,1
114274,1
114276,0
114279,0
114282,0
114286,0
114288,0
114289,0
114293,1
114295,0
114296,1
114297,0
114298,1
114300,1
114304,0
114305,0
114306,0
114311,0
114313,1
114315,0
114316,0
114319,0
114321,0
114324,0
114329,0
114330,0
114340,1
114342,1
114345,1
114346,1
114347,0
114351,1
114360,0
114362,0
114363,1
114367,1
114370,0
114376,1
114379,0
114383,0
114384,1
114386,1
114387,1
114390,0
114391,1
114394,0
114395,0
114397,0
114398,0
114399,0
114401,0
114403,0
114405,0
114406,0
114408,0
114413,0
114426,0
114433,0
114434,0
114436,1
114442,0
114444,0
114447,0
114453,1
114455,0
114459,0
114461,0
114462,0
114466,0
114473,0
114474,0
114478,1
114484,0
114491,0
114492,1
114493,0
114498,1
114501,0
114504,0
114505,1
114508,0
114511,0
114517,0
114521,0
114523,0
114527,0
114529,0
114536,1
114539,1
114542,0
114543,0
114545,0
114549,0
114551,0
114562,1
114564,0
114566,0
114569,0
114574,0
114575,0
114576,0
114582,0
114591,0
114592,0
114593,0
114596,0
114597,0
114598,0
114600,0
114602,1
114608,0
114610,0
114611,0
114616,1
114619,1
114632,0
114634,0
114636,0
114638,1
114639,0
114641,1
114643,0
114644,1
114646,1
114648,0
114650,0
114652,0
114657,1
114658,1
114661,0
114666,0
114667,1
114670,0
114671,0
114674,1
114676,0
114677,0
114683,0
114686,1
114687,0
114691,0
114692,1
114695,0
114697,1
114699,1
114703,1
114707,0
114708,0
114709,0
114710,0
114712,0
114722,1
114724,0
114727,0
114728,1
114730,0
114731,1
114733,1
114734,0
114737,1
114742,0
114747,0
114749,0
114750,0
114755,0
114767,0
114768,0
114772,0
114775,0
114776,0
114781,0
114784,1
114785,0
114793,0
114794,0
114799,0
114802,0
114803,0
114805,0
114810,0
114815,1
114816,1
114819,1
114821,1
114823,0
114825,0
114828,0
114831,0
114832,1
114835,0
114839,1
114840,0
114841,0
114860,1
114862,0
114865,0
114866,0
114868,0
114869,0
114874,1
114876,0
114878,0
114879,0
114880,1
114882,1
114885,0
114886,0
114890,1
114893,1
114894,0
114898,0
114905,0
114907,0
114909,0
114912,0
114914,0
114915,0
114916,0
114920,0
114925,1
114928,0
114935,0
114936,1
114937,0
114939,0
114940,0
114941,0
114942,0
114943,0
114944,0
114950,0
114951,0
114952,0
114954,0
114959,1
114961,0
114965,0
114976,1
114977,0
114983,1
114986,0
114996,1
114997,0
114998,0
115000,0
115002,0
115003,1
115004,1
115007,1
115008,1
115009,1
115010,1
115012,1
115015,0
115016,0
115017,0
115018,0
115019,0
115029,0
115031,1
115032,0
115034,0
115037,1
115038,1
115040,0
115041,0
115044,0
115049,0
115056,1
115059,0
115060,0
115062,0
115066,1
115067,1
115068,0
115071,1
115072,1
115074,0
115075,0
115078,0
115079,0
115080,0
115083,0
115084,0
115091,1
115098,1
115100,0
115101,1
115103,0
115107,0
115114,0
115119,0
115122,0
115136,0
115141,0
115143,1
115144,1
115145,0
115150,0
115152,1
115153,1
115154,0
115157,0
115159,1
115160,1
115165,0
115167,0
115168,0
115169,0
115171,0
115172,0
115173,0
115174,0
115176,0
115178,0
115180,0
115183,0
115184,0
115185,1
115187,1
115193,0
115198,0
115199,0
115204,0
115205,0
115206,1
115207,0
115209,0
115216,1
115217,0
115225,0
115232,0
115235,0
115237,0
115240,0
115242,1
115243,0
115244,0
115246,0
115256,0
115257,1
115258,0
115261,0
115263,0
115264,0
115265,0
115267,0
115271,0
115274,0
115275,0
115279,1
115281,1
115282,0
115283,0
115284,1
115285,0
115286,0
115290,0
115292,1
115294,1
115296,0
115297,0
115302,0
115303,0
115304,0
115305,0
115311,0
115313,0
115315,0
115316,1
115319,0
115321,0
115326,1
115329,0
115331,0
115335,0
115339,1
115343,0
115344,1
115345,0
115349,1
115350,0
115351,0
115354,0
115357,0
115360,1
115361,1
115362,0
115363,0
115364,0
115367,0
115369,1
115370,1
115372,0
115374,0
115383,0
115385,0
115389,1
115393,1
115394,0
115396,0
115404,1
115416,0
115418,0
115421,0
115422,1
115428,0
115429,1
115430,0
115431,0
115432,0
115433,1
115435,0
115439,1
115440,0
115442,0
115451,0
115455,0
115460,0
115462,0
115464,1
115467,0
115473,0
115475,0
115477,0
115478,0
115479,0
115482,0
115485,0
115486,0
115487,0
115488,0
115494,0
115497,0
115498,0
115500,0
115502,0
115503,1
115504,0
115516,0
115518,0
115520,0
115530,1
115534,0
115536,1
115537,1
115539,0
115542,0
115549,0
115557,0
115558,0
115563,1
115566,0
115575,0
115577,0
115580,0
115586,0
115593,0
115596,0
115598,0
115600,0
115602,0
115612,0
115613,1
115614,0
115615,0
115616,0
115617,0
115619,1
115623,0
115624,1
115625,0
115627,0
115630,0
115632,0
115639,0
115640,0
115642,1
115649,1
115651,1
115654,0
115657,1
115659,0
115661,0
115663,1
115664,0
115665,1
115666,0
115667,0
115670,0
115672,0
115674,1
115675,1
115678,0
115679,0
115683,0
115686,0
115694,0
115698,1
115706,1
115708,0
115709,0
115713,0
115714,1
115715,0
115722,0
115723,0
115726,0
115728,0
115729,0
115733,0
115734,0
115737,0
115750,0
115751,0
115755,1
115757,1
115759,0
115760,0
115762,1
115763,0
115769,0
115773,0
115777,0
115778,0
115779,0
115783,0
115786,0
115787,1
115789,0
115791,0
115793,0
115801,0
115804,1
115805,0
115807,0
115808,1
115813,0
115814,0
115815,0
115817,0
115818,0
115820,0
115824,0
115829,0
115833,0
115834,1
115840,1
115841,0
115842,0
115843,0
115846,0
115848,0
115853,0
115858,0
115859,0
115860,1
115861,1
115868,0
115870,0
115872,1
115873,0
115875,1
115877,0
115882,0
115884,0
115886,0
115887,0
115893,0
115897,1
115902,1
115903,0
115908,1
115910,0
115913,1
115914,0
115915,0
115916,1
115919,1
115924,0
115925,0
115926,0
115939,0
115940,0
115943,1
115945,1
115946,0
115958,0
115959,0
115961,0
115962,1
115970,0
115971,1
115972,1
115973,0
115975,0
115977,0
115978,0
115983,0
115986,0
115987,0
115988,0
115992,1
115996,0
115998,0
116001,0
116005,0
116006,0
116019,0
116025,1
116027,0
116030,0
116032,0
116035,1
116037,0
116044,0
116048,0
116051,0
116052,1
116053,1
116054,1
116056,1
116059,0
116064,0
116072,0
116073,1
116074,0
116075,0
116085,1
116087,0
116093,0
116094,0
116098,0
116100,0
116101,0
116108,0
116109,0
116120,0
116121,0
116128,0
116130,0
116131,1
116132,0
116133,0
116135,0
116137,0
116139,0
116140,0
116142,0
116143,1
116144,1
116145,0
116147,0
116149,1
116150,1
116157,1
116159,0
116163,0
116165,1
116166,1
116167,0
116169,0
116170,0
116172,0
116175,0
116180,1
116182,0
116183,1
116184,1
116185,0
116189,0
116192,0
116197,0
116199,0
116202,0
116211,0
116212,0
116215,0
116220,0
116221,1
116227,0
116229,1
116233,0
116234,0
116237,1
116242,0
116244,0
116245,0
116247,0
116248,0
116250,0
116252,1
116253,0
116256,0
116257,1
116258,0
116259,0
116261,0
116266,0
116269,0
116271,0
116283,1
116284,0
116286,0
116287,0
116290,0
116292,0
116295,0
116298,0
116299,0
116307,0
116318,1
116319,0
116322,0
116325,0
116331,0
116333,0
116336,1
116341,0
116344,0
116345,1
116351,0
116352,0
116355,0
116359,0
116360,0
116363,0
116365,1
116368,0
116369,0
116370,0
116372,0
116379,1
116382,0
116384,0
116387,1
116390,0
116395,0
116397,0
116401,0
116406,0
116411,0
116413,0
116419,1
116430,0
116433,0
116436,0
116440,1
116443,0
116444,0
116445,1
116447,1
116449,0
116455,1
116457,0
116459,1
116461,0
116462,0
116467,0
116468,0
116474,0
116476,0
116478,1
116480,0
116481,0
116483,1
116486,0
116490,0
116498,0
116499,0
116500,0
116501,0
116509,1
116510,0
116512,0
116515,0
116516,0
116517,0
116518,0
116523,1
116525,0
116529,0
116530,1
116534,0
116536,1
116538,0
116542,0
116544,0
116551,0
116552,0
116558,0
116559,0
116563,0
116567,1
116572,0
116573,0
116578,0
116583,0
116584,1
116586,0
116589,0
116594,0
116597,0
116601,1
116607,0
116611,0
116617,0
116618,0
116620,0
116622,1
116623,0
116629,0
116633,1
116634,0
116637,0
116650,0
116653,0
116656,1
116660,0
116661,0
116664,0
116665,0
116676,0
116677,0
116679,1
116680,0
116688,0
116690,0
116693,0
116699,0
116704,0
116705,1
116708,1
116709,1
116713,0
116714,0
116715,0
116717,0
116718,0
116722,0
116724,0
116725,0
116734,0
116735,0
116736,0
116740,1
116742,0
116749,1
116755,0
116758,0
116761,1
116762,0
116766,0
116768,0
116771,0
116773,0
116775,1
116776,0
116778,0
116779,0
116782,0
116785,0
116789,0
116791,1
116792,0
116794,0
116796,0
116800,0
116804,1
116806,0
116808,1
116812,1
116813,1
116817,0
116818,1
116821,0
116823,0
116830,0
116832,0
116834,0
116842,0
116843,0
116845,1
116850,1
116851,0
116852,0
116853,0
116858,1
116862,0
116863,1
116865,0
116869,1
116870,1
116871,0
116873,0
116880,0
116885,1
116886,0
116891,0
116895,0
116896,0
116897,0
116899,0
116900,0
116902,1
116905,0
116912,0
116913,0
116914,0
116915,0
116917,0
116918,0
116919,0
116922,0
116923,0
116929,0
116931,0
116938,0
116939,0
116940,0
116944,0
116945,0
116948,1
116949,0
116953,0
116956,0
116957,0
116958,0
116963,1
116964,0
116965,1
116966,0
116967,0
116968,0
116971,0
116973,0
116976,0
116979,0
116980,0
116982,1
116983,0
116984,0
116985,0
116987,1
116990,0
116991,0
116992,0
117000,0
117006,1
117007,0
117008,0
117014,0
117016,0
117018,0
117020,1
117022,0
117024,1
117025,0
117027,0
117028,1
117030,0
117031,0
117036,0
117040,0
117043,0
117044,0
117045,0
117056,0
117058,0
117059,0
117061,0
117062,1
117064,0
117065,0
117066,0
117070,0
117075,0
117076,1
117077,0
117079,1
117082,0
117084,0
117087,0
117091,0
117093,0
117095,0
117097,0
117098,0
117101,0
117102,0
117105,0
117106,1
117107,0
117108,1
117109,1
117110,0
117112,0
117114,0
117119,1
117120,0
117121,0
117123,0
117128,0
117132,0
117133,1
117135,0
117136,1
117138,0
117152,1
117158,0
117163,0
117164,0
117169,0
117171,0
117173,1
117179,0
117180,1
117186,1
117190,1
117195,0
117204,0
117208,0
117211,0
117212,0
117213,0
117217,0
117220,1
117225,0
117229,0
117231,0
117234,1
117237,0
117238,0
117243,0
117247,0
117250,0
117252,0
117254,1
117256,1
117260,0
117266,0
117268,0
117269,1
117270,0
117271,1
117272,0
117276,1
117279,0
117280,0
117285,1
117286,1
117291,0
117292,0
117293,0
117298,0
117307,0
117310,0
117313,0
117318,1
117320,0
117322,0
117326,0
117327,0
117338,1
117339,0
117340,1
117343,0
117344,0
117346,0
117351,0
117352,0
117353,0
117355,1
117359,0
117361,0
117363,1
117364,0
117368,0
117376,0
117377,0
117380,0
117383,0
117386,0
117389,0
117390,1
117391,0
117396,0
117402,0
117405,0
117408,0
117409,0
117414,1
117416,0
117420,1
117423,0
117424,0
117426,1
117428,0
117429,0
117430,1
117433,0
117439,0
117446,1
117451,0
117452,1
117455,0
117460,0
117463,0
117464,0
117478,0
117481,0
117484,0
117485,0
117486,0
117487,0
117488,0
117489,0
117490,0
117494,0
117497,0
117498,0
117501,0
117503,0
117505,0
117506,0
117511,1
117516,1
117518,0
117529,0
117531,1
117535,0
117536,0
117542,0
117544,0
117545,0
117546,0
117547,0
117549,0
117550,0
117552,0
117554,1
117557,0
117558,1
117559,1
117560,0
117561,0
117567,0
117571,0
117574,1
117579,1
117584,1
117589,0
117591,0
117592,1
117595,0
117597,1
117600,0
117601,0
117614,0
117615,0
117616,0
117618,0
117619,1
117620,1
117623,0
117625,1
117632,1
117636,0
117637,0
117639,0
117640,0
117641,0
117643,0
117648,1
117651,0
117654,0
117668,0
117670,0
117675,1
117677,1
117681,1
117682,0
117683,0
117686,0
117691,1
117692,1
117694,0
117695,0
117697,0
117700,0
117710,0
117712,0
117714,0
117716,0
117718,0
117719,1
117727,0
117728,1
117729,0
117730,0
117732,0
117733,0
117737,0
117738,1
117739,0
117742,1
117743,0
117746,0
117748,0
117752,0
117755,0
117756,1
117757,1
117762,0
117770,0
117775,1
117777,0
117780,1
117781,0
117783,0
117787,0
117791,1
117795,0
117796,0
117803,0
117804,1
117806,1
117808,0
117809,1
117810,1
117811,0
117812,0
117814,1
117816,0
117819,0
117828,1
117832,1
117834,1
117835,0
117838,1
117840,0
117841,0
117844,0
117852,0
117854,1
117859,1
117861,0
117872,1
117874,0
117880,0
117881,0
117882,1
117885,0
117886,0
117892,0
117899,1
117901,1
117906,0
117908,0
117910,0
117914,0
117915,1
117916,0
117920,0
117921,1
117924,0
117925,0
117929,0
117930,0
117932,0
117937,0
117938,0
117940,0
117942,1
117943,0
117945,0
117953,0
117957,1
117958,0
117963,1
117965,0
117967,0
117971,0
117975,0
117976,0
117978,0
117983,0
117987,0
117996,0
117997,1
118001,0
118008,0
118011,0
118017,0
118022,0
118027,1
118032,0
118034,0
118035,1
118037,0
118043,1
118045,1
118046,0
118048,1
118049,1
118052,0
118056,0
118057,0
118060,0
118062,1
118063,1
118078,0
118081,0
118082,0
118094,1
118095,0
118096,0
118101,0
118116,1
118118,0
118125,1
118128,0
118136,0
118137,0
118140,0
118148,0
118151,0
118152,0
118153,1
118160,0
118161,1
118162,0
118163,0
118164,0
118166,0
118169,1
118171,0
118176,0
118177,0
118178,0
118181,0
118182,0
118183,0
118185,1
118191,0
118194,0
118203,0
118207,1
118209,0
118212,0
118222,0
118224,0
118232,0
118235,0
118237,0
118239,0
118242,0
118243,0
118244,0
118245,0
118248,0
118251,0
118252,0
118262,1
118266,0
118271,1
118274,0
118276,0
118277,1
118285,1
118287,1
118291,0
118294,0
118295,0
118297,1
118299,1
118303,0
118306,1
118307,0
118308,1
118310,0
118313,0
118314,0
118315,0
118318,1
118321,0
118322,0
118328,0
118329,0
118341,0
118344,0
118349,0
118350,0
118351,0
118359,0
118379,1
118380,0
118383,0
118384,0
118387,1
118390,0
118391,0
118392,1
118393,0
118397,1
118400,0
118401,1
118404,0
118405,0
118409,1
118410,0
118412,0
118421,0
118425,0
118431,0
118433,1
118439,0
118440,0
118443,1
118445,0
118449,0
118452,0
118460,0
118466,1
118470,0
118473,0
118474,0
118475,0
118481,0
118486,0
118487,1
118489,1
118493,0
118494,1
118496,0
118503,0
118504,0
118508,1
118509,1
118514,1
118515,0
118519,0
118524,0
118525,1
118529,0
118530,0
118531,0
118533,1
118536,0
118539,1
118547,0
118555,0
118559,0
118568,0
118575,1
118576,0
118577,1
118580,1
118581,1
118590,1
118591,1
118592,0
118593,0
118595,0
118598,1
118600,0
118603,1
118604,0
118606,0
118608,0
118609,0
118612,0
118617,0
118621,0
118622,0
118624,0
118627,0
118629,0
118633,0
118637,0
118641,0
118642,0
118648,0
118649,0
118651,0
118652,0
118664,0
118665,1
118668,0
118674,1
118676,0
118693,0
118697,1
118698,0
118700,0
118705,0
118715,0
118716,0
118721,0
118724,0
118727,0
118730,1
118734,0
118735,1
118736,1
118737,0
118742,0
118743,0
118744,0
118747,0
118748,1
118750,1
118752,0
118755,0
118757,0
118758,0
118765,0
118769,1
118771,0
118772,0
118779,0
118781,0
118782,1
118783,0
118784,0
118785,0
118786,1
118796,1
118800,0
118804,1
118806,0
118807,1
118809,1
118810,0
118813,0
118815,0
118818,1
118823,0
118824,0
118827,0
118828,0
118835,0
118836,1
118838,0
118844,0
118845,0
118846,1
118847,0
118855,0
118859,0
118864,0
118865,0
118869,0
118872,0
118874,0
118877,0
118878,1
118880,0
118882,0
118888,1
118889,1
118892,0
118894,1
118895,0
118898,0
118900,0
118904,0
118906,1
118911,0
118912,0
118914,0
118917,1
118920,0
118922,0
118925,1
118928,0
118929,0
118930,0
118931,0
118935,0
118937,0
118939,0
118943,0
118946,1
118948,0
118950,0
118952,1
118954,0
118957,0
118959,1
118960,0
118962,1
118963,1
118971,1
118972,0
118977,0
118981,1
118984,1
118985,0
118987,0
118989,0
118993,0
118994,0
118995,0
118996,0
118998,1
119000,0
119002,0
119003,0
119007,0
119009,0
119012,0
119014,0
119022,0
119024,0
119025,0
119035,0
119036,0
119045,0
119048,0
119054,0
119055,0
119056,0
119057,0
119059,1
119061,1
119062,0
119066,0
119067,1
119069,0
119071,1
119072,0
119077,0
119081,0
119083,0
119086,1
119087,1
119088,0
119090,1
119091,0
119093,1
119094,1
119095,0
119096,0
119102,0
119103,1
119104,0
119108,0
119110,0
119112,0
119113,1
119115,1
119116,0
119117,0
119121,0
119123,0
119124,0
119129,0
119132,1
119136,0
119144,0
119146,0
119148,0
119150,0
119154,0
119156,0
119159,0
119162,0
119163,0
119168,1
119174,1
119175,0
119176,0
119177,0
119181,0
119183,1
119190,0
119193,0
119195,0
119196,0
119200,0
119209,0
119213,0
119214,0
119216,0
119218,0
119220,0
119226,0
119227,0
119228,0
119229,0
119230,1
119235,0
119236,0
119237,1
119241,0
119242,0
119245,1
119247,0
119252,0
119253,0
119256,0
119262,1
119265,0
119273,0
119275,1
119277,1
119284,0
119285,0
119287,0
119289,1
119292,0
119293,0
119294,0
119295,0
119298,0
119304,1
119305,0
119311,0
119314,1
119315,0
119316,0
119318,0
119324,0
119326,0
119331,0
119332,0
119340,0
119344,0
119346,0
119350,0
119351,1
119352,0
119354,0
119357,0
119358,1
119362,0
119366,0
119369,1
119371,1
119372,0
119373,1
119375,1
119382,1
119385,1
119387,0
119389,0
119390,1
119395,0
119399,0
119403,0
119404,1
119407,0
119408,0
119409,0
119411,0
119417,0
119420,0
119421,0
119424,0
119428,0
119432,0
119433,1
119434,0
119437,0
119439,1
119440,0
119441,1
119443,1
119444,0
119449,0
119450,0
119455,0
119458,0
119459,0
119461,1
119464,1
119466,0
119475,0
119476,0
119478,1
119480,0
119481,0
119485,0
119486,0
119487,1
119488,0
119489,0
119492,0
119497,0
119501,1
119502,0
119505,1
119506,0
119512,0
119516,0
119517,0
119519,0
119523,1
119527,0
119528,1
119531,0
119536,1
119539,0
119541,0
119542,0
119543,1
119544,0
119546,0
119549,0
119550,0
119551,0
119553,0
119557,0
119561,1
119565,1
119568,0
119569,0
119571,1
119572,0
119573,0
119574,1
119584,0
119590,0
119591,0
119593,1
119599,1
119601,0
119602,0
119604,0
119607,1
119608,0
119617,0
119618,0
119620,1
119622,0
119626,0
119627,0
119635,1
119637,1
119640,0
119643,0
119644,0
119645,0
119651,0
119652,0
119653,0
119657,0
119659,0
119660,0
119663,1
119664,1
119667,0
119668,0
119674,0
119675,0
119680,0
119682,1
119686,0
119687,0
119688,0
119689,1
119691,0
119696,1
119697,1
119698,1
119699,0
119700,1
119705,1
119709,0
119712,1
119714,1
119715,0
119719,0
119721,0
119730,1
119733,0
119736,0
119741,0
119742,0
119743,0
119745,0
119746,0
119750,0
119752,0
119753,1
119755,0
119760,0
119761,0
119767,0
119768,0
119769,0
119772,1
119775,1
119779,0
119780,0
119781,0
119784,1
119786,0
119795,0
119797,0
119798,0
119799,1
119801,0
119804,0
119806,0
119819,0
119820,0
119823,0
119829,0
119831,0
119832,0
119837,1
119842,1
119845,0
119848,1
119850,1
119852,0
119853,0
119854,0
119856,0
119859,0
119860,1
119861,1
119864,1
119868,0
119869,1
119874,0
119876,0
119878,0
119883,1
119886,0
119887,0
119894,0
119896,0
119899,0
119902,0
119906,0
119909,0
119913,0
119916,0
119917,0
119922,0
119925,0
119929,0
119935,0
119936,1
119941,0
119942,0
119943,0
119948,1
119950,0
119951,1
119953,0
119955,1
119957,1
119960,1
119963,0
119964,1
119965,1
119966,1
119968,0
119969,1
119971,0
119974,0
119976,0
119982,0
119983,0
119986,1
119987,0
119989,1
119992,0
119995,1
119999,0
120005,1
120009,0
120012,0
120014,0
120023,0
120024,0
120025,0
120028,0
120034,0
120035,1
120036,0
120046,0
120047,0
120048,0
120049,1
120054,0
120055,1
120063,1
120064,0
120065,1
120066,0
120067,0
120069,0
120077,1
120078,0
120080,1
120082,0
120086,0
120088,1
120091,0
120092,1
120093,1
120094,0
120099,0
120100,0
120105,0
120109,1
120110,0
120111,0
120116,0
120117,0
120119,0
120120,1
120125,1
120126,0
120136,0
120143,1
120146,0
120148,0
120149,0
120152,1
120155,0
120159,0
120160,0
120162,1
120163,1
120164,0
120165,1
120168,0
120169,0
120173,0
120178,0
120184,0
120187,0
120188,0
120189,0
120190,1
120193,0
120195,0
120200,0
120201,1
120207,0
120211,0
120217,0
120218,1
120220,1
120221,0
120222,0
120223,0
120226,0
120229,1
120234,0
120238,0
120240,0
120242,0
120245,0
120248,0
120254,1
120256,0
120262,1
120265,1
120267,0
120270,0
120271,0
120274,1
120276,0
120277,0
120279,0
120282,0
120287,0
120288,1
120291,0
120296,1
120298,0
120299,0
120304,0
120305,1
120306,0
120307,0
120317,0
120318,1
120325,0
120327,1
120328,1
120329,0
120341,0
120342,0
120345,1
120350,0
120351,0
120358,0
120360,1
120362,0
120364,0
120366,0
120376,0
120381,0
120383,0
120384,1
120385,0
120394,1
120397,0
120401,0
120403,0
120406,0
120407,0
120409,0
120414,0
120419,1
120422,1
120424,0
120427,0
120429,0
120431,0
120432,1
120435,0
120438,1
120440,0
120444,1
120445,0
120451,0
120453,0
120455,0
120457,0
120461,1
120466,0
120467,1
120469,0
120472,0
120477,0
120483,0
120486,0
120487,0
120490,0
120493,0
120497,0
120501,0
120502,1
120504,0
120506,0
120512,0
120513,1
120515,0
120516,0
120520,0
120521,0
120529,0
120530,1
120534,0
120537,0
120544,0
120549,0
120550,0
120552,1
120555,0
120556,0
120560,0
120564,0
120574,0
120577,0
120578,0
120580,1
120584,0
120592,0
120594,0
120596,0
120598,1
120599,0
120601,0
120603,1
120607,0
120608,1
120610,0
120614,1
120619,0
120621,0
120624,1
120627,1
120628,1
120631,1
120633,0
120635,1
120638,1
120640,1
120641,0
120644,0
120646,0
120649,0
120651,1
120654,0
120656,0
120661,0
120664,1
120665,0
120666,1
120667,0
120671,0
120672,0
120676,1
120680,0
120681,0
120685,0
120688,0
120689,0
120702,0
120704,0
120707,0
120710,0
120718,0
120719,0
120721,0
120729,0
120730,1
120735,1
120744,1
120745,1
120751,1
120752,0
120753,0
120754,0
120758,0
120759,0
120766,0
120768,0
120775,0
120779,1
120780,1
120781,1
120782,1
120783,1
120786,0
120788,1
120794,0
120797,1
120799,0
120806,0
120807,0
120813,0
120816,1
120817,0
120818,1
120822,1
120823,1
120826,0
120831,0
120833,0
120834,0
120835,0
120841,0
120842,1
120845,0
120846,1
120848,0
120849,0
120851,0
120854,0
120855,1
120858,1
120859,1
120860,0
120875,0
120876,0
120878,1
120880,0
120882,0
120883,0
120891,1
120896,0
120897,1
120903,0
120914,0
120915,0
120923,0
120927,0
120928,1
120934,0
120938,0
120940,0
120942,0
120946,1
120948,1
120950,0
120954,0
120960,0
120961,1
120964,0
120968,0
120969,0
120972,1
120974,0
120976,1
120978,1
120981,0
120986,0
120988,0
120989,0
120991,0
120992,0
120993,0
120996,0
120997,0
121002,0
121012,0
121014,1
121018,0
121022,0
121027,0
121029,0
121031,1
121033,0
121034,1
121035,0
121036,1
121038,0
121041,0
121049,0
121050,0
121054,0
121057,0
121059,1
121060,1
121062,0
121063,0
121064,0
121068,1
121069,0
121071,0
121072,1
121077,0
121078,0
121079,0
121086,0
121087,1
121092,0
121095,0
121096,0
121097,0
121099,0
121105,0
121108,0
121112,0
121113,0
121116,0
121119,0
121124,1
121128,0
121129,1
121137,0
121139,0
121141,1
121143,1
121150,0
121156,1
121159,0
121164,0
121165,0
121166,0
121168,0
121169,0
121170,0
121191,0
121192,1
121199,0
121200,1
121209,0
121213,0
121214,0
121215,0
121219,0
121222,0
121225,0
121227,0
121231,1
121232,0
121236,0
121244,0
121248,1
121251,0
121252,0
121253,0
121255,0
121258,0
121259,0
121264,0
121265,0
121266,0
121267,0
121269,0
121274,1
121275,0
121278,0
121279,1
121280,0
121281,0
121289,0
121292,1
121295,1
121298,0
121301,0
121311,1
121315,1
121320,0
121323,0
121324,1
121326,0
121328,0
121330,1
121333,1
121336,0
121337,0
121340,0
121347,0
121352,0
121355,0
121356,1
121358,0
121359,0
121371,0
121373,1
121374,0
121375,0
121376,0
121380,0
121382,0
121383,0
121384,0
121385,0
121391,1
121395,1
121396,0
121402,0
121404,0
121413,0
121415,0
121416,0
121417,0
121419,0
121421,0
121424,0
121429,0
121434,1
121437,1
121439,0
121440,1
121442,0
121443,0
121444,0
121445,0
121446,0
121453,1
121454,0
121457,1
121460,0
121466,0
121469,0
121470,0
121475,0
121478,0
121482,0
121484,1
121486,0
121494,0
121495,0
121502,0
121503,0
121504,0
121513,0
121514,0
121516,0
121517,1
121521,0
121527,0
121529,0
121530,0
121531,1
121534,1
121535,0
121536,0
121538,0
121546,0
121547,0
121548,1
121553,0
121555,1
121557,0
121558,1
121559,0
121561,0
121563,1
121564,0
121565,0
121567,1
121568,0
121570,0
121571,0
121575,0
121576,0
121580,0
121582,1
121584,1
121595,0
121597,0
121598,0
121599,0
121602,0
121603,0
121616,0
121621,1
121622,0
121626,0
121627,0
121637,0
121639,0
121641,0
121643,1
121645,0
121648,0
121650,0
121652,0
121654,0
121659,0
121662,0
121663,0
121666,0
121667,0
121675,0
121687,0
121688,0
121689,0
121692,0
121694,1
121695,1
121697,1
121698,1
121715,1
121718,0
121719,0
121720,1
121722,0
121724,0
121726,1
121733,0
121735,0
121736,0
121738,0
121742,1
121744,0
121746,0
121750,0
121756,1
121762,0
121764,0
121772,1
121773,0
121780,0
121781,0
121782,0
121784,0
121787,0
121789,0
121793,0
121794,0
121796,0
121798,0
121803,1
121804,1
121809,0
121810,0
121811,0
121813,0
121814,0
121815,0
121819,0
121820,1
121823,1
121825,1
121826,0
121830,1
121831,1
121834,0
121836,0
121837,0
121844,0
121845,0
121846,0
121853,0
121857,0
121858,0
121861,0
121863,1
121866,0
121869,0
121871,0
121875,1
121876,0
121878,0
121879,0
121881,1
121882,0
121883,0
121884,0
121885,0
121886,0
121888,0
121892,0
121897,1
121899,1
121901,1
121904,0
121907,1
121909,0
121910,0
121915,0
121919,0
121921,0
121927,0
121933,0
121940,0
121945,1
121946,1
121951,0
121953,0
121954,1
121961,1
121969,1
121973,1
121975,0
121976,0
121983,0
121985,0
121988,0
121992,1
121994,0
122000,0
122002,1
122004,0
122006,1
122007,0
122008,1
122012,1
122014,1
122016,0
122017,0
122018,0
122021,0
122023,0
122026,0
122027,0
122030,1
122032,1
122034,0
122036,0
122043,0
122044,1
122045,0
122047,0
122048,0
122050,0
122052,1
122058,0
122068,0
122069,0
122070,0
122073,0
122075,0
122088,1
122089,1
122093,0
122094,0
122102,1
122105,0
122106,0
122107,0
122108,1
122110,1
122111,0
122113,0
122120,0
122122,1
122125,0
122128,0
122130,0
122131,0
122132,0
122137,1
122138,0
122139,1
122140,1
122143,1
122146,1
122147,0
122151,1
122156,0
122157,1
122158,0
122165,0
122168,0
122169,0
122175,0
122176,0
122177,0
122178,0
122179,0
122192,0
122196,0
122207,0
122225,0
122227,0
122235,0
122236,0
122239,0
122240,0
122241,0
122242,1
122243,0
122248,0
122249,0
122250,1
122254,1
122255,0
122260,0
122266,1
122268,0
122272,1
122273,0
122277,0
122282,1
122283,0
122285,1
122287,0
122293,0
122294,1
122303,0
122304,0
122310,0
122311,1
122320,0
122325,0
122333,0
122334,0
122335,0
122337,0
122341,0
122342,0
122344,0
122345,1
122350,1
122356,0
122357,0
122362,0
122367,0
122372,0
122374,1
122376,0
122378,1
122381,0
122384,0
122385,0
122387,0
122389,0
122390,0
122392,1
122393,0
122396,0
122398,1
122404,1
122405,1
122406,0
122410,1
122412,1
122415,0
122416,1
122418,0
122422,1
122423,0
122426,0
122432,1
122437,1
122439,0
122442,0
122443,0
122444,0
122445,0
122448,0
122452,0
122454,0
122458,0
122459,0
122460,0
122468,0
122469,1
122471,0
122479,0
122480,1
122481,1
122485,1
122490,0
122491,1
122492,0
122493,1
122494,0
122496,0
122499,0
122502,0
122506,1
122512,0
122513,0
122517,0
122521,0
122522,1
122525,0
122526,0
122529,0
122530,0
122536,0
122539,0
122548,0
122550,1
122551,0
122554,0
122556,0
122568,0
122569,0
122574,1
122584,0
122593,0
122594,0
122596,1
122599,0
122603,1
122607,0
122608,0
122610,0
122620,0
122624,0
122625,0
122627,1
122634,1
122638,0
122640,0
122644,0
122645,0
122649,0
122651,1
122653,0
122654,0
122656,0
122660,0
122661,0
122662,0
122666,0
122668,1
122670,0
122672,0
122673,0
122674,1
122675,1
122681,1
122684,0
122690,0
122701,0
122703,1
122706,0
122708,0
122712,0
122717,0
122718,0
122724,0
122726,0
122729,0
122731,0
122743,0
122744,0
122749,0
122767,0
122770,0
122773,1
122779,0
122785,0
122790,0
122795,0
122814,0
122815,0
122816,0
122818,0
122819,1
122821,0
122823,0
122826,1
122827,0
122828,0
122829,1
122830,0
122831,1
122832,0
122835,0
122837,0
122840,0
122843,1
122844,1
122846,0
122848,0
122849,0
122851,0
122859,0
122860,0
122864,0
122877,0
122879,0
122881,1
122885,0
122888,0
122889,0
122890,0
122891,0
122892,1
122894,1
122896,0
122897,0
122900,0
122902,0
122904,0
122906,0
122909,0
122911,0
122913,1
122915,0
122916,0
122921,1
122925,0
122927,1
122930,0
122931,0
122934,0
122937,0
122938,0
122948,1
122949,0
122953,0
122956,0
122957,1
122958,0
122959,0
122962,1
122963,1
122971,0
122974,0
122976,1
122980,0
122981,0
122992,0
123006,0
123007,0
123011,0
123013,0
123018,0
123021,0
123022,1
123023,0
123024,1
123026,0
123027,0
123031,1
123032,0
123034,1
123039,0
123041,1
123043,0
123045,0
123046,0
123048,0
123050,0
123053,0
123061,1
123064,1
123065,1
123070,1
123071,0
123072,0
123073,0
123074,1
123075,0
123081,0
123087,0
123090,0
123092,0
123104,0
123105,1
123106,0
123107,0
123111,0
123114,0
123115,0
123118,0
123121,0
123122,0
123124,0
123126,1
123128,0
123129,0
123131,0
123134,0
123136,0
123137,0
123139,0
123142,0
123144,0
123148,0
123150,0
123153,0
123161,0
123167,0
123169,1
123172,0
123178,1
123184,0
123187,0
123188,0
123189,0
123191,0
123193,0
123194,0
123197,0
123202,1
123206,0
123213,0
123215,1
123216,0
123217,0
123219,0
123222,0
123225,0
123227,0
123229,0
123231,0
123233,0
123234,1
123235,1
123237,0
123240,0
123241,0
123242,1
123249,0
123250,0
123254,1
123255,0
123258,1
123259,0
123261,0
123262,0
123268,0
123271,1
123273,0
123275,0
123277,0
123278,0
123284,0
123293,0
123294,0
123295,0
123297,0
123300,0
123302,0
123306,0
123309,0
123311,0
123312,0
123313,1
123315,0
123316,0
123319,0
123321,0
123326,0
123335,1
123339,0
123341,0
123345,0
123346,0
123348,1
123349,0
123350,0
123354,1
123358,0
123359,0
123365,0
123366,0
123368,0
123369,1
123370,0
123373,0
123374,1
123379,0
123380,1
123383,1
123386,0
123392,0
123394,0
123401,0
123411,1
123414,1
123420,0
123421,0
123424,1
123425,0
123427,0
123431,0
123434,1
123437,0
123441,0
123442,0
123447,0
123449,0
123453,0
123454,0
123456,0
123462,0
123477,0
123478,0
123481,0
123485,0
123486,0
123487,1
123490,0
123491,1
123493,0
123495,0
123498,0
123499,1
123506,0
123507,0
123511,0
123513,0
123514,0
123519,1
123520,0
123523,0
123526,0
123528,0
123533,0
123538,0
123541,0
123542,0
123546,1
123548,0
123549,0
123550,0
123554,0
123556,1
123558,0
123559,0
123563,0
123566,0
123567,0
123569,1
123577,0
123578,0
123579,1
123584,0
123585,0
123587,0
123589,0
123595,0
123596,0
123597,0
123598,0
123599,1
123605,0
123606,0
123610,0
123614,1
123618,0
123619,0
123621,0
123627,0
123628,0
123631,0
123632,0
123635,0
123638,0
123642,1
123643,0
123645,1
123649,0
123653,0
123656,0
123663,0
123665,0
123673,1
123676,0
123678,0
123679,0
123680,0
123687,1
123688,1
123689,0
123691,1
123697,1
123698,1
123701,0
123702,0
123703,0
123704,0
123706,1
123707,1
123711,0
123719,0
123725,0
123727,0
123729,0
123730,0
123735,0
123737,0
123739,0
123741,0
123745,0
123746,0
123753,0
123755,0
123756,0
123760,1
123764,0
123765,1
123769,0
123771,0
123776,0
123781,0
123782,0
123784,0
123785,0
123788,0
123793,1
123796,0
123798,0
123803,1
123805,0
123807,0
123808,0
123810,0
123811,0
123812,0
123813,0
123818,0
123824,0
123832,0
123833,1
123835,0
123837,0
123840,0
123845,1
123847,0
123851,0
123852,1
123854,0
123856,0
123857,1
123858,0
123863,0
123867,0
123868,1
123871,0
123874,0
123876,0
123877,0
123885,1
123887,1
123892,1
123896,0
123897,0
123900,0
123909,0
123917,0
123919,0
123922,1
123926,0
123930,0
123931,0
123934,0
123938,1
123939,0
123942,1
123945,0
123950,0
123951,0
123956,0
123959,0
123960,0
123961,0
123964,0
123965,0
123966,1
123967,0
123976,0
123979,0
123980,0
123990,0
124000,0
124003,0
124006,0
124015,0
124016,0
124018,0
124019,1
124023,0
124025,0
124027,0
124030,0
124034,1
124040,0
124041,0
124043,1
124044,0
124045,0
124046,0
124047,0
124051,0
124052,0
124058,0
124061,0
124068,0
124069,0
124070,0
124072,1
124073,1
124074,0
124075,1
124076,0
124084,0
124087,0
124089,0
124090,1
124094,0
124097,0
124101,0
124104,1
124105,0
124109,0
124110,0
124111,0
124117,0
124118,1
124120,0
124122,0
124125,0
124126,1
124129,1
124131,1
124135,1
124136,0
124139,0
124143,0
124149,0
124151,0
124153,0
124155,1
124156,0
124157,1
124158,0
124159,0
124164,1
124167,0
124173,0
124174,0
124175,0
124184,0
124185,0
124193,0
124194,1
124199,0
124201,1
124202,0
124206,0
124211,0
124213,1
124219,0
124221,0
124227,1
124228,0
124235,0
124239,0
124244,1
124246,0
124252,0
124253,0
124254,0
124256,0
124257,0
124258,1
124261,0
124262,0
124267,0
124270,1
124274,0
124275,0
124276,0
124278,0
124279,0
124280,0
124282,0
124285,0
124290,0
124292,0
124302,0
124307,0
124308,0
124309,0
124310,1
124315,1
124316,0
124320,0
124321,0
124322,1
124324,0
124328,0
124329,0
124330,0
124331,1
124336,0
124339,0
124344,0
124348,0
124352,0
124354,0
124356,0
124364,0
124365,0
124366,0
124369,0
124377,0
124381,1
124383,0
124384,0
124385,1
124387,0
124389,0
124404,0
124406,0
124411,0
124413,1
124414,0
124415,0
124416,1
124417,1
124418,0
124419,0
124420,0
124424,0
124426,0
124432,0
124435,0
124438,0
124441,0
124443,0
124449,0
124453,1
124462,0
124465,1
124467,1
124473,1
124474,0
124477,1
124480,0
124481,0
124482,0
124485,0
124490,1
124492,0
124493,0
124494,0
124498,1
124499,0
124500,1
124502,0
124504,0
124510,1
124511,0
124517,0
124519,0
124523,0
124524,0
124526,0
124530,1
124533,1
124534,1
124537,0
124538,0
124539,0
124540,0
124551,0
124552,0
124553,0
124557,0
124558,0
124559,1
124569,1
124570,0
124573,0
124574,1
124579,1
124580,0
124584,0
124589,0
124591,0
124593,0
124599,0
124602,0
124605,0
124610,0
124615,0
124619,1
124620,0
124621,0
124623,0
124624,0
124625,1
124626,0
124629,0
124630,1
124631,0
124632,0
124633,1
124636,0
124637,0
124649,1
124653,1
124657,1
124661,0
124663,1
124664,0
124669,0
124671,0
124674,0
124675,0
124682,0
124684,1
124686,0
124693,0
124694,0
124697,0
124698,0
124699,0
124702,0
124704,1
124705,0
124710,0
124711,1
124712,0
124713,1
124720,1
124721,1
124722,0
124723,0
124724,0
124729,0
124730,0
124733,0
124736,0
124743,1
124744,1
124749,0
124750,0
124751,0
124752,0
124754,0
124756,1
124757,1
124759,0
124767,0
124769,1
124772,0
124786,1
124787,0
124790,0
124792,0
124795,0
124796,0
124797,1
124798,0
124801,0
124805,1
124806,0
124807,0
124814,1
124817,1
124820,0
124826,0
124831,0
124837,0
124838,0
124844,0
124845,0
124847,1
124850,0
124853,1
124854,0
124855,0
124861,0
124864,0
124866,0
124868,0
124873,0
124875,0
124876,0
124879,0
124882,0
124888,0
124893,0
124899,0
124902,1
124909,0
124913,1
124916,0
124918,0
124922,1
124923,1
124928,0
124929,1
124933,0
124935,0
124938,1
124941,0
124943,0
124945,1
124951,0
124952,0
124955,0
124958,0
124961,0
124967,0
124969,0
124970,0
124971,0
124972,0
124975,0
124977,0
124983,0
124986,0
124991,0
124992,0
124993,0
124995,1
124997,0
125000,0
125001,0
125004,1
125005,0
125007,1
125009,0
125013,1
125019,1
125021,0
125031,0
125032,1
125037,1
125041,0
125043,0
125050,0
125052,1
125054,1
125056,0
125060,1
125061,1
125065,0
125070,0
125084,1
125088,0
125091,0
125093,0
125097,0
125098,0
125104,0
125105,1
125107,1
125108,0
125109,1
125116,0
125117,0
125126,0
125128,0
125132,0
125133,1
125134,1
125135,0
125136,0
125137,1
125139,0
125146,1
125149,1
125151,0
125153,1
125154,1
125156,0
125157,0
125159,1
125160,0
125168,0
125169,0
125171,0
125172,0
125178,0
125180,0
125183,1
125185,0
125186,0
125188,0
125190,1
125191,0
125197,0
125199,0
125200,0
125202,0
125203,0
125204,1
125206,0
125209,0
125218,1
125219,0
125224,0
125227,0
125229,0
125231,0
125232,0
125234,0
125235,0
125240,0
125245,0
125249,0
125251,1
125255,0
125256,0
125257,1
125258,1
125271,0
125277,0
125279,0
125282,0
125284,1
125285,0
125286,0
125288,0
125289,0
125290,1
125296,0
125298,1
125305,1
125307,0
125308,0
125309,0
125310,0
125311,0
125317,0
125320,0
125323,0
125325,0
125327,0
125333,0
125335,0
125336,0
125343,1
125352,0
125353,1
125358,0
125359,0
125361,0
125363,0
125371,1
125379,0
125380,0
125381,1
125383,1
125385,0
125386,0
125390,0
125391,1
125392,0
125394,0
125397,0
125398,0
125400,0
125401,0
125406,0
125408,0
125409,0
125410,0
125412,0
125413,0
125414,0
125419,0
125421,0
125423,0
125427,0
125429,0
125430,1
125435,0
125437,0
125439,1
125440,0
125443,1
125445,0
125447,1
125454,0
125465,0
125467,0
125468,0
125469,0
125470,0
125476,0
125477,1
125478,0
125480,0
125481,1
125482,1
125487,1
125488,0
125490,1
125491,0
125497,0
125498,0
125499,0
125500,0
125501,0
125504,0
125505,0
125506,0
125507,0
125509,0
125510,0
125511,1
125513,0
125514,0
125517,1
125520,0
125521,1
125524,0
125526,0
125528,0
125529,0
125530,0
125532,0
125535,0
125536,1
125537,1
125538,0
125541,0
125543,0
125545,0
125547,1
125549,1
125551,0
125553,0
125554,1
125558,1
125560,0
125561,0
125564,0
125565,0
125566,0
125570,1
125571,0
125573,1
125574,1
125582,0
125585,0
125587,0
125590,0
125591,0
125592,0
125601,0
125602,0
125603,0
125607,0
125608,1
125610,1
125614,0
125619,0
125620,1
125623,1
125625,0
125631,0
125634,0
125636,0
125637,0
125639,0
125640,0
125642,0
125645,1
125646,0
125651,1
125654,0
125658,0
125661,0
125663,0
125667,1
125669,1
125673,0
125677,1
125678,0
125679,0
125682,1
125684,1
125686,0
125689,0
125690,0
125692,0
125704,0
125707,0
125712,0
125713,0
125717,0
125720,0
125723,0
125727,0
125730,1
125731,1
125732,0
125734,1
125735,0
125737,1
125739,0
125741,1
125742,1
125746,1
125747,0
125749,0
125753,0
125754,0
125765,0
125767,0
125771,1
125773,0
125776,0
125783,0
125785,0
125786,0
125787,0
125792,0
125793,0
125795,0
125797,1
125799,0
125802,0
125808,0
125810,0
125811,1
125812,0
125814,0
125815,1
125823,0
125824,1
125830,1
125833,0
125836,0
125838,0
125839,0
125847,0
125848,0
125853,0
125854,0
125856,0
125858,0
125859,0
125861,0
125863,0
125871,0
125873,0
125876,1
125877,0
125879,0
125881,1
125884,0
125890,0
125892,1
125894,0
125895,0
125897,0
125899,0
125900,0
125909,1
125910,0
125914,0
125916,0
125917,0
125921,0
125929,0
125935,0
125939,0
125945,0
125947,0
125949,0
125950,1
125953,0
125963,0
125965,0
125967,0
125968,0
125969,1
125972,0
125974,0
125976,0
125978,0
125980,1
125983,0
125984,0
125988,0
125992,0
125997,0
126000,0
126002,1
126003,1
126007,0
126016,0
126019,0
126021,0
126024,0
126026,0
126030,0
126031,0
126032,0
126045,0
126047,0
126049,0
126050,0
126051,1
126054,0
126055,1
126056,0
126059,0
126061,1
126062,0
126066,0
126069,1
126070,0
126073,0
126076,0
126082,0
126086,0
126096,0
126098,0
126100,0
126101,0
126102,0
126107,0
126109,0
126114,0
126115,0
126117,0
126119,1
126121,0
126123,0
126124,1
126126,0
126128,0
126134,0
126136,1
126140,1
126143,0
126146,1
126152,1
126154,0
126156,0
126157,0
126160,1
126168,1
126172,0
126174,1
126175,0
126176,1
126178,1
126181,0
126182,0
126183,1
126189,0
126190,1
126191,0
126192,0
126195,0
126198,1
126201,1
126202,0
126204,0
126213,0
126216,1
126218,1
126219,0
126221,1
126226,0
126227,1
126228,0
126233,0
126235,0
126236,0
126237,0
126239,1
126243,0
126244,0
126246,0
126250,0
126251,0
126252,1
126253,1
126254,1
126255,0
126256,0
126258,1
126262,1
126265,0
126266,1
126267,1
126270,1
126272,0
126273,0
126274,1
126275,0
126283,1
126284,1
126285,0
126289,1
126290,0
126292,0
126299,0
126300,1
126314,0
126315,1
126319,0
126322,0
126326,0
126327,0
126329,0
126331,0
126335,0
126337,0
126343,0
126347,1
126350,0
126353,0
126354,0
126355,1
126356,0
126359,0
126362,0
126364,0
126367,1
126369,0
126377,0
126381,0
126382,0
126385,0
126386,0
126388,0
126393,0
126394,0
126417,0
126420,0
126421,0
126429,0
126432,1
126434,0
126437,0
126439,0
126440,1
126441,0
126443,1
126445,0
126446,0
126447,0
126449,0
126453,0
126454,0
126459,0
126462,0
126469,0
126480,0
126481,0
126483,0
126488,1
126489,0
126490,0
126491,0
126494,0
126496,0
126500,0
126501,1
126504,0
126507,0
126508,0
126509,0
126511,0
126513,0
126516,1
126521,0
126523,0
126524,0
126528,0
126530,0
126533,0
126537,1
126543,0
126549,0
126553,0
126554,0
126557,0
126561,1
126562,1
126571,0
126576,0
126578,0
126579,0
126580,0
126583,0
126585,0
126591,1
126594,0
126600,1
126601,0
126602,0
126605,0
126606,0
126607,0
126613,1
126614,1
126616,0
126617,0
126623,0
126624,0
126626,0
126628,0
126630,0
126635,0
126636,1
126640,0
126643,0
126645,0
126648,0
126649,1
126652,0
126653,0
126657,0
126661,0
126663,0
126670,1
126672,1
126678,0
126684,0
126686,0
126687,1
126691,0
126693,0
126695,0
126702,1
126703,0
126704,1
126707,0
126708,0
126709,0
126711,0
126713,1
126714,0
126715,1
126719,0
126724,1
126726,0
126730,0
126735,0
126736,0
126737,0
126739,0
126743,0
126745,1
126747,0
126755,0
126757,0
126758,1
126761,0
126767,0
126771,0
126773,0
126774,0
126776,1
126778,0
126780,0
126788,1
126795,0
126799,0
126804,0
126805,0
126810,0
126814,1
126815,1
126817,0
126819,0
126820,1
126821,0
126824,0
126825,1
126829,0
126835,0
126839,1
126841,0
126842,1
126846,1
126847,1
126850,1
126852,1
126854,0
126855,0
126856,0
126863,0
126866,0
126869,0
126871,1
126876,0
126881,0
126883,0
126884,0
126886,0
126887,0
126889,0
126890,1
126894,0
126895,0
126896,1
126898,0
126899,0
126900,0
126903,0
126908,1
126911,0
126912,0
126917,1
126921,0
126932,1
126933,0
126937,1
126939,0
126941,0
126944,0
126945,0
126947,0
126952,0
126955,0
126963,0
126964,0
126967,0
126968,0
126969,1
126970,1
126979,1
126980,0
126986,0
126992,1
126993,0
127003,0
127005,0
127008,0
127010,0
127025,0
127030,0
127031,0
127033,0
127036,0
127037,0
127039,1
127040,0
127043,0
127044,0
127051,1
127055,1
127056,0
127063,0
127064,0
127067,0
127070,0
127074,1
127080,0
127088,1
127089,1
127093,0
127094,0
127096,1
127097,0
127098,0
127099,0
127100,0
127101,0
127103,0
127104,1
127107,1
127110,0
127112,0
127125,0
127126,0
127129,0
127130,1
127131,0
127132,0
127138,0
127140,0
127141,0
127145,0
127146,0
127148,0
127151,0
127152,0
127153,0
127155,1
127160,0
127164,0
127166,0
127180,1
127181,0
127186,0
127188,0
127190,1
127193,0
127208,1
127213,0
127214,0
127215,0
127219,0
127222,1
127223,0
127225,0
127227,0
127228,0
127235,0
127237,0
127239,0
127245,0
127248,0
127250,0
127265,0
127266,0
127268,0
127269,0
127270,0
127274,1
127276,1
127279,1
127283,0
127285,0
127288,0
127292,1
127296,0
127305,1
127310,0
127312,0
127314,1
127318,0
127321,0
127323,0
127332,0
127333,0
127339,1
127342,0
127346,0
127347,0
127352,0
127354,0
127357,0
127359,0
127374,0
127375,0
127380,0
127381,0
127382,0
127384,0
127385,0
127386,0
127393,0
127398,0
127400,0
127401,0
127402,0
127403,0
127407,1
127413,0
127416,1
127417,0
127418,0
127419,0
127422,0
127426,1
127431,0
127432,1
127434,0
127438,0
127452,0
127454,0
127455,0
127457,1
127458,1
127461,1
127462,0
127464,1
127465,1
127467,0
127468,0
127471,0
127475,0
127478,1
127479,0
127488,0
127491,0
127493,0
127495,0
127503,0
127507,0
127508,1
127515,1
127516,0
127517,0
127520,0
127521,0
127522,0
127528,0
127530,0
127531,0
127538,1
127541,0
127543,0
127545,0
127546,0
127551,1
127552,0
127557,1
127561,0
127563,1
127568,0
127570,0
127571,0
127574,1
127575,0
127585,1
127586,0
127593,1
127597,0
127598,0
127602,0
127605,0
127606,0
127613,0
127617,0
127623,0
127624,0
127626,0
127627,1
127633,0
127638,0
127640,0
127641,0
127642,0
127645,0
127646,0
127651,0
127653,0
127658,1
127659,0
127661,0
127663,0
127667,1
127668,0
127673,0
127676,1
127680,0
127681,0
127684,0
127685,0
127689,0
127690,0
127699,0
127701,0
127702,0
127704,0
127706,1
127707,0
127708,0
127709,0
127711,0
127713,0
127715,1
127717,0
127718,0
127721,0
127729,0
127733,1
127735,1
127736,1
127740,1
127744,0
127746,0
127747,0
127748,1
127749,1
127750,0
127752,0
127753,0
127755,0
127764,0
127769,0
127770,0
127776,0
127779,0
127781,1
127782,0
127784,0
127795,0
127799,0
127800,0
127802,0
127806,0
127808,0
127809,0
127822,0
127824,0
127825,0
127826,1
127829,0
127830,0
127832,1
127834,1
127838,1
127839,0
127840,0
127842,1
127843,0
127846,0
127849,0
127850,1
127855,0
127865,0
127867,0
127870,0
127874,0
127879,1
127880,0
127881,0
127884,1
127885,0
127886,0
127887,1
127888,0
127889,1
127892,0
127894,0
127899,1
127901,0
127906,1
127907,0
127908,0
127918,0
127921,0
127922,0
127924,0
127927,0
127933,1
127934,1
127936,0
127937,0
127938,1
127945,0
127947,0
127949,1
127950,0
127952,0
127954,0
127955,0
127958,1
127963,0
127967,0
127969,1
127971,0
127974,0
127977,1
127978,1
127979,0
127980,1
127982,0
127983,0
127987,0
127988,0
127989,0
127991,0
127997,0
128000,0
128002,1
128004,0
128007,0
128010,0
128015,0
128016,1
128022,0
128025,0
128028,0
128029,0
128031,0
128033,1
128037,0
128038,0
128046,1
128049,0
128053,0
128057,0
128058,1
128059,0
128060,0
128061,1
128065,1
128067,0
128068,0
128070,0
128071,0
128072,0
128076,0
128080,0
128083,0
128084,0
128087,0
128089,0
128090,0
128092,0
128095,0
128096,0
128097,1
128098,0
128099,0
128106,0
128108,0
128111,0
128112,1
128119,0
128121,1
128123,0
128125,0
128128,0
128132,1
128134,1
128138,0
128140,0
128141,1
128150,0
128152,0
128154,0
128155,0
128158,0
128159,1
128161,1
128162,1
128165,0
128166,0
128179,1
128181,0
128182,0
128184,0
128187,0
128193,1
128195,1
128199,0
128205,1
128210,0
128211,1
128215,0
128217,0
128220,0
128226,1
128234,0
128237,1
128239,0
128241,0
128247,0
128248,0
128249,0
128253,0
128256,1
128257,0
128258,0
128259,1
128260,0
128273,0
128275,0
128277,0
128278,1
128281,1
128283,0
128285,0
128291,1
128292,1
128294,1
128296,0
128304,0
128305,0
128306,1
128308,0
128309,1
128310,0
128311,0
128318,0
128324,1
128326,0
128331,1
128333,0
128334,0
128339,0
128340,0
128342,0
128347,0
128348,0
128349,0
128350,1
128352,1
128356,0
128358,1
128359,0
128361,0
128365,0
128366,0
128367,0
128370,1
128372,1
128373,1
128376,0
128377,0
128381,0
128382,0
128387,0
128390,0
128398,0
128400,1
128403,0
128404,1
128406,0
128411,0
128418,0
128423,0
128424,0
128426,0
128430,0
128431,0
128434,1
128439,0
128441,0
128442,1
128444,1
128446,1
128447,0
128449,0
128450,1
128453,0
128454,0
128455,0
128465,0
128466,1
128467,0
128468,0
128469,0
128470,0
128472,0
128478,1
128480,0
128489,0
128490,0
128492,1
128497,0
128498,0
128499,1
128505,0
128509,0
128511,0
128516,0
128525,1
128528,0
128529,0
128535,0
128537,1
128540,1
128543,1
128544,1
128545,0
128553,0
128556,1
128558,0
128563,0
128564,0
128572,0
128575,0
128577,0
128578,0
128579,0
128585,0
128586,0
128588,0
128589,0
128590,0
128591,0
128593,0
128595,1
128596,0
128597,0
128603,0
128604,1
128606,0
128607,0
128608,0
128609,0
128611,0
128612,0
128614,0
128619,0
128620,1
128628,0
128632,0
128634,0
128635,1
128638,0
128639,0
128641,0
128642,0
128645,0
128648,0
128652,0
128656,0
128657,0
128660,0
128662,0
128663,0
128669,0
128670,0
128678,0
128681,0
128683,1
128684,0
128686,0
128695,0
128699,0
128701,0
128702,0
128704,1
128710,0
128712,0
128715,0
128716,0
128717,0
128720,0
128722,1
128723,0
128725,0
128728,0
128733,0
128739,0
128744,1
128746,0
128748,0
128749,0
128752,0
128755,0
128757,1
128761,1
128765,0
128767,0
128770,0
128775,0
128776,0
128780,0
128782,0
128784,1
128786,0
128792,0
128795,0
128797,0
128803,0
128804,0
128807,0
128808,0
128810,1
128812,0
128815,0
128817,0
128823,0
128829,0
128831,0
128832,0
128840,1
128842,0
128843,0
128844,0
128850,0
128852,1
128853,0
128856,0
128859,1
128861,1
128868,0
128869,0
128873,1
128880,0
128882,0
128889,0
128892,0
128893,0
128895,0
128899,0
128904,0
128906,0
128915,0
128918,0
128919,0
128927,1
128929,0
128932,0
128934,1
128943,0
128945,0
128946,1
128948,1
128949,1
128951,0
128956,0
128959,1
128966,0
128970,0
128974,0
128983,1
128987,1
128988,0
128991,0
128992,0
128995,0
128997,0
129000,1
129001,0
129002,0
129004,0
129007,0
129008,0
129009,1
129011,0
129012,0
129017,0
129020,0
129024,0
129029,0
129030,0
129034,0
129036,0
129037,0
129040,0
129041,0
129047,1
129048,0
129050,1
129051,0
129053,0
129054,0
129057,1
129058,1
129061,0
129062,0
129064,1
129067,1
129070,0
129071,1
129072,1
129075,1
129078,0
129083,0
129085,0
129087,0
129088,0
129089,0
129092,0
129095,1
129096,1
129103,1
129104,0
129107,0
129112,0
129114,0
129115,1
129117,0
129119,0
129124,0
129126,0
129127,0
129128,0
129129,0
129130,0
129132,0
129138,0
129139,1
129145,0
129147,0
129151,0
129153,0
129157,0
129159,0
129164,1
129167,0
129169,0
129172,0
129173,0
129175,1
129178,0
129186,0
129191,0
129198,0
129200,1
129201,0
129204,0
129205,1
129206,0
129207,0
129208,1
129212,1
129213,0
129216,1
129219,0
129223,1
129224,1
129225,0
129228,0
129230,0
129234,0
129236,0
129242,0
129244,0
129245,0
129246,0
129249,0
129251,0
129252,0
129255,0
129257,0
129258,1
129259,0
129261,0
129264,1
129270,0
129271,0
129274,1
129276,0
129277,1
129280,0
129282,1
129285,0
129291,0
129299,0
129301,1
129305,1
129309,0
129312,1
129319,0
129321,0
129323,0
129326,0
129332,1
129334,1
129336,0
129337,0
129339,1
129341,1
129344,0
129346,0
129347,0
129349,0
129350,0
129353,0
129354,1
129359,1
129361,0
129362,0
129363,1
129365,0
129366,0
129367,0
129369,0
129371,1
129372,0
129373,1
129375,0
129378,0
129381,0
129384,0
129388,0
129391,0
129393,1
129397,1
129398,1
129404,0
129406,0
129407,0
129411,1
129413,1
129415,0
129421,1
129425,0
129429,1
129431,1
129434,0
129435,0
129436,0
129440,1
129441,1
129444,0
129449,0
129450,1
129455,0
129462,0
129469,0
129470,0
129473,0
129476,0
129478,0
129481,0
129483,0
129489,0
129504,1
129507,0
129516,1
129518,0
129527,0
129528,0
129531,0
129542,0
129543,0
129549,0
129555,1
129557,0
129560,0
129563,0
129564,0
129565,0
129568,0
129569,1
129571,1
129572,1
129574,0
129576,0
129580,0
129581,0
129582,1
129583,1
129584,0
129590,1
129591,1
129595,0
129601,1
129607,0
129608,0
129611,1
129613,0
129621,0
129622,0
129623,0
129624,0
129626,0
129627,1
129629,1
129632,0
129638,0
129642,1
129643,1
129648,0
129654,1
129655,0
129658,0
129662,0
129663,1
129675,0
129677,0
129685,0
129687,1
129691,1
129692,0
129693,1
129694,0
129702,1
129716,0
129717,0
129719,0
129721,1
129724,1
129733,0
129735,1
129738,0
129742,1
129754,0
129755,0
129756,1
129757,0
129761,1
129763,0
129764,1
129765,0
129771,1
129787,0
129789,0
129791,0
129794,0
129796,0
129797,0
129799,0
129803,0
129809,0
129811,0
129813,0
129816,0
129821,1
129823,0
129825,0
129826,0
129836,0
129837,1
129839,0
129840,0
129841,0
129845,0
129852,0
129853,0
129855,0
129856,0
129858,0
129859,0
129860,0
129865,0
129866,0
129867,0
129879,0
129880,0
129882,0
129884,0
129888,0
129892,0
129894,1
129897,0
129903,1
129904,1
129907,0
129908,0
129917,0
129919,0
129922,0
129923,1
129927,1
129930,1
129937,0
129939,0
129941,0
129943,0
129947,0
129957,1
129958,0
129961,1
129963,0
129968,1
129969,0
129971,0
129972,0
129974,0
129978,0
129980,0
129984,0
129986,0
129988,0
129989,0
129995,1
129997,1
129999,0
130001,0
130002,0
130003,1
130004,0
130006,0
130024,1
130025,0
130026,1
130028,0
130037,0
130045,0
130047,0
130048,0
130050,0
130051,0
130052,0
130054,1
130056,0
130061,0
130063,0
130064,0
130068,0
130080,0
130082,0
130083,0
130085,0
130087,1
130089,0
130093,0
130095,0
130096,0
130097,0
130098,0
130103,0
130104,0
130108,0
130113,0
130115,0
130119,1
130120,0
130124,1
130126,0
130130,1
130133,0
130135,1
130140,1
130141,0
130143,0
130147,0
130148,0
130155,0
130156,0
130157,0
130160,1
130163,1
130164,0
130166,0
130172,0
130179,0
130183,0
130184,0
130186,0
130196,0
130199,0
130204,0
130205,1
130208,0
130212,0
130227,1
130228,1
130241,0
130242,0
130243,0
130246,0
130248,0
130249,1
130258,0
130259,1
130261,0
130262,0
130263,0
130265,1
130269,0
130270,0
130272,0
130275,0
130276,0
130279,1
130282,0
130290,0
130292,0
130293,0
130295,0
130300,1
130301,0
130303,0
130304,1
130306,1
130308,1
130311,0
130320,0
130331,0
130332,0
130333,0
130334,0
130335,0
130344,0
130349,0
130351,0
130353,0
130358,0
130359,0
130360,1
130363,0
130365,0
130369,0
130370,0
130372,0
130374,0
130377,0
130380,0
130381,1
130385,0
130387,0
130393,0
130397,0
130399,0
130400,0
130401,0
130410,1
130412,0
130421,0
130424,0
130432,0
130445,0
130446,0
130450,0
130461,0
130462,1
130463,0
130467,1
130469,0
130475,0
130486,0
130487,1
130490,0
130491,1
130493,0
130494,0
130500,0
130501,0
130502,0
130510,0
130517,1
130524,0
130525,0
130527,0
130528,0
130529,1
130533,0
130537,0
130538,0
130541,0
130547,0
130548,0
130549,0
130552,1
130558,1
130561,0
130562,0
130563,0
130564,0
130565,0
130566,0
130568,0
130571,0
130573,1
130575,1
130580,0
130584,0
130585,0
130590,0
130606,0
130608,0
130610,0
130611,0
130613,0
130619,0
130620,0
130624,1
130625,0
130627,0
130633,0
130638,0
130640,0
130641,1
130642,0
130647,0
130650,0
130651,0
130653,0
130656,0
130661,0
130662,0
130667,1
130669,0
130675,1
130676,0
130680,0
130681,1
130682,0
130683,0
130684,0
130688,0
130691,1
130692,0
130694,0
130696,0
130697,0
130698,0
130707,0
130709,1
130711,0
130715,0
130718,0
130719,0
130724,0
130726,0
130729,0
130730,0
130732,1
130736,1
130739,1
130743,0
130752,0
130756,1
130757,1
130761,0
130763,0
130768,0
130773,0
130775,0
130778,0
130780,0
130787,0
130788,0
130790,0
130791,0
130796,1
130797,0
130800,1
130803,0
130804,0
130806,0
130808,0
130810,1
130819,1
130820,0
130821,0
130826,0
130830,1
130835,0
130836,0
130837,0
130840,0
130843,1
130848,0
130851,0
130854,0
130855,1
130858,0
130859,0
130867,0
130868,0
130869,0
130870,1
130874,1
130880,1
130881,0
130884,1
130886,0
130887,1
130888,1
130889,1
130890,0
130892,1
130894,0
130895,0
130898,0
130901,0
130903,0
130904,0
130905,0
130906,0
130908,0
130911,0
130912,0
130915,0
130917,0
130919,1
130923,0
130926,1
130931,0
130934,1
130939,0
130940,1
130949,0
130952,0
130953,0
130960,0
130962,1
130964,0
130965,1
130967,0
130971,0
130974,0
130975,0
130978,0
130980,1
130981,1
130989,0
130991,1
130994,1
130996,0
131000,0
131003,0
131006,1
131007,0
131011,0
131015,1
131018,0
131019,0
131020,0
131021,1
131023,0
131024,0
131025,0
131028,0
131029,0
131030,0
131032,0
131034,0
131035,1
131039,0
131041,0
131042,0
131044,0
131047,0
131048,0
131050,0
131052,0
131053,0
131057,0
131058,0
131067,0
131069,0
131070,0
131075,0
131077,0
131079,0
131083,1
131085,1
131090,1
131091,0
131093,0
131095,0
131096,0
131098,0
131100,0
131104,0
131110,0
131115,0
131116,0
131118,0
131121,0
131122,1
131123,0
131132,0
131133,0
131134,0
131137,1
131138,0
131141,0
131142,0
131148,1
131151,0
131152,0
131164,0
131167,0
131170,0
131173,0
131174,0
131175,0
131177,0
131180,0
131183,0
131190,1
131194,1
131196,1
131207,0
131210,0
131213,0
131214,0
131217,0
131218,0
131219,0
131220,0
131222,0
131224,1
131226,1
131227,0
131232,0
131234,0
131239,0
131240,1
131241,0
131243,0
131244,0
131247,0
131250,1
131253,0
131259,0
131266,0
131268,0
131274,0
131284,0
131286,0
131287,1
131293,0
131301,0
131305,1
131306,1
131307,1
131309,1
131312,1
131315,0
131317,0
131318,0
131321,1
131322,1
131323,0
131324,1
131327,0
131331,0
131333,0
131336,0
131338,0
131342,0
131343,0
131345,0
131346,0
131348,1
131349,0
131350,0
131351,0
131352,0
131356,1
131358,1
131360,1
131363,0
131367,0
131368,0
131369,1
131371,0
131377,0
131379,0
131384,0
131393,0
131394,0
131395,1
131397,1
131398,0
131401,0
131407,1
131413,0
131414,0
131415,1
131416,0
131417,0
131418,0
131421,0
131429,0
131430,0
131432,0
131436,0
131441,0
131442,0
131443,1
131444,1
131447,0
131449,0
131452,1
131456,0
131457,1
131459,0
131464,1
131465,1
131466,1
131467,0
131468,1
131469,0
131472,0
131474,0
131475,0
131477,0
131480,0
131482,0
131484,0
131489,1
131491,1
131494,1
131495,0
131496,0
131509,0
131513,1
131520,0
131525,0
131529,0
131532,0
131536,0
131538,0
131539,0
131549,0
131550,0
131551,0
131552,0
131553,0
131556,0
131561,0
131565,0
131566,1
131571,0
131573,0
131574,0
131576,0
131578,1
131582,0
131583,0
131587,0
131589,0
131590,0
131592,0
131597,1
131600,0
131601,0
131602,0
131603,1
131605,0
131609,1
131611,1
131612,0
131614,0
131617,0
131626,0
131627,1
131628,0
131629,0
131634,0
131636,0
131638,0
131642,1
131644,1
131645,0
131646,0
131651,0
131653,0
131656,0
131660,0
131663,1
131666,1
131667,0
131668,1
131669,0
131671,0
131675,0
131680,1
131681,1
131683,0
131694,1
131696,0
131700,0
131701,0
131704,1
131712,0
131715,0
131717,0
131721,0
131724,0
131726,1
131727,0
131729,0
131734,1
131737,0
131738,0
131739,0
131741,0
131742,0
131746,0
131751,0
131753,0
131755,1
131759,1
131761,0
131766,1
131768,0
131770,1
131772,1
131775,0
131779,0
131788,0
131789,0
131790,0
131794,1
131795,0
131798,0
131800,0
131802,1
131806,1
131815,0
131818,0
131820,0
131822,1
131826,0
131841,1
131843,0
131845,1
131846,0
131848,0
131849,1
131854,0
131856,0
131857,0
131860,0
131867,1
131872,1
131874,1
131876,1
131883,0
131886,1
131891,1
131895,1
131904,0
131912,0
131915,1
131916,1
131917,0
131920,1
131926,0
131928,1
131930,0
131932,0
131933,0
131934,0
131937,0
131939,0
131947,0
131949,0
131951,0
131952,0
131960,0
131964,1
131966,1
131973,1
131974,0
131979,0
131981,1
131997,0
131999,1
132000,0
132001,0
132006,0
132007,1
132015,0
132016,1
132019,0
132023,1
132024,0
132025,0
132027,1
132031,0
132033,0
132034,0
132037,1
132040,0
132041,0
132044,0
132045,0
132070,0
132071,0
132072,1
132077,0
132079,0
132080,1
132081,0
132082,1
132085,0
132087,0
132091,0
132092,0
132102,1
132103,1
132104,0
132107,0
132110,0
132113,0
132115,1
132118,1
132119,0
132120,0
132121,0
132127,0
132128,0
132130,0
132133,0
132134,0
132138,0
132140,0
132145,0
132148,0
132150,0
132155,1
132163,0
132165,1
132167,1
132170,1
132171,0
132172,0
132179,0
132180,0
132182,0
132184,0
132188,0
132189,0
132190,0
132192,0
132193,0
132194,0
132197,1
132199,0
132201,0
132207,0
132211,0
132217,1
132224,1
132225,0
132226,1
132232,1
132233,0
132237,0
132238,0
132240,0
132242,0
132247,1
132250,0
132253,0
132254,0
132255,0
132257,0
132270,1
132275,1
132278,0
132279,0
132281,1
132283,0
132284,1
132294,0
132296,0
132299,0
132304,0
132309,0
132310,1
132312,0
132314,0
132316,1
132319,0
132322,0
132325,0
132326,0
132328,0
132331,1
132332,0
132336,0
132346,0
132348,0
132350,0
132351,0
132352,0
132353,0
132354,1
132359,0
132361,1
132368,1
132371,0
132372,0
132375,1
132376,0
132377,0
132378,0
132381,1
132382,0
132384,0
132386,0
132390,0
132392,0
132394,0
132395,0
132396,1
132398,0
132400,1
132401,0
132406,0
132416,0
132418,0
132419,1
132421,0
132423,1
132425,0
132426,0
132427,0
132435,0
132436,1
132439,0
132443,0
132445,0
132447,1
132448,0
132449,0
132453,0
132454,1
132457,0
132458,1
132466,0
132467,0
132468,0
132471,0
132475,1
132479,1
132480,0
132482,0
132486,0
132487,0
132488,0
132491,0
132492,0
132493,1
132494,1
132498,1
132499,1
132501,0
132503,0
132504,0
132505,0
132506,0
132510,0
132511,0
132513,1
132520,1
132522,0
132525,1
132528,0
132529,1
132536,1
132537,0
132540,0
132541,1
132543,0
132555,1
132559,0
132560,0
132564,0
132568,0
132570,0
132571,1
132572,0
132574,1
132575,1
132590,0
132592,0
132596,0
132597,1
132600,0
132602,1
132603,0
132605,0
132606,0
132609,0
132615,0
132617,0
132621,0
132625,0
132626,0
132630,1
132635,1
132637,0
132642,0
132645,1
132650,1
132651,1
132654,0
132657,0
132660,0
132661,0
132663,0
132680,0
132683,0
132687,0
132690,0
132695,0
132697,0
132699,1
132700,0
132701,0
132703,0
132705,0
132712,1
132716,0
132717,0
132722,1
132724,0
132725,0
132730,0
132736,0
132737,1
132741,0
132744,1
132747,0
132748,0
132749,0
132751,0
132756,1
132758,0
132759,1
132760,0
132761,0
132767,0
132773,0
132774,0
132775,0
132776,0
132778,0
132780,0
132782,1
132784,0
132785,0
132786,1
132787,1
132788,0
132789,0
132790,0
132793,0
132796,0
132799,1
132802,0
132804,1
132814,0
132817,0
132818,0
132821,0
132826,0
132827,0
132828,0
132835,0
132837,0
132838,0
132839,0
132840,0
132843,1
132844,0
132845,0
132846,0
132848,0
132850,0
132853,0
132855,0
132856,0
132858,0
132859,0
132860,0
132861,0
132862,0
132863,1
132866,0
132869,0
132870,0
132872,0
132874,0
132879,0
132881,0
132883,0
132886,0
132887,0
132890,0
132891,0
132894,0
132898,0
132899,0
132900,0
132904,0
132908,0
132909,0
132910,0
132911,0
132920,1
132926,0
132931,1
132934,0
132938,0
132940,0
132941,0
132943,0
132946,0
132958,1
132961,0
132962,0
132965,0
132967,1
132968,0
132969,0
132973,1
132978,1
132981,0
132983,1
132987,0
132989,0
132994,1
132997,0
132999,1
133002,0
133004,0
133009,0
133011,1
133013,0
133015,0
133017,0
133025,1
133026,0
133032,0
133035,0
133036,1
133037,0
133041,1
133043,0
133050,0
133051,0
133052,0
133055,1
133066,1
133067,0
133068,0
133069,0
133072,0
133075,0
133076,0
133078,0
133079,0
133080,1
133082,0
133087,0
133090,0
133091,0
133093,1
133094,1
133095,0
133101,0
133104,0
133106,1
133108,1
133116,1
133118,0
133119,0
133121,0
133124,0
133127,0
133128,0
133129,1
133137,0
133147,1
133148,1
133151,1
133152,0
133155,0
133156,0
133158,0
133159,0
133160,0
133169,0
133174,0
133177,0
133178,1
133179,0
133181,0
133182,0
133185,0
133186,0
133191,1
133193,1
133194,0
133197,0
133199,1
133201,0
133203,0
133210,1
133212,1
133213,1
133214,0
133216,0
133219,0
133224,1
133228,0
133229,0
133232,0
133235,0
133240,0
133246,0
133250,0
133258,1
133259,0
133266,1
133267,1
133269,0
133271,0
133276,0
133283,1
133289,0
133304,0
133305,1
133306,0
133307,0
133309,1
133311,0
133312,0
133315,1
133316,0
133319,0
133325,0
133326,1
133328,0
133330,1
133332,0
133333,0
133334,0
133335,0
133337,1
133341,1
133347,0
133351,1
133352,0
133353,0
133356,0
133361,0
133364,0
133365,0
133375,0
133376,0
133381,0
133388,1
133390,1
133397,0
133403,0
133407,0
133408,0
133412,0
133415,0
133419,0
133421,0
133423,0
133425,0
133435,0
133439,0
133441,0
133442,0
133443,0
133449,0
133450,1
133454,1
133457,0
133459,0
133460,0
133462,0
133463,1
133465,1
133469,0
133470,1
133471,0
133474,0
133481,1
133483,0
133486,0
133487,0
133490,0
133491,0
133492,0
133493,0
133494,0
133495,1
133496,1
133498,0
133500,0
133502,0
133503,1
133513,0
133518,0
133519,1
133523,0
133527,1
133528,1
133530,1
133532,1
133537,0
133542,0
133544,1
133546,0
133547,0
133552,1
133555,0
133560,0
133565,1
133566,0
133567,0
133568,0
133572,0
133574,0
133580,0
133581,0
133583,0
133585,1
133586,0
133587,0
133588,0
133595,1
133597,0
133598,0
133599,0
133609,1
133614,1
133618,0
133619,0
133626,0
133629,0
133630,0
133631,0
133633,0
133634,0
133637,1
133639,0
133647,0
133648,0
133654,0
133657,1
133659,0
133663,0
133664,0
133668,0
133673,0
133674,0
133680,0
133683,0
133685,1
133687,1
133688,0
133689,1
133690,0
133692,0
133694,1
133695,0
133701,0
133702,0
133707,0
133710,0
133711,0
133715,0
133718,0
133719,1
133724,0
133730,1
133739,1
133744,1
133745,0
133746,0
133750,0
133755,0
133760,0
133761,1
133763,0
133764,0
133766,0
133767,0
133772,1
133773,0
133781,0
133784,1
133788,0
133789,1
133792,1
133800,0
133804,0
133805,0
133808,0
133810,0
133811,0
133822,0
133824,0
133825,1
133829,0
133835,0
133839,0
133840,0
133841,0
133844,0
133848,0
133849,1
133850,0
133853,1
133855,0
133856,0
133860,0
133862,0
133867,1
133872,1
133879,1
133880,1
133881,0
133884,0
133886,0
133889,0
133891,0
133894,0
133895,1
133902,1
133905,0
133910,0
133912,1
133918,1
133919,0
133920,0
133921,0
133923,1
133924,0
133925,0
133928,0
133932,0
133933,0
133935,0
133937,0
133938,0
133939,0
133941,0
133942,0
133944,1
133945,0
133947,0
133955,0
133967,0
133970,0
133975,1
133978,0
133980,0
133981,0
133986,0
133987,0
133993,0
134003,1
134007,1
134017,1
134018,0
134019,0
134026,0
134027,1
134028,1
134030,0
134035,0
134039,0
134041,1
134044,0
134049,0
134050,0
134053,1
134056,0
134057,0
134061,0
134064,0
134067,1
134068,1
134074,0
134075,0
134076,1
134078,0
134085,0
134088,0
134090,0
134091,1
134093,0
134094,0
134095,0
134096,0
134103,0
134106,0
134108,1
134117,0
134122,0
134126,0
134130,0
134132,0
134134,0
134140,0
134148,0
134151,0
134154,1
134156,0
134157,1
134159,0
134164,1
134165,0
134173,0
134174,1
134175,1
134179,1
134181,0
134183,0
134185,0
134192,0
134193,0
134195,0
134196,0
134197,0
134198,1
134199,1
134200,0
134201,1
134202,0
134204,1
134212,0
134215,0
134219,0
134222,0
134223,0
134226,1
134232,0
134233,0
134234,1
134235,0
134241,0
134244,0
134246,0
134247,0
134252,0
134253,0
134256,0
134258,0
134259,0
134261,0
134262,0
134265,0
134269,0
134270,0
134275,1
134282,0
134284,0
134290,1
134291,1
134293,0
134300,0
134302,1
134303,0
134304,0
134308,0
134310,0
134315,0
134318,0
134320,1
134323,1
134327,0
134333,0
134336,0
134339,0
134340,1
134341,1
134351,0
134353,1
134355,0
134365,0
134369,0
134377,1
134378,1
134381,0
134385,1
134387,0
134391,0
134392,0
134395,1
134402,0
134404,0
134405,0
134407,0
134408,0
134412,0
134413,0
134416,0
134419,0
134420,0
134426,0
134432,1
134435,0
134442,0
134444,1
134445,0
134447,0
134451,1
134453,0
134454,0
134465,0
134466,1
134470,0
134471,1
134476,1
134484,0
134488,0
134492,0
134496,0
134504,0
134507,0
134510,0
134511,1
134517,0
134523,0
134525,1
134527,0
134531,0
134532,0
134533,0
134534,0
134541,0
134542,0
134544,0
134549,0
134553,0
134554,0
134555,0
134560,0
134561,0
134562,0
134566,0
134573,0
134579,1
134583,0
134590,1
134595,0
134597,0
134600,0
134601,0
134604,0
134607,0
134608,0
134611,0
134617,0
134618,0
134622,0
134623,0
134627,0
134631,0
134632,0
134633,1
134635,1
134640,0
134642,1
134648,0
134654,1
134659,0
134661,0
134662,0
134666,0
134670,0
134673,1
134675,0
134676,0
134679,0
134687,1
134689,0
134701,0
134702,0
134706,0
134708,0
134713,0
134715,1
134717,0
134720,0
134724,0
134725,0
134727,0
134729,0
134730,1
134731,0
134733,0
134739,0
134751,1
134752,1
134760,0
134762,0
134763,0
134766,1
134773,0
134774,1
134779,0
134780,1
134790,0
134791,0
134795,0
134799,1
134800,1
134801,0
134802,0
134806,1
134808,0
134809,0
134810,0
134812,0
134813,1
134814,0
134817,0
134821,0
134822,1
134825,1
134828,1
134829,1
134830,0
134834,1
134835,0
134841,0
134843,1
134844,0
134856,0
134857,0
134861,0
134865,1
134867,0
134879,1
134890,0
134891,0
134895,0
134896,0
134897,0
134898,0
134899,0
134914,0
134916,0
134919,0
134920,0
134922,0
134938,0
134939,1
134944,1
134945,1
134947,0
134950,0
134951,0
134952,0
134953,0
134956,0
134957,0
134958,0
134959,0
134962,1
134964,1
134967,0
134970,0
134971,0
134972,0
134973,1
134975,0
134976,0
134978,0
134979,0
134980,0
134984,0
134987,1
134994,0
134995,1
134996,0
134997,0
134999,0
135004,0
135006,1
135007,0
135010,0
135022,0
135025,1
135028,1
135029,0
135032,0
135034,1
135035,0
135036,0
135041,0
135042,0
135051,0
135052,0
135058,0
135065,1
135066,1
135069,0
135072,0
135074,1
135084,0
135087,0
135089,0
135092,1
135096,0
135099,0
135101,0
135104,1
135108,0
135113,0
135115,0
135119,0
135120,1
135126,0
135132,0
135134,0
135135,0
135138,1
135149,0
135151,0
135155,0
135164,1
135168,0
135170,1
135171,1
135175,0
135181,0
135184,0
135189,0
135191,0
135200,0
135203,0
135206,0
135215,0
135218,0
135219,0
135220,1
135222,1
135224,1
135225,0
135228,0
135229,1
135232,1
135240,0
135243,0
135245,1
135251,1
135253,0
135254,0
135255,0
135258,0
135262,0
135263,0
135267,0
135275,1
135278,0
135281,1
135282,0
135284,0
135286,0
135287,0
135299,0
135304,0
135305,0
135308,0
135311,0
135315,1
135318,0
135321,0
135324,1
135326,1
135327,1
135329,0
135332,0
135333,0
135336,0
135343,0
135349,1
135350,1
135354,0
135355,0
135356,0
135362,1
135364,0
135367,0
135374,0
135375,0
135377,0
135378,1
135379,0
135380,0
135381,0
135395,0
135396,0
135398,1
135402,0
135409,0
135425,1
135426,1
135434,0
135440,0
135442,0
135456,0
135457,0
135462,0
135463,0
135467,0
135468,0
135469,0
135472,0
135474,0
135479,0
135481,0
135482,0
135483,0
135486,0
135488,0
135489,0
135493,0
135494,0
135498,0
135502,1
135504,0
135508,0
135509,1
135511,1
135512,0
135515,0
135522,0
135523,0
135527,0
135528,1
135530,1
135532,1
135533,1
135535,1
135542,0
135544,0
135545,0
135546,0
135547,0
135548,0
135549,0
135551,1
135552,1
135553,1
135555,0
135556,0
135557,0
135558,0
135559,1
135561,1
135563,1
135575,0
135581,0
135583,0
135585,0
135586,1
135587,1
135594,0
135595,0
135596,0
135598,0
135600,0
135601,1
135602,0
135604,0
135609,0
135611,0
135612,0
135613,0
135614,0
135617,1
135623,0
135624,0
135628,0
135629,1
135640,0
135642,1
135643,1
135646,1
135647,0
135648,0
135652,0
135653,1
135655,1
135656,0
135657,0
135665,1
135673,0
135678,0
135679,1
135683,1
135684,1
135690,0
135692,0
135694,0
135697,0
135700,1
135701,0
135705,0
135707,0
135709,0
135713,0
135714,0
135718,0
135722,0
135724,0
135727,1
135737,0
135742,0
135745,1
135749,0
135752,1
135753,0
135755,1
135756,0
135762,0
135764,1
135765,0
135766,0
135771,1
135776,0
135778,0
135779,0
135780,0
135787,0
135788,0
135794,0
135795,0
135801,0
135802,0
135804,1
135806,1
135807,0
135808,0
135812,1
135814,0
135815,0
135817,1
135818,0
135820,0
135824,1
135832,1
135834,0
135836,0
135840,0
135845,0
135847,0
135852,0
135856,0
135857,0
135862,0
135865,1
135869,1
135871,1
135872,0
135878,0
135884,0
135885,0
135889,0
135892,0
135893,0
135897,0
135900,0
135901,0
135905,0
135907,0
135909,0
135910,1
135911,1
135913,0
135916,0
135917,0
135918,0
135921,0
135922,0
135926,0
135928,0
135931,0
135934,0
135940,0
135944,0
135945,0
135947,0
135948,0
135949,1
135952,0
135955,0
135959,1
135961,0
135966,0
135967,1
135970,0
135974,1
135975,0
135976,0
135978,1
135980,0
135981,0
135983,0
135984,0
135985,1
135989,1
135991,0
135993,0
135994,1
135996,0
135999,1
136010,1
136011,1
136012,1
136014,1
136015,0
136016,0
136021,1
136022,1
136026,0
136027,0
136031,0
136033,0
136035,0
136037,0
136038,0
136040,1
136041,0
136042,0
136045,0
136046,1
136048,0
136049,1
136059,0
136066,0
136068,1
136069,0
136070,0
136071,0
136076,0
136078,0
136080,0
136081,0
136082,1
136086,0
136091,1
136097,0
136098,0
136103,0
136104,1
136105,0
136106,1
136107,0
136112,0
136120,0
136123,0
136124,0
136125,0
136130,0
136133,0
136134,0
136141,0
136143,1
136145,0
136147,0
136148,0
136152,0
136156,0
136164,0
136169,0
136171,0
136176,0
136180,0
136188,0
136189,0
136195,1
136198,0
136199,0
136203,0
136204,1
136208,1
136210,0
136211,1
136216,1
136226,0
136227,1
136228,0
136231,1
136232,0
136233,0
136236,0
136244,0
136247,0
136250,1
136252,0
136253,0
136254,0
136255,0
136257,1
136262,0
136263,0
136265,0
136267,0
136268,0
136269,0
136271,0
136272,0
136273,1
136275,0
136277,0
136278,1
136280,0
136281,0
136284,0
136285,1
136287,0
136291,0
136292,0
136294,1
136297,0
136303,1
136307,0
136319,0
136320,0
136335,0
136338,1
136339,0
136342,0
136343,1
136346,0
136348,1
136349,0
136350,0
136359,1
136363,0
136364,0
136367,0
136371,0
136372,0
136373,0
136381,0
136383,0
136384,1
136385,0
136387,0
136388,0
136391,1
136394,0
136395,1
136402,0
136403,0
136405,0
136408,1
136410,1
136418,0
136421,0
136422,0
136427,0
136432,1
136434,0
136444,1
136449,0
136450,1
136451,0
136454,0
136461,1
136462,0
136466,1
136468,0
136469,0
136470,0
136474,0
136475,1
136479,1
136482,0
136484,0
136487,0
136488,0
136490,1
136494,0
136500,0
136501,0
136504,0
136505,0
136508,0
136510,0
136512,0
136517,0
136520,0
136526,0
136528,0
136530,0
136531,0
136532,0
136534,1
136535,1
136540,0
136541,0
136547,0
136553,0
136555,0
136558,0
136560,0
136565,1
136567,1
136568,0
136569,1
136571,0
136572,1
136574,0
136577,0
136583,0
136585,0
136590,0
136593,0
136595,0
136599,1
136604,0
136605,0
136616,0
136619,0
136624,1
136629,0
136631,1
136632,1
136641,1
136644,0
136645,0
136647,1
136648,0
136650,0
136652,0
136654,0
136657,0
136659,1
136663,0
136667,1
136669,0
136671,0
136673,0
136677,0
136678,0
136680,0
136682,1
136688,1
136689,0
136691,0
136692,1
136694,1
136695,1
136700,1
136702,0
136703,1
136706,1
136707,0
136708,0
136710,0
136715,0
136717,0
136726,1
136730,0
136740,1
136741,0
136744,1
136747,0
136749,0
136750,1
136751,0
136758,0
136760,0
136762,1
136763,0
136767,0
136770,0
136771,0
136782,1
136785,0
136786,0
136787,0
136789,1
136790,1
136793,0
136795,0
136800,1
136803,0
136804,0
136805,1
136808,1
136812,0
136817,1
136818,0
136821,1
136823,0
136824,0
136826,0
136828,0
136829,0
136830,0
136831,0
136834,0
136837,0
136842,0
136844,1
136845,0
136846,0
136849,0
136850,0
136852,1
136854,0
136855,1
136857,0
136859,0
136860,1
136862,0
136864,1
136868,0
136870,0
136871,0
136872,0
136873,0
136881,0
136883,0
136887,0
136891,0
136892,1
136911,0
136912,0
136913,1
136914,0
136915,0
136916,1
136919,0
136921,0
136922,0
136924,1
136931,0
136935,0
136936,0
136939,1
136942,0
136943,0
136945,0
136947,0
136948,0
136949,0
136950,0
136956,0
136957,1
136958,0
136959,1
136964,0
136966,0
136967,0
136968,1
136971,0
136977,0
136980,1
136982,0
136984,1
136986,0
136988,1
136993,0
136995,0
136998,1
136999,0
137005,0
137011,1
137014,0
137015,1
137019,0
137021,0
137022,0
137027,1
137034,0
137035,0
137037,0
137038,0
137043,0
137045,0
137049,0
137050,0
137051,0
137053,0
137057,1
137058,0
137059,0
137060,0
137061,0
137062,1
137063,0
137064,0
137065,0
137068,1
137073,1
137074,1
137077,0
137081,0
137082,0
137094,1
137098,0
137101,0
137102,0
137104,0
137108,0
137111,0
137112,0
137114,0
137127,0
137132,0
137133,0
137134,0
137135,0
137137,1
137139,0
137142,0
137148,0
137152,0
137154,0
137157,0
137159,0
137160,1
137163,0
137165,1
137167,0
137169,0
137176,1
137177,1
137184,0
137190,0
137191,0
137194,0
137196,0
137204,0
137207,0
137209,1
137210,0
137224,0
137225,0
137231,0
137233,0
137234,0
137235,0
137238,0
137245,0
137248,0
137249,1
137254,0
137259,0
137268,1
137271,0
137273,1
137274,0
137276,0
137278,0
137279,0
137280,0
137285,0
137292,0
137296,0
137297,0
137304,0
137306,1
137309,1
137310,0
137317,1
137318,1
137319,0
137321,0
137323,0
137324,0
137332,0
137333,0
137340,0
137343,0
137351,0
137352,0
137354,0
137358,0
137359,0
137362,1
137365,1
137366,0
137367,1
137369,1
137371,0
137373,0
137374,1
137377,1
137393,0
137395,1
137397,1
137398,0
137399,1
137401,0
137404,1
137405,0
137407,0
137409,0
137412,1
137416,0
137419,0
137420,0
137421,0
137423,0
137425,0
137427,0
137428,1
137429,0
137430,0
137433,0
137438,0
137441,0
137442,0
137444,1
137447,1
137448,0
137449,1
137452,0
137455,1
137457,0
137466,0
137468,0
137470,0
137472,0
137474,0
137475,0
137479,1
137483,0
137484,0
137486,0
137487,0
137488,1
137489,1
137490,0
137491,0
137493,0
137494,1
137496,0
137497,0
137498,1
137503,0
137505,0
137506,0
137508,1
137509,0
137519,0
137526,0
137527,1
137536,0
137538,0
137539,0
137542,0
137543,1
137544,1
137545,0
137556,0
137557,1
137559,1
137561,0
137563,1
137564,0
137571,0
137574,0
137577,0
137581,1
137582,1
137584,0
137585,0
137586,0
137587,0
137591,0
137592,0
137594,0
137595,0
137596,0
137598,0
137599,0
137600,0
137610,1
137613,1
137618,0
137623,0
137626,1
137629,0
137630,0
137632,1
137634,0
137637,1
137639,0
137640,0
137642,0
137643,1
137646,0
137651,0
137653,0
137654,0
137656,0
137665,0
137672,0
137675,1
137676,0
137677,0
137678,0
137679,0
137680,0
137683,1
137687,0
137689,0
137693,0
137694,0
137695,0
137702,0
137703,0
137704,0
137706,0
137707,0
137709,0
137713,0
137715,0
137716,0
137718,0
137720,0
137723,0
137728,1
137733,0
137738,0
137742,0
137758,0
137760,0
137767,0
137768,0
137774,0
137775,0
137777,0
137783,0
137784,1
137802,0
137804,0
137805,1
137806,0
137812,0
137813,0
137814,0
137820,0
137822,0
137823,0
137824,0
137825,1
137833,0
137834,0
137836,0
137838,0
137845,0
137846,1
137854,0
137859,1
137865,0
137869,1
137874,0
137875,0
137881,0
137885,0
137888,0
137890,0
137892,0
137895,0
137897,1
137898,1
137900,0
137901,0
137909,0
137916,1
137922,0
137923,0
137924,0
137925,1
137930,0
137932,0
137935,0
137940,0
137945,0
137953,0
137955,0
137960,0
137962,0
137964,1
137970,1
137971,0
137973,0
137975,0
137977,0
137978,1
137981,1
137988,0
137989,0
137992,1
137998,0
138000,0
138002,0
138003,0
138012,1
138016,0
138025,0
138028,0
138029,0
138030,0
138033,1
138036,0
138037,0
138039,0
138040,1
138041,0
138044,0
138045,0
138048,0
138050,1
138051,1
138053,1
138056,0
138058,0
138060,1
138065,0
138067,0
138068,0
138070,0
138076,1
138077,1
138078,0
138081,0
138087,0
138088,1
138091,1
138093,0
138108,0
138109,1
138110,0
138115,0
138116,0
138118,1
138119,0
138120,0
138122,0
138123,0
138124,0
138125,0
138129,0
138134,0
138135,0
138138,1
138139,1
138140,0
138143,0
138144,0
138149,0
138152,0
138153,0
138156,1
138157,0
138159,0
138161,0
138163,0
138164,0
138174,0
138179,0
138181,1
138188,0
138192,0
138194,0
138198,1
138207,0
138209,0
138211,0
138214,0
138216,0
138219,0
138221,0
138227,0
138237,1
138238,0
138243,0
138245,0
138252,1
138256,1
138257,1
138258,0
138265,0
138268,0
138278,0
138279,0
138280,1
138283,0
138289,0
138291,0
138294,1
138296,0
138299,0
138301,0
138304,0
138307,0
138308,0
138319,1
138322,0
138324,1
138325,1
138326,0
138327,0
138333,0
138335,0
138338,1
138340,0
138348,1
138349,0
138351,1
138352,1
138362,0
138371,0
138374,1
138375,1
138378,0
138380,0
138383,0
138385,1
138393,1
138394,0
138395,1
138400,1
138401,0
138407,1
138408,0
138412,1
138413,0
138414,0
138416,0
138422,1
138426,0
138427,0
138434,0
138436,0
138438,0
138440,1
138442,0
138444,0
138448,0
138462,1
138463,0
138467,0
138469,0
138470,0
138472,0
138474,0
138478,0
138479,0
138487,1
138490,0
138491,0
138498,0
138502,0
138504,0
138508,0
138513,0
138514,0
138520,1
138523,0
138533,0
138534,0
138542,0
138545,0
138551,1
138553,0
138558,0
138559,1
138562,0
138565,0
138569,0
138570,0
138572,1
138573,0
138574,0
138575,0
138576,0
138577,0
138578,0
138579,0
138584,1
138585,0
138586,1
138588,0
138590,0
138591,1
138594,0
138595,0
138596,1
138599,0
138603,0
138613,0
138615,0
138616,0
138619,0
138623,1
138625,1
138628,0
138632,0
138634,0
138636,1
138638,1
138640,0
138641,0
138646,1
138650,1
138651,0
138653,0
138654,0
138658,0
138662,1
138670,0
138671,1
138675,0
138677,0
138678,0
138680,0
138690,1
138691,1
138697,0
138699,1
138701,1
138704,0
138705,0
138708,1
138709,0
138713,1
138718,0
138722,0
138723,1
138726,1
138732,0
138734,1
138735,0
138738,0
138739,0
138741,0
138743,0
138747,0
138749,0
138752,1
138754,1
138756,1
138758,0
138759,0
138760,0
138761,0
138762,1
138765,1
138768,1
138770,0
138771,0
138772,0
138773,1
138774,1
138775,0
138778,1
138780,0
138783,0
138786,1
138791,0
138795,0
138802,0
138805,0
138817,1
138818,0
138819,0
138821,0
138822,0
138826,0
138829,0
138838,0
138840,0
138843,1
138844,0
138849,1
138857,1
138860,0
138863,0
138865,0
138868,1
138873,1
138875,0
138876,0
138877,1
138884,0
138885,0
138887,0
138891,0
138892,0
138893,1
138895,0
138899,1
138906,0
138908,1
138915,0
138916,0
138917,0
138920,0
138924,0
138930,0
138931,0
138933,1
138936,0
138938,0
138940,0
138941,0
138944,1
138945,0
138948,0
138953,0
138955,0
138956,0
138964,0
138966,0
138967,1
138969,0
138971,0
138972,1
138973,0
138974,0
138977,0
138978,0
138980,0
138983,0
138984,0
138987,0
138989,0
138992,0
138993,0
138996,0
138998,0
139000,0
139001,0
139016,1
139024,0
139027,1
139040,1
139042,0
139043,0
139044,0
139045,0
139048,0
139055,0
139056,0
139057,0
139065,1
139066,0
139069,0
139070,0
139072,0
139075,1
139078,0
139080,0
139081,1
139082,0
139083,0
139084,1
139088,0
139090,0
139091,0
139093,0
139094,0
139098,0
139102,0
139105,1
139106,0
139109,0
139110,0
139112,0
139114,1
139116,0
139117,0
139119,0
139124,0
139127,0
139130,0
139131,1
139135,0
139136,1
139137,0
139139,0
139148,0
139149,0
139152,1
139153,0
139160,0
139162,0
139165,1
139167,0
139169,0
139170,1
139171,0
139172,0
139176,0
139180,1
139182,0
139185,0
139188,0
139189,0
139191,1
139193,0
139195,0
139197,1
139198,0
139203,0
139206,0
139208,0
139211,0
139218,1
139219,0
139220,0
139222,0
139228,0
139229,0
139235,1
139237,0
139240,0
139243,0
139251,0
139252,1
139255,0
139257,0
139262,0
139263,0
139265,0
139267,1
139269,0
139271,0
139274,0
139280,0
139286,1
139287,0
139288,0
139289,0
139290,0
139291,0
139295,0
139296,1
139304,1
139310,0
139311,0
139313,0
139314,0
139316,0
139317,0
139318,1
139321,1
139330,0
139332,0
139337,0
139338,0
139340,0
139344,0
139346,0
139347,0
139351,0
139352,0
139355,0
139356,0
139358,0
139362,1
139365,0
139367,0
139369,0
139371,0
139383,0
139385,0
139386,0
139391,1
139396,1
139398,0
139400,1
139401,0
139405,0
139408,1
139410,1
139411,1
139413,1
139415,0
139416,0
139417,1
139418,0
139423,0
139427,0
139430,0
139434,0
139436,1
139443,0
139444,0
139445,0
139447,0
139452,0
139454,0
139457,0
139461,0
139462,0
139465,0
139466,0
139472,0
139476,0
139478,1
139483,1
139484,1
139485,0
139489,1
139495,0
139496,0
139497,0
139501,1
139502,0
139503,1
139504,0
139505,0
139508,0
139512,0
139517,0
139522,0
139527,0
139530,0
139532,1
139534,0
139535,1
139539,0
139542,0
139545,0
139551,0
139557,0
139562,0
139565,0
139567,1
139572,0
139578,0
139580,0
139581,0
139582,0
139583,0
139586,1
139588,0
139593,0
139594,0
139597,0
139598,0
139601,0
139603,1
139605,0
139606,0
139607,1
139609,1
139615,0
139623,0
139624,0
139626,0
139627,0
139628,0
139632,0
139636,1
139639,1
139640,0
139644,0
139648,1
139649,1
139650,0
139655,1
139659,1
139662,0
139663,0
139664,1
139666,0
139671,0
139673,0
139677,0
139678,0
139682,1
139685,0
139686,1
139688,0
139689,1
139694,0
139698,1
139700,0
139703,0
139705,1
139707,0
139710,0
139715,0
139716,0
139720,1
139724,1
139725,1
139727,0
139728,1
139729,0
139730,0
139731,0
139736,0
139744,1
139747,1
139748,1
139752,0
139760,1
139761,0
139763,0
139766,0
139767,0
139768,0
139772,1
139775,0
139776,0
139779,0
139781,0
139783,0
139785,0
139786,0
139789,0
139792,0
139795,1
139798,0
139803,0
139804,0
139805,0
139806,0
139811,0
139814,0
139821,0
139832,0
139835,0
139845,1
139846,0
139847,1
139848,1
139849,0
139851,0
139852,0
139856,0
139858,0
139861,0
139862,1
139864,1
139865,0
139866,0
139868,0
139872,0
139877,0
139882,0
139887,0
139894,1
139896,0
139898,0
139899,0
139906,0
139907,0
139910,1
139912,0
139914,0
139916,0
139919,0
139933,0
139937,0
139939,0
139947,0
139948,0
139951,0
139952,1
139959,0
139962,0
139965,0
139974,0
139981,0
139983,1
139985,1
139990,0
139991,0
139992,0
139993,0
139995,1
139999,0
140002,1
140007,0
140008,0
140011,0
140012,1
140013,0
140015,0
140017,0
140021,0
140023,0
140027,1
140028,0
140030,0
140032,0
140033,0
140035,0
140039,0
140041,0
140042,0
140045,1
140055,0
140057,0
140059,0
140060,0
140066,0
140069,0
140073,1
140078,0
140086,0
140088,0
140090,0
140093,1
140098,0
140102,0
140105,0
140110,0
140112,0
140113,1
140114,1
140115,1
140118,0
140120,0
140122,1
140133,0
140134,1
140135,0
140137,0
140138,0
140142,0
140143,0
140146,0
140147,0
140150,1
140152,0
140156,0
140157,1
140165,1
140166,1
140171,0
140172,1
140173,0
140174,1
140175,0
140185,0
140188,1
140191,0
140193,0
140198,0
140199,0
140211,1
140213,0
140215,1
140218,0
140225,0
140231,0
140233,0
140235,0
140238,0
140247,0
140255,0
140258,0
140267,0
140269,0
140270,1
140275,0
140284,0
140285,1
140296,0
140297,0
140300,0
140303,0
140304,1
140310,1
140313,0
140315,0
140318,0
140321,0
140324,1
140327,1
140328,0
140331,0
140334,1
140335,0
140340,0
140346,0
140349,0
140351,1
140352,0
140353,1
140361,0
140363,0
140367,0
140368,1
140369,0
140374,1
140379,0
140381,0
140383,0
140386,0
140389,0
140394,0
140396,0
140399,0
140400,0
140402,0
140405,1
140407,0
140408,1
140411,0
140412,0
140413,0
140420,0
140422,0
140424,0
140425,0
140426,0
140429,0
140431,1
140433,0
140434,0
140435,0
140437,0
140440,1
140442,0
140446,0
140448,0
140450,1
140452,0
140453,0
140454,0
140457,0
140463,0
140466,0
140467,0
140468,0
140469,0
140470,0
140474,0
140475,0
140478,0
140484,1
140489,0
140495,0
140498,1
140511,0
140512,0
140514,0
140518,0
140520,0
140524,0
140525,0
140528,0
140533,0
140535,1
140540,1
140543,0
140544,0
140549,0
140551,0
140557,0
140565,0
140573,0
140574,0
140577,1
140589,1
140591,0
140592,0
140593,1
140595,0
140596,1
140602,1
140603,0
140604,0
140605,0
140606,1
140608,0
140609,1
140610,1
140612,0
140615,0
140620,0
140625,0
140628,0
140634,0
140636,1
140638,0
140645,1
140649,0
140650,1
140651,1
140654,0
140664,0
140672,1
140677,0
140680,0
140681,1
140684,1
140687,1
140691,0
140692,1
140693,0
140696,0
140697,0
140699,0
140703,0
140705,1
140710,1
140712,0
140714,0
140715,0
140716,0
140717,0
140718,0
140719,0
140722,0
140724,0
140727,0
140729,0
140740,0
140742,0
140743,0
140749,0
140758,0
140760,0
140762,0
140764,0
140767,0
140768,0
140769,0
140771,0
140773,0
140776,0
140778,0
140791,0
140794,0
140797,0
140802,0
140803,0
140804,1
140805,0
140808,1
140809,1
140810,1
140811,1
140815,0
140819,0
140822,0
140823,1
140829,0
140832,0
140833,0
140835,0
140836,0
140837,1
140840,0
140842,1
140844,1
140847,1
140849,1
140850,1
140852,0
140854,0
140855,0
140856,1
140859,0
140861,0
140862,1
140863,0
140867,1
140870,0
140874,0
140878,0
140879,0
140880,0
140886,1
140887,0
140890,1
140893,0
140897,1
140900,0
140905,0
140906,0
140909,0
140911,1
140914,0
140915,0
140925,0
140926,0
140929,1
140932,0
140934,0
140935,0
140937,1
140938,0
140943,0
140944,0
140945,1
140949,1
140950,0
140952,0
140963,0
140966,0
140967,0
140970,0
140972,0
140974,0
140978,0
140983,0
140984,0
140985,0
140986,1
140987,0
140988,0
140991,0
140993,1
140994,1
140995,0
140996,0
140997,0
140999,0
141010,0
141011,0
141012,1
141017,0
141020,0
141024,0
141028,0
141030,1
141031,0
141036,0
141040,0
141042,0
141044,0
141050,0
141051,0
141055,0
141060,0
141062,1
141063,0
141065,0
141066,1
141072,1
141074,0
141076,0
141078,1
141079,0
141080,0
141083,0
141084,1
141087,0
141090,0
141092,0
141093,0
141094,1
141097,0
141102,0
141103,1
141106,0
141107,1
141108,0
141109,0
141115,0
141116,0
141117,0
141119,0
141121,1
141125,0
141126,1
141127,0
141129,0
141144,0
141145,0
141147,0
141148,1
141150,1
141151,0
141152,0
141153,0
141158,1
141161,0
141173,1
141180,0
141182,0
141185,0
141188,0
141192,0
141194,0
141199,0
141209,0
141211,1
141212,0
141214,0
141216,0
141219,0
141223,0
141224,0
141226,0
141229,0
141230,0
141232,1
141236,0
141239,1
141241,0
141244,0
141246,0
141248,0
141250,0
141256,0
141257,1
141258,0
141265,0
141267,1
141268,1
141271,0
141274,0
141276,1
141280,0
141282,1
141284,0
141285,0
141287,0
141291,0
141293,1
141297,0
141298,0
141300,0
141303,1
141305,0
141308,0
141309,0
141312,1
141318,0
141320,0
141322,1
141328,0
141333,0
141335,0
141337,0
141339,1
141341,1
141342,0
141349,0
141354,0
141355,0
141356,0
141359,0
141360,0
141363,0
141364,0
141368,1
141374,0
141376,0
141379,0
141382,1
141389,0
141390,0
141392,1
141393,0
141396,0
141397,1
141398,0
141399,0
141400,0
141401,1
141403,0
141404,0
141406,0
141409,0
141411,0
141412,0
141414,1
141417,0
141421,0
141423,0
141424,1
141426,1
141430,0
141431,0
141432,0
141434,1
141435,0
141437,0
141443,0
141445,0
141450,0
141455,0
141456,0
141461,1
141462,0
141468,0
141473,0
141479,1
141484,1
141486,0
141489,0
141491,1
141494,0
141496,1
141499,0
141500,0
141504,0
141508,0
141511,0
141512,0
141515,0
141521,0
141522,0
141523,0
141526,0
141527,0
141528,0
141536,1
141539,0
141540,1
141542,0
141543,0
141545,1
141547,1
141548,0
141549,0
141551,1
141552,0
141555,0
141556,0
141561,0
141564,0
141565,0
141567,1
141568,0
141569,0
141577,1
141582,0
141589,0
141591,1
141592,0
141593,0
141598,0
141601,1
141605,1
141609,1
141611,0
141614,1
141617,0
141620,0
141626,0
141628,0
141631,0
141632,1
141636,0
141643,1
141646,0
141647,1
141652,0
141658,0
141661,0
141670,0
141671,1
141673,1
141674,1
141675,0
141676,0
141686,0
141692,0
141705,1
141706,0
141707,1
141719,0
141720,1
141723,0
141724,1
141728,0
141729,0
141737,0
141738,0
141740,0
141742,0
141753,1
141755,1
141760,0
141764,0
141765,0
141767,0
141771,0
141780,0
141781,0
141784,0
141786,0
141792,0
141798,0
141803,0
141806,0
141807,0
141813,1
141817,1
141822,0
141824,0
141826,0
141828,0
141833,0
141836,0
141839,0
141840,1
141842,0
141843,0
141846,0
141847,0
141849,0
141857,0
141858,1
141864,0
141867,0
141868,0
141871,0
141874,0
141875,0
141877,0
141879,0
141883,0
141885,1
141895,1
141898,1
141899,0
141905,1
141915,0
141916,0
141921,0
141922,0
141923,1
141925,1
141926,0
141927,0
141930,0
141933,0
141937,0
141940,0
141944,1
141947,0
141949,0
141958,0
141960,0
141962,0
141966,0
141970,1
141977,1
141982,1
141985,0
141986,0
141987,1
141988,1
141990,0
141991,0
141992,0
141993,0
141995,0
141997,0
141999,0
142001,0
142002,0
142003,0
142010,0
142011,0
142012,1
142014,0
142015,0
142017,1
142022,0
142028,0
142030,0
142032,0
142034,0
142035,0
142039,0
142042,1
142044,1
142047,0
142049,0
142052,1
142053,0
142055,1
142057,0
142060,0
142062,0
142067,0
142068,0
142075,0
142079,0
142080,0
142081,0
142082,0
142083,0
142090,0
142092,1
142093,1
142095,1
142100,0
142101,1
142105,0
142107,1
142109,0
142111,1
142114,0
142115,1
142126,1
142127,1
142128,0
142130,1
142141,0
142142,0
142147,1
142156,0
142160,0
142161,0
142163,0
142166,0
142167,0
142170,0
142171,1
142173,1
142174,0
142175,1
142176,0
142179,0
142181,1
142184,1
142188,0
142190,0
142191,0
142192,1
142200,0
142201,0
142204,0
142207,0
142208,0
142211,0
142212,0
142213,0
142214,0
142216,0
142222,1
142228,0
142229,0
142230,0
142233,0
142239,1
142244,0
142245,0
142251,1
142254,0
142259,0
142263,1
142269,0
142271,0
142272,0
142276,0
142277,0
142279,0
142281,0
142284,0
142285,0
142291,0
142292,0
142294,0
142295,0
142297,1
142301,1
142302,0
142304,0
142305,0
142309,1
142311,0
142316,1
142317,0
142318,0
142319,0
142323,0
142325,1
142329,1
142330,1
142336,1
142339,1
142340,0
142351,0
142352,1
142357,0
142362,1
142368,0
142372,0
142374,1
142385,0
142389,1
142390,0
142394,0
142395,1
142396,0
142397,0
142402,0
142403,0
142406,1
142408,1
142410,0
142412,0
142416,0
142420,0
142424,0
142430,0
142443,0
142445,0
142446,0
142450,0
142453,1
142455,0
142456,1
142458,1
142461,0
142463,0
142464,0
142470,0
142476,0
142478,0
142486,0
142488,1
142489,0
142491,0
142492,1
142495,0
142497,0
142498,1
142500,0
142503,0
142504,0
142508,1
142511,0
142518,0
142520,1
142524,0
142529,0
142530,0
142532,0
142533,1
142539,0
142546,1
142556,0
142560,0
142563,0
142564,0
142568,0
142569,0
142575,0
142578,0
142582,0
142587,0
142594,0
142595,1
142599,0
142600,0
142603,0
142606,0
142617,1
142618,0
142622,0
142624,1
142629,0
142632,1
142636,1
142637,0
142638,1
142641,0
142642,0
142644,0
142645,0
142651,0
142653,1
142654,1
142657,0
142669,1
142675,1
142676,0
142680,0
142684,1
142685,1
142689,0
142696,0
142700,0
142701,0
142702,1
142705,0
142706,0
142709,0
142711,1
142712,0
142717,0
142719,1
142722,1
142724,0
142725,0
142733,0
142734,1
142738,0
142741,0
142742,1
142744,1
142748,0
142752,0
142753,0
142764,0
142765,0
142768,1
142771,0
142777,1
142778,0
142780,1
142781,0
142787,0
142790,1
142795,0
142798,0
142803,1
142805,1
142807,0
142808,0
142809,0
142810,0
142812,0
142814,1
142817,1
142819,0
142820,0
142822,0
142825,1
142829,0
142835,0
142838,0
142841,0
142843,1
142846,0
142848,0
142850,0
142851,0
142853,1
142857,0
142858,0
142864,0
142870,0
142871,1
142882,1
142885,1
142886,1
142893,0
142900,0
142901,0
142902,0
142909,0
142910,0
142911,0
142920,1
142924,0
142927,0
142930,1
142941,0
142942,0
142943,0
142946,1
142948,0
142949,0
142953,0
142956,0
142961,1
142971,0
142976,0
142980,0
142981,0
142984,1
142988,0
142989,1
142991,1
142994,0
142996,0
142998,0
143005,0
143006,0
143020,0
143022,1
143023,1
143024,1
143026,0
143027,0
143028,0
143030,0
143035,0
143039,1
143042,1
143049,0
143062,1
143064,0
143065,0
143066,0
143068,1
143072,0
143073,0
143076,1
143077,0
143078,0
143081,0
143084,0
143088,0
143091,0
143092,0
143093,0
143103,0
143109,0
143113,0
143114,0
143117,1
143118,1
143130,1
143131,0
143137,0
143138,0
143140,0
143145,0
143146,0
143149,0
143152,0
143156,0
143163,0
143164,0
143165,0
143173,0
143174,0
143175,0
143177,1
143179,0
143182,1
143184,0
143186,1
143191,0
143192,1
143195,0
143197,1
143199,0
143200,0
143204,0
143205,0
143206,0
143208,0
143209,0
143218,0
143219,0
143222,0
143223,1
143224,1
143225,0
143226,0
143227,0
143230,0
143231,0
143233,0
143235,0
143237,0
143241,1
143243,0
143246,0
143247,0
143249,0
143251,0
143254,0
143255,1
143257,0
143259,1
143263,1
143266,0
143267,0
143270,0
143278,0
143285,0
143295,0
143300,0
143301,0
143303,0
143312,1
143313,0
143316,0
143319,0
143321,0
143323,0
143327,0
143329,0
143330,0
143335,0
143340,1
143343,1
143347,1
143349,1
143351,0
143352,1
143353,0
143354,1
143355,1
143358,0
143361,0
143365,1
143367,1
143370,1
143373,0
143374,1
143375,0
143376,0
143379,0
143380,1
143384,0
143385,0
143388,0
143390,0
143392,1
143396,1
143400,0
143402,0
143403,1
143406,0
143407,0
143409,0
143411,0
143418,0
143420,0
143421,0
143423,0
143425,0
143428,0
143430,0
143434,0
143436,0
143439,0
143440,0
143443,0
143447,0
143450,0
143451,0
143454,0
143455,0
143458,0
143462,0
143464,1
143465,0
143470,0
143471,0
143472,0
143473,0
143474,1
143478,0
143479,1
143480,0
143481,0
143485,0
143487,0
143489,0
143491,0
143494,0
143498,0
143502,0
143504,0
143507,0
143509,0
143510,1
143512,0
143518,0
143520,1
143522,0
143524,0
143531,0
143535,0
143541,0
143544,1
143549,0
143553,1
143555,0
143559,0
143567,0
143571,0
143573,0
143574,0
143575,1
143577,0
143581,1
143584,0
143594,0
143597,0
143600,1
143603,1
143610,1
143613,0
143623,0
143629,0
143633,0
143636,0
143637,0
143640,0
143641,0
143644,0
143652,0
143654,0
143661,0
143667,0
143669,1
143671,0
143672,0
143675,0
143679,1
143683,1
143684,1
143686,0
143696,1
143697,1
143699,0
143701,0
143703,0
143710,0
143720,0
143723,1
143725,1
143728,1
143732,1
143733,0
143738,0
143740,0
143741,0
143745,0
143746,0
143747,0
143748,0
143755,1
143758,0
143759,0
143769,0
143773,1
143778,0
143780,1
143783,0
143786,0
143790,0
143791,0
143803,0
143805,0
143807,0
143808,0
143810,0
143814,0
143815,0
143817,0
143818,0
143821,0
143826,0
143831,0
143833,0
143834,0
143838,1
143848,0
143849,0
143851,1
143852,1
143855,0
143860,0
143864,0
143870,0
143871,0
143873,0
143874,0
143875,0
143889,0
143891,0
143892,0
143894,0
143906,1
143907,1
143909,1
143910,0
143912,0
143916,1
143923,1
143924,0
143925,0
143926,0
143928,0
143929,0
143931,1
143932,1
143934,1
143935,0
143947,0
143948,0
143951,1
143953,0
143957,0
143962,1
143970,0
143971,1
143976,0
143979,0
143981,0
143987,0
143991,1
143992,0
143993,0
144004,0
144005,0
144020,0
144021,1
144024,1
144030,1
144032,1
144037,0
144039,0
144041,1
144046,0
144052,0
144053,1
144055,0
144060,1
144066,0
144067,0
144071,1
144075,0
144078,0
144080,0
144083,0
144088,0
144090,0
144091,1
144096,1
144097,1
144100,0
144101,1
144102,1
144108,1
144115,0
144119,0
144121,1
144122,0
144124,0
144132,0
144133,0
144136,0
144138,0
144145,0
144149,0
144159,1
144160,0
144161,0
144163,0
144167,1
144168,1
144170,0
144173,1
144175,1
144176,0
144179,1
144183,0
144187,0
144188,0
144189,0
144190,1
144192,1
144194,1
144198,0
144199,1
144200,0
144202,0
144204,1
144205,0
144207,0
144209,0
144211,0
144212,0
144214,0
144219,0
144222,0
144223,0
144228,1
144230,1
144242,1
144243,0
144245,0
144246,1
144248,0
144249,0
144251,0
144254,0
144256,0
144258,1
144264,0
144265,1
144267,0
144268,0
144272,1
144274,0
144276,0
144281,0
144290,1
144291,0
144295,1
144297,1
144298,0
144299,0
144300,1
144301,0
144307,1
144308,0
144315,0
144317,0
144319,0
144323,1
144325,1
144331,1
144340,0
144347,0
144348,0
144352,0
144353,1
144357,1
144358,1
144359,1
144361,1
144369,0
144370,0
144378,1
144384,0
144385,0
144387,0
144388,1
144391,1
144396,1
144397,1
144398,0
144400,0
144405,0
144414,0
144416,1
144418,1
144426,0
144428,0
144432,0
144436,1
144440,1
144441,0
144449,0
144451,0
144452,1
144455,1
144456,0
144459,0
144462,0
144464,0
144465,0
144467,0
144469,0
144472,0
144475,0
144479,0
144480,0
144481,1
144482,0
144486,0
144496,1
144497,1
144505,0
144507,0
144510,1
144513,0
144518,0
144519,1
144521,0
144522,0
144523,0
144526,1
144527,0
144535,0
144540,0
144543,0
144545,0
144547,0
144553,0
144556,0
144558,0
144561,0
144564,0
144566,0
144568,0
144569,0
144570,1
144572,0
144575,0
144578,0
144579,1
144582,1
144586,0
144589,0
144598,1
144599,1
144602,0
144604,1
144605,0
144608,1
144619,0
144620,1
144622,0
144624,0
144626,0
144627,1
144636,0
144637,0
144638,0
144646,0
144651,1
144654,0
144657,0
144661,0
144663,1
144664,0
144665,0
144670,0
144673,0
144676,0
144678,0
144679,1
144680,0
144681,1
144683,0
144688,0
144692,0
144695,1
144697,0
144698,0
144703,1
144717,0
144721,0
144725,0
144727,0
144733,0
144739,0
144743,0
144744,1
144746,1
144750,0
144755,0
144756,0
144757,1
144762,1
144764,1
144765,0
144779,0
144781,1
144784,0
144789,0
144790,1
144796,0
144799,0
144801,0
144804,0
144808,0
144820,0
144823,0
144826,0
144831,0
144832,0
144835,0
144836,0
144839,1
144841,0
144844,1
144853,0
144855,1
144858,0
144859,1
144863,0
144866,0
144867,0
144871,0
144872,0
144876,0
144888,0
144892,1
144893,0
144897,0
144900,0
144901,0
144902,1
144904,0
144908,0
144923,0
144924,0
144937,0
144939,0
144943,1
144944,0
144947,0
144948,0
144950,0
144951,0
144952,0
144956,0
144957,0
144961,1
144963,0
144965,0
144969,1
144981,0
144982,0
144983,0
144991,0
144996,0
145005,0
145012,0
145013,0
145015,0
145017,0
145018,0
145019,0
145022,0
145026,0
145032,0
145033,0
145040,0
145043,0
145044,0
145045,0
145052,0
145055,0
145063,0
145064,0
145065,0
145066,0
145071,0
145073,0
145074,0
145076,1
145083,0
145084,0
145087,0
145090,0
145092,0
145094,0
145097,0
145103,0
145109,1
145113,1
145114,0
145128,0
145129,0
145130,0
145133,0
145135,0
145144,0
145146,0
145147,1
145151,1
145153,0
145164,1
145165,1
145166,0
145169,0
145171,1
145173,0
145175,1
145179,0
145182,0
145184,1
145186,0
145188,0
145190,0
145192,1
145194,0
145195,0
145199,1
145201,1
145202,0
145207,0
145210,0
145213,0
145215,0
145217,0
145219,0
145222,0
145226,0
145227,0
145237,0
145238,0
145240,0
145241,0
145242,0
145243,0
145244,0
145245,0
145250,0
145251,0
145253,0
145256,1
145262,0
145263,0
145268,0
145269,0
145271,0
145288,0
145289,0
145293,0
145294,0
145298,0
145304,0
145310,0
145311,0
145314,1
145317,0
145318,0
145319,1
145320,0
145325,0
145327,0
145331,0
145336,1
145338,0
145340,0
145348,0
145357,0
145358,0
145361,0
145366,0
145370,1
145373,0
145377,0
145381,0
145382,0
145386,0
145389,0
145391,1
145393,1
145394,0
145395,0
145396,0
145399,0
145400,0
145401,0
145403,0
145404,0
145412,0
145415,0
145416,0
145418,0
145419,0
145422,0
145424,0
145427,0
145428,0
145431,0
145433,0
145440,0
145443,0
145447,1
145450,1
145453,1
145455,1
145456,0
145462,0
145464,0
145468,0
145469,0
145471,0
145481,0
145490,0
145492,0
145494,0
145495,0
145496,0
145499,0
145503,0
145504,0
145507,0
145508,0
145510,1
145511,0
145513,0
145520,0
145523,0
145525,0
145530,1
145532,0
145535,0
145536,1
145537,0
145539,0
145541,0
145542,0
145543,0
145544,0
145547,0
145550,1
145554,0
145555,0
145557,1
145560,1
145561,0
145563,1
145564,0
145566,0
145568,0
145570,1
145572,0
145573,0
145576,0
145583,1
145585,0
145586,1
145593,0
145598,1
145600,0
145601,0
145602,0
145611,1
145612,0
145613,1
145618,1
145619,0
145627,1
145630,1
145632,0
145634,0
145637,0
145638,0
145647,0
145648,1
145650,0
145654,0
145656,1
145658,1
145659,1
145661,0
145664,0
145665,0
145671,1
145673,0
145675,1
145678,0
145680,1
145681,0
145684,1
145685,1
145692,0
145693,0
145697,0
145702,0
145703,1
145705,0
145707,1
145708,0
145715,1
145722,0
145723,0
145726,1
145730,0
145732,0
145733,0
145734,1
145736,0
145737,1
145739,1
145744,1
145749,0
145751,1
145754,0
145756,1
145757,1
145759,0
145760,0
145761,1
145763,0
145768,0
145769,0
145771,0
145772,1
145782,1
145783,0
145784,0
145786,0
145792,0
145793,0
145795,0
145796,0
145798,0
145808,0
145809,0
145824,1
145825,0
145826,0
145828,0
145829,1
145836,0
145839,0
145848,0
145854,0
145863,0
145866,0
145868,1
145876,0
145880,0
145881,0
145882,0
145883,1
145885,0
145891,0
145893,1
145896,1
145897,1
145899,1
145900,0
145907,0
145908,0
145909,1
145910,0
145918,1
145923,0
145929,0
145930,0
145934,1
145935,0
145939,0
145941,0
145945,0
145947,1
145951,0
145961,0
145962,0
145965,0
145966,0
145967,1
145969,0
145974,0
145975,0
145977,0
145978,0
145980,0
145986,0
145987,0
145988,1
145990,0
145992,0
145993,0
145995,1
145996,0
145998,0
146004,0
146005,0
146009,0
146017,0
146018,0
146019,0
146022,0
146023,0
146025,0
146028,0
146030,0
146033,0
146036,1
146045,1
146047,1
146050,0
146051,1
146052,0
146055,0
146058,1
146069,0
146072,1
146077,0
146079,0
146081,0
146082,0
146083,1
146085,0
146087,0
146089,0
146092,0
146094,1
146095,0
146096,0
146100,0
146101,1
146104,1
146107,1
146108,1
146109,0
146112,0
146113,1
146115,1
146117,1
146120,0
146121,0
146125,1
146130,0
146135,0
146136,1
146139,0
146140,0
146142,0
146144,0
146147,0
146150,0
146151,0
146152,1
146157,0
146160,0
146167,0
146169,0
146170,1
146172,0
146176,0
146178,1
146179,0
146182,1
146183,0
146190,0
146192,1
146193,0
146195,0
146197,1
146200,0
146204,0
146211,0
146215,0
146217,1
146219,1
146221,0
146223,1
146224,0
146225,0
146227,0
146231,0
146232,1
146234,0
146236,0
146244,0
146245,0
146249,0
146254,1
146256,0
146257,0
146260,0
146262,0
146263,1
146265,0
146269,0
146271,0
146279,0
146281,0
146282,0
146283,1
146284,1
146287,0
146290,0
146300,0
146301,1
146302,0
146305,0
146306,0
146307,0
146313,0
146314,0
146315,0
146317,0
146319,0
146321,1
146322,0
146323,1
146329,1
146330,1
146334,0
146338,1
146339,1
146340,0
146342,0
146347,0
146352,0
146354,0
146359,0
146360,0
146361,1
146364,0
146367,1
146370,0
146372,0
146376,0
146377,0
146378,1
146379,1
146380,0
146381,1
146382,0
146385,1
146392,0
146394,0
146396,0
146400,0
146405,1
146410,0
146412,0
146415,0
146416,0
146418,0
146423,0
146426,0
146427,1
146428,1
146429,1
146431,0
146434,1
146436,1
146438,1
146447,0
146449,0
146451,0
146457,0
146460,1
146462,1
146469,1
146472,0
146478,0
146481,1
146482,0
146485,0
146489,0
146490,0
146491,0
146492,0
146493,1
146494,1
146495,0
146502,0
146505,0
146506,0
146507,1
146511,0
146514,0
146518,0
146519,0
146520,0
146521,0
146522,0
146525,0
146526,0
146527,0
146535,1
146536,0
146538,0
146545,0
146549,0
146560,0
146561,1
146563,0
146565,0
146573,1
146576,0
146582,0
146584,0
146586,0
146587,0
146589,0
146593,0
146595,1
146597,1
146598,1
146604,0
146605,0
146606,0
146607,0
146613,0
146614,0
146615,0
146616,0
146618,1
146619,1
146624,0
146627,1
146632,0
146639,0
146640,1
146642,0
146644,0
146646,0
146648,1
146655,0
146661,0
146664,0
146668,1
146672,1
146673,0
146674,0
146680,0
146681,1
146686,1
146689,0
146691,0
146695,1
146696,1
146698,0
146702,0
146705,0
146706,0
146713,0
146717,0
146718,0
146727,1
146729,0
146731,1
146733,0
146735,0
146737,0
146742,0
146743,0
146745,0
146747,0
146751,1
146757,1
146758,1
146763,1
146764,0
146766,1
146767,0
146768,0
146771,0
146772,0
146773,0
146774,1
146775,0
146779,0
146780,0
146787,1
146788,0
146794,0
146796,0
146802,0
146804,1
146806,0
146807,1
146808,0
146815,0
146822,0
146823,0
146826,0
146833,0
146835,1
146836,0
146846,0
146847,0
146849,1
146850,1
146855,0
146860,0
146864,0
146867,1
146870,0
146876,0
146879,1
146880,1
146881,0
146894,0
146896,1
146897,0
146899,0
146900,0
146905,0
146906,0
146909,1
146911,1
146912,0
146913,0
146915,1
146916,0
146918,0
146923,0
146924,0
146925,0
146926,0
146931,0
146938,0
146941,1
146943,1
146945,0
146946,0
146948,0
146952,0
146961,0
146968,0
146971,1
146974,1
146975,0
146977,0
146981,1
146983,0
146984,0
146985,1
146991,1
146992,1
146996,0
146999,0
147001,0
147003,1
147006,0
147007,1
147021,0
147023,0
147024,1
147025,0
147027,0
147032,0
147033,0
147034,0
147040,1
147041,0
147043,0
147044,0
147050,0
147051,0
147052,0
147054,0
147056,1
147059,1
147060,1
147061,0
147062,0
147064,1
147065,0
147070,1
147071,1
147074,0
147077,1
147078,1
147079,0
147083,0
147084,1
147092,0
147093,0
147102,0
147109,1
147111,0
147112,1
147113,0
147117,0
147121,0
147126,1
147133,1
147135,0
147138,0
147143,0
147146,0
147147,0
147154,1
147161,0
147164,0
147172,0
147180,0
147184,0
147185,0
147186,1
147193,0
147195,0
147197,1
147205,0
147208,0
147210,0
147214,0
147216,0
147227,1
147230,0
147235,0
147237,0
147240,0
147241,1
147243,0
147247,1
147248,0
147249,0
147253,1
147256,0
147258,0
147260,0
147261,0
147262,0
147263,0
147264,0
147267,0
147271,0
147272,1
147273,0
147274,0
147276,0
147280,1
147290,0
147294,0
147296,1
147300,0
147301,0
147308,1
147309,0
147313,0
147317,0
147318,0
147322,1
147323,0
147324,1
147328,0
147332,1
147333,1
147337,0
147346,0
147351,0
147356,0
147357,0
147358,1
147360,0
147362,1
147366,1
147368,1
147370,0
147371,1
147373,0
147379,1
147381,0
147383,0
147396,0
147402,0
147403,0
147404,0
147405,0
147406,1
147407,1
147410,0
147411,0
147417,0
147418,1
147419,0
147421,0
147422,0
147425,0
147433,0
147437,0
147442,0
147445,1
147449,0
147450,0
147451,0
147452,0
147453,0
147454,0
147455,1
147457,0
147458,0
147459,0
147463,0
147465,0
147468,0
147474,0
147475,0
147477,0
147488,0
147498,0
147502,0
147504,0
147505,1
147506,0
147507,0
147508,0
147509,1
147511,0
147512,1
147513,1
147517,0
147518,0
147521,0
147524,1
147530,0
147538,0
147539,0
147544,0
147545,0
147548,0
147549,0
147555,0
147558,0
147560,0
147562,0
147563,0
147564,0
147565,0
147571,0
147574,0
147575,0
147578,0
147581,0
147589,0
147591,1
147593,0
147596,0
147598,0
147604,0
147608,0
147614,0
147628,1
147630,0
147631,0
147635,0
147636,0
147637,0
147638,0
147640,0
147641,0
147642,0
147643,0
147644,0
147647,0
147648,1
147653,0
147663,0
147667,0
147669,0
147675,0
147676,0
147679,0
147680,0
147683,1
147686,0
147693,0
147694,1
147697,0
147705,0
147707,0
147709,1
147713,0
147714,0
147715,1
147717,0
147718,0
147722,0
147726,1
147731,0
147733,0
147741,0
147742,0
147745,0
147746,0
147748,0
147756,0
147759,0
147767,0
147768,1
147769,1
147772,1
147773,1
147778,0
147783,0
147791,0
147802,1
147803,1
147808,0
147809,0
147810,0
147811,0
147814,0
147821,0
147824,1
147826,1
147827,0
147828,0
147829,0
147832,0
147844,1
147854,0
147856,0
147857,0
147858,0
147865,0
147867,0
147874,0
147875,1
147879,0
147880,0
147885,1
147890,0
147893,1
147897,0
147902,0
147904,1
147906,0
147907,0
147909,0
147911,0
147913,1
147921,0
147925,1
147930,0
147932,0
147934,0
147936,1
147938,0
147940,0
147941,0
147942,0
147944,0
147946,0
147947,0
147950,0
147954,1
147956,0
147957,0
147958,0
147959,0
147960,0
147961,0
147963,0
147966,0
147968,1
147974,1
147977,0
147979,0
147982,0
147987,0
147988,0
147991,0
147993,0
147999,0
148002,1
148008,0
148009,1
148011,0
148013,0
148020,0
148023,0
148026,0
148029,0
148030,0
148036,1
148043,1
148044,0
148046,0
148050,0
148051,0
148057,0
148058,1
148059,0
148061,0
148063,1
148067,1
148073,1
148076,0
148079,0
148082,1
148084,0
148085,0
148087,0
148090,0
148092,0
148097,1
148101,0
148102,0
148104,1
148106,0
148108,0
148110,1
148111,0
148115,0
148116,0
148123,0
148124,0
148126,1
148132,0
148133,0
148135,0
148136,0
148138,0
148140,0
148143,1
148144,0
148145,0
148149,0
148150,0
148152,0
148157,1
148160,0
148162,0
148165,0
148166,0
148173,0
148174,0
148175,0
148176,0
148179,0
148181,0
148184,0
148189,1
148193,0
148201,1
148202,1
148203,0
148205,0
148211,0
148214,0
148215,1
148217,1
148219,0
148220,0
148222,0
148233,0
148235,0
148238,1
148244,1
148245,0
148246,0
148247,1
148250,0
148255,1
148258,0
148260,0
148261,0
148265,0
148267,0
148268,0
148272,0
148276,0
148278,1
148279,0
148282,0
148283,0
148286,1
148288,0
148289,0
148292,0
148297,0
148309,0
148314,0
148315,0
148316,0
148324,0
148327,0
148328,0
148332,0
148335,1
148348,0
148350,0
148352,0
148359,0
148360,0
148365,1
148369,0
148370,0
148371,0
148373,0
148378,0
148381,1
148388,0
148390,1
148395,0
148396,1
148405,0
148406,0
148409,0
148411,0
148412,0
148422,1
148423,0
148427,0
148429,0
148430,1
148432,0
148433,0
148434,0
148436,0
148438,0
148440,0
148447,0
148451,0
148458,0
148463,0
148465,1
148466,1
148471,1
148472,0
148478,0
148483,0
148488,0
148493,1
148494,0
148506,0
148510,0
148511,0
148514,1
148515,0
148517,1
148518,0
148521,0
148523,0
148526,0
148529,0
148531,0
148532,1
148533,1
148548,0
148549,0
148551,0
148553,0
148562,0
148564,1
148566,0
148568,0
148572,0
148578,0
148579,0
148580,0
148582,1
148583,0
148588,0
148589,0
148597,0
148598,1
148599,1
148604,0
148610,0
148611,0
148619,0
148621,0
148625,0
148626,0
148630,0
148632,0
148633,0
148635,0
148637,1
148638,0
148641,0
148642,0
148653,0
148655,0
148661,0
148666,1
148667,0
148668,0
148670,0
148671,0
148672,0
148674,0
148675,1
148676,1
148677,0
148679,0
148683,1
148685,0
148689,0
148694,0
148698,0
148699,0
148700,1
148702,1
148713,0
148735,0
148736,1
148737,0
148741,0
148742,0
148744,1
148746,1
148747,1
148748,0
148749,1
148751,0
148752,1
148755,0
148758,1
148759,0
148764,0
148766,0
148769,0
148771,0
148772,1
148773,0
148777,1
148780,0
148782,0
148790,1
148791,1
148792,0
148793,1
148794,1
148795,0
148800,0
148807,0
148809,0
148816,1
148818,0
148827,1
148828,1
148830,0
148831,0
148835,0
148839,0
148849,1
148850,0
148851,0
148853,0
148854,0
148858,0
148861,1
148863,0
148868,0
148869,1
148870,0
148872,0
148873,0
148880,0
148881,0
148882,1
148883,0
148890,0
148901,0
148906,1
148908,0
148909,0
148912,1
148923,0
148925,0
148926,0
148930,0
148932,0
148933,0
148935,1
148939,1
148941,0
148942,1
148943,0
148944,0
148945,1
148946,0
148950,1
148953,0
148955,0
148957,1
148958,1
148962,0
148967,1
148968,0
148972,1
148973,0
148974,1
148981,0
148985,0
148987,0
148990,0
148991,1
148993,0
148994,0
148995,0
148997,0
149006,1
149008,0
149012,0
149013,1
149017,1
149019,0
149020,0
149023,0
149027,1
149028,0
149035,1
149038,0
149042,0
149045,0
149049,1
149051,0
149058,0
149062,0
149071,0
149072,0
149081,1
149085,0
149086,0
149089,0
149092,0
149094,0
149096,1
149099,1
149100,0
149103,0
149109,0
149116,1
149120,1
149124,0
149128,1
149131,0
149136,0
149143,0
149145,0
149147,1
149150,0
149155,0
149157,0
149158,1
149159,0
149160,0
149164,0
149168,0
149190,0
149191,0
149193,0
149196,1
149202,0
149204,1
149206,0
149212,0
149213,1
149218,0
149221,0
149228,0
149235,0
149236,0
149241,0
149243,0
149245,0
149246,0
149254,1
149257,0
149258,0
149261,0
149262,1
149270,0
149272,0
149274,0
149275,1
149276,0
149277,1
149280,1
149282,0
149284,0
149289,1
149293,0
149303,0
149306,1
149311,0
149315,0
149316,1
149325,0
149326,0
149327,0
149331,0
149332,0
149334,0
149337,1
149338,1
149339,0
149341,0
149344,0
149347,0
149356,0
149357,0
149360,0
149364,0
149367,0
149368,1
149374,0
149382,0
149383,0
149386,0
149387,1
149394,0
149395,1
149401,0
149407,0
149408,1
149413,0
149416,0
149417,0
149418,0
149420,0
149421,0
149422,0
149427,1
149431,0
149432,0
149439,0
149442,0
149445,0
149446,0
149449,0
149456,0
149459,0
149461,0
149467,0
149472,0
149475,0
149477,0
149484,0
149485,0
149493,1
149494,0
149495,0
149502,1
149505,1
149507,0
149508,0
149509,0
149513,0
149515,1
149517,0
149524,0
149526,0
149530,1
149533,0
149534,1
149542,0
149547,0
149553,1
149554,0
149558,0
149559,0
149566,0
149569,0
149575,0
149577,1
149578,1
149579,0
149580,0
149583,0
149584,0
149585,0
149588,0
149589,0
149590,1
149599,0
149603,0
149604,0
149606,0
149608,1
149615,0
149616,0
149617,1
149625,0
149627,0
149632,0
149636,0
149641,0
149647,0
149648,0
149649,0
149651,0
149653,0
149654,0
149655,0
149656,0
149664,0
149665,0
149669,1
149672,0
149674,0
149691,0
149693,0
149694,0
149697,0
149698,0
149703,0
149706,0
149708,0
149709,0
149711,0
149713,1
149714,0
149716,0
149717,0
149718,1
149719,1
149721,1
149722,1
149723,0
149724,0
149731,0
149739,0
149746,0
149748,0
149751,0
149752,0
149755,1
149759,0
149760,1
149763,0
149767,0
149768,1
149769,0
149771,0
149775,0
149776,0
149782,0
149785,0
149786,0
149787,0
149790,0
149791,1
149796,0
149800,0
149801,0
149805,1
149807,0
149816,0
149819,0
149825,0
149826,0
149829,0
149832,0
149835,1
149836,0
149837,0
149840,0
149846,0
149848,0
149850,0
149855,0
149863,0
149864,0
149865,0
149867,0
149868,0
149873,1
149879,0
149880,0
149881,0
149888,0
149889,0
149893,1
149895,0
149900,0
149902,0
149905,0
149906,1
149908,0
149909,0
149914,1
149915,0
149922,1
149923,0
149926,0
149933,1
149934,1
149937,1
149938,0
149939,1
149940,0
149941,1
149942,0
149944,0
149947,0
149951,1
149954,0
149957,1
149958,0
149959,0
149961,0
149966,1
149967,0
149974,1
149976,0
149979,0
149981,0
149983,0
149984,0
149990,1
149991,1
149996,1
150000,0
150001,0
150006,1
150013,1
150014,0
150016,0
150018,0
150028,0
150031,0
150036,0
150038,0
150040,0
150044,0
150045,0
150047,1
150049,0
150051,0
150054,1
150055,0
150057,0
150063,0
150067,0
150069,1
150075,1
150076,0
150077,0
150081,0
150087,1
150088,0
150091,0
150099,0
150106,0
150108,0
150109,0
150113,0
150120,0
150128,0
150132,1
150140,1
150144,0
150145,1
150149,0
150151,0
150153,0
150159,1
150161,0
150163,1
150165,0
150172,0
150174,0
150178,0
150183,0
150186,1
150187,0
150193,1
150195,0
150196,0
150197,0
150200,0
150207,0
150210,0
150212,0
150215,1
150219,0
150220,0
150222,0
150225,0
150226,1
150230,0
150232,1
150233,0
150235,0
150238,0
150241,0
150242,0
150243,1
150244,0
150248,1
150250,1
150254,1
150255,1
150256,0
150258,1
150259,0
150261,1
150266,1
150268,0
150269,0
150271,0
150275,0
150276,1
150282,0
150288,0
150290,1
150292,1
150294,0
150302,0
150311,0
150312,0
150314,0
150316,1
150317,0
150318,0
150319,0
150321,0
150322,1
150328,0
150331,0
150333,1
150334,1
150336,0
150337,0
150338,0
150341,1
150343,0
150351,0
150358,0
150359,0
150361,0
150362,1
150366,1
150370,1
150371,0
150377,0
150386,0
150389,1
150392,0
150399,1
150400,1
150403,1
150406,0
150407,0
150409,1
150411,0
150418,1
150419,1
150422,1
150424,1
150431,0
150438,1
150440,1
150442,0
150443,0
150447,1
150450,0
150453,0
150454,0
150455,1
150456,0
150459,0
150462,0
150464,0
150469,0
150471,0
150472,1
150476,0
150479,0
150481,0
150485,0
150486,0
150491,0
150492,0
150495,0
150499,1
150500,0
150506,1
150508,0
150510,0
150514,1
150515,1
150516,1
150518,1
150519,0
150520,0
150527,0
150528,1
150530,1
150531,1
150534,0
150537,1
150543,1
150544,0
150551,1
150559,0
150562,0
150567,0
150568,1
150582,1
150588,1
150593,1
150594,0
150598,1
150601,1
150604,0
150606,0
150607,1
150612,0
150614,0
150626,0
150627,0
150629,1
150634,0
150637,0
150639,1
150641,0
150644,0
150648,1
150650,1
150657,0
150658,0
150659,1
150662,1
150663,0
150668,0
150673,0
150679,0
150682,1
150683,0
150684,0
150691,0
150692,1
150694,0
150696,0
150699,0
150702,0
150703,1
150704,1
150705,0
150706,0
150707,1
150710,0
150719,1
150723,0
150729,0
150735,0
150740,0
150741,0
150742,0
150751,1
150754,0
150756,1
150757,0
150759,0
150762,0
150764,1
150772,1
150779,0
150784,1
150786,0
150789,0
150790,0
150791,0
150793,1
150794,0
150795,0
150800,1
150801,0
150802,0
150805,1
150806,0
150807,0
150818,0
150819,1
150820,0
150821,0
150823,0
150829,1
150832,0
150833,1
150834,0
150836,0
150838,1
150839,1
150842,1
150843,0
150848,0
150850,0
150851,1
150853,0
150866,0
150867,0
150868,0
150872,1
150873,0
150874,0
150876,0
150877,0
150880,0
150883,0
150885,0
150886,1
150889,0
150890,0
150891,0
150892,0
150893,0
150899,0
150907,1
150909,1
150917,1
150919,0
150920,0
150926,0
150930,0
150931,1
150936,1
150943,1
150949,1
150963,0
150967,0
150968,0
150971,1
150972,0
150982,1
150985,0
150996,0
151001,0
151002,0
151004,0
151005,0
151009,0
151024,0
151025,0
151028,0
151031,0
151033,0
151036,0
151037,0
151042,0
151047,0
151049,1
151051,0
151052,0
151059,0
151062,0
151065,1
151068,0
151070,0
151075,0
151077,0
151078,0
151080,1
151083,0
151087,0
151088,0
151089,1
151093,0
151096,0
151097,0
151101,0
151104,1
151106,0
151107,0
151110,1
151114,0
151115,1
151116,0
151118,0
151127,0
151129,0
151131,0
151132,1
151134,0
151136,0
151142,1
151144,1
151145,0
151146,0
151147,0
151149,0
151151,0
151153,1
151156,0
151157,1
151158,1
151159,1
151162,1
151167,0
151170,0
151175,0
151177,1
151178,0
151185,0
151186,0
151191,0
151192,1
151199,0
151200,0
151207,0
151209,0
151214,0
151215,0
151217,0
151220,1
151222,1
151225,0
151226,1
151228,1
151229,0
151231,0
151232,0
151234,0
151242,0
151243,0
151250,0
151253,0
151256,1
151258,0
151262,0
151263,1
151264,0
151265,1
151268,0
151271,0
151272,1
151277,0
151278,0
151279,0
151283,0
151297,0
151298,0
151303,0
151305,0
151306,1
151313,1
151316,0
151320,0
151321,0
151322,0
151323,1
151332,1
151335,0
151341,0
151343,0
151345,0
151354,1
151356,0
151360,1
151364,0
151369,0
151370,0
151372,0
151378,0
151379,0
151380,0
151383,0
151387,1
151394,0
151395,1
151396,0
151399,1
151400,0
151401,0
151412,0
151413,0
151419,1
151421,1
151423,0
151426,1
151429,0
151434,0
151436,1
151437,0
151439,1
151440,1
151446,0
151447,0
151451,0
151452,0
151456,1
151461,0
151463,1
151465,1
151466,0
151467,0
151468,0
151474,0
151476,0
151478,0
151482,0
151487,0
151495,1
151498,0
151499,1
151501,0
151503,0
151507,1
151515,0
151525,1
151528,0
151530,0
151535,0
151539,0
151541,0
151542,0
151544,0
151545,0
151548,0
151550,0
151559,0
151561,1
151564,0
151569,0
151570,1
151573,1
151575,0
151576,0
151579,1
151581,1
151582,1
151585,0
151586,0
151588,1
151593,0
151594,0
151597,0
151605,0
151606,1
151607,0
151609,0
151612,0
151613,0
151615,1
151617,0
151618,0
151626,1
151627,1
151634,0
151637,1
151641,1
151644,0
151646,0
151647,1
151650,0
151657,0
151658,0
151659,0
151661,1
151662,0
151663,0
151666,0
151667,0
151669,1
151676,1
151678,1
151680,0
151684,0
151687,0
151689,0
151691,1
151692,0
151693,0
151695,0
151699,0
151701,0
151705,0
151706,0
151708,1
151709,1
151710,0
151711,0
151714,0
151715,0
151717,0
151718,1
151729,1
151730,0
151732,1
151733,0
151734,1
151736,1
151740,1
151742,0
151745,1
151748,0
151749,0
151752,0
151753,1
151755,0
151756,0
151757,0
151765,0
151766,0
151768,0
151769,1
151770,1
151773,0
151776,1
151777,0
151779,0
151782,0
151785,1
151788,1
151789,1
151793,0
151796,0
151798,1
151799,0
151805,1
151807,0
151809,0
151814,1
151817,1
151819,1
151822,0
151825,1
151830,0
151831,0
151835,1
151841,0
151848,0
151850,0
151853,1
151856,0
151858,0
151863,0
151864,0
151868,1
151871,1
151872,0
151874,0
151875,1
151879,0
151880,0
151883,0
151885,0
151888,0
151889,0
151890,0
151893,0
151894,0
151897,0
151898,0
151900,0
151901,0
151902,0
151904,0
151906,0
151907,0
151911,0
151912,0
151914,0
151915,0
151916,0
151922,1
151925,0
151926,0
151929,0
151930,0
151931,0
151934,1
151941,0
151946,1
151947,1
151951,0
151966,0
151968,1
151971,0
151974,0
151979,0
151986,0
151988,0
151994,0
151995,0
152003,0
152004,0
152005,0
152006,0
152007,0
152014,0
152019,0
152026,0
152027,1
152028,0
152029,1
152030,0
152032,0
152034,0
152037,0
152038,1
152042,0
152044,1
152055,0
152056,0
152063,0
152064,0
152065,1
152068,0
152084,0
152088,1
152092,0
152098,0
152099,0
152103,0
152104,0
152112,0
152113,0
152115,0
152118,0
152119,0
152121,0
152122,0
152125,0
152133,0
152140,1
152141,0
152146,0
152148,0
152150,0
152151,0
152153,0
152154,0
152155,0
152160,0
152165,1
152167,1
152168,1
152170,1
152171,0
152174,0
152175,0
152177,0
152180,0
152182,1
152183,0
152185,0
152187,1
152189,0
152190,0
152191,1
152193,0
152194,0
152198,1
152200,0
152202,0
152205,0
152208,0
152213,0
152222,0
152225,0
152226,0
152227,0
152231,1
152232,0
152242,0
152243,1
152244,1
152253,0
152254,0
152257,1
152260,0
152261,0
152266,0
152270,0
152273,0
152278,0
152279,0
152280,0
152281,0
152282,0
152283,0
152284,0
152287,1
152288,0
152290,0
152291,1
152296,0
152300,0
152306,1
152314,1
152315,0
152318,1
152319,0
152324,0
152325,1
152332,0
152336,0
152338,0
152339,0
152347,0
152352,0
152356,1
152357,0
152359,0
152364,1
152368,0
152369,0
152372,0
152375,0
152380,0
152381,0
152385,0
152388,0
152389,0
152393,0
152398,0
152400,0
152404,0
152405,1
152407,0
152409,0
152412,0
152413,0
152414,0
152416,0
152418,0
152423,0
152424,0
152427,1
152428,0
152429,0
152430,0
152438,0
152443,0
152444,0
152453,0
152454,0
152456,0
152457,0
152463,0
152464,1
152467,0
152468,0
152472,1
152473,1
152474,0
152476,0
152480,0
152487,0
152491,0
152492,0
152493,0
152495,0
152502,0
152506,1
152509,0
152510,0
152511,1
152512,0
152514,0
152518,1
152519,0
152522,0
152523,0
152528,1
152529,0
152531,0
152537,0
152538,0
152539,0
152543,0
152544,0
152545,0
152547,0
152548,0
152549,0
152554,0
152569,0
152571,1
152573,0
152574,1
152575,0
152582,0
152585,0
152591,1
152596,0
152597,0
152598,0
152599,0
152607,1
152608,1
152610,0
152614,1
152616,0
152621,1
152628,0
152630,1
152631,0
152634,0
152637,0
152638,0
152639,0
152643,0
152650,1
152652,0
152659,1
152664,1
152666,1
152669,0
152672,0
152676,0
152678,0
152679,0
152681,0
152686,0
152687,0
152691,0
152692,0
152694,0
152695,0
152699,0
152701,0
152702,1
152704,0
152713,1
152720,0
152721,1
152722,0
152725,0
152727,0
152729,0
152734,1
152735,0
152737,0
152740,0
152741,0
152742,0
152743,0
152746,1
152750,1
152757,0
152758,0
152760,1
152763,1
152766,0
152769,0
152771,0
152772,0
152777,1
152779,0
152781,0
152783,1
152787,1
152789,0
152792,0
152793,0
152796,0
152797,0
152799,1
152803,0
152806,1
152807,0
152808,0
152811,1
152812,0
152816,0
152818,0
152830,0
152832,0
152833,1
152835,0
152836,0
152841,0
152843,0
152849,0
152854,0
152855,1
152856,1
152860,0
152861,1
152864,0
152867,0
152868,0
152871,1
152878,0
152880,1
152882,0
152883,0
152886,0
152889,0
152892,0
152893,0
152900,1
152902,1
152903,0
152905,0
152908,0
152910,1
152911,0
152912,0
152913,1
152914,0
152918,0
152923,0
152925,1
152928,0
152931,1
152936,1
152938,0
152940,0
152941,0
152942,1
152944,0
152947,0
152949,0
152962,0
152965,1
152967,0
152970,1
152971,0
152972,0
152980,0
152987,1
152988,0
152992,1
152997,0
153003,0
153006,1
153011,0
153012,0
153014,0
153016,0
153017,1
153018,0
153023,1
153027,0
153031,0
153033,1
153038,0
153039,1
153043,0
153050,0
153051,0
153052,0
153053,0
153055,0
153056,0
153057,0
153059,0
153060,0
153063,0
153064,1
153066,1
153068,0
153069,0
153072,1
153073,1
153074,0
153082,0
153086,1
153087,0
153088,1
153095,0
153097,0
153101,0
153105,0
153106,0
153107,0
153109,0
153113,0
153114,0
153116,0
153117,0
153120,1
153122,0
153134,0
153136,0
153143,0
153146,0
153149,0
153153,0
153162,0
153170,1
153176,0
153177,0
153179,0
153181,0
153184,0
153186,1
153193,1
153198,0
153199,0
153204,0
153208,0
153218,1
153220,1
153223,0
153226,1
153227,0
153229,0
153231,1
153234,0
153245,1
153246,0
153248,1
153257,0
153260,0
153261,0
153262,0
153265,0
153266,0
153269,1
153270,0
153271,0
153280,1
153287,0
153289,0
153290,0
153301,1
153307,0
153308,0
153312,1
153313,0
153317,1
153322,1
153326,0
153333,0
153335,0
153336,0
153338,0
153346,0
153348,1
153352,0
153353,0
153354,0
153356,1
153357,0
153358,0
153360,0
153361,0
153368,0
153370,0
153372,0
153373,0
153376,0
153377,1
153383,0
153390,1
153392,0
153407,0
153410,0
153415,0
153417,0
153420,0
153425,0
153426,1
153428,0
153433,1
153436,0
153437,0
153439,1
153445,0
153449,0
153453,1
153457,0
153458,0
153460,0
153463,1
153465,1
153467,0
153469,1
153470,0
153473,0
153477,0
153480,0
153483,0
153484,0
153485,1
153490,0
153500,1
153504,0
153508,0
153512,0
153515,0
153517,0
153520,0
153523,0
153526,0
153534,0
153537,0
153539,0
153542,0
153552,0
153554,0
153555,0
153556,0
153557,1
153558,1
153561,0
153564,0
153565,0
153566,1
153568,1
153572,0
153573,0
153576,0
153577,1
153586,1
153597,0
153599,1
153602,0
153604,0
153608,0
153611,0
153613,0
153614,0
153615,0
153619,0
153621,1
153624,0
153628,0
153631,1
153635,0
153636,1
153641,0
153643,1
153652,0
153661,1
153663,0
153664,0
153666,0
153667,0
153669,0
153670,1
153678,1
153685,0
153686,0
153688,0
153689,1
153691,0
153692,1
153693,0
153696,0
153700,0
153701,0
153702,0
153706,1
153708,0
153710,0
153712,0
153714,0
153718,0
153719,0
153723,0
153727,0
153737,0
153742,0
153744,0
153747,0
153749,1
153756,0
153760,0
153765,0
153766,0
153767,0
153771,0
153774,0
153785,1
153787,1
153789,0
153790,0
153791,0
153798,0
153801,0
153804,0
153806,1
153808,0
153811,1
153818,0
153819,0
153820,0
153823,1
153829,0
153830,0
153837,0
153840,1
153841,0
153847,0
153848,0
153850,0
153851,0
153857,0
153858,0
153860,1
153862,0
153865,0
153867,0
153868,0
153871,0
153874,0
153875,0
153877,1
153880,0
153881,0
153882,0
153884,0
153890,0
153893,1
153897,0
153901,0
153903,0
153910,0
153911,0
153912,0
153913,1
153917,0
153919,0
153922,0
153925,1
153929,1
153936,0
153937,0
153941,0
153943,1
153945,0
153951,0
153954,0
153965,0
153966,0
153970,0
153971,1
153973,0
153975,1
153978,0
153979,1
153981,0
153982,0
153990,0
153995,0
153996,0
153998,1
154000,0
154001,0
154002,0
154007,0
154011,0
154013,0
154014,0
154015,0
154021,1
154027,0
154035,1
154036,0
154042,0
154046,0
154048,0
154049,0
154052,1
154059,0
154060,0
154066,0
154072,1
154073,1
154076,1
154084,0
154087,1
154088,0
154092,0
154095,0
154096,0
154100,0
154102,0
154103,0
154106,0
154108,0
154109,0
154110,0
154112,1
154113,1
154115,0
154116,0
154117,0
154119,1
154121,1
154124,0
154125,1
154129,0
154132,0
154134,1
154137,0
154142,0
154150,0
154151,1
154155,0
154157,0
154162,0
154164,0
154172,0
154173,1
154175,1
154177,1
154179,1
154182,0
154185,1
154189,0
154193,0
154194,1
154195,0
154196,0
154198,0
154199,0
154202,0
154205,0
154206,0
154208,1
154209,0
154215,0
154219,0
154221,0
154232,0
154233,0
154236,0
154247,0
154249,0
154263,0
154267,1
154268,1
154269,1
154272,1
154274,1
154279,0
154283,0
154291,0
154299,0
154301,1
154302,0
154307,0
154311,0
154315,0
154317,1
154324,0
154327,1
154328,0
154331,0
154333,0
154336,1
154347,0
154349,0
154353,0
154354,0
154355,0
154366,0
154372,0
154373,1
154375,0
154381,0
154387,0
154389,0
154395,0
154398,1
154399,0
154402,0
154406,0
154407,0
154409,0
154415,0
154420,1
154421,1
154422,0
154426,0
154429,0
154431,1
154432,0
154433,0
154439,0
154444,1
154448,0
154450,1
154453,1
154461,0
154462,1
154463,0
154465,0
154467,1
154468,0
154470,1
154472,0
154474,1
154479,0
154480,1
154484,0
154492,0
154494,0
154495,0
154497,0
154498,0
154499,0
154502,0
154504,0
154505,0
154513,1
154518,0
154522,0
154523,0
154524,0
154542,0
154544,0
154547,0
154551,1
154553,0
154554,1
154559,0
154563,1
154566,0
154571,1
154577,0
154580,1
154583,0
154584,1
154585,0
154586,0
154587,1
154593,0
154594,0
154595,1
154598,0
154601,0
154607,1
154609,0
154612,0
154613,0
154619,0
154620,0
154623,1
154630,0
154633,0
154634,0
154635,1
154647,0
154649,0
154651,0
154652,1
154655,0
154659,1
154665,0
154669,1
154670,1
154671,0
154672,0
154675,0
154678,0
154681,1
154683,1
154684,1
154686,0
154689,0
154690,0
154697,0
154700,1
154703,0
154710,1
154714,1
154716,0
154721,0
154722,0
154723,1
154724,0
154727,1
154731,0
154734,0
154740,0
154742,0
154747,0
154752,0
154753,1
154756,0
154759,0
154761,0
154770,1
154773,0
154774,0
154776,0
154787,0
154792,0
154793,0
154802,0
154804,1
154807,0
154808,1
154809,0
154818,1
154819,0
154820,0
154822,0
154823,0
154824,0
154826,0
154829,0
154832,0
154833,0
154836,0
154837,0
154838,1
154842,1
154843,0
154844,0
154850,1
154852,0
154855,0
154856,0
154857,0
154860,0
154862,0
154864,0
154867,0
154869,0
154874,1
154880,0
154884,0
154886,0
154887,0
154888,0
154891,1
154895,1
154901,0
154907,0
154909,0
154910,1
154911,0
154913,0
154917,0
154919,0
154923,0
154924,0
154925,0
154927,0
154929,1
154931,1
154934,0
154937,0
154938,0
154939,0
154940,0
154942,0
154943,1
154945,0
154946,0
154948,0
154950,0
154953,0
154954,0
154955,0
154956,0
154957,0
154958,0
154962,0
154966,0
154971,0
154972,1
154975,0
154976,1
154977,1
154979,0
154980,0
154981,1
154987,0
154990,0
154991,0
154994,1
155007,0
155009,0
155010,0
155013,0
155014,1
155016,0
155017,0
155018,1
155021,0
155024,0
155025,0
155031,0
155036,0
155039,1
155042,0
155043,1
155053,0
155057,0
155058,1
155060,1
155071,0
155073,1
155074,0
155079,1
155083,1
155084,0
155087,1
155088,0
155090,0
155092,1
155095,0
155097,1
155100,0
155101,0
155102,0
155104,0
155105,0
155106,0
155108,0
155111,0
155124,1
155125,1
155126,0
155129,0
155132,0
155134,1
155147,1
155149,0
155166,0
155169,1
155170,0
155175,0
155177,0
155180,1
155181,0
155191,0
155196,0
155199,1
155206,0
155207,1
155209,1
155213,1
155217,0
155220,0
155221,0
155223,1
155228,0
155229,0
155233,0
155235,0
155236,0
155238,0
155248,0
155249,0
155254,0
155255,1
155257,0
155269,0
155273,0
155276,0
155277,0
155279,0
155281,0
155283,0
155288,0
155290,0
155292,1
155296,0
155301,0
155306,0
155307,1
155308,0
155309,0
155311,0
155316,1
155317,0
155318,0
155320,1
155322,0
155330,0
155334,1
155335,1
155339,0
155342,0
155343,0
155345,0
155352,1
155355,0
155360,0
155364,1
155370,0
155372,0
155376,0
155385,0
155391,0
155395,0
155396,1
155400,0
155402,0
155403,1
155407,1
155408,0
155410,1
155412,1
155414,0
155415,0
155416,0
155418,0
155420,0
155421,0
155422,0
155425,1
155431,0
155432,0
155433,1
155438,0
155439,0
155442,0
155444,0
155445,0
155446,0
155448,1
155449,0
155451,0
155452,1
155453,1
155454,1
155455,1
155456,0
155459,0
155460,0
155461,0
155471,1
155473,0
155476,0
155478,1
155483,0
155484,0
155490,0
155492,0
155496,1
155498,0
155502,1
155514,0
155518,0
155521,1
155522,0
155524,0
155525,0
155526,0
155529,1
155531,0
155537,0
155541,0
155543,0
155544,0
155549,1
155554,0
155556,0
155557,0
155560,0
155561,0
155562,0
155563,0
155565,0
155570,1
155575,1
155576,0
155577,1
155580,0
155584,0
155585,0
155586,0
155590,0
155592,0
155594,0
155596,1
155597,0
155598,1
155603,1
155604,1
155605,1
155610,0
155614,0
155616,0
155622,0
155627,0
155628,0
155639,0
155640,1
155641,0
155644,1
155646,1
155647,0
155648,0
155649,0
155651,0
155653,0
155657,0
155666,1
155667,0
155672,1
155673,1
155675,0
155676,0
155679,0
155680,0
155686,0
155689,0
155690,0
155692,0
155695,0
155696,0
155702,0
155705,0
155706,1
155708,1
155711,0
155713,0
155715,0
155718,0
155719,0
155720,0
155729,0
155731,0
155737,1
155738,1
155739,1
155740,0
155741,1
155746,0
155747,0
155751,0
155753,1
155754,0
155765,0
155771,1
155772,0
155773,0
155779,0
155780,1
155784,1
155786,0
155789,0
155790,0
155794,0
155795,0
155797,0
155802,0
155806,1
155809,1
155811,0
155812,0
155819,0
155821,0
155823,0
155825,0
155831,0
155832,1
155836,1
155837,1
155852,1
155855,0
155856,0
155857,1
155860,0
155861,0
155862,1
155864,1
155866,0
155882,0
155884,1
155888,1
155890,0
155891,1
155894,0
155895,0
155897,1
155903,0
155906,0
155913,0
155914,1
155918,1
155922,0
155924,0
155927,0
155929,0
155934,0
155937,0
155938,0
155944,0
155945,1
155946,1
155949,0
155956,0
155957,1
155960,0
155963,0
155964,1
155966,0
155968,1
155970,1
155975,0
155983,0
155989,0
155993,0
155995,1
156001,0
156005,0
156017,0
156019,0
156020,0
156021,0
156022,0
156024,0
156025,1
156032,0
156036,0
156040,0
156041,0
156043,0
156044,0
156045,0
156050,0
156051,0
156062,0
156063,1
156071,1
156072,0
156075,1
156077,0
156079,0
156081,0
156088,0
156090,0
156094,0
156098,1
156106,0
156109,0
156110,0
156119,1
156120,0
156121,0
156122,0
156124,0
156129,0
156132,0
156138,1
156144,0
156145,1
156147,0
156149,0
156160,0
156164,0
156165,1
156166,0
156168,1
156171,0
156174,1
156175,1
156177,0
156182,1
156185,0
156187,0
156198,0
156204,0
156205,1
156208,0
156213,1
156214,0
156215,0
156216,0
156218,0
156220,0
156223,1
156225,1
156226,0
156233,1
156234,0
156235,0
156240,1
156244,0
156246,0
156249,0
156250,0
156253,0
156255,1
156261,1
156262,0
156266,1
156270,0
156279,0
156280,0
156286,0
156292,0
156295,0
156298,1
156303,1
156304,0
156305,1
156308,0
156311,0
156312,0
156316,0
156318,0
156320,1
156321,0
156324,0
156325,0
156326,0
156331,1
156333,0
156337,1
156340,0
156344,1
156351,0
156352,0
156355,1
156357,0
156371,0
156372,1
156373,0
156383,1
156386,0
156387,0
156389,0
156396,1
156397,0
156399,1
156404,0
156406,1
156410,0
156414,0
156421,0
156425,1
156427,0
156429,0
156430,0
156434,0
156436,0
156440,0
156442,0
156446,1
156450,0
156454,0
156460,0
156469,1
156470,0
156471,1
156473,1
156481,0
156482,0
156483,0
156485,1
156490,0
156491,1
156492,0
156495,1
156496,0
156499,0
156500,0
156501,1
156503,0
156504,0
156506,0
156507,1
156508,1
156509,1
156511,0
156512,0
156515,0
156518,0
156520,0
156521,0
156522,0
156534,0
156535,0
156536,0
156537,0
156538,0
156539,0
156542,1
156545,0
156546,1
156549,0
156550,0
156552,0
156554,0
156557,0
156566,1
156567,0
156571,0
156572,0
156575,0
156577,0
156578,1
156582,0
156585,0
156586,0
156588,0
156590,0
156595,0
156596,0
156597,0
156598,0
156605,0
156610,1
156613,0
156614,0
156617,0
156621,0
156624,0
156630,0
156636,1
156640,1
156644,1
156645,0
156646,0
156652,1
156654,1
156658,1
156667,0
156668,1
156672,0
156674,0
156677,1
156679,0
156681,0
156682,0
156684,1
156688,0
156692,0
156695,1
156701,1
156703,1
156704,1
156705,1
156709,0
156710,0
156712,0
156716,0
156717,0
156719,0
156720,1
156722,0
156726,0
156730,0
156733,1
156741,0
156742,1
156746,0
156747,0
156750,0
156752,0
156761,0
156766,1
156769,0
156771,0
156773,1
156774,0
156776,0
156777,0
156780,1
156784,1
156785,0
156792,0
156793,0
156794,0
156795,0
156797,0
156799,0
156809,0
156811,0
156812,0
156813,1
156814,1
156822,1
156826,1
156827,1
156828,0
156834,0
156835,0
156836,0
156838,0
156844,0
156845,0
156847,0
156851,1
156852,1
156854,1
156855,0
156857,1
156865,0
156870,0
156872,0
156876,0
156878,0
156893,0
156894,1
156895,0
156897,0
156899,1
156902,1
156908,0
156914,1
156915,1
156917,1
156918,0
156922,0
156923,0
156925,1
156926,1
156929,0
156930,1
156932,1
156933,0
156934,1
156937,0
156939,0
156943,0
156948,0
156952,0
156953,0
156956,1
156957,1
156960,0
156963,0
156964,0
156965,0
156966,0
156968,0
156972,0
156976,0
156977,1
156982,1
156984,1
156987,0
156989,0
156995,0
156996,0
157001,0
157004,0
157005,0
157006,0
157007,0
157011,0
157016,1
157021,0
157025,0
157027,1
157029,0
157030,0
157033,1
157037,0
157045,0
157049,1
157050,0
157056,0
157059,1
157063,0
157065,1
157066,0
157067,0
157071,0
157073,0
157077,0
157084,1
157095,1
157099,1
157101,0
157102,0
157103,0
157106,1
157108,0
157114,0
157116,1
157120,1
157121,0
157125,0
157127,0
157128,1
157137,0
157140,1
157142,0
157143,0
157147,0
157153,0
157155,0
157160,0
157162,0
157164,0
157166,1
157168,0
157170,0
157173,1
157178,1
157179,0
157182,0
157184,0
157185,1
157188,1
157192,0
157193,0
157199,0
157202,0
157206,1
157209,1
157213,0
157219,0
157223,0
157228,0
157232,1
157233,0
157235,1
157239,0
157241,0
157250,1
157251,0
157255,0
157263,1
157265,1
157271,0
157272,1
157276,0
157282,0
157284,0
157289,0
157290,0
157292,0
157294,0
157299,0
157302,0
157306,0
157307,1
157309,0
157312,0
157313,0
157320,0
157323,0
157325,0
157328,0
157330,0
157332,0
157334,0
157335,1
157336,0
157344,1
157350,0
157353,1
157354,0
157356,0
157357,0
157360,0
157361,1
157363,0
157364,0
157366,0
157367,0
157370,0
157372,0
157378,1
157380,0
157383,0
157386,0
157392,0
157393,0
157394,1
157395,0
157397,0
157400,0
157404,0
157407,1
157408,1
157413,0
157421,0
157424,0
157426,1
157430,0
157443,0
157445,1
157446,0
157449,0
157451,0
157452,0
157454,1
157456,1
157459,0
157461,0
157463,0
157468,1
157475,0
157481,1
157487,0
157492,0
157493,0
157494,1
157495,0
157497,0
157506,1
157512,1
157514,0
157515,0
157518,0
157522,0
157527,1
157533,0
157534,0
157535,1
157539,0
157542,1
157544,0
157545,0
157549,0
157551,0
157553,0
157558,0
157565,1
157567,0
157568,0
157569,0
157570,0
157572,0
157574,0
157575,0
157576,0
157577,0
157579,0
157580,1
157582,1
157583,0
157584,0
157587,1
157588,0
157591,0
157599,0
157600,0
157602,0
157603,0
157609,0
157613,0
157615,0
157616,0
157618,0
157624,1
157625,1
157626,1
157628,0
157633,0
157641,1
157649,0
157655,0
157658,0
157661,0
157664,0
157665,0
157666,0
157671,0
157673,0
157675,0
157677,1
157688,1
157689,0
157693,0
157696,1
157698,0
157699,1
157703,0
157705,0
157706,0
157708,0
157709,0
157721,0
157723,0
157724,0
157732,0
157735,0
157740,0
157741,0
157742,0
157746,0
157747,1
157748,0
157749,1
157753,0
157754,0
157763,0
157764,0
157773,0
157776,0
157780,0
157782,0
157783,0
157784,0
157788,0
157790,0
157791,1
157793,0
157800,0
157801,0
157802,0
157805,0
157811,0
157816,0
157817,0
157820,0
157821,0
157822,0
157823,0
157828,1
157829,1
157830,0
157834,0
157836,0
157839,1
157842,0
157847,0
157851,1
157852,0
157853,0
157854,1
157856,0
157858,0
157861,0
157865,1
157866,0
157869,0
157870,1
157872,0
157873,0
157874,0
157877,0
157879,0
157880,1
157881,0
157883,1
157898,0
157902,0
157904,1
157906,0
157910,1
157912,0
157914,0
157916,0
157917,0
157922,0
157932,0
157933,1
157937,0
157942,0
157944,0
157945,0
157947,0
157948,1
157952,0
157954,1
157959,0
157965,1
157979,0
157992,1
157994,0
157997,0
158002,1
158008,0
158009,0
158010,0
158011,1
158012,0
158022,0
158025,0
158031,0
158032,1
158034,0
158042,0
158045,1
158046,1
158048,1
158049,0
158057,1
158061,0
158062,1
158063,1
158064,1
158068,1
158069,0
158076,1
158079,0
158080,0
158081,0
158085,1
158089,0
158092,1
158095,0
158098,0
158099,0
158101,1
158105,1
158106,1
158107,1
158111,0
158120,0
158121,0
158131,0
158132,0
158137,0
158142,0
158143,0
158144,0
158146,0
158148,1
158149,1
158152,0
158156,0
158158,1
158162,1
158164,0
158168,1
158173,0
158178,0
158182,0
158186,0
158188,0
158189,0
158196,0
158197,0
158198,1
158200,0
158201,1
158204,1
158205,0
158206,0
158208,0
158211,0
158216,0
158220,0
158222,1
158226,0
158230,0
158233,0
158234,0
158243,1
158245,0
158247,0
158250,0
158252,0
158255,0
158258,1
158259,0
158261,0
158262,0
158267,0
158271,0
158272,1
158278,0
158279,0
158280,1
158282,0
158289,1
158291,0
158293,0
158295,0
158297,0
158300,0
158305,1
158313,0
158318,0
158320,1
158323,0
158325,0
158329,0
158334,0
158343,0
158344,1
158345,1
158346,1
158348,0
158349,0
158350,0
158356,0
158358,1
158359,0
158370,0
158371,0
158374,0
158375,0
158379,1
158380,0
158385,1
158387,0
158388,0
158389,0
158390,0
158394,1
158396,0
158397,1
158398,1
158399,0
158400,0
158408,0
158409,0
158411,0
158416,1
158419,1
158420,1
158425,0
158426,0
158427,1
158429,0
158431,0
158437,0
158438,0
158440,0
158445,1
158447,0
158451,0
158457,1
158459,1
158463,1
158464,1
158468,1
158469,0
158475,1
158477,1
158480,1
158481,1
158483,0
158484,1
158485,1
158489,0
158492,0
158493,0
158499,0
158506,0
158507,1
158508,0
158511,0
158514,0
158515,1
158520,0
158523,0
158524,0
158526,0
158529,0
158530,0
158531,0
158535,0
158539,0
158543,0
158544,0
158545,0
158558,0
158560,0
158563,0
158564,0
158565,0
158566,0
158570,0
158571,1
158572,0
158576,0
158578,0
158579,0
158583,1
158586,0
158592,1
158596,1
158598,0
158602,0
158607,1
158612,0
158614,0
158615,0
158618,0
158623,0
158625,0
158626,0
158630,0
158634,0
158635,0
158638,0
158645,0
158646,1
158648,0
158650,1
158651,1
158653,0
158654,1
158657,1
158660,0
158663,1
158666,0
158678,1
158680,0
158683,0
158684,1
158685,1
158688,0
158698,0
158699,1
158702,0
158703,0
158709,0
158713,0
158723,1
158724,0
158726,0
158749,1
158752,0
158760,0
158762,0
158764,0
158770,1
158773,0
158774,1
158779,1
158780,0
158782,0
158786,0
158794,1
158795,1
158797,0
158799,0
158804,0
158809,0
158812,0
158814,1
158815,1
158817,1
158818,0
158821,0
158823,1
158825,0
158829,0
158835,0
158836,0
158837,0
158838,0
158841,1
158842,0
158844,0
158846,0
158848,1
158849,0
158850,0
158853,1
158855,0
158858,0
158863,1
158875,0
158876,0
158877,0
158878,0
158885,0
158886,0
158887,0
158889,0
158900,0
158901,0
158902,1
158911,0
158912,0
158913,0
158914,0
158923,0
158924,0
158925,1
158928,0
158929,0
158930,0
158936,1
158938,1
158942,1
158951,1
158953,1
158955,0
158957,0
158958,1
158961,1
158965,1
158969,0
158971,0
158972,0
158973,0
158975,0
158991,1
159002,0
159009,0
159013,1
159015,1
159016,1
159018,0
159021,0
159024,0
159025,0
159029,1
159040,0
159041,0
159050,0
159051,0
159054,0
159055,1
159056,0
159057,0
159060,1
159061,1
159062,0
159064,1
159065,0
159067,1
159068,1
159071,0
159072,0
159074,0
159075,0
159077,0
159079,0
159080,1
159082,0
159083,0
159090,0
159097,0
159110,0
159115,1
159117,0
159118,1
159121,0
159124,0
159129,0
159130,0
159132,1
159135,1
159137,0
159139,0
159140,1
159143,1
159147,0
159156,1
159162,0
159164,0
159166,1
159167,0
159171,0
159172,0
159177,0
159180,0
159182,0
159183,0
159186,1
159187,0
159197,0
159198,0
159199,1
159200,0
159203,1
159205,0
159206,0
159217,0
159221,0
159226,1
159228,1
159233,0
159236,0
159243,1
159245,0
159247,1
159248,0
159249,0
159252,0
159255,1
159259,1
159262,0
159267,1
159269,0
159273,1
159276,0
159277,1
159282,0
159283,0
159285,0
159286,0
159289,0
159290,1
159292,0
159295,1
159297,0
159302,0
159304,0
159305,0
159308,0
159309,0
159311,0
159313,0
159315,0
159322,1
159323,1
159324,0
159325,1
159326,1
159327,0
159330,0
159335,0
159336,0
159338,0
159342,1
159343,0
159344,1
159346,0
159350,0
159351,0
159353,0
159357,0
159358,0
159363,0
159364,0
159366,0
159367,1
159370,0
159371,1
159373,0
159376,0
159378,0
159379,0
159385,0
159386,0
159388,1
159392,1
159395,1
159397,0
159403,0
159406,1
159408,1
159409,1
159413,0
159416,0
159417,0
159419,0
159421,1
159422,0
159426,1
159427,0
159428,0
159430,0
159438,0
159440,1
159442,0
159444,0
159445,0
159450,0
159451,0
159452,0
159456,0
159457,0
159463,0
159464,1
159465,0
159470,0
159471,0
159472,0
159473,1
159478,1
159479,1
159483,0
159485,0
159488,1
159489,1
159490,0
159493,0
159494,0
159496,0
159498,0
159500,0
159503,0
159506,0
159509,0
159512,0
159513,0
159516,1
159521,0
159523,0
159527,0
159528,0
159530,0
159534,0
159535,0
159536,0
159540,1
159542,0
159552,0
159553,1
159557,0
159562,0
159563,0
159567,0
159569,0
159572,0
159579,1
159582,0
159585,0
159586,0
159587,0
159591,1
159592,1
159596,1
159597,0
159598,0
159601,1
159602,0
159606,1
159609,0
159611,1
159613,0
159614,1
159615,0
159617,1
159621,0
159630,1
159631,0
159636,1
159637,1
159640,1
159646,1
159649,0
159652,0
159654,0
159661,0
159662,0
159664,0
159666,0
159667,0
159671,1
159676,0
159678,0
159679,0
159680,0
159681,1
159689,0
159691,0
159694,0
159703,0
159705,0
159708,1
159710,0
159711,0
159715,0
159716,0
159726,0
159730,0
159733,0
159734,1
159738,0
159739,0
159740,1
159741,0
159743,0
159746,0
159747,1
159753,1
159754,0
159755,0
159758,0
159767,0
159768,0
159769,0
159772,1
159775,0
159778,0
159780,0
159781,0
159782,0
159787,0
159791,1
159797,1
159800,0
159801,1
159805,0
159807,1
159809,0
159812,0
159814,0
159815,1
159819,1
159820,0
159821,0
159822,0
159825,0
159827,0
159829,1
159833,0
159836,0
159838,1
159839,0
159840,1
159843,0
159848,0
159850,0
159852,0
159854,1
159855,0
159857,0
159862,0
159863,0
159866,0
159867,0
159869,0
159878,0
159880,1
159889,0
159898,0
159902,0
159904,0
159908,1
159921,0
159923,0
159925,0
159926,1
159930,0
159931,0
159932,0
159933,0
159937,1
159938,0
159943,0
159948,1
159949,1
159953,0
159954,0
159956,1
159957,0
159964,0
159966,0
159969,0
159970,1
159973,1
159975,0
159985,0
159986,0
159987,0
159989,0
159991,0
159992,0
159995,0
159997,0
159999,1
160001,1
160002,0
160008,0
160011,0
160014,0
160016,0
160019,1
160021,0
160022,0
160023,0
160025,0
160030,0
160031,0
160032,0
160033,0
160038,1
160043,0
160044,0
160055,0
160063,1
160065,0
160067,0
160069,1
160070,1
160071,0
160072,0
160075,0
160076,0
160077,0
160078,0
160080,0
160081,0
160089,0
160090,0
160091,0
160094,1
160097,1
160099,1
160101,0
160102,0
160113,0
160116,1
160119,1
160125,0
160133,0
160134,0
160135,0
160138,0
160141,0
160142,0
160145,1
160148,0
160149,1
160155,1
160156,1
160163,1
160166,1
160171,0
160172,0
160174,0
160175,0
160176,0
160177,0
160179,0
160180,0
160183,1
160185,0
160186,0
160189,0
160190,0
160194,0
160204,0
160205,1
160208,0
160210,0
160212,0
160213,0
160214,0
160217,0
160222,0
160225,1
160227,0
160228,0
160230,0
160238,0
160243,1
160246,1
160250,0
160251,0
160252,1
160257,0
160267,0
160269,1
160270,0
160271,0
160272,0
160274,0
160275,0
160276,1
160278,0
160287,1
160289,0
160290,0
160292,0
160294,0
160295,0
160296,0
160297,1
160298,0
160303,0
160305,1
160312,0
160315,0
160316,0
160318,0
160319,0
160324,1
160326,0
160329,0
160331,1
160332,1
160334,0
160336,0
160338,0
160340,1
160344,0
160345,0
160351,0
160354,0
160356,0
160358,1
160359,0
160361,0
160362,1
160365,0
160368,0
160369,0
160373,0
160378,1
160381,0
160382,0
160383,0
160384,0
160385,1
160386,0
160388,0
160390,0
160391,1
160392,1
160395,0
160416,0
160417,1
160421,0
160424,1
160437,0
160443,0
160444,1
160446,0
160447,0
160449,0
160450,0
160451,0
160456,0
160464,0
160469,0
160479,0
160481,1
160483,0
160485,0
160489,0
160490,0
160500,0
160503,0
160508,0
160509,0
160511,0
160523,0
160534,0
160535,0
160536,0
160538,1
160540,0
160541,0
160544,1
160546,1
160548,0
160549,1
160550,0
160552,0
160557,0
160560,1
160563,0
160564,0
160566,0
160567,1
160570,0
160573,0
160576,0
160583,1
160587,1
160589,1
160590,0
160591,0
160595,0
160596,0
160598,0
160599,0
160600,0
160606,1
160609,1
160611,0
160612,0
160614,0
160617,0
160620,0
160621,0
160627,1
160628,0
160630,1
160632,1
160635,0
160641,1
160643,0
160644,1
160647,0
160658,0
160659,0
160660,0
160664,1
160667,1
160668,0
160671,0
160672,0
160673,1
160676,0
160681,0
160682,1
160684,0
160686,1
160687,1
160690,1
160691,1
160695,0
160697,1
160703,1
160704,0
160708,0
160712,0
160713,0
160714,0
160715,1
160719,0
160725,0
160727,0
160732,0
160737,1
160750,0
160751,0
160753,0
160756,0
160757,0
160759,0
160763,0
160765,0
160766,0
160767,0
160768,0
160769,0
160778,0
160781,0
160791,1
160793,0
160796,1
160797,0
160799,0
160804,0
160805,0
160807,1
160812,0
160814,0
160815,0
160820,0
160821,1
160822,0
160823,0
160824,0
160825,0
160836,0
160843,0
160844,1
160848,0
160851,1
160855,1
160856,1
160858,1
160862,0
160864,1
160868,0
160869,0
160870,0
160875,0
160883,0
160892,1
160894,1
160899,0
160902,0
160903,0
160905,0
160909,0
160911,0
160915,1
160917,0
160918,0
160919,0
160920,0
160922,0
160923,1
160926,0
160928,0
160930,0
160933,1
160939,1
160940,0
160942,0
160944,0
160946,0
160951,0
160952,1
160953,1
160955,0
160956,0
160957,0
160958,0
160962,0
160964,0
160969,1
160970,1
160979,0
160982,0
160983,0
160984,0
160986,1
160987,1
161008,1
161009,0
161012,0
161016,0
161020,0
161021,1
161023,1
161024,0
161031,0
161033,0
161039,1
161043,0
161049,0
161050,0
161052,0
161053,0
161058,0
161065,1
161069,0
161072,0
161074,0
161075,1
161078,1
161083,1
161086,1
161087,0
161088,0
161090,0
161093,0
161094,0
161097,1
161101,0
161105,0
161112,1
161114,0
161115,1
161117,0
161118,0
161120,1
161122,0
161123,1
161130,1
161131,0
161137,0
161141,0
161143,0
161144,0
161148,1
161150,0
161155,0
161159,1
161160,0
161166,0
161175,1
161176,0
161177,0
161179,1
161182,1
161188,0
161190,0
161193,0
161194,0
161196,0
161203,0
161205,0
161206,0
161208,1
161210,0
161211,0
161214,0
161216,0
161218,0
161219,1
161220,0
161221,0
161226,0
161228,1
161231,0
161234,0
161235,0
161236,1
161237,0
161239,0
161240,0
161242,0
161243,1
161246,0
161252,0
161258,1
161265,0
161270,1
161280,0
161282,0
161286,0
161287,1
161293,1
161296,0
161297,0
161298,0
161299,1
161305,0
161309,1
161310,0
161312,0
161313,1
161314,0
161322,0
161323,0
161324,0
161326,1
161328,0
161329,0
161330,0
161335,0
161337,1
161342,1
161344,0
161346,0
161347,0
161352,0
161354,0
161364,1
161366,0
161368,0
161369,0
161370,0
161374,1
161376,0
161377,0
161378,0
161379,0
161380,0
161381,0
161383,0
161384,0
161387,0
161391,0
161392,0
161398,1
161400,0
161401,1
161405,0
161408,0
161410,1
161411,1
161413,1
161419,0
161420,0
161425,1
161431,0
161432,0
161433,0
161436,0
161437,0
161441,1
161443,0
161445,0
161449,0
161454,1
161457,0
161462,0
161463,1
161464,1
161466,0
161468,0
161469,0
161472,0
161477,1
161483,0
161486,0
161487,0
161490,0
161493,1
161495,0
161497,1
161498,0
161499,0
161511,1
161512,0
161513,0
161516,0
161518,0
161519,0
161523,1
161528,0
161530,0
161531,0
161533,0
161536,0
161544,0
161555,1
161556,1
161557,0
161558,0
161563,0
161566,0
161568,0
161570,1
161572,1
161575,0
161576,1
161583,0
161589,0
161590,0
161594,1
161597,0
161603,0
161604,0
161606,1
161607,0
161620,0
161625,1
161631,0
161632,1
161634,0
161635,1
161637,1
161638,0
161641,0
161648,1
161655,0
161657,0
161658,1
161660,0
161670,0
161671,0
161675,0
161677,0
161682,0
161683,0
161684,0
161685,0
161686,0
161688,1
161689,0
161690,0
161691,1
161692,0
161696,0
161697,0
161702,1
161704,1
161712,0
161714,0
161715,1
161717,1
161719,1
161720,1
161727,0
161728,1
161730,1
161731,0
161732,0
161734,0
161741,1
161744,0
161747,0
161750,0
161751,0
161753,0
161755,0
161756,1
161763,0
161765,0
161766,1
161768,0
161769,0
161776,0
161779,0
161786,1
161787,0
161789,0
161790,1
161792,0
161793,0
161795,0
161796,0
161798,1
161804,0
161805,0
161810,0
161811,0
161812,0
161815,0
161816,0
161818,1
161820,1
161822,1
161827,0
161828,0
161830,1
161834,1
161836,1
161837,0
161838,1
161841,0
161843,1
161845,0
161848,0
161853,0
161856,0
161859,0
161862,0
161866,0
161873,0
161876,1
161880,0
161883,0
161885,0
161888,0
161892,0
161895,0
161896,1
161898,1
161906,0
161907,0
161908,0
161909,0
161912,0
161913,0
161918,1
161919,0
161923,0
161924,0
161925,1
161928,0
161929,1
161938,0
161941,0
161943,0
161944,0
161945,1
161946,1
161947,0
161952,0
161955,0
161956,0
161958,0
161960,1
161962,1
161971,0
161975,0
161978,0
161979,1
161980,1
161982,1
161985,1
161988,0
161990,0
161995,1
161996,0
161997,0
162002,1
162011,1
162013,0
162014,0
162018,0
162024,1
162026,1
162027,0
162030,0
162033,1
162034,0
162039,0
162041,1
162045,1
162049,0
162051,0
162053,1
162054,0
162056,1
162061,1
162062,0
162063,1
162067,0
162069,1
162071,1
162074,1
162077,0
162081,1
162086,1
162089,0
162093,0
162094,1
162099,1
162100,1
162104,1
162105,0
162107,0
162112,0
162114,0
162115,1
162117,0
162118,1
162124,0
162129,0
162130,1
162136,0
162138,0
162147,0
162148,1
162159,0
162161,1
162165,0
162174,1
162180,0
162181,0
162183,0
162184,0
162185,0
162187,0
162188,0
162191,0
162193,1
162196,1
162197,0
162198,0
162201,0
162205,0
162206,1
162209,0
162215,0
162223,0
162224,0
162226,0
162228,0
162232,0
162233,0
162236,0
162239,1
162242,0
162251,0
162253,1
162254,0
162255,1
162261,0
162266,1
162267,0
162278,0
162280,1
162286,0
162290,1
162292,1
162294,1
162299,0
162301,0
162303,1
162306,0
162312,0
162313,1
162314,1
162316,0
162318,0
162320,0
162322,0
162325,0
162335,0
162336,0
162339,0
162342,0
162344,0
162346,0
162347,0
162349,0
162351,0
162354,0
162356,0
162358,0
162362,0
162363,0
162370,0
162372,0
162374,1
162378,1
162383,0
162394,0
162396,1
162399,1
162401,0
162403,0
162404,1
162406,0
162414,0
162417,0
162418,0
162425,1
162431,0
162433,0
162434,1
162438,0
162449,0
162454,0
162459,0
162462,0
162464,1
162467,1
162469,0
162470,0
162472,0
162476,0
162477,0
162478,0
162480,0
162489,1
162490,0
162493,1
162495,0
162498,0
162499,0
162501,0
162504,0
162510,0
162511,0
162522,1
162524,0
162526,0
162529,0
162530,0
162531,0
162534,0
162539,0
162540,0
162547,0
162549,0
162552,0
162561,0
162564,0
162569,0
162574,1
162578,0
162580,0
162581,1
162582,0
162588,1
162595,0
162598,0
162599,0
162612,0
162613,0
162614,1
162616,0
162617,0
162618,0
162621,0
162623,1
162626,0
162627,0
162628,1
162629,0
162630,1
162635,0
162636,0
162637,0
162643,0
162646,0
162650,1
162652,0
162656,0
162660,0
162667,0
162668,0
162670,0
162671,1
162672,0
162675,0
162677,1
162684,0
162696,0
162699,0
162711,0
162712,1
162714,0
162717,1
162722,1
162723,0
162725,1
162728,1
162731,1
162736,0
162737,0
162738,0
162742,1
162744,0
162752,0
162755,0
162756,0
162761,0
162762,0
162763,0
162764,0
162766,1
162767,0
162770,1
162775,0
162776,0
162780,1
162782,1
162786,0
162796,0
162797,1
162798,0
162799,0
162800,0
162801,0
162805,1
162807,1
162813,0
162814,1
162815,1
162817,0
162818,1
162821,0
162822,0
162823,1
162828,0
162833,0
162840,0
162845,1
162847,1
162848,0
162850,0
162851,0
162861,1
162862,1
162866,1
162867,0
162868,0
162872,0
162874,0
162876,1
162882,0
162884,0
162885,0
162886,0
162888,0
162889,1
162891,0
162892,0
162899,1
162901,0
162902,0
162908,0
162909,0
162911,1
162913,0
162918,0
162925,0
162928,0
162931,0
162936,0
162937,0
162939,0
162940,1
162941,0
162948,0
162949,1
162953,0
162957,0
162958,0
162960,0
162964,1
162968,0
162969,0
162970,0
162977,0
162984,0
162986,1
162987,0
162989,0
162990,0
162992,0
162993,0
162994,0
162998,1
163000,0
163002,0
163005,0
163007,1
163013,1
163014,0
163017,0
163018,0
163021,1
163022,0
163024,0
163027,0
163030,0
163033,0
163036,0
163040,0
163047,0
163049,0
163050,0
163053,1
163054,0
163057,0
163059,0
163062,0
163063,1
163078,0
163081,0
163083,1
163091,0
163092,0
163093,0
163094,0
163095,0
163097,0
163100,0
163102,0
163110,1
163113,0
163115,1
163116,1
163122,0
163124,0
163125,0
163134,0
163142,0
163147,1
163148,0
163151,0
163155,0
163161,1
163170,0
163176,0
163194,0
163196,1
163199,0
163200,1
163201,0
163202,0
163204,0
163205,0
163207,0
163211,0
163213,0
163215,0
163217,0
163219,0
163221,0
163222,0
163223,0
163228,1
163238,0
163244,0
163245,1
163247,0
163250,1
163253,0
163265,0
163266,0
163272,1
163275,0
163279,0
163283,0
163284,0
163286,1
163287,0
163288,0
163290,0
163291,0
163293,0
163296,0
163310,0
163326,1
163331,0
163332,1
163334,0
163335,0
163338,1
163339,1
163341,0
163348,1
163349,1
163350,0
163351,0
163355,0
163360,0
163362,1
163364,0
163365,1
163368,0
163372,0
163374,1
163375,0
163376,0
163380,0
163382,1
163386,0
163390,0
163393,0
163398,0
163399,0
163400,0
163401,0
163403,0
163406,1
163407,0
163408,0
163413,0
163415,0
163416,0
163418,0
163422,1
163423,1
163424,0
163425,0
163430,0
163434,0
163436,0
163444,0
163452,0
163458,1
163460,0
163462,0
163466,0
163468,0
163469,0
163472,0
163473,0
163475,0
163476,0
163478,1
163483,1
163484,1
163485,0
163486,0
163489,0
163490,1
163494,0
163498,0
163499,0
163502,1
163506,0
163507,1
163508,0
163510,0
163511,0
163516,0
163517,0
163518,0
163520,1
163522,1
163525,0
163532,1
163535,0
163536,0
163541,0
163550,1
163551,0
163553,0
163559,1
163562,0
163563,1
163564,0
163567,0
163574,0
163578,1
163582,0
163585,0
163588,0
163592,0
163594,0
163595,1
163598,1
163599,1
163601,0
163602,0
163603,1
163604,0
163607,0
163610,0
163613,0
163614,0
163615,0
163621,1
163626,0
163627,0
163631,0
163632,0
163635,0
163636,0
163639,0
163644,0
163648,0
163649,1
163650,0
163651,0
163657,1
163658,1
163659,0
163661,0
163662,0
163664,0
163668,0
163669,1
163671,0
163674,1
163678,0
163679,0
163683,0
163684,0
163685,0
163687,0
163689,0
163691,0
163693,0
163696,0
163697,0
163699,1
163700,0
163702,0
163703,0
163704,0
163705,1
163713,0
163721,0
163726,0
163728,0
163733,0
163742,0
163743,0
163744,1
163746,0
163748,0
163756,0
163763,0
163765,0
163768,0
163774,0
163775,0
163777,0
163780,0
163788,0
163789,0
163790,0
163793,0
163794,0
163795,0
163799,0
163804,0
163808,0
163810,0
163811,0
163813,0
163814,0
163818,0
163824,0
163829,0
163830,0
163833,0
163835,0
163836,0
163839,0
163842,0
163845,0
163847,0
163849,0
163850,0
163851,0
163854,0
163861,0
163865,0
163866,0
163870,0
163875,0
163876,1
163877,0
163886,0
163887,0
163888,0
163889,0
163890,0
163893,0
163895,0
163896,0
163897,0
163898,0
163899,0
163900,0
163901,0
163903,0
163905,0
163906,0
163908,0
163909,0
163914,0
163915,0
163916,0
163920,0
163922,0
163928,0
163929,1
163930,0
163932,0
163934,0
163935,0
163939,0
163940,0
163945,0
163949,0
163950,0
163954,0
163958,0
163960,0
163964,0
163966,0
163968,0
163970,0
163972,1
163973,0
163982,0
163985,0
163986,0
163989,1
163999,0
164005,0
164015,0
164016,0
164023,0
164025,0
164027,0
164031,0
164033,0
164034,0
164044,0
164048,0
164051,0
164052,0
164058,0
164059,0
164067,1
164070,0
164071,0
164072,0
164079,0
164080,0
164082,0
164083,0
164085,0
164089,0
164092,1
164093,1
164094,0
164096,0
164100,0
164102,0
164106,0
164107,0
164113,0
164114,0
164120,1
164121,0
164125,0
164126,0
164127,0
164131,0
164132,0
164137,0
164142,0
164143,1
164144,0
164149,0
164150,0
164151,0
164155,0
164156,0
164166,0
164167,0
164168,0
164170,0
164171,0
164173,0
164176,0
164178,1
164180,0
164181,0
164182,0
164183,1
164188,0
164189,0
164190,0
164193,0
164197,0
164198,0
164200,0
164203,0
164206,0
164210,0
164211,0
164212,0
164214,0
164221,0
164226,0
164227,0
164230,0
164231,0
164232,0
164233,0
164235,0
164238,0
164240,0
164241,0
164242,0
164244,0
164245,0
164246,0
164247,0
164248,0
164254,0
164255,0
164257,0
164259,0
164260,0
164263,0
164266,0
164268,0
164271,0
164272,0
164275,0
164277,0
164280,0
164282,0
164284,0
164285,0
164288,0
164289,0
164290,0
164293,0
164295,0
164300,0
164301,0
164302,0
164304,0
164308,0
164309,0
164310,0
164311,1
164312,0
164315,0
164316,1
164318,0
164320,0
164325,0
164326,0
164329,0
164332,0
164335,0
164336,0
164337,0
164339,0
164347,0
164348,0
164351,0
164356,0
164359,0
164362,0
164367,0
164368,0
164370,0
164374,0
164376,0
164382,0
164383,0
164385,0
164390,0
164395,0
164396,0
164401,0
164404,0
164407,0
164412,0
164414,1
164415,0
164417,0
164420,0
164422,0
164423,0
164424,0
164427,0
164432,0
164434,0
164436,0
164438,0
164442,0
164443,0
164445,0
164448,0
164451,0
164456,0
164459,0
164461,0
164462,0
164466,0
164468,0
164469,0
164473,0
164475,0
164477,0
164478,0
164483,0
164484,0
164486,0
164491,0
164495,0
164498,0
164501,0
164502,0
164503,0
164513,0
164514,0
164519,0
164520,0
164522,0
164523,0
164526,0
164539,0
164542,0
164543,0
164545,1
164547,0
164548,0
164553,0
164555,0
164556,0
164557,0
164560,0
164561,0
164562,0
164565,0
164566,0
164570,0
164573,0
164575,0
164577,0
164581,0
164583,0
164585,0
164586,0
164587,0
164590,0
164591,1
164593,0
164598,0
164601,1
164602,0
164606,0
164609,0
164611,0
164616,0
164617,0
164622,0
164627,0
164639,0
164643,0
164648,0
164655,0
164656,0
164666,0
164667,0
164668,0
164672,0
164674,0
164675,0
164681,0
164682,0
164685,0
164690,0
164691,0
164692,0
164696,0
164698,0
164701,0
164707,0
164708,0
164711,0
164712,0
164716,0
164722,0
164725,0
164727,0
164728,0
164732,0
164733,0
164734,0
164738,0
164740,0
164742,0
164743,0
164746,0
164747,0
164752,0
164757,0
164760,0
164762,0
164763,0
164764,0
164766,0
164768,0
164771,0
164774,0
164775,0
164781,0
164782,0
164783,1
164792,0
164793,0
164797,0
164800,0
164801,0
164805,0
164807,0
164808,0
164809,1
164815,0
164816,0
164819,1
164824,0
164827,0
164830,0
164833,1
164834,0
164835,0
164836,1
164839,0
164841,0
164842,0
164844,0
164846,0
164851,0
164858,0
164861,0
164864,0
164868,0
164870,0
164872,0
164877,0
164878,0
164879,0
164880,0
164886,0
164891,0
164893,0
164895,0
164896,0
164897,0
164901,0
164905,0
164906,0
164912,0
164913,0
164915,0
164916,0
164917,0
164921,0
164922,0
164923,0
164930,0
164934,0
164936,0
164940,0
164941,0
164947,0
164948,0
164949,0
164950,0
164952,0
164953,0
164955,0
164956,0
164959,0
164963,0
164967,0
164968,0
164971,0
164974,0
164977,0
164982,0
164983,0
164988,0
164990,0
164992,0
164993,0
164995,0
164996,0
165000,0
165008,0
165009,0
165011,0
165018,0
165020,0
165026,0
165027,0
165031,0
165033,0
165035,0
165040,0
165041,0
165043,0
165044,0
165045,0
165047,0
165049,0
165051,0
165052,0
165055,0
165056,0
165058,0
165059,0
165061,0
165063,0
165065,0
165069,0
165070,0
165077,0
165081,1
165106,0
165108,0
165113,0
165118,0
165119,0
165122,0
165123,0
165124,0
165125,0
165130,0
165131,0
165132,0
165139,0
165141,0
165142,0
165150,0
165151,0
165157,0
165165,0
165166,0
165168,0
165171,0
165175,0
165181,0
165182,0
165186,0
165193,0
165196,0
165206,0
165210,0
165212,0
165218,0
165227,0
165229,0
165233,0
165240,0
165242,0
165248,0
165251,0
165253,0
165254,0
165255,0
165260,0
165261,0
165262,0
165265,0
165270,0
165272,0
165277,0
165280,1
165284,0
165285,0
165291,0
165296,0
165300,0
165302,0
165305,0
165308,0
165309,0
165314,0
165317,0
165319,0
165322,0
165328,0
165335,0
165336,0
165337,0
165339,0
165340,0
165348,0
165349,0
165351,0
165352,0
165354,0
165355,0
165357,0
165361,0
165362,0
165366,1
165367,0
165371,0
165373,1
165374,0
165381,0
165389,0
165390,0
165392,0
165393,0
165394,0
165395,0
165399,0
165400,0
165401,0
165403,0
165405,0
165406,0
165407,0
165411,0
165412,0
165417,0
165418,0
165419,0
165421,0
165423,0
165425,0
165430,0
165431,0
165437,0
165438,0
165440,0
165441,0
165442,0
165443,0
165450,0
165451,0
165452,0
165457,0
165459,0
165460,0
165465,0
165472,0
165478,0
165484,0
165485,0
165487,0
165489,1
165490,0
165491,0
165493,0
165499,0
165500,0
165501,0
165503,1
165508,0
165509,0
165510,0
165512,0
165514,0
165515,0
165520,0
165522,0
165524,0
165526,0
165543,0
165548,0
165553,0
165557,0
165562,0
165563,0
165565,0
165567,0
165568,1
165572,0
165573,0
165576,0
165577,0
165579,0
165580,0
165585,0
165588,0
165590,0
165592,1
165593,0
165594,0
165601,0
165603,0
165604,0
165605,0
165608,0
165610,1
165614,0
165615,0
165619,0
165622,0
165624,0
165627,0
165635,0
165636,0
165639,0
165641,0
165644,0
165647,0
165648,0
165649,0
165651,0
165653,0
165658,0
165662,0
165663,0
165664,0
165665,0
165666,1
165668,0
165669,0
165670,0
165673,0
165676,0
165682,0
165683,0
165686,0
165692,0
165693,0
165694,0
165697,0
165700,0
165701,0
165702,0
165703,0
165708,0
165713,0
165714,0
165718,0
165719,0
165722,0
165725,0
165728,0
165729,0
165730,0
165734,0
165738,0
165739,0
165744,0
165748,0
165750,0
165752,0
165754,0
165757,0
165758,0
165760,0
165764,0
165766,0
165767,0
165773,0
165776,0
165777,0
165778,0
165779,0
165782,0
165784,0
165785,1
165792,0
165793,0
165794,0
165798,0
165799,0
165801,0
165808,0
165815,0
165817,0
165822,0
165825,0
165826,0
165828,0
165834,0
165836,1
165846,0
165848,0
165851,0
165852,0
165854,0
165855,0
165856,0
165863,0
165865,0
165870,0
165880,0
165882,0
165883,0
165884,0
165885,0
165886,0
165893,0
165896,0
165897,0
165902,0
165907,0
165910,0
165913,0
165916,0
165919,0
165920,0
165927,0
165929,0
165930,0
165933,0
165937,0
165942,0
165943,0
165946,0
165947,0
165954,0
165956,0
165958,0
165959,0
165963,0
165969,0
165970,0
165971,0
165972,0
165973,0
165976,0
165983,1
165988,0
165989,0
165993,0
165999,0
166000,0
166002,0
166005,0
166006,0
166007,0
166012,0
166013,0
166015,0
166019,0
166024,0
166028,0
166031,0
166032,0
166033,0
166037,0
166038,1
166039,0
166042,0
166045,0
166049,0
166051,0
166057,0
166059,0
166060,0
166064,0
166065,0
166068,0
166069,0
166070,0
166071,0
166074,0
166076,0
166078,0
166079,0
166084,0
166090,0
166092,0
166099,0
166100,0
166101,0
166103,0
166106,0
166111,0
166112,0
166117,0
166120,0
166123,0
166127,0
166137,0
166140,0
166145,0
166147,0
166148,0
166151,0
166154,0
166155,0
166162,0
166163,0
166166,0
166176,0
166183,0
166186,0
166187,0
166193,0
166194,0
166196,0
166197,1
166199,0
166208,0
166209,0
166210,1
166214,0
166215,0
166216,0
166220,1
166223,0
166226,0
166227,0
166230,0
166231,0
166235,0
166237,0
166238,0
166241,0
166243,0
166244,0
166245,0
166247,0
166254,0
166256,0
166263,0
166265,0
166272,0
166273,0
166279,0
166281,0
166286,1
166287,0
166288,0
166290,0
166295,0
166298,0
166299,0
166302,0
166306,0
166308,0
166312,0
166314,0
166315,0
166320,0
166325,0
166330,0
166335,1
166339,0
166340,0
166341,0
166343,0
166344,0
166345,0
166350,0
166359,0
166363,0
166367,0
166368,0
166370,0
166373,0
166378,0
166385,0
166386,0
166389,0
166392,0
166395,0
166396,0
166398,0
166399,0
166404,0
166407,0
166412,0
166416,0
166417,0
166418,1
166420,0
166421,0
166422,0
166426,0
166428,0
166429,0
166430,0
166432,0
166434,0
166436,0
166439,0
166440,0
166443,0
166446,0
166448,0
166449,0
166451,0
166456,0
166466,0
166467,0
166468,0
166472,0
166480,1
166484,0
166494,0
166500,0
166501,0
166502,0
166503,0
166504,0
166510,0
166511,0
166513,0
166515,0
166517,0
166518,0
166523,0
166527,1
166528,0
166531,0
166532,0
166533,0
166535,0
166536,1
166538,0
166541,0
166543,1
166545,0
166548,0
166559,0
166562,0
166564,0
166565,0
166566,0
166568,0
166572,0
166573,0
166577,0
166578,0
166580,0
166581,0
166582,0
166585,0
166593,0
166594,0
166597,0
166598,0
166599,1
166600,0
166603,0
166604,0
166609,0
166612,0
166615,0
166616,0
166617,0
166624,0
166626,0
166629,0
166630,0
166631,0
166634,0
166637,0
166641,0
166643,0
166644,0
166654,0
166657,0
166658,0
166660,0
166663,0
166666,0
166667,0
166670,0
166671,0
166676,0
166680,0
166681,0
166683,0
166685,0
166690,0
166695,0
166704,0
166705,0
166708,0
166709,0
166710,0
166712,1
166716,0
166722,0
166725,0
166727,0
166731,0
166733,0
166735,0
166739,0
166740,0
166742,0
166743,0
166748,0
166749,0
166752,0
166756,0
166759,0
166760,0
166761,0
166762,0
166763,0
166764,0
166769,0
166770,0
166772,0
166774,0
166775,0
166779,0
166781,0
166783,0
166785,0
166786,0
166789,0
166791,0
166798,0
166802,0
166803,0
166805,0
166806,0
166811,0
166812,0
166813,0
166816,0
166819,0
166821,0
166822,1
166824,0
166827,0
166829,0
166831,0
166833,0
166834,0
166838,0
166845,0
166846,0
166848,0
166849,0
166853,0
166856,0
166861,0
166863,0
166865,0
166866,0
166867,0
166868,0
166869,0
166879,0
166880,0
166883,0
166884,0
166886,0
166887,0
166891,0
166895,0
166905,0
166909,0
166911,0
166913,0
166917,0
166918,0
166919,0
166920,0
166924,0
166936,0
166937,0
166939,0
166940,0
166942,0
166943,0
166946,0
166948,0
166949,0
166950,0
166955,0
166957,0
166961,0
166962,0
166965,0
166977,0
166978,0
166980,0
166982,0
166983,1
166990,0
166996,0
166998,0
166999,0
167005,0
167011,0
167012,0
167019,0
167020,0
167022,0
167025,0
167028,0
167030,0
167032,0
167033,0
167034,0
167035,0
167036,0
167037,0
167038,0
167042,1
167043,0
167046,0
167048,0
167050,1
167056,1
167057,0
167058,0
167059,0
167061,0
167062,0
167063,0
167064,0
167066,0
167075,0
167083,0
167084,0
167088,0
167090,0
167093,0
167097,0
167099,0
167100,0
167102,0
167103,0
167104,0
167105,0
167107,0
167108,0
167109,0
167111,0
167116,0
167118,0
167120,0
167122,1
167123,0
167126,0
167132,0
167133,0
167137,0
167140,0
167142,0
167161,0
167163,0
167165,0
167168,0
167169,0
167170,0
167172,0
167174,1
167189,0
167190,1
167193,0
167195,1
167196,0
167199,0
167202,0
167208,0
167214,0
167216,0
167221,0
167227,0
167231,0
167237,0
167240,0
167241,0
167247,0
167249,0
167255,0
167256,0
167259,0
167262,0
167263,0
167268,0
167269,0
167272,0
167278,0
167283,0
167284,0
167285,0
167290,0
167291,0
167292,0
167294,0
167303,0
167304,0
167305,0
167308,0
167309,0
167310,0
167312,0
167313,0
167314,0
167316,0
167320,0
167325,0
167326,0
167330,0
167331,0
167332,0
167334,0
167336,0
167345,0
167347,0
167349,0
167351,0
167352,0
167354,0
167355,0
167363,0
167366,0
167368,1
167369,0
167371,0
167374,0
167376,0
167377,0
167382,0
167385,0
167386,0
167387,0
167397,0
167401,0
167403,0
167409,0
167411,0
167417,0
167418,0
167425,0
167428,0
167429,0
167430,0
167431,0
167435,0
167438,0
167443,0
167446,0
167451,0
167456,0
167457,0
167459,0
167460,0
167467,0
167469,0
167472,0
167476,0
167484,0
167489,0
167490,0
167500,0
167503,0
167505,0
167506,0
167509,0
167510,0
167515,0
167519,0
167527,0
167532,0
167533,0
167534,0
167536,0
167537,0
167538,0
167546,0
167557,0
167559,0
167560,0
167562,0
167571,0
167572,0
167573,0
167575,0
167577,0
167581,0
167583,0
167584,0
167585,1
167587,0
167594,0
167597,0
167599,0
167601,0
167602,0
167621,0
167623,0
167626,0
167629,0
167637,0
167638,0
167641,0
167644,0
167645,0
167647,0
167648,0
167651,0
167658,0
167669,0
167674,0
167678,0
167681,0
167685,0
167689,0
167690,0
167692,0
167698,0
167702,0
167703,0
167706,0
167708,0
167711,0
167715,0
167722,0
167726,0
167727,0
167728,0
167729,0
167732,0
167733,0
167737,0
167740,0
167742,0
167743,0
167747,0
167751,0
167753,0
167757,0
167760,0
167763,0
167766,0
167767,0
167770,0
167773,0
167775,0
167776,0
167778,0
167780,0
167781,0
167784,0
167787,0
167788,0
167790,1
167791,1
167804,0
167806,0
167822,0
167825,0
167826,0
167828,0
167836,0
167837,0
167839,0
167842,0
167844,0
167845,0
167846,0
167847,0
167850,0
167852,0
167858,1
167860,0
167861,0
167862,0
167865,0
167867,0
167874,0
167877,0
167878,0
167879,0
167881,0
167882,1
167883,0
167884,0
167885,0
167894,0
167899,0
167900,0
167902,0
167911,0
167918,0
167919,0
167920,0
167925,0
167929,0
167932,0
167935,0
167936,0
167938,0
167940,0
167942,0
167943,0
167945,0
167951,0
167959,1
167960,0
167970,0
167972,0
167973,0
167974,0
167977,0
167978,0
167982,0
167989,0
167995,0
167996,0
167997,0
167998,0
167999,0
168002,0
168003,0
168004,0
168006,0
168007,0
168010,0
168011,1
168013,0
168014,0
168018,0
168023,0
168026,0
168028,0
168038,0
168045,0
168050,0
168052,0
168053,0
168054,0
168055,0
168057,0
168059,0
168060,0
168063,0
168064,0
168065,0
168068,0
168071,0
168077,0
168079,0
168083,0
168088,0
168091,0
168096,0
168102,0
168104,0
168107,0
168109,0
168113,0
168117,0
168118,0
168121,1
168125,0
168129,0
168135,0
168136,0
168140,0
168143,0
168144,0
168146,1
168147,0
168150,0
168151,0
168152,0
168153,0
168157,0
168158,0
168159,0
168160,0
168162,0
168164,0
168173,0
168175,0
168176,0
168178,0
168181,0
168182,0
168190,0
168192,0
168193,0
168197,0
168200,0
168205,0
168214,0
168215,1
168217,0
168224,0
168225,0
168229,0
168230,0
168231,0
168232,0
168236,0
168238,0
168239,0
168240,0
168244,0
168246,0
168248,0
168254,0
168256,0
168258,0
168259,0
168260,0
168264,0
168266,0
168267,0
168269,0
168270,0
168272,0
168273,0
168274,0
168275,0
168276,0
168281,0
168285,0
168287,1
168288,0
168291,0
168293,0
168295,0
168300,0
168305,0
168308,0
168310,0
168311,0
168312,0
168315,1
168319,0
168321,0
168322,0
168326,0
168331,0
168332,0
168335,0
168336,0
168337,0
168339,0
168341,0
168342,0
168344,0
168347,0
168348,0
168349,0
168350,0
168351,0
168354,1
168355,1
168361,0
168363,0
168364,0
168365,0
168370,0
168381,0
168382,0
168385,0
168386,0
168389,0
168390,0
168391,0
168397,0
168399,1
168400,0
168402,0
168403,0
168404,0
168405,0
168408,0
168409,0
168410,0
168411,1
168413,0
168415,0
168416,0
168417,0
168419,0
168420,0
168426,0
168430,0
168431,1
168432,0
168433,0
168434,0
168439,0
168440,0
168442,0
168444,0
168447,0
168448,0
168451,0
168454,0
168455,0
168460,0
168461,0
168464,0
168465,0
168466,0
168468,0
168470,0
168471,0
168477,0
168479,0
168480,0
168482,0
168484,0
168486,0
168489,0
168490,0
168491,0
168492,0
168494,0
168497,0
168501,0
168502,0
168504,0
168505,0
168510,0
168522,0
168523,0
168524,0
168526,0
168527,0
168528,1
168529,0
168534,0
168540,0
168543,0
168545,0
168550,0
168558,0
168561,0
168563,0
168565,0
168568,0
168569,0
168571,0
168572,0
168573,0
168574,0
168576,0
168577,0
168581,0
168582,0
168583,0
168584,1
168586,0
168587,0
168588,0
168589,0
168598,0
168603,0
168604,0
168607,0
168611,0
168613,0
168620,0
168621,0
168622,0
168625,0
168626,0
168627,0
168634,0
168635,1
168636,0
168640,0
168642,0
168646,0
168655,0
168661,0
168664,0
168666,1
168667,0
168668,1
168672,1
168673,0
168676,0
168677,0
168679,1
168684,0
168685,0
168686,0
168687,0
168689,0
168690,0
168694,0
168704,1
168705,0
168706,0
168714,0
168715,0
168720,0
168723,0
168724,0
168733,0
168735,0
168736,0
168737,0
168742,0
168743,0
168745,0
168746,0
168748,0
168752,0
168753,0
168756,0
168758,0
168760,0
168761,0
168768,0
168769,0
168771,0
168773,0
168782,0
168783,0
168784,0
168790,0
168791,0
168792,0
168794,0
168796,0
168798,0
168799,0
168800,1
168802,0
168805,0
168806,0
168811,0
168815,0
168821,0
168824,1
168828,0
168829,0
168831,0
168835,0
168837,0
168839,0
168840,0
168842,0
168843,0
168846,0
168850,0
168853,0
168860,0
168864,0
168869,0
168871,1
168872,1
168873,0
168874,0
168875,0
168884,0
168887,0
168890,0
168891,0
168893,1
168895,0
168897,0
168901,0
168902,0
168904,0
168907,1
168908,1
168909,0
168911,0
168915,0
168917,0
168923,0
168926,0
168927,0
168929,0
168931,0
168933,1
168934,1
168936,0
168938,0
168940,0
168946,0
168948,0
168949,0
168955,0
168956,0
168958,0
168961,0
168962,0
168963,0
168964,0
168966,0
168970,0
168972,0
168979,1
168983,0
168984,0
168987,0
168989,0
168990,0
168991,0
168994,0
168995,0
168997,0
168999,0
169001,0
169004,0
169007,0
169008,0
169010,0
169012,0
169013,0
169014,0
169016,0
169018,0
169020,0
169021,0
169022,0
169024,0
169034,0
169035,0
169036,0
169037,0
169038,0
169042,0
169045,0
169050,0
169051,0
169053,0
169061,0
169062,0
169072,0
169075,0
169076,0
169077,0
169078,0
169079,0
169080,0
169083,0
169084,0
169087,0
169089,0
169092,0
169096,0
169097,0
169099,0
169100,0
169104,0
169106,0
169108,0
169109,0
169113,0
169114,0
169117,0
169119,0
169128,0
169134,0
169135,0
169139,0
169143,0
169145,0
169146,0
169149,0
169151,1
169152,0
169158,0
169159,0
169165,0
169167,0
169168,0
169169,0
169177,0
169182,0
169184,0
169193,0
169203,0
169205,0
169206,0
169208,0
169209,0
169210,0
169212,0
169214,0
169216,0
169218,0
169220,0
169232,0
169233,0
169234,0
169242,0
169249,0
169254,0
169255,0
169261,0
169271,0
169275,0
169278,0
169284,0
169289,0
169292,0
169293,0
169294,0
169295,0
169302,0
169303,0
169306,0
169309,0
169312,0
169314,0
169320,0
169324,1
169325,0
169327,0
169328,0
169329,0
169334,0
169338,0
169342,0
169349,0
169356,0
169359,0
169362,0
169364,0
169365,0
169366,0
169376,0
169377,0
169378,0
169381,1
169385,0
169386,0
169388,0
169389,0
169396,0
169400,0
169401,0
169402,0
169409,0
169411,0
169412,0
169414,0
169420,0
169423,0
169425,0
169434,0
169435,0
169436,0
169439,0
169440,0
169444,0
169452,0
169453,0
169455,0
169458,0
169460,0
169461,0
169463,0
169465,0
169467,0
169468,0
169475,0
169480,0
169482,0
169487,0
169488,0
169489,0
169490,0
169491,0
169492,0
169495,0
169504,0
169507,0
169508,0
169512,1
169517,1
169528,0
169532,0
169533,0
169534,0
169540,0
169544,0
169549,0
169551,0
169554,0
169556,0
169557,1
169560,1
169561,1
169564,0
169565,0
169566,0
169570,0
169575,0
169576,0
169577,0
169585,0
169590,0
169596,0
169600,0
169604,0
169609,0
169611,0
169613,0
169615,0
169616,0
169620,0
169629,0
169631,0
169634,0
169636,0
169637,0
169638,0
169643,0
169647,0
169648,1
169650,0
169651,0
169652,0
169655,0
169659,1
169661,0
169663,0
169666,0
169667,0
169668,0
169673,1
169675,0
169676,0
169677,0
169679,0
169681,0
169685,0
169686,0
169689,0
169692,0
169699,0
169700,0
169703,0
169704,0
169706,0
169710,0
169711,0
169723,0
169725,0
169726,0
169728,0
169729,0
169736,0
169738,0
169740,0
169764,0
169765,0
169766,0
169771,0
169779,0
169780,0
169781,0
169782,0
169785,0
169786,0
169788,0
169794,0
169798,0
169800,0
169808,0
169809,0
169811,0
169813,0
169818,0
169823,0
169824,0
169826,0
169828,0
169832,0
169834,0
169837,0
169843,0
169844,0
169847,1
169848,0
169851,0
169852,0
169856,0
169857,0
169859,0
169868,0
169869,0
169871,0
169872,0
169875,0
169876,0
169880,0
169883,0
169884,1
169886,0
169892,0
169893,0
169897,0
169898,1
169901,0
169904,0
169906,0
169911,0
169915,0
169918,0
169919,0
169922,0
169924,0
169929,0
169930,0
169931,0
169934,0
169937,0
169942,0
169949,0
169950,0
169955,0
169958,0
169960,0
169963,0
169968,0
169969,0
169975,0
169979,0
169981,0
169983,0
169985,1
169991,0
170001,0
170006,0
170014,0
170016,0
170025,0
170027,0
170030,0
170033,0
170035,0
170041,0
170045,0
170047,0
170059,0
170060,0
170061,0
170062,0
170063,0
170065,0
170066,0
170068,0
170069,0
170070,0
170072,1
170088,0
170098,0
170100,0
170103,0
170105,0
170106,0
170110,0
170111,0
170113,0
170114,0
170116,0
170117,0
170120,0
170122,0
170123,0
170124,0
170125,0
170126,0
170127,0
170129,0
170130,0
170131,0
170134,0
170136,0
170141,0
170144,0
170145,0
170146,0
170147,0
170156,0
170161,0
170162,0
170164,0
170171,0
170172,0
170173,0
170174,0
170175,0
170176,0
170182,0
170184,0
170185,1
170190,0
170194,0
170195,0
170197,0
170200,0
170208,0
170212,0
170213,0
170218,0
170221,1
170225,0
170228,0
170234,0
170236,0
170237,1
170238,0
170242,0
170244,0
170246,1
170251,0
170252,0
170258,1
170261,0
170262,1
170266,0
170270,0
170273,0
170280,0
170283,0
170286,0
170287,0
170289,0
170290,0
170291,0
170292,0
170295,0
170296,0
170297,0
170302,0
170305,0
170307,0
170310,0
170313,0
170315,0
170316,0
170329,0
170331,0
170333,0
170336,0
170337,0
170338,0
170340,0
170341,0
170352,0
170354,0
170356,0
170357,0
170358,0
170364,0
170368,0
170373,0
170381,0
170382,0
170384,0
170387,0
170389,1
170391,0
170393,0
170396,0
170398,1
170399,0
170402,0
170403,0
170405,0
170406,0
170407,0
170409,0
170410,0
170413,0
170417,0
170419,0
170422,0
170423,0
170431,0
170432,0
170434,0
170435,0
170449,0
170454,0
170455,0
170456,0
170459,0
170460,0
170461,0
170465,0
170467,0
170474,0
170479,0
170486,0
170493,0
170494,0
170496,0
170497,0
170504,0
170505,0
170507,0
170509,0
170518,0
170520,0
170521,0
170525,0
170528,0
170530,0
170531,0
170533,0
170534,0
170535,0
170546,0
170547,0
170548,0
170553,0
170560,0
170566,0
170568,0
170573,0
170594,0
170595,0
170596,0
170598,0
170599,0
170600,0
170601,0
170602,0
170606,0
170609,0
170611,0
170615,0
170618,0
170619,0
170620,0
170621,0
170622,0
170624,0
170626,0
170627,0
170629,0
170635,0
170639,0
170647,0
170655,0
170657,0
170658,0
170663,0
170667,0
170669,0
170670,0
170671,0
170678,0
170680,0
170683,1
170684,0
170685,0
170686,0
170692,0
170693,0
170696,0
170698,0
170700,0
170701,0
170702,0
170712,0
170713,0
170715,0
170717,0
170718,0
170724,0
170731,0
170734,0
170736,0
170739,0
170742,0
170744,0
170745,0
170757,0
170759,0
170765,0
170767,0
170768,0
170770,0
170772,0
170774,0
170776,0
170777,0
170778,0
170783,0
170784,0
170785,0
170786,0
170788,0
170792,0
170793,0
170795,0
170796,0
170797,0
170799,0
170801,0
170802,0
170806,0
170811,0
170813,0
170814,0
170815,0
170826,0
170828,0
170829,0
170830,0
170831,0
170833,0
170835,0
170837,0
170838,0
170840,0
170843,0
170845,0
170846,0
170849,0
170851,0
170854,0
170855,0
170856,0
170857,0
170863,0
170864,0
170867,0
170869,0
170870,0
170873,0
170879,0
170888,0
170891,0
170895,0
170897,0
170898,0
170903,0
170905,0
170906,0
170911,0
170920,1
170921,0
170922,0
170927,0
170929,1
170930,0
170934,0
170935,0
170936,0
170938,0
170940,0
170941,0
170942,0
170944,0
170948,0
170951,0
170952,0
170954,0
170959,0
170961,0
170962,0
170964,0
170965,0
170966,0
170967,0
170972,0
170973,0
170974,0
170975,0
170977,0
170978,0
170979,0
170983,1
170987,0
170988,0
170991,0
170993,0
171000,0
171007,0
171008,0
171009,0
171010,0
171014,0
171028,0
171032,0
171033,0
171036,0
171041,0
171043,0
171047,0
171049,0
171051,0
171056,0
171062,0
171063,0
171064,0
171065,0
171072,0
171074,0
171076,0
171078,0
171079,0
171081,0
171082,0
171084,0
171086,0
171088,0
171094,1
171095,0
171096,0
171103,0
171105,0
171107,0
171108,0
171110,0
171112,0
171114,0
171115,0
171119,0
171127,0
171129,0
171130,0
171134,0
171136,0
171142,0
171143,0
171144,0
171148,0
171151,0
171155,0
171157,0
171159,0
171172,0
171176,0
171177,0
171178,0
171180,0
171181,0
171183,0
171188,1
171193,0
171194,0
171200,0
171204,0
171205,1
171211,0
171212,0
171216,0
171217,0
171222,0
171226,0
171228,0
171230,0
171231,0
171232,0
171233,0
171234,0
171237,1
171238,1
171239,0
171240,0
171247,0
171249,0
171251,0
171254,0
171256,0
171257,0
171262,0
171268,0
171270,0
171275,0
171276,0
171278,1
171283,0
171284,0
171285,0
171286,0
171289,0
171298,0
171300,0
171301,0
171302,0
171305,0
171309,0
171310,0
171311,0
171312,0
171313,0
171316,0
171317,0
171320,0
171321,0
171326,0
171330,0
171332,0
171334,0
171340,0
171350,0
171353,0
171365,0
171366,1
171367,0
171369,0
171374,0
171377,0
171378,0
171379,1
171380,0
171381,0
171386,0
171387,0
171389,0
171390,0
171392,0
171393,0
171394,0
171398,0
171404,0
171406,0
171411,0
171413,0
171414,0
171416,0
171419,0
171421,0
171424,0
171429,0
171431,0
171433,1
171434,0
171441,0
171444,0
171445,0
171447,0
171450,0
171454,0
171455,1
171457,0
171459,0
171460,0
171461,1
171462,0
171466,0
171469,0
171477,0
171479,0
171482,0
171484,0
171486,0
171487,0
171488,0
171489,0
171494,0
171496,0
171499,0
171501,0
171504,0
171508,0
171509,0
171511,0
171512,0
171513,0
171515,0
171520,0
171521,0
171523,0
171526,0
171528,0
171533,0
171535,0
171542,0
171543,1
171545,0
171548,0
171549,0
171550,0
171553,0
171556,0
171560,0
171566,0
171567,0
171568,0
171569,0
171571,0
171574,0
171576,0
171580,0
171581,0
171583,0
171584,0
171586,0
171589,0
171592,0
171594,0
171596,0
171603,0
171604,0
171605,0
171612,0
171617,0
171618,0
171623,0
171624,0
171630,0
171632,0
171635,0
171636,0
171638,0
171648,0
171650,0
171652,0
171653,0
171658,0
171659,0
171660,0
171662,0
171667,0
171668,0
171670,0
171674,1
171679,0
171681,0
171683,0
171684,0
171685,0
171697,0
171700,0
171701,0
171703,0
171705,1
171706,0
171708,0
171710,0
171713,0
171715,0
171719,0
171720,0
171721,0
171730,0
171731,0
171738,0
171741,0
171751,0
171753,0
171754,0
171755,0
171756,0
171758,0
171759,0
171761,0
171763,0
171764,0
171765,0
171767,0
171769,0
171771,0
171777,0
171778,0
171783,0
171784,0
171785,0
171792,0
171795,0
171797,0
171803,0
171804,0
171810,0
171811,0
171814,0
171815,0
171818,0
171819,0
171823,0
171824,0
171828,0
171831,0
171832,0
171833,0
171836,0
171839,0
171842,1
171843,0
171846,0
171848,0
171852,0
171854,0
171855,0
171860,0
171861,0
171862,0
171865,0
171867,0
171879,0
171883,0
171887,0
171891,0
171892,1
171893,0
171894,0
171896,0
171897,0
171905,0
171906,0
171907,0
171908,1
171912,0
171915,0
171919,0
171923,0
171924,1
171926,0
171928,0
171929,1
171934,0
171939,0
171940,0
171942,0
171944,0
171946,0
171956,0
171958,0
171959,0
171963,0
171965,0
171967,0
171968,0
171969,0
171970,0
171971,0
171974,0
171976,0
171977,0
171978,0
171979,0
171981,0
171983,0
171986,0
171999,0
172003,0
172008,0
172009,0
172021,0
172024,0
172032,0
172033,0
172040,0
172043,0
172044,0
172052,0
172057,0
172060,0
172061,0
172062,0
172064,0
172065,0
172068,0
172069,0
172072,0
172074,0
172075,1
172078,0
172081,0
172085,0
172087,0
172088,0
172089,0
172090,0
172091,0
172094,0
172098,0
172102,1
172104,0
172112,0
172115,0
172117,0
172119,0
172122,0
172125,0
172128,0
172131,0
172132,0
172133,0
172146,0
172147,0
172151,0
172154,0
172160,0
172162,0
172163,0
172165,0
172169,0
172171,0
172172,0
172174,0
172180,0
172184,0
172186,1
172193,0
172195,0
172196,0
172201,1
172202,0
172203,0
172205,0
172212,0
172213,0
172218,0
172223,0
172226,0
172228,0
172229,0
172230,0
172232,0
172237,0
172238,0
172240,0
172243,0
172244,1
172245,0
172248,0
172253,0
172255,0
172263,0
172264,0
172266,0
172267,0
172275,0
172276,0
172278,0
172282,0
172283,0
172286,0
172290,1
172293,0
172295,0
172299,0
172300,0
172307,0
172308,0
172310,0
172311,0
172315,0
172317,0
172320,0
172321,0
172329,0
172331,1
172332,0
172333,0
172343,0
172349,0
172350,0
172353,0
172356,0
172357,0
172358,1
172359,0
172360,0
172362,0
172366,0
172367,0
172371,0
172373,0
172380,0
172382,0
172385,0
172386,0
172387,0
172392,0
172394,0
172399,0
172402,0
172406,0
172407,0
172410,0
172417,0
172418,0
172419,0
172420,0
172421,0
172422,0
172425,0
172427,0
172437,0
172439,0
172441,0
172442,0
172444,0
172448,0
172450,0
172454,0
172457,0
172463,0
172464,0
172467,0
172469,0
172473,0
172475,0
172480,0
172481,0
172482,0
172483,0
172485,0
172487,0
172491,0
172495,0
172496,0
172497,0
172498,0
172499,0
172500,0
172501,0
172504,0
172508,0
172510,1
172515,0
172517,0
172518,0
172520,0
172522,0
172530,0
172534,0
172535,0
172537,0
172538,0
172539,0
172554,0
172555,0
172568,0
172571,0
172577,0
172578,0
172580,0
172582,0
172583,0
172586,0
172588,0
172589,0
172592,0
172595,1
172596,0
172600,0
172603,0
172604,0
172607,0
172610,0
172625,0
172630,1
172631,0
172633,0
172634,0
172638,0
172640,0
172646,0
172649,0
172651,0
172655,0
172657,0
172658,0
172675,1
172680,0
172685,0
172686,0
172689,0
172699,0
172701,0
172702,0
172703,0
172706,0
172710,0
172718,0
172719,0
172721,0
172723,0
172729,0
172730,0
172739,0
172740,0
172742,1
172750,0
172752,0
172755,0
172757,0
172759,0
172761,0
172767,0
172769,0
172773,0
172775,0
172776,0
172789,0
172790,0
172796,0
172797,1
172798,0
172799,0
172800,0
172801,0
172802,0
172810,0
172811,0
172812,0
172813,0
172814,0
172815,0
172816,0
172819,0
172822,0
172823,0
172826,0
172829,0
172830,0
172831,0
172833,0
172839,0
172840,0
172841,0
172842,0
172846,0
172847,0
172848,1
172851,0
172854,0
172857,0
172860,0
172861,1
172862,0
172864,0
172869,0
172872,0
172877,0
172878,0
172880,0
172881,0
172888,0
172890,0
172891,0
172898,0
172901,0
172906,0
172908,0
172909,0
172915,0
172916,0
172922,0
172925,0
172934,0
172935,0
172941,0
172944,0
172950,0
172951,1
172957,0
172960,0
172961,0
172965,0
172966,0
172971,0
172973,0
172974,0
172976,0
172977,0
172978,0
172981,0
172987,0
172988,0
172990,0
172991,0
172993,0
172994,0
172997,0
173000,0
173001,0
173005,0
173006,0
173008,0
173010,0
173011,0
173014,0
173015,0
173027,1
173031,0
173038,0
173042,0
173047,0
173048,0
173050,0
173051,0
173052,0
173056,0
173061,0
173062,0
173063,0
173065,0
173066,0
173071,0
173076,0
173078,0
173079,0
173082,0
173083,0
173086,0
173088,0
173089,0
173093,0
173094,0
173095,0
173096,0
173097,1
173099,0
173101,0
173104,0
173105,0
173107,0
173108,0
173111,0
173113,0
173115,0
173118,0
173121,0
173122,0
173123,0
173132,1
173134,0
173138,0
173141,0
173142,0
173143,0
173145,0
173146,0
173148,0
173149,0
173152,0
173155,0
173157,0
173158,0
173159,0
173162,0
173167,0
173170,0
173172,0
173175,0
173176,0
173182,0
173183,0
173186,0
173187,0
173190,0
173191,0
173192,0
173193,0
173195,0
173196,0
173199,0
173202,0
173204,0
173205,0
173209,0
173213,0
173214,0
173216,0
173224,0
173228,0
173231,0
173233,0
173234,0
173240,0
173241,0
173242,0
173245,0
173250,0
173252,0
173253,0
173254,0
173256,0
173261,0
173263,0
173265,0
173267,0
173271,0
173279,0
173280,0
173289,0
173293,0
173294,0
173297,1
173299,0
173301,0
173306,0
173310,0
173312,0
173314,0
173315,0
173316,0
173321,0
173322,0
173323,0
173327,0
173328,0
173330,0
173334,1
173338,0
173339,0
173342,0
173351,0
173352,0
173354,0
173358,0
173361,0
173364,0
173365,0
173369,0
173373,0
173375,0
173377,0
173378,0
173382,0
173383,0
173385,0
173386,1
173387,0
173388,0
173391,0
173392,0
173393,0
173395,0
173396,0
173397,0
173398,0
173400,0
173401,0
173402,0
173403,0
173405,0
173409,0
173411,0
173413,1
173420,0
173421,0
173422,0
173432,0
173438,0
173440,0
173441,0
173444,1
173451,0
173454,0
173456,0
173458,0
173459,0
173460,0
173461,0
173463,1
173464,0
173465,0
173468,0
173473,0
173476,0
173480,0
173484,0
173488,0
173494,0
173499,0
173500,0
173504,0
173507,0
173509,0
173510,0
173511,0
173517,0
173518,0
173520,0
173524,0
173526,0
173531,0
173533,0
173535,0
173537,0
173549,0
173550,0
173557,0
173564,0
173565,0
173567,0
173568,0
173571,0
173573,0
173578,0
173579,0
173580,0
173581,0
173583,1
173588,0
173589,0
173591,0
173595,0
173598,0
173600,0
173602,1
173605,0
173606,0
173610,0
173612,0
173616,0
173619,0
173620,0
173622,0
173626,0
173627,0
173630,0
173632,0
173635,0
173637,0
173638,0
173643,0
173648,0
173656,0
173663,0
173664,0
173665,0
173667,0
173670,0
173671,0
173672,0
173673,0
173674,0
173676,0
173679,0
173682,1
173684,0
173686,0
173689,0
173696,0
173698,0
173701,0
173703,0
173710,0
173713,0
173714,0
173720,0
173722,0
173724,0
173728,0
173729,0
173730,0
173731,0
173732,0
173734,0
173736,0
173742,0
173749,0
173751,1
173762,0
173772,0
173773,0
173775,0
173776,0
173778,0
173779,0
173783,0
173785,0
173786,0
173788,0
173789,0
173790,0
173791,0
173792,0
173797,0
173798,0
173805,0
173808,0
173809,0
173815,0
173816,0
173820,0
173821,1
173823,0
173827,0
173828,0
173829,0
173831,0
173832,0
173837,0
173839,0
173841,0
173842,0
173843,0
173846,0
173848,0
173849,0
173850,0
173852,1
173858,0
173862,0
173871,0
173873,0
173881,0
173889,0
173893,0
173899,0
173902,0
173905,0
173906,0
173909,0
173912,0
173916,0
173918,0
173920,0
173928,0
173930,0
173931,0
173932,0
173934,0
173935,0
173936,0
173944,0
173947,0
173948,0
173952,0
173953,0
173954,0
173958,0
173961,0
173962,0
173965,0
173972,0
173973,0
173975,0
173976,0
173984,0
173986,0
173987,0
173992,0
173994,0
173999,0
174003,0
174006,0
174007,1
174009,1
174013,0
174015,0
174016,0
174019,0
174020,0
174021,0
174023,0
174024,0
174033,0
174035,0
174041,0
174043,0
174052,0
174054,0
174056,0
174061,0
174064,0
174068,0
174069,0
174073,0
174075,0
174076,1
174077,0
174078,0
174079,0
174080,0
174083,0
174086,0
174092,0
174093,0
174096,0
174097,1
174099,1
174105,0
174108,0
174110,0
174111,0
174112,0
174114,0
174117,0
174119,0
174120,0
174121,0
174122,0
174123,0
174124,0
174127,0
174128,0
174131,0
174132,0
174136,0
174138,0
174140,0
174143,0
174146,0
174147,0
174150,0
174152,0
174153,0
174156,0
174158,0
174159,0
174164,0
174170,0
174176,0
174179,0
174183,0
174184,0
174195,0
174196,0
174199,0
174203,0
174210,1
174211,0
174212,0
174214,0
174215,0
174217,0
174219,0
174227,0
174229,0
174232,0
174236,0
174238,0
174240,0
174247,1
174248,0
174255,0
174256,0
174263,0
174267,0
174269,0
174270,0
174271,0
174273,0
174274,0
174275,0
174276,1
174277,0
174283,0
174287,0
174288,0
174289,1
174295,0
174296,0
174297,0
174300,1
174301,0
174303,0
174304,0
174305,0
174306,0
174307,0
174308,0
174310,0
174311,0
174313,0
174315,0
174317,0
174321,0
174322,0
174323,0
174328,0
174329,0
174335,0
174339,0
174346,1
174354,1
174355,0
174358,0
174359,0
174360,0
174362,0
174364,0
174366,0
174369,0
174370,0
174371,0
174374,0
174385,0
174386,0
174391,1
174393,0
174399,0
174400,0
174409,1
174412,0
174417,0
174420,0
174423,0
174424,0
174425,0
174427,0
174433,0
174434,0
174444,0
174447,0
174449,0
174450,0
174452,0
174454,0
174457,0
174462,0
174469,0
174471,0
174472,0
174474,0
174476,0
174478,0
174480,0
174484,0
174487,0
174490,0
174492,0
174493,0
174499,0
174501,0
174502,0
174507,0
174508,0
174509,0
174517,0
174518,0
174522,0
174525,0
174529,0
174534,0
174537,0
174541,0
174546,0
174547,0
174548,0
174552,0
174554,0
174555,0
174558,0
174559,0
174560,0
174566,0
174567,0
174569,0
174574,0
174584,0
174588,0
174595,0
174597,0
174598,0
174603,0
174605,1
174611,0
174616,0
174620,0
174625,0
174626,0
174628,0
174630,0
174639,0
174641,0
174644,0
174645,0
174650,0
174653,0
174654,0
174657,0
174659,0
174664,0
174667,0
174670,0
174673,0
174674,0
174679,0
174680,0
174681,1
174682,1
174685,0
174690,0
174692,0
174693,0
174695,0
174696,0
174698,0
174703,0
174704,0
174705,0
174706,0
174716,0
174717,0
174719,0
174721,0
174725,0
174727,0
174732,0
174733,0
174735,0
174736,0
174737,0
174738,0
174741,0
174742,0
174746,0
174749,0
174755,1
174756,0
174757,0
174758,0
174761,0
174762,0
174769,1
174785,0
174789,0
174790,0
174792,0
174796,0
174803,0
174804,0
174806,1
174807,0
174809,0
174811,0
174812,0
174815,0
174819,0
174820,0
174821,0
174824,0
174825,0
174833,0
174835,0
174836,0
174845,0
174847,0
174852,1
174860,0
174861,0
174862,0
174872,0
174881,0
174891,0
174899,0
174900,0
174901,0
174902,0
174907,0
174908,0
174909,0
174912,0
174916,0
174917,1
174919,0
174921,0
174924,0
174925,0
174929,0
174935,0
174939,0
174940,0
174942,0
174946,0
174947,0
174949,0
174953,0
174954,0
174958,0
174965,0
174966,0
174972,0
174973,0
174976,0
174981,0
174983,0
174987,0
174990,0
174992,0
174993,1
175000,0
175004,0
175005,0
175007,0
175014,0
175021,0
175022,0
175025,0
175028,0
175032,0
175034,0
175036,0
175039,0
175041,1
175051,0
175052,1
175053,0
175054,0
175055,0
175056,0
175058,0
175061,0
175062,0
175069,0
175070,0
175075,0
175076,0
175083,0
175086,0
175088,0
175092,0
175098,0
175101,0
175104,0
175109,0
175118,0
175119,0
175120,0
175125,0
175132,0
175133,0
175138,0
175140,0
175141,0
175149,0
175152,0
175158,0
175160,0
175161,0
175166,0
175167,0
175168,0
175171,0
175175,1
175182,0
175184,0
175187,0
175189,0
175191,0
175195,0
175198,0
175199,0
175204,0
175205,0
175207,0
175209,1
175210,0
175215,0
175220,0
175222,0
175223,0
175225,0
175228,0
175240,0
175241,0
175242,0
175246,0
175247,1
175249,0
175250,0
175252,0
175257,0
175259,0
175263,0
175264,0
175266,0
175269,0
175279,0
175280,0
175283,0
175284,1
175288,0
175292,0
175293,0
175294,0
175297,0
175306,1
175308,0
175311,0
175314,0
175319,0
175320,0
175321,0
175326,0
175334,0
175336,0
175338,0
175344,0
175347,0
175350,0
175352,0
175359,0
175360,0
175361,0
175364,0
175367,0
175376,0
175379,1
175380,0
175381,0
175382,0
175386,0
175390,0
175394,0
175396,0
175401,0
175404,0
175407,0
175409,0
175413,0
175415,0
175419,0
175422,0
175428,0
175430,0
175431,0
175434,0
175438,0
175439,1
175440,0
175441,0
175445,0
175446,0
175450,0
175455,0
175456,0
175459,0
175460,0
175462,0
175465,0
175466,0
175468,0
175470,0
175472,0
175473,0
175476,0
175479,1
175488,0
175490,0
175492,0
175495,0
175497,0
175499,0
175501,0
175505,0
175508,0
175514,0
175518,0
175524,0
175525,0
175527,0
175530,0
175532,0
175533,0
175535,0
175537,0
175545,0
175548,0
175550,0
175563,0
175564,0
175567,0
175569,0
175570,0
175571,0
175572,0
175575,0
175580,0
175583,0
175585,0
175588,0
175589,0
175590,0
175591,0
175592,0
175593,0
175597,0
175599,0
175600,0
175601,0
175607,0
175608,0
175609,0
175614,0
175616,0
175618,0
175625,1
175626,0
175628,0
175629,0
175630,0
175631,0
175633,0
175634,0
175635,0
175638,0
175642,0
175643,0
175656,0
175659,0
175662,0
175663,0
175664,0
175666,0
175668,0
175672,0
175675,0
175676,0
175679,0
175680,0
175684,0
175685,0
175686,0
175687,0
175691,0
175692,0
175695,0
175697,0
175698,0
175699,0
175700,0
175703,1
175707,1
175708,0
175711,0
175717,0
175720,0
175725,0
175738,0
175739,0
175743,0
175744,0
175745,0
175748,0
175749,1
175750,0
175758,0
175767,0
175769,0
175774,0
175776,1
175778,0
175780,0
175784,0
175790,0
175795,0
175798,0
175799,0
175800,0
175804,0
175806,1
175808,1
175809,0
175811,0
175812,0
175814,0
175818,0
175823,0
175824,0
175830,1
175831,0
175833,0
175840,0
175841,0
175842,0
175848,0
175855,0
175856,0
175861,0
175862,0
175876,0
175877,0
175878,0
175882,0
175883,0
175884,0
175899,1
175902,0
175903,0
175904,0
175905,0
175906,0
175915,0
175916,1
175920,0
175922,0
175923,0
175925,0
175929,0
175930,0
175933,0
175935,0
175941,0
175948,0
175949,0
175953,0
175955,0
175962,0
175965,0
175970,0
175973,0
175974,0
175977,0
175981,0
175982,0
175985,0
175986,0
175990,0
175993,0
175995,0
176000,0
176004,0
176005,0
176006,0
176018,1
176020,0
176023,0
176027,0
176030,0
176034,0
176035,0
176037,1
176043,0
176045,0
176047,0
176052,0
176053,0
176056,0
176057,0
176060,0
176061,0
176063,0
176069,0
176071,0
176072,0
176074,0
176076,0
176082,0
176084,0
176087,0
176088,0
176097,0
176105,0
176107,0
176112,0
176113,0
176114,0
176118,0
176120,0
176122,0
176123,0
176127,0
176130,0
176139,0
176143,0
176146,0
176148,0
176150,0
176153,0
176154,0
176157,0
176158,0
176167,0
176171,0
176174,0
176175,0
176184,0
176189,0
176193,0
176194,0
176195,0
176198,0
176199,0
176201,0
176205,0
176211,0
176212,0
176214,0
176217,0
176219,0
176223,0
176224,0
176232,0
176235,0
176240,0
176241,0
176249,0
176252,0
176254,0
176255,0
176256,0
176257,0
176260,1
176265,0
176266,0
176267,0
176268,0
176269,1
176270,0
176275,0
176278,0
176282,0
176283,0
176286,0
176292,0
176294,0
176297,0
176301,0
176306,0
176307,0
176309,0
176313,0
176315,0
176316,0
176319,0
176327,0
176331,0
176332,0
176337,0
176339,0
176343,1
176344,0
176348,0
176350,0
176353,0
176359,0
176363,0
176364,0
176369,0
176372,0
176374,0
176379,0
176389,0
176391,0
176394,0
176395,1
176400,0
176405,0
176409,0
176410,0
176412,0
176414,0
176418,0
176422,0
176427,0
176436,0
176439,0
176444,0
176449,0
176452,1
176455,0
176459,0
176468,0
176470,0
176473,0
176474,0
176476,0
176477,0
176478,0
176479,0
176480,0
176481,0
176482,0
176486,0
176488,0
176492,0
176494,0
176497,0
176504,0
176508,0
176510,0
176515,0
176516,0
176517,0
176520,0
176521,0
176522,0
176527,0
176530,0
176531,0
176533,0
176537,0
176540,0
176543,0
176552,0
176559,1
176563,0
176564,0
176565,0
176566,0
176569,0
176570,0
176574,1
176580,0
176584,0
176585,0
176586,0
176588,0
176591,0
176595,0
176597,0
176601,0
176606,0
176607,0
176608,0
176611,0
176612,0
176615,0
176617,0
176618,0
176619,0
176626,0
176627,0
176630,0
176631,0
176637,0
176639,0
176640,0
176643,0
176650,0
176651,0
176658,0
176659,0
176662,0
176663,0
176664,0
176667,0
176671,0
176680,0
176683,0
176685,0
176686,0
176687,0
176694,0
176698,0
176699,0
176700,0
176701,1
176702,0
176703,0
176708,0
176711,0
176716,0
176717,0
176718,0
176724,1
176725,0
176734,0
176736,0
176738,0
176739,0
176745,0
176747,0
176748,0
176751,0
176757,0
176758,0
176759,0
176760,0
176762,0
176766,0
176768,0
176770,0
176776,0
176777,0
176778,1
176789,0
176792,0
176794,0
176795,0
176796,0
176804,0
176806,0
176808,0
176813,0
176814,0
176815,0
176816,0
176818,0
176819,0
176821,0
176823,0
176826,0
176831,0
176833,0
176836,0
176837,0
176840,0
176841,0
176842,0
176846,0
176847,0
176848,0
176852,0
176856,0
176859,0
176860,0
176862,0
176866,0
176873,0
176875,0
176877,0
176879,0
176880,0
176882,0
176887,0
176888,0
176891,0
176892,0
176898,0
176900,0
176902,0
176903,0
176905,0
176906,0
176907,0
176908,0
176915,0
176922,0
176925,0
176926,0
176930,0
176933,0
176935,0
176936,0
176938,0
176940,0
176941,0
176942,0
176948,0
176951,0
176952,0
176955,0
176956,0
176961,0
176962,0
176964,0
176965,0
176968,0
176971,0
176974,0
176978,0
176979,0
176982,0
176984,0
176985,0
176988,0
176996,0
176998,0
176999,0
177001,0
177004,0
177005,0
177006,0
177009,0
177010,0
177021,0
177023,0
177024,0
177027,0
177028,0
177032,0
177033,0
177035,0
177037,0
177040,0
177045,0
177047,0
177048,0
177049,0
177051,0
177055,0
177058,0
177061,0
177063,0
177067,0
177069,0
177075,0
177076,0
177079,0
177081,0
177083,0
177086,0
177087,0
177088,0
177089,0
177092,0
177094,0
177096,1
177099,0
177100,0
177103,0
177107,0
177108,0
177110,0
177111,0
177114,0
177117,1
177118,0
177119,0
177124,0
177134,0
177143,0
177148,0
177149,0
177151,0
177153,0
177156,0
177162,0
177163,0
177165,0
177166,0
177167,0
177170,0
177173,1
177176,0
177177,0
177181,0
177192,0
177193,0
177198,0
177199,0
177202,0
177205,0
177210,0
177212,0
177213,0
177215,0
177216,0
177217,0
177222,0
177230,0
177232,0
177233,0
177236,0
177238,0
177241,0
177242,0
177243,0
177245,0
177248,0
177250,0
177251,0
177252,0
177253,0
177254,0
177256,0
177264,0
177265,0
177266,0
177268,0
177269,0
177270,1
177280,0
177281,0
177283,0
177284,0
177285,0
177287,1
177289,0
177290,0
177291,0
177293,0
177294,0
177296,0
177297,0
177301,0
177304,0
177306,0
177313,0
177316,0
177317,0
177321,0
177322,0
177326,0
177335,0
177336,0
177337,0
177339,0
177343,0
177349,0
177352,1
177353,0
177354,0
177356,0
177361,0
177363,0
177364,0
177367,0
177368,0
177374,0
177376,0
177379,0
177382,0
177391,0
177393,0
177394,0
177397,0
177398,0
177405,0
177408,1
177410,0
177413,0
177416,0
177421,0
177422,0
177423,0
177425,0
177427,0
177428,0
177430,0
177432,0
177434,0
177437,0
177439,0
177444,0
177448,0
177449,0
177451,0
177452,0
177453,0
177460,0
177461,0
177466,0
177469,0
177470,0
177477,0
177478,0
177485,0
177487,0
177491,0
177493,0
177495,0
177497,0
177500,0
177505,0
177507,0
177509,0
177510,0
177525,0
177526,0
177530,0
177533,0
177536,0
177539,0
177540,0
177542,0
177545,0
177546,0
177547,0
177551,0
177553,0
177556,0
177560,0
177563,0
177567,0
177574,0
177580,0
177581,0
177585,0
177591,0
177592,0
177600,0
177605,0
177606,0
177609,0
177612,0
177618,0
177619,0
177621,0
177624,0
177626,0
177627,0
177632,0
177637,1
177640,0
177642,1
177643,0
177650,0
177651,0
177653,0
177655,0
177657,0
177661,0
177662,0
177667,0
177673,0
177677,1
177682,0
177683,0
177688,0
177694,0
177700,0
177704,0
177709,0
177713,0
177716,1
177726,0
177727,0
177731,1
177749,0
177750,0
177752,0
177759,0
177763,0
177764,0
177765,0
177766,0
177770,0
177776,0
177781,0
177787,0
177791,0
177794,0
177801,0
177804,0
177805,0
177806,0
177808,0
177809,0
177815,0
177816,0
177817,1
177819,0
177821,0
177823,0
177835,0
177839,0
177842,0
177843,0
177845,0
177846,0
177847,0
177850,0
177857,0
177859,1
177860,0
177863,0
177864,0
177865,0
177867,0
177869,0
177872,1
177873,0
177876,0
177877,0
177880,0
177882,0
177883,0
177885,1
177891,0
177893,0
177894,0
177896,0
177897,0
177899,0
177904,0
177907,0
177909,0
177912,0
177913,0
177915,0
177918,0
177921,0
177922,1
177923,0
177926,0
177928,0
177929,0
177931,0
177933,1
177934,0
177936,0
177938,0
177941,0
177944,0
177946,0
177947,0
177949,0
177953,0
177954,0
177960,1
177962,0
177965,0
177969,0
177974,0
177975,0
177977,0
177978,0
177980,0
177987,1
177990,0
177992,0
177993,0
177994,0
177997,0
177999,0
178003,1
178004,0
178010,0
178012,0
178019,0
178020,0
178023,0
178026,0
178027,0
178029,1
178031,0
178032,0
178033,0
178034,0
178035,0
178038,0
178039,0
178043,0
178044,0
178045,0
178051,0
178052,0
178054,0
178055,0
178059,0
178060,0
178061,0
178063,0
178068,0
178073,0
178076,0
178079,0
178081,0
178088,0
178092,0
178095,0
178098,0
178100,0
178104,0
178105,1
178108,0
178114,0
178115,0
178117,0
178123,0
178128,0
178129,0
178130,0
178131,0
178132,0
178134,0
178137,0
178142,0
178147,0
178153,0
178154,0
178156,0
178157,0
178161,0
178162,0
178165,0
178170,0
178172,0
178173,0
178178,0
178181,0
178182,0
178184,1
178190,0
178195,0
178198,0
178199,0
178200,0
178206,0
178212,0
178215,0
178220,0
178222,0
178225,0
178226,0
178227,0
178228,0
178230,0
178233,0
178234,0
178235,0
178240,0
178241,0
178243,0
178247,0
178249,0
178250,0
178260,0
178267,0
178271,0
178275,0
178281,0
178284,0
178285,0
178289,0
178292,0
178293,0
178295,0
178297,0
178298,0
178307,0
178315,0
178317,0
178320,0
178321,0
178323,0
178326,0
178332,0
178334,0
178335,0
178339,0
178340,0
178341,0
178342,0
178343,0
178347,0
178348,0
178351,0
178355,0
178358,0
178363,0
178365,0
178368,0
178369,0
178371,0
178373,0
178375,0
178376,0
178379,0
178385,0
178388,1
178389,1
178394,0
178398,0
178399,0
178401,0
178403,1
178405,0
178407,0
178410,0
178411,0
178419,1
178420,0
178422,0
178429,0
178430,0
178436,0
178443,0
178447,1
178449,0
178450,0
178452,0
178455,0
178456,0
178458,0
178462,0
178465,0
178469,0
178471,0
178474,0
178476,0
178478,0
178481,0
178483,0
178485,0
178486,0
178487,0
178488,0
178490,0
178492,0
178494,0
178497,1
178502,0
178503,0
178505,0
178507,0
178508,0
178509,0
178513,0
178518,0
178519,0
178520,0
178521,0
178523,0
178526,0
178531,0
178532,0
178534,0
178535,0
178536,0
178543,0
178544,0
178550,0
178552,0
178555,0
178557,0
178558,0
178560,0
178567,0
178568,0
178571,0
178574,0
178584,0
178585,0
178589,1
178591,0
178595,0
178604,0
178607,0
178608,0
178610,1
178611,0
178614,0
178615,0
178622,0
178629,0
178634,0
178636,0
178637,0
178638,0
178640,0
178641,0
178652,0
178653,0
178658,0
178659,0
178671,0
178673,0
178674,0
178675,0
178677,0
178678,0
178680,0
178685,0
178686,0
178689,0
178691,0
178693,0
178703,1
178705,0
178706,0
178712,0
178724,0
178725,0
178727,0
178735,0
178738,0
178742,0
178746,0
178748,0
178750,0
178754,0
178756,0
178757,1
178758,0
178760,0
178761,0
178765,0
178766,0
178769,0
178773,0
178775,0
178780,0
178782,0
178788,0
178789,0
178790,0
178791,0
178792,0
178796,0
178799,0
178802,0
178803,0
178812,0
178818,0
178821,0
178823,0
178836,0
178846,0
178847,0
178849,0
178850,0
178866,0
178868,0
178874,0
178881,0
178884,0
178885,0
178887,0
178891,0
178895,0
178902,0
178905,0
178906,0
178907,0
178910,0
178913,0
178917,0
178920,0
178921,0
178923,0
178928,0
178939,0
178942,0
178945,0
178948,0
178951,0
178955,0
178956,0
178960,0
178961,0
178966,0
178967,0
178969,0
178971,0
178972,0
178975,0
178977,0
178978,0
178980,0
178981,0
178983,0
178988,0
178990,0
178995,0
178997,0
178998,0
179002,0
179005,0
179007,0
179008,0
179020,0
179021,0
179022,0
179023,0
179027,0
179028,0
179042,0
179052,0
179053,1
179057,0
179060,0
179066,0
179067,0
179074,0
179075,0
179078,0
179080,0
179081,0
179084,0
179091,0
179092,0
179100,0
179102,1
179105,0
179106,0
179109,0
179112,0
179114,0
179123,0
179124,0
179128,0
179130,0
179132,0
179133,0
179138,0
179141,0
179142,0
179144,1
179149,0
179154,0
179157,0
179160,0
179161,0
179162,0
179165,0
179167,0
179168,0
179175,0
179178,0
179180,0
179181,0
179184,0
179185,0
179194,0
179195,0
179196,0
179198,0
179200,0
179201,0
179208,0
179212,0
179213,0
179215,0
179216,0
179226,0
179230,0
179238,0
179240,0
179242,0
179243,0
179246,1
179250,0
179251,0
179254,0
179257,0
179263,0
179264,0
179266,0
179267,1
179270,0
179271,0
179274,0
179275,0
179282,0
179292,0
179297,0
179298,0
179301,0
179304,0
179305,0
179308,0
179309,0
179316,0
179318,0
179325,0
179329,0
179330,0
179332,0
179334,0
179337,0
179339,0
179342,0
179350,0
179351,0
179352,0
179354,0
179357,0
179361,0
179366,0
179368,0
179369,0
179371,0
179376,0
179378,0
179380,0
179381,0
179384,0
179385,0
179389,0
179390,0
179391,0
179394,0
179400,0
179409,0
179410,0
179412,0
179416,0
179419,0
179420,0
179427,0
179428,0
179430,0
179432,0
179433,0
179440,0
179442,0
179443,0
179448,0
179450,0
179451,0
179457,0
179461,0
179468,0
179469,0
179470,0
179472,0
179481,0
179483,0
179486,0
179487,0
179488,0
179490,0
179491,0
179494,1
179496,0
179497,0
179503,0
179504,0
179511,0
179512,0
179513,0
179519,0
179520,0
179523,0
179525,1
179527,0
179532,0
179534,1
179537,0
179540,0
179542,0
179546,0
179547,0
179550,0
179553,0
179554,0
179557,0
179562,0
179569,0
179571,0
179574,0
179577,0
179579,0
179588,0
179590,0
179591,0
179593,0
179595,0
179600,0
179602,0
179606,1
179607,0
179608,0
179609,0
179610,0
179611,0
179613,1
179614,0
179615,0
179619,0
179620,0
179628,0
179630,0
179632,0
179634,0
179637,0
179641,0
179645,0
179652,0
179655,0
179659,0
179660,0
179661,0
179662,0
179663,0
179667,1
179668,0
179669,0
179670,0
179671,0
179673,0
179674,0
179676,0
179677,0
179679,0
179681,0
179683,0
179685,0
179686,1
179689,0
179697,0
179700,1
179701,0
179704,0
179705,0
179708,0
179709,0
179710,0
179711,0
179712,0
179715,1
179723,0
179726,0
179737,0
179740,0
179746,0
179747,0
179748,0
179751,0
179761,0
179766,0
179767,0
179768,0
179775,0
179776,0
179777,0
179778,0
179781,0
179782,0
179791,1
179792,0
179796,0
179801,0
179802,0
179803,0
179804,0
179808,0
179809,0
179812,0
179813,0
179819,0
179820,0
179826,1
179827,0
179830,0
179831,0
179833,0
179836,0
179838,0
179839,0
179848,0
179849,0
179852,0
179859,0
179861,0
179862,0
179863,0
179866,0
179868,0
179870,0
179880,0
179885,0
179888,0
179895,0
179896,0
179897,0
179898,0
179903,0
179904,1
179905,0
179906,0
179909,0
179913,0
179919,0
179925,0
179926,0
179932,0
179939,0
179942,0
179944,0
179945,0
179949,0
179954,0
179955,0
179958,0
179959,0
179960,0
179961,0
179963,0
179964,0
179968,0
179974,0
179990,0
179993,0
179994,1
179996,0
180002,0
180003,0
180010,0
180011,0
180018,0
180020,0
180027,0
180028,0
180042,0
180045,0
180046,0
180048,0
180055,0
180060,0
180062,0
180070,0
180074,0
180077,0
180078,0
180079,0
180083,0
180090,0
180091,0
180093,1
180094,0
180099,0
180101,0
180105,0
180110,0
180111,0
180114,0
180117,1
180122,0
180130,0
180132,0
180134,0
180138,0
180139,0
180140,1
180141,0
180146,0
180148,0
180155,0
180156,0
180157,0
180162,0
180163,0
180164,0
180167,0
180172,0
180173,0
180174,0
180177,0
180178,0
180181,0
180182,0
180184,0
180188,0
180193,0
180194,0
180196,0
180197,0
180199,0
180202,0
180208,0
180211,0
180214,0
180215,0
180220,0
180225,0
180227,0
180228,0
180238,0
180239,0
180241,0
180242,0
180243,0
180250,0
180251,0
180252,0
180254,0
180257,0
180258,1
180260,0
180261,0
180263,0
180264,0
180268,0
180270,0
180271,1
180272,0
180273,1
180274,0
180281,0
180282,0
180288,0
180291,0
180293,0
180294,0
180295,0
180298,0
180305,0
180306,0
180310,0
180315,0
180316,0
180317,1
180319,0
180322,0
180327,0
180328,0
180333,0
180335,0
180337,0
180338,0
180341,1
180343,0
180344,0
180345,0
180346,0
180347,0
180348,0
180349,1
180351,0
180355,0
180356,0
180357,0
180359,0
180362,0
180363,0
180367,0
180371,0
180372,0
180375,0
180376,0
180378,0
180381,0
180382,0
180384,0
180388,0
180392,0
180393,0
180394,0
180400,0
180401,0
180402,0
180403,0
180404,0
180406,0
180410,0
180411,0
180412,0
180414,0
180418,0
180422,0
180424,0
180427,0
180429,0
180430,0
180431,0
180435,0
180438,0
180443,0
180451,0
180455,0
180457,0
180460,0
180465,0
180467,0
180468,0
180469,0
180472,0
180477,0
180479,0
180480,0
180481,0
180485,0
180486,0
180489,0
180490,0
180491,0
180492,0
180495,0
180498,0
180499,0
180500,0
180502,0
180505,0
180509,0
180513,1
180514,0
180515,0
180517,0
180521,0
180522,0
180528,0
180530,0
180533,1
180534,0
180535,0
180536,0
180537,0
180539,0
180548,0
180549,0
180550,0
180552,0
180553,0
180557,0
180559,0
180561,0
180562,0
180565,0
180569,0
180578,0
180580,0
180584,0
180588,0
180589,0
180592,0
180593,0
180594,0
180595,0
180607,0
180608,0
180610,0
180611,0
180612,0
180614,0
180623,0
180626,0
180628,0
180631,0
180632,0
180633,0
180635,0
180645,0
180646,0
180651,0
180652,0
180662,0
180663,0
180664,0
180666,0
180667,0
180669,0
180670,0
180671,0
180672,0
180673,0
180677,0
180683,0
180685,0
180686,0
180687,1
180688,1
180690,0
180696,0
180697,0
180707,0
180711,0
180713,0
180714,0
180715,0
180717,0
180718,0
180719,0
180723,1
180726,0
180727,0
180729,0
180732,0
180737,0
180738,0
180740,0
180742,0
180743,0
180746,0
180748,0
180749,0
180751,0
180754,1
180757,0
180760,0
180763,0
180764,0
180765,0
180767,0
180768,0
180769,0
180771,0
180775,0
180776,0
180777,0
180778,0
180779,0
180780,0
180781,0
180782,0
180783,0
180785,0
180787,0
180789,0
180796,0
180798,0
180799,0
180800,0
180806,0
180808,0
180815,0
180823,0
180825,0
180827,0
180832,0
180833,0
180834,0
180837,0
180838,0
180843,0
180845,0
180847,0
180855,0
180857,1
180864,0
180866,0
180868,0
180870,0
180878,0
180882,0
180884,0
180885,0
180889,0
180892,0
180895,0
180897,0
180900,1
180902,0
180907,0
180909,0
180912,0
180913,0
180914,0
180917,0
180918,0
180920,0
180921,0
180925,0
180929,1
180930,0
180932,0
180933,0
180935,0
180938,0
180939,0
180946,0
180948,0
180949,0
180956,0
180957,0
180958,0
180960,0
180963,0
180966,0
180967,0
180969,0
180975,0
180979,0
180982,0
180983,0
180984,0
180990,0
180995,0
180998,1
181000,0
181003,0
181005,0
181007,0
181009,0
181012,0
181013,0
181015,0
181016,0
181017,0
181018,0
181020,0
181025,1
181027,0
181030,0
181034,1
181037,0
181039,0
181043,0
181045,0
181053,0
181054,0
181055,0
181059,0
181060,0
181067,0
181070,0
181076,0
181079,0
181080,0
181081,0
181085,0
181086,0
181088,0
181089,0
181094,0
181097,0
181098,0
181101,0
181102,0
181103,0
181105,0
181106,0
181109,0
181110,0
181112,0
181113,0
181116,0
181119,0
181123,0
181124,0
181126,0
181130,0
181131,0
181133,0
181139,0
181147,0
181153,0
181154,0
181157,0
181161,0
181164,0
181169,0
181170,0
181171,0
181174,0
181175,0
181177,0
181179,0
181186,0
181187,0
181191,0
181193,0
181195,0
181196,0
181199,1
181201,0
181202,0
181203,0
181204,0
181206,0
181207,0
181210,0
181213,0
181217,0
181221,0
181229,0
181236,0
181239,0
181244,0
181247,0
181249,0
181254,0
181256,0
181257,0
181262,0
181266,0
181279,0
181285,0
181287,0
181290,0
181294,0
181297,0
181298,0
181299,0
181302,0
181305,0
181308,0
181312,0
181319,0
181320,0
181324,0
181335,0
181341,0
181345,0
181346,0
181354,0
181359,0
181362,1
181364,0
181365,0
181372,0
181379,0
181380,0
181381,0
181386,0
181391,0
181399,0
181401,0
181405,0
181409,0
181415,0
181416,0
181417,0
181418,0
181419,0
181420,0
181423,0
181433,0
181438,0
181439,0
181440,0
181442,0
181449,0
181450,0
181451,0
181452,0
181455,0
181457,0
181461,0
181463,0
181464,0
181465,0
181466,0
181471,0
181472,0
181474,0
181475,0
181477,0
181478,0
181479,0
181480,0
181484,0
181493,0
181495,0
181509,0
181510,0
181511,0
181512,0
181513,0
181524,0
181525,0
181531,0
181532,0
181533,0
181538,0
181540,0
181543,0
181546,0
181547,0
181553,0
181559,0
181566,0
181567,0
181568,0
181569,0
181570,0
181571,0
181576,0
181581,0
181583,0
181588,0
181589,0
181590,0
181592,0
181600,0
181606,0
181608,0
181609,0
181614,0
181616,0
181617,0
181618,0
181620,0
181622,0
181625,0
181630,0
181631,0
181632,0
181635,0
181636,0
181637,0
181638,0
181639,0
181640,0
181641,0
181642,0
181643,0
181651,0
181652,0
181655,0
181660,0
181663,1
181664,0
181667,0
181669,0
181670,0
181676,0
181677,0
181681,0
181685,0
181688,0
181689,0
181691,0
181693,0
181698,0
181699,0
181703,1
181705,0
181707,0
181709,0
181712,0
181716,0
181717,0
181719,0
181721,0
181722,0
181723,0
181725,0
181726,0
181733,0
181734,0
181739,0
181742,0
181745,0
181747,0
181749,0
181750,0
181758,0
181759,0
181760,0
181761,0
181764,0
181766,0
181769,1
181773,0
181775,0
181779,0
181783,0
181792,0
181806,0
181807,0
181811,0
181813,0
181819,0
181820,0
181827,0
181828,0
181833,0
181841,0
181842,0
181845,0
181846,0
181848,0
181855,0
181858,0
181860,0
181868,0
181869,0
181875,0
181876,0
181878,0
181879,0
181880,0
181884,0
181885,0
181887,1
181890,0
181891,0
181892,0
181893,0
181906,0
181908,0
181909,0
181910,0
181911,0
181916,0
181922,0
181925,0
181933,0
181939,0
181941,0
181950,0
181951,0
181954,0
181965,0
181966,0
181968,1
181976,0
181977,0
181979,0
181982,0
181984,0
181985,0
181990,0
181992,0
181995,0
181996,0
181999,0
182000,0
182002,0
182003,0
182006,0
182013,0
182014,0
182021,0
182024,0
182025,0
182027,0
182030,0
182033,1
182039,0
182041,0
182043,0
182045,0
182048,0
182051,0
182054,0
182055,0
182058,0
182059,0
182074,0
182075,0
182079,0
182083,0
182092,0
182095,0
182096,0
182097,0
182106,0
182111,0
182115,0
182118,0
182120,0
182124,0
182127,0
182130,0
182131,0
182132,0
182136,0
182138,0
182141,0
182142,1
182146,0
182148,0
182149,1
182150,0
182151,1
182152,0
182157,0
182160,0
182173,0
182175,0
182179,1
182181,0
182182,0
182186,0
182188,0
182190,0
182191,0
182194,0
182195,0
182196,0
182197,0
182198,0
182199,0
182201,0
182205,0
182206,0
182208,1
182209,0
182211,0
182214,0
182219,0
182220,0
182222,1
182224,0
182225,0
182226,0
182227,0
182228,1
182229,0
182230,0
182233,0
182235,0
182239,0
182240,0
182241,0
182244,0
182246,0
182247,0
182253,0
182257,0
182258,0
182260,0
182262,0
182265,0
182268,1
182269,0
182270,1
182271,0
182274,0
182280,0
182282,0
182286,0
182290,0
182291,0
182293,1
182295,0
182299,0
182300,0
182302,0
182312,0
182314,0
182318,1
182324,0
182328,0
182329,0
182332,0
182334,0
182339,0
182343,0
182345,1
182346,0
182347,0
182348,1
182351,0
182352,0
182354,0
182359,0
182365,0
182367,0
182372,1
182374,0
182375,0
182376,0
182386,0
182387,0
182389,1
182390,0
182391,0
182392,0
182394,0
182395,0
182398,0
182399,0
182403,0
182405,0
182406,0
182407,0
182417,0
182418,0
182421,0
182426,0
182429,0
182432,0
182433,0
182435,0
182437,0
182439,0
182447,0
182458,0
182461,0
182470,0
182471,0
182474,0
182476,0
182480,0
182483,0
182485,0
182486,0
182487,0
182488,0
182490,0
182492,0
182494,0
182495,0
182496,0
182498,0
182502,0
182515,0
182518,0
182521,0
182525,0
182527,0
182530,0
182532,0
182533,1
182535,0
182537,0
182539,0
182540,0
182541,0
182544,0
182549,0
182564,0
182566,0
182568,0
182571,0
182572,0
182576,0
182578,0
182579,0
182581,0
182582,0
182584,0
182585,1
182590,0
182598,0
182603,0
182610,0
182611,0
182614,0
182615,0
182625,0
182626,0
182627,0
182629,0
182631,0
182632,1
182633,1
182636,0
182638,1
182643,0
182644,0
182646,0
182650,0
182652,0
182654,0
182655,0
182656,0
182670,0
182671,1
182673,0
182675,0
182677,0
182682,0
182683,0
182685,0
182687,0
182692,0
182693,0
182695,0
182698,0
182705,0
182707,0
182708,0
182709,0
182711,0
182714,0
182723,0
182727,0
182733,0
182741,0
182744,0
182749,0
182750,0
182751,0
182752,0
182755,0
182756,1
182767,0
182771,0
182784,0
182785,0
182792,0
182793,0
182794,0
182795,0
182799,0
182800,0
182801,1
182804,0
182805,0
182811,0
182817,0
182818,0
182822,0
182826,0
182827,0
182828,1
182838,0
182839,0
182840,0
182843,0
182845,0
182853,0
182856,0
182857,0
182858,0
182859,0
182860,0
182861,0
182862,0
182868,0
182869,0
182871,0
182874,0
182878,0
182880,0
182881,0
182882,0
182884,0
182888,0
182892,0
182896,0
182897,0
182906,0
182908,0
182909,0
182911,0
182913,0
182914,0
182918,1
182919,1
182920,0
182924,0
182925,0
182927,0
182928,0
182930,0
182933,0
182935,0
182937,0
182938,0
182939,0
182940,0
182941,0
182942,0
182943,0
182947,0
182948,0
182949,0
182955,0
182958,0
182960,0
182964,0
182965,0
182968,0
182969,1
182971,0
182972,0
182998,0
183001,0
183003,1
183013,0
183014,0
183016,0
183018,0
183021,0
183022,0
183023,0
183027,0
183028,0
183032,0
183033,1
183035,0
183036,0
183038,0
183041,0
183043,0
183044,0
183049,0
183053,0
183054,0
183057,0
183059,0
183069,0
183078,0
183082,0
183084,0
183089,0
183090,0
183094,0
183096,0
183097,0
183102,0
183103,0
183104,0
183105,0
183107,1
183111,0
183115,0
183118,0
183121,0
183124,0
183139,0
183142,0
183144,0
183147,0
183155,0
183157,0
183159,0
183162,0
183163,0
183165,0
183170,0
183171,0
183174,0
183175,0
183182,0
183186,0
183188,0
183193,0
183194,0
183196,0
183199,0
183200,0
183208,0
183209,0
183210,0
183211,0
183212,0
183214,0
183218,0
183219,0
183227,0
183229,0
183231,0
183232,0
183234,0
183239,0
183242,0
183243,0
183245,0
183246,0
183248,0
183250,0
183257,0
183259,0
183262,0
183263,0
183267,0
183268,0
183272,0
183274,0
183275,0
183278,0
183280,0
183281,1
183283,0
183284,0
183285,0
183287,0
183289,0
183292,0
183293,0
183294,0
183296,0
183303,0
183304,0
183306,0
183308,0
183309,0
183310,0
183312,0
183314,0
183316,0
183317,0
183320,0
183321,0
183322,0
183327,0
183328,0
183333,0
183334,1
183335,0
183336,0
183337,0
183338,0
183340,0
183341,0
183342,0
183343,0
183349,0
183350,0
183353,0
183354,0
183355,0
183359,0
183360,0
183365,0
183370,0
183373,0
183374,0
183376,0
183378,0
183382,0
183387,0
183389,0
183392,0
183393,0
183395,0
183403,0
183404,0
183406,0
183417,0
183418,0
183422,0
183426,0
183428,0
183433,0
183434,0
183436,0
183438,0
183441,0
183443,1
183445,0
183450,0
183451,0
183453,0
183456,0
183457,0
183458,0
183461,0
183464,0
183465,0
183473,0
183480,0
183481,0
183482,0
183483,0
183488,0
183489,0
183494,0
183497,0
183498,0
183499,0
183501,0
183503,0
183504,0
183505,0
183509,0
183512,0
183514,0
183516,0
183518,0
183519,0
183520,1
183521,1
183522,0
183523,0
183524,0
183525,0
183528,0
183531,1
183532,0
183533,0
183534,0
183539,0
183543,0
183545,0
183552,0
183554,0
183558,0
183561,0
183564,0
183567,0
183569,0
183576,0
183580,0
183588,0
183589,0
183592,0
183597,0
183599,0
183601,0
183605,1
183607,0
183613,0
183618,0
183619,0
183621,0
183622,0
183628,0
183630,0
183633,0
183634,0
183635,0
183637,0
183641,0
183642,0
183645,0
183648,0
183658,0
183659,0
183663,0
183666,0
183670,0
183672,0
183673,0
183675,0
183676,0
183681,0
183684,0
183687,0
183689,0
183691,0
183693,0
183695,0
183702,0
183703,0
183705,0
183706,0
183707,0
183709,0
183710,0
183712,1
183724,0
183725,0
183727,0
183729,0
183730,0
183740,0
183741,0
183744,0
183745,0
183749,0
183750,0
183751,0
183752,0
183757,1
183758,0
183760,0
183761,0
183762,0
183768,0
183773,0
183775,0
183776,0
183779,0
183780,0
183781,0
183783,0
183785,1
183787,0
183788,1
183793,0
183794,0
183795,0
183800,0
183805,0
183807,0
183809,0
183814,0
183827,0
183828,0
183831,0
183832,0
183835,0
183839,0
183848,0
183851,0
183855,0
183859,0
183861,0
183862,0
183863,0
183866,0
183868,0
183870,0
183879,0
183882,0
183884,0
183887,0
183891,0
183893,0
183894,0
183896,0
183897,0
183898,0
183900,0
183902,0
183905,0
183910,0
183914,0
183922,0
183928,0
183930,0
183934,0
183939,0
183946,0
183949,0
183950,0
183952,0
183954,0
183956,0
183963,0
183965,0
183968,1
183969,0
183975,0
183978,0
183979,0
183984,0
183986,0
183993,0
183994,0
184000,0
184001,0
184006,0
184010,0
184013,0
184014,0
184015,0
184017,0
184020,0
184021,0
184027,0
184029,0
184030,0
184032,0
184033,0
184036,0
184037,0
184038,0
184044,0
184048,0
184052,0
184058,0
184060,0
184063,0
184065,0
184067,0
184068,0
184073,0
184079,0
184088,0
184091,0
184092,1
184093,0
184096,0
184108,0
184111,0
184121,0
184122,0
184123,0
184125,0
184127,1
184128,0
184129,0
184131,0
184136,0
184137,0
184138,0
184139,1
184142,0
184146,0
184150,0
184153,0
184154,0
184162,0
184165,0
184167,0
184168,0
184170,1
184172,0
184181,0
184182,0
184187,0
184189,0
184191,0
184195,0
184196,0
184202,0
184204,0
184205,0
184206,0
184208,0
184209,0
184212,0
184215,0
184217,0
184218,0
184225,0
184226,0
184229,0
184232,0
184238,0
184240,0
184241,0
184242,0
184243,0
184245,1
184246,0
184247,0
184248,0
184250,1
184256,0
184257,0
184259,0
184260,0
184261,0
184263,0
184266,0
184267,0
184269,0
184272,0
184275,0
184276,0
184277,0
184278,0
184282,0
184283,0
184284,0
184288,0
184294,0
184307,0
184308,0
184310,0
184311,0
184317,0
184319,0
184321,0
184322,0
184323,0
184328,0
184329,0
184333,0
184335,0
184337,0
184339,0
184344,0
184345,0
184348,0
184353,0
184357,0
184358,0
184359,0
184360,1
184362,0
184363,0
184368,0
184369,0
184373,0
184381,0
184382,0
184384,0
184385,0
184387,0
184396,0
184399,0
184401,0
184404,0
184405,0
184408,0
184412,0
184418,0
184424,0
184425,0
184428,0
184431,0
184432,0
184439,0
184440,0
184445,0
184446,0
184448,0
184450,0
184452,0
184453,0
184457,0
184458,0
184463,0
184472,0
184474,0
184477,0
184480,0
184481,0
184482,0
184484,0
184491,0
184492,0
184494,1
184498,0
184501,0
184507,0
184510,0
184512,0
184513,0
184520,0
184521,0
184522,0
184524,0
184525,0
184527,0
184540,0
184543,0
184545,0
184554,0
184557,0
184559,0
184562,0
184567,0
184573,0
184574,1
184578,0
184581,0
184585,0
184587,0
184588,0
184590,0
184592,0
184595,0
184598,0
184601,0
184605,0
184610,0
184625,0
184629,0
184632,0
184636,1
184637,0
184638,0
184641,0
184647,0
184652,0
184655,0
184657,0
184658,0
184661,0
184665,0
184666,1
184670,0
184674,0
184678,0
184679,0
184681,0
184684,0
184687,0
184690,0
184703,0
184706,0
184707,0
184713,0
184714,0
184719,0
184721,1
184723,0
184725,0
184726,0
184731,0
184737,0
184741,0
184742,0
184744,0
184747,0
184751,0
184757,0
184761,0
184764,0
184778,0
184779,0
184782,0
184789,0
184790,0
184793,0
184795,0
184798,0
184800,0
184804,0
184812,0
184814,0
184815,0
184823,0
184824,0
184825,0
184826,0
184829,0
184832,0
184833,0
184835,0
184836,0
184838,0
184840,0
184841,0
184844,0
184845,0
184846,0
184847,0
184857,0
184858,0
184862,0
184873,0
184875,1
184876,0
184878,0
184883,0
184886,0
184895,0
184896,0
184897,0
184901,0
184902,0
184904,0
184906,0
184907,0
184910,0
184911,0
184912,0
184916,0
184917,0
184919,0
184921,1
184922,0
184926,0
184929,0
184933,0
184938,0
184939,0
184942,0
184945,0
184957,0
184961,0
184962,0
184976,0
184977,0
184985,0
184986,0
184989,0
184992,0
184995,0
185000,0
185001,0
185002,0
185005,0
185006,0
185007,0
185008,0
185009,0
185011,0
185019,0
185021,0
185023,1
185024,0
185026,0
185033,0
185041,0
185044,0
185045,0
185047,0
185048,0
185052,0
185054,0
185057,0
185059,0
185061,0
185066,0
185068,1
185072,0
185074,0
185076,0
185079,0
185083,0
185088,0
185099,0
185100,0
185101,0
185105,0
185109,0
185113,0
185120,0
185130,0
185131,0
185134,0
185139,0
185142,0
185148,0
185152,0
185156,0
185160,0
185165,0
185166,0
185167,0
185168,0
185171,0
185172,0
185173,0
185175,0
185176,0
185177,0
185178,0
185179,1
185181,1
185182,0
185185,0
185186,0
185192,0
185196,0
185202,0
185205,0
185207,0
185209,0
185210,1
185212,0
185214,0
185215,0
185218,0
185226,0
185227,0
185229,0
185230,0
185231,1
185232,0
185233,0
185236,0
185237,0
185240,0
185241,0
185243,0
185245,0
185249,0
185254,0
185257,0
185262,0
185271,0
185273,0
185282,0
185291,0
185300,0
185303,0
185304,0
185305,1
185306,0
185307,0
185311,0
185312,0
185318,0
185321,0
185322,0
185324,0
185327,0
185328,0
185330,0
185334,0
185340,0
185342,0
185344,0
185346,0
185348,0
185352,0
185359,0
185364,0
185366,0
185368,0
185370,1
185371,0
185374,0
185378,1
185379,0
185380,0
185383,1
185387,0
185392,0
185394,0
185395,0
185397,0
185399,0
185403,0
185405,0
185408,0
185410,0
185414,0
185419,1
185421,0
185423,0
185430,0
185432,0
185433,0
185436,0
185439,0
185440,0
185441,0
185442,0
185445,0
185446,0
185449,0
185450,0
185451,0
185462,0
185464,0
185469,0
185473,0
185475,0
185476,0
185480,0
185481,1
185486,0
185490,0
185491,0
185492,0
185497,0
185504,0
185506,0
185512,0
185516,0
185517,0
185518,0
185521,0
185524,0
185525,0
185526,0
185527,0
185528,0
185529,0
185539,0
185541,0
185545,0
185547,0
185548,0
185551,0
185554,0
185555,0
185558,0
185561,0
185564,0
185566,0
185568,0
185570,0
185571,0
185587,0
185589,0
185592,0
185593,0
185597,0
185599,0
185600,0
185604,0
185606,0
185611,0
185615,0
185616,0
185620,0
185621,0
185635,0
185639,0
185642,0
185643,0
185649,0
185652,0
185655,1
185660,0
185669,0
185672,0
185673,0
185678,0
185680,0
185681,0
185682,0
185685,0
185686,0
185690,0
185692,0
185695,0
185697,0
185700,0
185703,0
185708,0
185709,0
185711,0
185713,0
185715,0
185716,0
185717,0
185718,0
185720,0
185725,0
185726,0
185729,0
185733,0
185734,0
185738,0
185742,1
185744,0
185748,0
185751,0
185753,1
185755,0
185756,0
185757,0
185763,0
185764,0
185765,0
185766,0
185768,0
185777,0
185779,0
185786,0
185789,0
185790,0
185793,0
185794,0
185796,0
185798,0
185803,0
185805,0
185806,0
185808,0
185809,0
185817,0
185818,1
185819,0
185824,0
185826,0
185827,0
185828,0
185829,0
185830,0
185835,1
185840,0
185844,0
185846,0
185850,0
185851,0
185854,0
185861,0
185863,0
185866,0
185878,0
185882,0
185887,0
185888,0
185889,0
185891,0
185893,1
185895,0
185897,0
185898,0
185901,0
185905,0
185911,0
185912,0
185913,0
185918,0
185924,0
185925,0
185927,0
185928,1
185932,0
185934,0
185938,0
185940,0
185942,0
185944,0
185948,0
185949,0
185952,0
185955,0
185956,0
185957,0
185958,0
185960,0
185961,0
185963,0
185967,0
185979,0
185980,0
185988,0
185989,0
185991,0
185993,0
185995,0
185996,0
185998,0
186000,0
186002,0
186004,0
186006,0
186008,0
186012,0
186017,1
186022,0
186023,0
186027,0
186028,0
186032,0
186035,0
186037,0
186039,0
186044,0
186047,0
186049,0
186053,0
186054,0
186058,0
186059,0
186068,0
186069,0
186072,0
186074,0
186076,0
186085,0
186087,0
186088,0
186090,0
186103,1
186104,0
186108,0
186109,0
186113,0
186114,0
186115,0
186119,0
186120,0
186125,0
186126,0
186130,0
186133,0
186134,0
186139,0
186140,0
186141,0
186142,0
186145,0
186146,0
186154,1
186161,0
186162,0
186165,0
186166,0
186169,0
186173,0
186174,0
186178,0
186180,0
186183,0
186186,0
186189,0
186190,0
186191,0
186197,1
186198,0
186199,1
186202,0
186203,0
186205,0
186208,0
186211,0
186213,0
186214,0
186216,0
186217,0
186219,0
186224,0
186227,0
186228,0
186239,0
186243,0
186244,0
186250,0
186254,0
186255,0
186258,0
186262,0
186263,0
186264,0
186265,0
186267,0
186268,0
186270,0
186272,0
186280,0
186285,0
186287,0
186288,0
186297,0
186300,0
186306,0
186307,0
186309,0
186311,0
186314,0
186315,0
186317,0
186321,0
186325,0
186326,0
186327,0
186328,0
186329,0
186331,0
186333,0
186338,0
186339,0
186340,0
186344,0
186346,0
186351,0
186352,0
186353,0
186358,0
186362,0
186363,1
186365,0
186369,0
186371,0
186382,0
186384,0
186385,0
186386,0
186388,0
186389,0
186392,0
186395,0
186396,0
186399,1
186403,0
186407,0
186408,0
186409,0
186412,0
186415,0
186416,0
186417,0
186418,0
186422,0
186423,0
186424,0
186426,0
186431,0
186434,0
186435,0
186443,1
186445,0
186448,0
186450,0
186451,0
186452,0
186453,1
186457,0
186458,0
186459,0
186468,0
186469,0
186470,0
186471,0
186472,0
186473,0
186474,0
186480,0
186484,0
186485,0
186487,0
186490,0
186491,0
186495,0
186499,0
186500,0
186502,0
186503,0
186504,0
186506,0
186510,0
186515,0
186517,0
186520,0
186522,1
186523,0
186526,0
186530,0
186531,0
186538,0
186539,0
186540,0
186542,0
186543,0
186546,0
186553,0
186559,0
186565,0
186569,0
186570,0
186571,0
186573,0
186574,0
186575,0
186582,0
186583,0
186584,0
186590,0
186598,0
186600,0
186602,0
186606,1
186607,0
186608,0
186611,0
186614,0
186615,0
186620,0
186622,0
186625,0
186626,0
186627,0
186628,0
186630,1
186631,0
186632,0
186633,0
186637,0
186645,0
186653,0
186657,0
186666,0
186668,0
186669,0
186673,0
186674,0
186675,0
186677,0
186679,0
186680,0
186682,1
186685,0
186691,0
186692,0
186694,0
186703,0
186705,1
186706,0
186707,0
186708,0
186711,0
186714,0
186726,0
186728,0
186730,0
186731,0
186732,0
186739,0
186744,0
186745,1
186747,0
186748,0
186750,0
186752,0
186753,0
186757,0
186758,0
186771,0
186772,0
186776,0
186782,0
186788,0
186791,0
186792,0
186793,0
186796,0
186798,0
186802,0
186803,0
186805,0
186806,0
186808,0
186809,0
186811,0
186812,0
186816,0
186819,0
186821,0
186825,0
186829,0
186832,0
186833,0
186842,0
186848,0
186852,0
186853,0
186863,0
186865,0
186869,0
186870,0
186878,0
186880,0
186881,0
186884,1
186887,0
186889,0
186891,0
186893,0
186894,0
186899,0
186903,0
186905,0
186906,0
186908,0
186913,0
186917,0
186928,0
186929,0
186933,0
186936,0
186937,0
186939,0
186941,0
186942,0
186947,0
186951,0
186955,0
186956,0
186960,0
186963,0
186970,0
186972,0
186973,0
186976,0
186977,0
186978,0
186981,0
186982,0
186983,0
186988,0
186991,0
186993,0
186995,0
186997,0
187000,0
187002,0
187005,0
187010,0
187015,0
187016,0
187018,0
187021,0
187025,0
187028,0
187029,0
187030,0
187032,0
187044,0
187045,0
187047,0
187051,0
187052,0
187054,0
187058,0
187062,1
187063,0
187067,0
187069,0
187071,0
187076,0
187078,0
187079,1
187082,0
187097,0
187100,0
187102,0
187103,0
187105,0
187106,0
187111,0
187113,1
187120,0
187121,0
187123,0
187124,1
187126,0
187127,0
187129,0
187130,0
187132,0
187135,0
187137,0
187140,0
187141,0
187143,0
187151,0
187153,0
187154,0
187155,0
187158,1
187159,0
187163,0
187166,1
187167,1
187170,0
187171,0
187173,0
187176,0
187177,0
187182,0
187185,0
187186,0
187187,0
187188,0
187195,0
187196,0
187197,0
187202,0
187208,0
187210,0
187211,0
187217,0
187219,0
187227,0
187228,0
187231,0
187232,0
187233,0
187235,0
187236,0
187240,0
187244,0
187245,0
187250,0
187251,0
187252,0
187253,0
187254,0
187256,0
187259,0
187263,0
187264,0
187268,0
187269,0
187271,0
187277,0
187282,0
187284,0
187289,0
187290,0
187294,0
187297,0
187298,0
187299,0
187302,0
187304,0
187305,0
187316,0
187318,0
187321,0
187325,0
187326,0
187327,0
187331,0
187332,0
187334,0
187337,0
187338,0
187339,0
187344,0
187352,1
187354,0
187355,0
187358,0
187360,0
187363,0
187367,0
187370,1
187375,1
187376,0
187378,0
187379,0
187382,0
187385,0
187389,0
187393,0
187399,0
187408,0
187411,0
187412,0
187414,0
187415,0
187417,0
187418,0
187422,0
187425,0
187430,0
187434,0
187441,0
187442,0
187443,0
187445,0
187447,0
187448,0
187451,0
187453,0
187458,0
187460,0
187462,0
187463,0
187466,0
187468,0
187471,0
187474,0
187476,1
187477,0
187479,0
187480,0
187482,0
187483,1
187484,0
187488,0
187493,0
187495,0
187497,0
187499,0
187500,0
187501,0
187503,0
187511,0
187515,0
187516,0
187519,0
187525,0
187526,0
187528,0
187533,0
187538,0
187540,0
187542,0
187546,0
187547,0
187548,0
187552,0
187554,0
187555,0
187556,0
187561,0
187562,0
187563,0
187570,0
187571,0
187573,0
187574,0
187581,0
187583,0
187584,0
187585,0
187586,0
187587,0
187591,0
187596,0
187600,0
187606,0
187608,0
187610,0
187613,0
187619,0
187629,0
187632,0
187633,0
187635,0
187636,0
187641,0
187642,0
187644,0
187648,0
187654,0
187656,1
187658,0
187664,0
187666,0
187668,0
187669,0
187673,0
187684,0
187688,0
187693,0
187696,0
187698,0
187699,0
187712,0
187715,0
187717,0
187719,0
187723,0
187724,0
187725,0
187728,0
187730,0
187732,0
187740,0
187741,0
187744,0
187748,0
187753,0
187754,0
187757,0
187761,0
187766,1
187768,0
187772,0
187773,0
187774,0
187780,0
187781,0
187784,0
187787,0
187789,0
187790,0
187791,0
187793,0
187797,0
187798,0
187803,0
187808,0
187811,0
187813,0
187815,0
187816,0
187817,1
187819,0
187821,0
187823,1
187824,0
187825,0
187828,0
187832,0
187835,0
187839,0
187841,0
187846,0
187847,0
187850,0
187852,0
187855,0
187856,0
187859,0
187860,0
187863,0
187866,0
187867,0
187878,0
187880,0
187881,0
187882,0
187886,0
187891,0
187892,0
187895,0
187896,1
187898,0
187903,0
187908,0
187910,0
187911,1
187913,0
187923,0
187925,0
187926,0
187928,0
187929,0
187935,0
187939,0
187941,0
187950,0
187951,0
187955,0
187963,0
187966,0
187967,0
187968,1
187977,0
187979,1
187982,0
187988,0
187990,0
187991,0
187994,0
187999,0
188000,0
188001,0
188003,0
188004,0
188006,0
188010,1
188012,0
188014,1
188020,0
188022,0
188023,0
188030,0
188035,0
188036,1
188038,0
188041,0
188042,0
188044,1
188048,0
188051,0
188053,0
188055,0
188062,0
188063,0
188074,0
188078,0
188079,0
188083,0
188084,0
188088,0
188089,0
188092,0
188093,0
188098,0
188100,0
188105,0
188106,0
188108,0
188114,0
188115,0
188117,0
188120,0
188123,0
188126,0
188129,0
188130,0
188131,0
188135,0
188136,0
188137,0
188139,0
188140,0
188145,0
188153,0
188156,0
188157,0
188160,0
188162,0
188164,0
188174,0
188175,0
188177,0
188181,0
188182,0
188185,1
188188,0
188191,0
188196,0
188201,0
188202,0
188206,0
188207,0
188213,1
188220,0
188222,0
188224,0
188225,0
188227,0
188235,0
188236,0
188243,0
188245,0
188249,0
188250,0
188253,0
188255,0
188260,0
188265,0
188266,0
188267,0
188268,0
188274,0
188280,0
188287,1
188291,0
188296,1
188297,0
188298,0
188299,0
188307,0
188308,0
188309,1
188310,0
188311,0
188312,0
188313,0
188316,0
188320,0
188322,0
188327,1
188328,0
188329,0
188331,0
188334,0
188336,0
188337,0
188341,0
188345,0
188352,0
188354,0
188359,0
188363,0
188368,0
188369,0
188373,0
188375,0
188379,0
188381,0
188383,0
188385,0
188386,0
188387,0
188389,0
188392,0
188396,0
188397,0
188412,0
188416,0
188417,0
188419,0
188427,0
188428,0
188429,0
188431,0
188434,0
188436,0
188437,0
188445,0
188454,0
188456,0
188459,0
188469,0
188470,0
188475,0
188477,0
188479,0
188480,0
188481,0
188482,0
188483,0
188491,0
188494,0
188495,0
188497,0
188498,0
188501,0
188502,0
188504,0
188506,0
188509,0
188511,0
188512,0
188513,0
188514,0
188517,0
188519,1
188521,0
188523,0
188526,0
188527,0
188528,0
188532,1
188533,0
188534,0
188541,0
188542,0
188546,0
188553,0
188557,0
188562,0
188565,0
188567,0
188579,0
188581,0
188582,0
188583,0
188586,0
188589,0
188590,0
188594,0
188600,0
188602,0
188603,0
188605,0
188610,0
188612,0
188624,0
188625,0
188634,0
188637,0
188638,0
188639,0
188641,0
188643,0
188646,0
188647,0
188654,0
188657,0
188661,0
188662,0
188664,0
188665,0
188667,0
188671,0
188673,0
188678,0
188682,0
188684,0
188692,0
188694,0
188695,0
188696,0
188703,0
188705,0
188716,0
188720,0
188722,0
188731,0
188733,0
188739,1
188741,0
188742,0
188744,0
188746,0
188750,0
188752,1
188759,0
188764,0
188768,0
188770,0
188772,0
188773,0
188774,0
188775,0
188776,0
188779,0
188780,0
188782,0
188783,0
188784,0
188786,0
188792,0
188793,0
188794,1
188795,0
188796,0
188802,0
188803,0
188808,0
188811,0
188813,0
188815,0
188820,0
188821,0
188822,0
188824,0
188827,0
188831,0
188833,0
188835,0
188837,0
188842,0
188843,0
188844,0
188851,0
188852,0
188853,0
188858,0
188860,0
188864,0
188867,0
188869,0
188870,0
188874,0
188875,0
188878,0
188881,0
188882,1
188887,0
188888,0
188892,0
188902,0
188904,0
188909,0
188910,0
188911,0
188913,0
188916,0
188917,0
188919,0
188923,0
188924,0
188927,0
188929,0
188931,0
188935,0
188940,0
188945,0
188946,0
188947,0
188951,1
188953,0
188956,0
188965,1
188966,0
188969,0
188973,0
188974,0
188975,0
188976,0
188980,0
188982,0
188988,0
188989,0
188990,0
188993,0
188995,0
188996,0
188997,0
188998,0
189000,0
189001,0
189013,0
189014,0
189015,0
189017,0
189025,0
189029,0
189034,0
189043,0
189045,0
189047,0
189063,0
189070,0
189072,0
189075,0
189078,0
189079,0
189082,0
189084,0
189086,0
189088,0
189092,0
189101,0
189104,0
189110,0
189112,0
189115,0
189118,0
189119,0
189120,0
189123,0
189124,0
189129,0
189130,0
189132,0
189135,0
189144,0
189145,0
189148,0
189149,0
189150,1
189154,0
189155,0
189156,1
189160,0
189161,0
189163,0
189165,0
189166,0
189171,1
189173,0
189176,0
189177,0
189178,0
189182,0
189188,0
189190,0
189193,0
189195,0
189199,0
189201,0
189202,0
189203,0
189207,0
189217,0
189220,1
189221,0
189226,0
189231,0
189233,0
189236,0
189240,0
189244,0
189248,0
189253,0
189257,0
189258,0
189259,0
189260,0
189262,0
189263,0
189265,0
189268,0
189270,0
189272,0
189275,0
189276,0
189278,0
189279,1
189281,0
189282,0
189285,0
189286,0
189290,0
189291,0
189294,0
189295,0
189296,0
189303,0
189305,0
189307,0
189308,0
189309,0
189313,0
189314,0
189316,0
189324,0
189329,0
189332,0
189336,0
189338,0
189340,0
189347,0
189354,0
189359,0
189366,0
189368,0
189370,0
189372,0
189378,0
189387,0
189389,1
189392,0
189397,0
189398,0
189411,0
189412,0
189415,0
189419,0
189422,0
189425,0
189432,0
189433,0
189434,1
189440,0
189451,0
189455,0
189457,0
189458,0
189461,0
189462,0
189464,0
189466,0
189469,0
189471,0
189473,0
189474,0
189476,0
189477,0
189478,0
189479,0
189484,0
189487,0
189492,0
189493,0
189494,0
189496,0
189498,0
189501,0
189503,0
189504,0
189512,1
189513,0
189514,0
189518,0
189519,0
189520,0
189521,0
189531,0
189533,0
189536,0
189542,0
189544,0
189546,0
189547,0
189549,0
189555,0
189556,0
189557,1
189561,0
189564,0
189578,0
189580,0
189581,0
189586,0
189588,0
189592,0
189593,0
189594,0
189599,0
189601,0
189607,0
189609,0
189610,0
189612,0
189613,0
189619,0
189620,0
189621,0
189623,0
189626,0
189627,0
189628,0
189634,0
189636,0
189639,0
189640,0
189642,0
189647,0
189648,1
189653,0
189656,0
189663,0
189666,0
189667,0
189669,0
189671,0
189675,0
189679,0
189680,0
189682,0
189689,0
189690,0
189693,0
189694,0
189696,0
189699,0
189700,0
189702,0
189704,0
189705,0
189706,0
189708,0
189709,0
189713,0
189714,0
189716,0
189718,0
189719,0
189729,0
189730,1
189731,0
189733,0
189737,0
189740,0
189741,0
189744,1
189747,0
189748,0
189750,0
189756,0
189758,0
189760,0
189763,0
189765,0
189766,0
189767,0
189768,0
189772,0
189774,0
189775,0
189776,0
189778,0
189779,0
189784,0
189786,0
189788,0
189792,0
189794,0
189795,0
189802,0
189807,0
189809,0
189811,0
189814,0
189816,0
189817,0
189820,0
189821,0
189822,0
189823,0
189825,0
189830,0
189834,0
189838,0
189841,0
189844,0
189848,0
189849,1
189851,0
189857,0
189859,0
189860,1
189861,0
189867,0
189869,0
189874,0
189875,0
189878,0
189881,0
189885,1
189887,0
189889,0
189893,0
189898,0
189907,0
189908,0
189910,0
189912,0
189913,1
189914,0
189915,0
189919,0
189922,1
189924,0
189928,0
189929,0
189931,0
189937,0
189938,0
189941,0
189948,0
189949,0
189951,0
189952,0
189954,0
189955,0
189957,0
189960,0
189961,0
189962,0
189963,1
189966,0
189974,0
189979,0
189980,0
189985,0
189987,0
189990,0
189991,0
189992,0
189999,0
190007,0
190008,0
190012,0
190014,0
190017,0
190023,0
190024,0
190033,0
190037,0
190041,0
190044,0
190045,0
190050,1
190053,0
190056,0
190064,0
190066,0
190069,0
190071,0
190073,0
190078,0
190080,0
190081,0
190083,0
190084,0
190085,0
190089,0
190091,0
190094,0
190098,0
190099,1
190101,0
190108,1
190116,0
190118,0
190119,0
190120,1
190125,0
190129,0
190130,0
190135,0
190136,0
190137,0
190138,0
190139,0
190141,0
190143,0
190148,0
190152,0
190160,0
190161,0
190164,0
190165,0
190169,0
190171,0
190172,0
190174,0
190175,0
190178,0
190181,0
190182,0
190185,0
190190,0
190192,0
190194,0
190195,0
190198,0
190202,0
190206,0
190208,1
190215,0
190216,0
190219,0
190220,0
190224,0
190241,0
190242,0
190245,0
190250,0
190254,1
190255,0
190257,0
190258,0
190261,0
190264,0
190270,0
190273,0
190275,0
190280,0
190284,0
190287,0
190290,0
190292,0
190294,0
190296,0
190300,0
190301,0
190302,0
190303,0
190305,0
190307,0
190313,0
190314,1
190318,0
190322,0
190328,0
190329,0
190330,0
190337,0
190339,0
190341,0
190343,0
190344,0
190345,0
190348,0
190349,0
190351,0
190353,0
190361,0
190368,0
190374,0
190377,0
190381,0
190382,0
190384,0
190390,0
190391,0
190393,0
190397,0
190404,0
190406,0
190409,0
190411,0
190412,0
190414,0
190415,0
190425,0
190433,0
190435,0
190438,0
190439,0
190444,0
190452,0
190453,0
190454,0
190456,0
190458,0
190460,0
190463,0
190464,0
190467,0
190474,0
190484,0
190487,0
190489,0
190494,0
190495,0
190496,0
190505,0
190508,0
190511,0
190512,0
190517,0
190518,0
190522,0
190524,0
190528,0
190530,0
190531,0
190533,0
190543,0
190548,0
190549,0
190564,0
190571,0
190572,0
190574,0
190585,0
190586,0
190592,0
190593,0
190596,0
190597,0
190598,0
190600,0
190601,0
190602,0
190605,0
190606,0
190610,0
190612,0
190615,0
190620,0
190625,0
190629,0
190631,0
190633,0
190634,0
190640,0
190645,0
190650,0
190654,0
190657,0
190659,1
190666,0
190668,0
190669,0
190676,0
190677,0
190678,0
190679,0
190685,0
190688,0
190690,1
190691,0
190694,0
190700,0
190703,0
190706,0
190707,1
190708,0
190712,0
190716,0
190718,0
190719,0
190720,0
190723,0
190724,0
190728,0
190732,0
190734,0
190737,0
190743,0
190746,0
190748,0
190749,0
190751,0
190753,0
190758,0
190763,0
190764,0
190770,0
190771,0
190773,0
190774,0
190775,0
190778,0
190780,0
190782,0
190783,0
190787,0
190791,0
190792,0
190798,0
190803,0
190804,0
190808,0
190812,0
190817,0
190818,0
190821,0
190826,0
190827,0
190830,0
190835,0
190840,0
190842,0
190846,0
190849,0
190851,0
190855,0
190856,0
190861,0
190862,0
190863,0
190864,1
190867,0
190869,0
190871,0
190873,0
190874,0
190881,0
190882,0
190883,0
190890,0
190892,0
190893,0
190895,0
190902,0
190903,0
190904,0
190905,1
190907,0
190910,0
190911,0
190912,0
190913,1
190916,0
190927,0
190929,0
190931,0
190934,0
190944,0
190947,0
190951,0
190952,0
190956,0
190957,0
190958,1
190960,0
190963,0
190964,0
190965,0
190967,0
190970,0
190971,0
190973,1
190975,0
190979,0
190980,0
190981,0
190983,0
190985,0
190986,0
190988,0
190989,0
190991,0
190994,1
190995,0
190997,0
190998,0
191002,1
191005,0
191007,0
191008,0
191009,0
191012,0
191014,0
191016,0
191023,0
191026,0
191030,1
191031,0
191032,0
191033,0
191034,0
191036,0
191039,0
191042,0
191044,0
191045,0
191057,0
191061,0
191065,0
191068,0
191069,0
191070,0
191072,0
191078,0
191079,0
191083,0
191084,0
191086,0
191091,0
191097,0
191098,0
191105,0
191113,0
191115,0
191118,0
191126,0
191127,0
191130,0
191136,0
191141,0
191144,1
191152,0
191161,0
191162,0
191167,0
191168,1
191169,0
191170,0
191173,0
191174,0
191175,0
191176,0
191178,0
191186,0
191189,1
191193,0
191196,0
191204,0
191206,0
191207,0
191213,0
191217,0
191218,0
191219,0
191220,0
191223,0
191224,0
191226,0
191228,0
191233,0
191234,0
191236,0
191245,0
191251,0
191252,0
191255,0
191256,0
191260,0
191263,0
191265,0
191266,0
191268,0
191270,0
191271,0
191273,0
191274,0
191275,0
191280,0
191282,1
191287,1
191291,0
191293,0
191295,0
191299,0
191300,0
191303,1
191304,0
191306,0
191315,0
191317,0
191318,0
191319,0
191320,0
191321,0
191327,0
191331,0
191332,0
191335,0
191336,0
191338,0
191340,0
191345,0
191346,0
191348,0
191350,0
191354,0
191355,1
191356,0
191357,0
191360,0
191365,0
191366,0
191368,0
191371,0
191372,0
191373,0
191374,0
191376,0
191377,0
191382,0
191386,0
191390,0
191401,0
191403,0
191404,0
191415,0
191420,0
191421,0
191425,0
191427,0
191431,0
191432,0
191433,0
191435,0
191437,0
191438,0
191440,0
191446,0
191450,0
191453,0
191459,0
191469,0
191470,0
191474,0
191475,1
191477,0
191478,0
191481,0
191486,0
191489,0
191493,0
191495,0
191496,0
191500,0
191501,0
191507,0
191511,0
191512,0
191519,0
191523,0
191527,0
191529,0
191530,1
191531,0
191532,0
191533,0
191536,0
191537,0
191542,0
191546,0
191554,0
191557,0
191559,0
191560,0
191561,0
191562,0
191565,0
191566,0
191567,0
191569,0
191574,0
191576,0
191577,0
191581,0
191582,0
191583,0
191584,0
191586,0
191587,0
191592,0
191595,0
191597,1
191598,0
191600,0
191609,0
191611,0
191617,0
191621,0
191622,0
191624,0
191625,0
191627,0
191630,0
191632,0
191638,0
191640,0
191644,0
191645,0
191647,0
191651,0
191653,0
191654,0
191655,0
191660,0
191671,0
191672,0
191673,0
191683,0
191684,0
191686,0
191688,1
191690,0
191691,0
191699,1
191701,0
191702,0
191703,0
191704,0
191706,0
191711,0
191713,1
191716,0
191717,1
191721,1
191722,0
191724,0
191726,0
191727,0
191730,0
191732,0
191734,0
191739,0
191743,0
191751,0
191753,0
191754,0
191758,0
191759,0
191760,0
191764,0
191769,0
191771,0
191773,0
191774,0
191776,0
191777,1
191780,0
191782,1
191785,0
191787,0
191793,0
191796,0
191797,1
191798,0
191800,0
191801,0
191804,0
191809,0
191816,0
191821,0
191822,0
191823,0
191825,0
191828,0
191832,0
191833,0
191836,0
191838,0
191843,0
191845,0
191847,0
191849,0
191851,0
191862,0
191863,0
191864,0
191866,1
191867,0
191870,0
191874,0
191877,0
191880,1
191881,0
191884,0
191885,0
191886,0
191891,0
191892,0
191893,0
191894,0
191902,0
191906,0
191907,0
191909,0
191912,0
191913,0
191915,0
191916,0
191919,0
191924,0
191932,0
191941,0
191946,0
191947,0
191954,0
191957,0
191962,0
191963,0
191965,0
191970,0
191983,0
191988,0
191991,0
191992,1
191995,0
191998,0
192006,0
192008,0
192010,0
192011,0
192012,0
192014,0
192015,0
192018,0
192024,0
192025,0
192026,0
192027,0
192028,0
192036,0
192037,1
192038,0
192041,0
192043,0
192050,0
192053,0
192057,0
192059,0
192064,0
192065,0
192066,0
192071,0
192072,0
192074,0
192076,0
192082,0
192087,1
192095,0
192098,0
192099,1
192100,0
192103,0
192104,0
192105,0
192106,0
192118,1
192119,0
192121,0
192130,0
192134,0
192138,0
192145,0
192147,0
192151,0
192158,0
192159,0
192161,0
192162,0
192164,0
192167,0
192170,0
192171,0
192172,0
192173,0
192175,0
192180,0
192181,0
192185,0
192186,0
192188,0
192192,0
192194,0
192195,0
192199,0
192204,0
192205,0
192206,0
192208,0
192212,0
192214,0
192228,0
192231,0
192237,0
192240,0
192243,1
192249,0
192257,0
192259,0
192264,0
192266,0
192269,0
192275,0
192276,0
192277,0
192279,0
192283,1
192284,0
192289,0
192290,0
192297,0
192298,0
192302,0
192303,0
192304,0
192308,0
192310,0
192311,0
192313,0
192314,0
192315,0
192316,0
192317,0
192322,0
192323,0
192324,0
192325,0
192326,0
192327,0
192328,0
192336,0
192338,0
192343,0
192346,0
192347,0
192348,0
192349,0
192352,0
192357,0
192359,0
192366,0
192368,0
192369,0
192371,0
192373,0
192374,0
192378,0
192383,1
192390,0
192394,0
192398,0
192399,0
192401,0
192406,0
192407,0
192411,0
192412,1
192413,0
192414,0
192415,0
192420,0
192423,0
192424,0
192429,0
192434,0
192435,0
192437,0
192441,0
192442,0
192448,0
192450,0
192452,0
192453,1
192456,0
192459,0
192460,0
192464,0
192465,0
192466,0
192467,0
192469,0
192472,0
192476,0
192481,0
192484,0
192486,0
192488,1
192489,0
192492,1
192493,0
192494,0
192495,0
192498,0
192500,1
192501,0
192502,0
192503,0
192504,0
192505,0
192510,0
192512,0
192520,0
192523,0
192526,0
192531,0
192533,0
192537,0
192539,0
192541,0
192543,0
192546,0
192548,0
192553,0
192555,0
192559,0
192561,0
192564,0
192565,0
192566,0
192570,0
192573,0
192576,0
192577,0
192578,0
192580,0
192583,0
192584,0
192589,0
192590,0
192594,0
192595,0
192602,0
192607,0
192612,0
192613,0
192617,0
192621,0
192626,0
192627,0
192629,0
192636,0
192638,0
192640,0
192642,0
192643,0
192647,0
192653,0
192656,0
192658,1
192661,0
192662,0
192663,0
192664,1
192665,0
192669,0
192673,0
192674,0
192675,0
192678,0
192680,0
192681,0
192684,0
192687,0
192691,0
192692,0
192694,0
192698,0
192699,0
192700,0
192701,0
192705,0
192706,0
192712,0
192713,0
192715,0
192720,0
192722,1
192724,0
192727,0
192730,1
192731,0
192737,0
192738,0
192740,0
192742,0
192746,0
192748,0
192755,0
192763,0
192766,0
192769,0
192771,0
192776,0
192778,0
192779,0
192784,1
192786,0
192793,0
192794,0
192796,0
192798,0
192799,0
192800,0
192802,0
192804,0
192805,0
192806,0
192807,0
192809,0
192811,0
192818,0
192819,0
192820,0
192821,0
192822,0
192824,0
192827,0
192829,0
192831,0
192833,0
192836,0
192837,0
192839,0
192843,0
192852,0
192853,0
192858,0
192862,0
192863,0
192865,0
192867,0
192868,0
192870,0
192873,0
192874,0
192879,0
192881,0
192883,1
192885,0
192890,1
192893,0
192895,0
192896,0
192906,0
192912,0
192913,0
192917,0
192921,0
192922,0
192923,0
192924,0
192926,0
192928,0
192931,0
192932,0
192934,0
192935,0
192936,0
192937,1
192939,0
192940,1
192941,0
192942,0
192948,0
192950,0
192953,0
192956,0
192957,0
192958,0
192960,0
192962,0
192966,0
192967,0
192970,0
192975,0
192976,0
192977,0
192979,0
192983,0
192994,0
192996,0
192997,0
192998,0
192999,0
193000,0
193001,0
193003,0
193005,0
193007,0
193009,0
193011,0
193012,0
193015,0
193017,0
193018,0
193024,0
193029,0
193032,0
193040,0
193042,0
193045,0
193047,0
193048,0
193049,0
193054,0
193055,0
193057,0
193066,0
193068,0
193071,0
193072,0
193074,0
193077,0
193079,0
193082,0
193084,0
193087,0
193089,0
193094,0
193096,1
193101,0
193103,0
193104,0
193109,0
193112,0
193116,0
193119,0
193122,0
193123,0
193125,0
193127,0
193129,0
193134,0
193146,0
193149,0
193150,0
193153,0
193155,0
193161,0
193169,0
193170,0
193172,0
193173,0
193175,0
193177,0
193185,0
193186,0
193187,0
193188,0
193190,0
193193,0
193196,0
193203,0
193204,0
193207,0
193212,0
193213,0
193218,0
193219,0
193220,0
193224,0
193228,0
193231,0
193232,0
193235,0
193236,1
193240,0
193245,0
193249,0
193250,1
193254,0
193255,0
193258,0
193264,0
193267,0
193269,0
193270,0
193272,0
193276,0
193279,0
193280,0
193281,0
193283,0
193288,0
193290,0
193293,0
193297,0
193300,0
193301,0
193307,0
193308,0
193310,1
193312,0
193313,0
193315,0
193316,0
193319,0
193320,0
193323,0
193324,0
193328,0
193331,0
193334,0
193335,0
193336,1
193337,0
193338,0
193341,0
193343,0
193345,0
193347,0
193348,0
193351,1
193354,0
193356,0
193358,0
193359,0
193363,0
193367,0
193371,0
193376,0
193379,0
193380,0
193384,0
193386,0
193388,0
193391,0
193392,0
193395,0
193400,0
193401,0
193402,0
193404,0
193406,0
193411,0
193412,0
193413,0
193419,0
193422,0
193428,0
193429,0
193432,0
193434,0
193442,0
193445,1
193447,0
193448,0
193450,0
193453,0
193454,0
193459,0
193461,0
193465,0
193466,0
193467,0
193475,0
193480,0
193482,0
193486,0
193487,0
193489,0
193491,1
193494,0
193498,0
193500,0
193508,1
193509,0
193511,0
193512,0
193516,0
193522,0
193523,0
193528,0
193535,0
193536,0
193538,0
193541,0
193542,0
193546,1
193548,0
193551,0
193570,0
193585,0
193588,0
193590,0
193593,0
193594,1
193595,0
193597,0
193600,0
193602,0
193605,0
193606,0
193608,0
193609,0
193610,0
193611,0
193613,0
193614,0
193620,0
193621,0
193623,0
193628,0
193633,0
193637,0
193639,0
193640,0
193646,0
193650,0
193651,0
193656,0
193659,0
193660,0
193661,0
193664,0
193667,0
193672,1
193676,0
193681,0
193682,0
193684,0
193685,0
193688,0
193690,0
193692,0
193693,0
193700,0
193705,0
193706,0
193709,0
193710,1
193712,0
193714,1
193719,0
193721,0
193729,0
193733,0
193735,1
193738,0
193739,0
193743,0
193744,0
193745,1
193747,0
193751,0
193752,0
193754,0
193760,0
193764,0
193765,0
193769,0
193774,0
193775,0
193777,0
193781,0
193782,0
193785,0
193787,1
193789,0
193798,0
193799,0
193800,0
193807,0
193808,0
193809,0
193811,0
193814,1
193816,0
193820,0
193822,0
193828,0
193832,0
193833,0
193835,0
193842,0
193843,0
193850,0
193855,0
193860,0
193861,0
193863,0
193869,0
193870,0
193871,0
193873,0
193875,0
193877,0
193881,0
193882,0
193885,0
193887,0
193891,0
193896,0
193897,0
193898,0
193899,0
193900,0
193902,0
193910,0
193911,0
193913,0
193914,0
193915,0
193917,0
193918,0
193923,0
193926,0
193927,0
193932,0
193934,0
193939,0
193943,0
193948,0
193950,0
193951,0
193954,0
193955,0
193956,0
193960,0
193962,0
193968,0
193969,0
193971,0
193976,0
193978,0
193982,0
193985,0
193986,0
193987,0
193988,0
193990,1
193992,0
193999,0
194002,0
194014,0
194022,0
194024,0
194025,0
194028,0
194032,0
194034,0
194040,0
194041,0
194043,0
194047,0
194050,0
194051,0
194057,1
194061,0
194067,0
194070,0
194072,0
194077,0
194079,0
194080,0
194085,0
194086,1
194089,0
194091,0
194093,0
194094,0
194095,0
194097,0
194101,0
194106,0
194110,0
194119,0
194120,0
194126,0
194128,0
194129,0
194136,0
194138,0
194140,0
194141,0
194146,0
194147,0
194161,0
194163,0
194165,0
194166,0
194168,0
194171,0
194173,0
194175,0
194176,0
194178,0
194182,0
194186,0
194188,0
194189,0
194195,0
194197,0
194199,0
194202,0
194204,0
194206,0
194207,0
194208,0
194209,0
194210,0
194211,0
194213,0
194214,0
194215,0
194217,0
194220,0
194225,0
194226,0
194231,0
194233,0
194235,0
194238,0
194241,0
194242,0
194243,0
194245,0
194247,0
194249,0
194250,0
194256,0
194262,0
194268,0
194270,0
194272,0
194273,0
194275,0
194281,1
194285,1
194287,0
194291,0
194293,0
194297,0
194299,0
194301,0
194305,0
194306,1
194307,0
194318,0
194320,0
194326,0
194328,0
194330,0
194332,0
194334,0
194343,1
194346,0
194348,0
194354,0
194356,0
194357,0
194359,0
194364,0
194366,0
194370,0
194376,0
194378,0
194382,0
194386,0
194387,0
194390,0
194393,0
194395,0
194397,1
194405,0
194406,0
194409,0
194411,0
194412,1
194416,0
194420,0
194423,0
194427,0
194434,0
194437,0
194440,0
194442,0
194445,0
194446,0
194449,0
194452,1
194453,0
194454,0
194455,0
194456,0
194457,1
194461,0
194462,0
194465,0
194470,0
194473,0
194476,0
194477,0
194478,0
194483,0
194485,0
194489,0
194490,0
194493,0
194494,0
194501,0
194503,0
194504,0
194505,0
194508,0
194511,0
194512,0
194514,0
194516,0
194518,0
194522,0
194525,0
194527,0
194531,0
194533,0
194535,0
194536,0
194538,0
194539,0
194540,0
194546,0
194549,1
194550,0
194553,0
194557,0
194559,0
194566,0
194568,0
194571,0
194573,0
194574,0
194576,0
194583,0
194584,0
194595,0
194598,0
194604,0
194610,0
194611,0
194612,0
194616,0
194617,0
194619,0
194620,0
194621,0
194623,0
194628,0
194629,0
194631,0
194636,0
194637,0
194643,0
194644,0
194650,0
194651,0
194652,0
194656,0
194659,0
194661,0
194663,0
194666,0
194667,0
194668,1
194669,0
194670,0
194672,0
194676,0
194677,0
194678,0
194681,0
194682,0
194683,0
194691,0
194694,0
194697,0
194698,0
194701,0
194703,0
194706,0
194707,0
194711,0
194712,0
194715,0
194718,0
194721,0
194725,0
194728,0
194731,0
194733,0
194741,0
194743,1
194745,0
194748,0
194753,0
194754,0
194756,0
194757,0
194765,0
194767,0
194769,0
194775,0
194776,0
194778,0
194783,0
194788,0
194789,0
194793,0
194795,0
194797,0
194800,0
194801,0
194804,0
194811,0
194814,0
194815,0
194818,0
194819,0
194823,0
194825,0
194833,0
194834,0
194835,0
194836,0
194838,0
194839,0
194842,0
194849,0
194853,0
194854,0
194856,0
194858,0
194859,0
194863,0
194866,0
194868,0
194872,0
194873,0
194875,0
194876,0
194877,0
194886,0
194892,0
194894,0
194895,1
194898,0
194899,0
194905,0
194906,0
194907,0
194908,0
194910,0
194914,0
194916,0
194921,0
194922,0
194923,0
194924,0
194925,0
194933,0
194935,0
194941,0
194942,0
194943,0
194947,0
194953,0
194967,0
194968,0
194971,0
194972,0
194975,0
194979,0
194982,0
194988,0
194990,1
194993,0
194996,0
194998,0
194999,0
195004,0
195006,0
195008,0
195012,1
195014,0
195017,0
195020,0
195024,0
195025,0
195032,0
195036,0
195037,0
195039,0
195049,1
195055,0
195056,0
195062,0
195064,0
195066,0
195069,0
195071,0
195078,0
195079,1
195087,0
195088,1
195095,0
195101,0
195102,0
195105,0
195106,0
195109,0
195110,0
195111,0
195113,0
195114,0
195118,0
195119,0
195122,0
195123,0
195124,0
195126,1
195130,0
195138,0
195143,0
195145,0
195148,0
195149,0
195150,0
195152,0
195155,0
195159,0
195160,0
195162,0
195166,0
195168,0
195171,0
195172,0
195174,0
195175,0
195177,0
195178,0
195179,0
195180,0
195182,0
195186,1
195188,1
195191,0
195192,0
195196,0
195197,0
195198,0
195202,0
195203,0
195204,0
195206,0
195207,0
195208,0
195213,0
195214,0
195218,0
195219,0
195220,0
195223,0
195224,0
195225,0
195233,0
195236,0
195237,0
195240,0
195241,0
195243,0
195247,0
195248,0
195249,0
195250,0
195251,0
195254,1
195257,0
195258,0
195264,0
195265,0
195266,0
195268,1
195269,0
195270,0
195277,0
195280,0
195286,0
195288,0
195291,0
195292,0
195295,0
195297,0
195299,0
195302,0
195303,0
195304,1
195305,0
195307,0
195308,0
195310,0
195311,0
195313,0
195315,1
195316,0
195321,0
195325,1
195330,0
195332,0
195337,0
195338,0
195340,0
195342,0
195343,0
195348,0
195350,0
195351,0
195353,0
195355,0
195358,0
195359,0
195366,0
195368,0
195372,1
195373,0
195378,0
195379,0
195382,0
195388,1
195392,0
195393,0
195400,0
195402,0
195404,0
195407,0
195409,0
195413,0
195414,0
195418,1
195422,0
195424,1
195425,0
195427,0
195431,0
195432,0
195433,0
195434,0
195436,0
195437,0
195438,0
195440,0
195446,0
195454,0
195456,0
195458,0
195461,0
195462,0
195467,0
195468,0
195469,0
195471,0
195473,0
195480,0
195482,0
195483,0
195484,0
195492,0
195503,0
195507,0
195508,0
195510,0
195511,0
195513,0
195516,0
195517,0
195521,0
195523,0
195524,0
195525,0
195531,0
195532,0
195533,1
195535,0
195537,1
195543,0
195545,0
195546,0
195548,0
195549,0
195553,0
195558,0
195561,0
195562,0
195564,1
195567,1
195568,0
195569,1
195572,0
195573,0
195577,0
195582,1
195584,0
195585,0
195586,0
195587,0
195588,0
195589,0
195604,0
195612,1
195613,0
195616,0
195619,0
195620,1
195623,0
195627,0
195628,0
195629,0
195630,0
195634,0
195638,0
195641,0
195642,0
195645,0
195647,0
195649,0
195650,0
195656,0
195657,0
195661,0
195665,0
195666,0
195669,1
195672,0
195673,0
195674,0
195676,0
195677,0
195679,1
195680,0
195681,0
195682,0
195684,0
195685,0
195689,0
195691,0
195696,0
195697,0
195699,0
195702,0
195706,0
195710,0
195714,0
195716,0
195720,1
195724,0
195727,0
195728,0
195730,0
195732,1
195738,0
195739,0
195740,0
195741,0
195742,0
195746,0
195748,0
195751,0
195753,1
195756,0
195759,0
195763,0
195765,0
195770,0
195772,0
195778,0
195779,1
195780,0
195782,0
195783,0
195785,0
195789,1
195794,0
195795,0
195806,0
195808,0
195810,0
195812,0
195814,0
195818,0
195823,1
195825,0
195827,0
195828,0
195829,0
195830,0
195831,0
195835,0
195836,0
195837,0
195839,0
195840,0
195847,0
195848,0
195850,0
195851,0
195853,0
195855,0
195856,0
195857,0
195858,0
195859,0
195860,0
195861,0
195870,1
195871,0
195873,0
195875,0
195881,0
195890,0
195893,0
195898,0
195899,0
195900,0
195901,0
195902,0
195908,0
195915,1
195916,0
195920,0
195921,0
195923,0
195924,0
195925,0
195931,1
195935,0
195936,0
195937,0
195940,0
195942,0
195948,0
195949,0
195955,0
195958,0
195959,1
195961,0
195964,0
195965,0
195966,0
195967,0
195974,0
195975,0
195976,0
195977,0
195979,0
195980,0
195982,0
195984,0
195986,0
195988,0
195992,0
195993,0
195995,0
195999,0
196004,0
196015,0
196016,0
196018,0
196019,0
196022,0
196023,0
196026,0
196032,0
196033,0
196036,0
196037,1
196038,0
196039,0
196041,0
196046,0
196047,0
196048,0
196051,0
196053,0
196054,0
196065,0
196066,0
196067,0
196069,0
196071,0
196072,0
196073,1
196075,0
196077,0
196079,0
196082,0
196083,0
196089,0
196091,0
196092,0
196094,0
196097,0
196100,0
196101,0
196107,0
196108,0
196111,0
196112,0
196113,0
196114,0
196115,0
196118,0
196119,0
196122,0
196123,0
196124,0
196126,0
196128,0
196131,0
196132,0
196138,0
196142,0
196143,0
196152,0
196155,0
196156,0
196158,0
196159,0
196160,0
196161,0
196164,0
196166,0
196172,0
196173,0
196176,0
196177,0
196179,0
196181,0
196187,0
196188,0
196191,0
196192,0
196193,0
196194,0
196201,0
196213,0
196215,1
196222,0
196223,0
196230,0
196231,0
196234,0
196239,0
196242,0
196247,0
196248,0
196251,0
196253,0
196254,0
196261,0
196262,0
196265,0
196266,0
196267,0
196268,0
196269,0
196272,0
196273,1
196274,0
196289,1
196293,0
196294,0
196295,0
196301,0
196305,0
196308,0
196309,0
196313,0
196314,0
196316,0
196319,0
196321,0
196325,0
196340,0
196344,0
196345,0
196347,0
196348,0
196349,0
196355,0
196356,0
196357,0
196358,0
196362,0
196365,0
196372,0
196374,0
196377,0
196378,1
196379,0
196380,0
196381,0
196383,0
196384,0
196385,0
196389,0
196391,0
196394,0
196395,0
196398,0
196399,0
196403,0
196404,0
196405,0
196406,0
196407,0
196413,0
196416,0
196418,0
196420,0
196422,0
196425,0
196435,0
196437,0
196443,1
196445,0
196448,0
196449,0
196451,0
196452,0
196455,0
196459,1
196460,0
196462,0
196467,0
196468,0
196471,0
196473,0
196476,0
196477,0
196479,0
196480,0
196481,0
196485,0
196489,0
196490,0
196494,0
196495,0
196499,0
196501,0
196505,0
196507,0
196512,0
196525,0
196527,0
196528,0
196531,0
196532,0
196536,0
196539,0
196540,0
196542,0
196543,0
196547,0
196551,0
196554,0
196557,0
196558,0
196561,0
196564,0
196565,0
196569,0
196570,0
196571,0
196574,0
196581,0
196585,0
196586,0
196588,0
196591,0
196593,0
196596,0
196599,0
196603,0
196604,0
196607,0
196608,0
196609,0
196610,0
196613,0
196614,0
196628,0
196633,0
196636,1
196638,0
196649,0
196654,0
196658,0
196663,1
196666,0
196668,0
196671,0
196677,0
196680,0
196681,0
196684,0
196687,0
196690,0
196698,0
196703,0
196704,0
196705,0
196711,0
196715,0
196717,0
196718,0
196724,0
196728,0
196729,0
196732,0
196735,0
196737,0
196740,0
196742,0
196751,0
196755,0
196759,0
196763,0
196768,0
196769,0
196770,0
196771,0
196772,0
196775,0
196776,1
196777,0
196780,0
196781,0
196788,0
196791,0
196793,0
196794,0
196795,0
196799,0
196800,0
196803,0
196806,0
196810,0
196811,0
196813,0
196815,0
196816,0
196817,0
196818,0
196819,0
196822,0
196823,0
196824,0
196828,0
196831,0
196835,0
196838,0
196842,0
196844,0
196847,0
196854,0
196855,0
196856,0
196860,0
196871,0
196872,0
196873,0
196877,0
196878,0
196884,0
196889,0
196894,1
196896,0
196897,0
196898,0
196905,0
196907,1
196908,0
196909,0
196912,0
196914,0
196915,0
196918,0
196921,0
196922,0
196929,0
196930,0
196937,0
196940,0
196944,0
196947,0
196954,0
196955,0
196956,0
196959,0
196960,0
196961,0
196964,1
196965,0
196967,0
196968,0
196970,0
196972,0
196973,0
196975,0
196978,0
196981,0
196985,0
196986,0
196989,0
196991,0
196995,0
197006,0
197007,0
197008,0
197009,0
197013,0
197017,0
197023,0
197024,0
197025,1
197028,0
197030,0
197037,0
197038,0
197040,1
197041,0
197052,0
197054,0
197056,0
197063,0
197065,0
197069,0
197073,0
197075,0
197079,0
197081,0
197082,0
197088,0
197092,0
197096,0
197097,0
197100,0
197101,0
197109,0
197114,0
197115,1
197116,0
197120,0
197121,0
197124,0
197127,0
197133,0
197135,1
197136,0
197139,0
197141,0
197144,0
197146,0
197147,0
197149,0
197150,0
197151,0
197153,0
197156,0
197157,0
197158,0
197159,0
197161,0
197162,0
197163,0
197166,0
197168,0
197170,0
197174,0
197176,0
197178,0
197184,0
197185,0
197188,0
197189,0
197191,0
197192,0
197193,0
197195,0
197210,0
197213,0
197215,0
197216,0
197218,0
197220,0
197221,0
197223,0
197228,0
197229,0
197230,0
197232,0
197237,0
197244,0
197251,0
197252,0
197256,0
197258,0
197259,0
197260,0
197262,0
197267,0
197270,0
197272,0
197274,0
197278,0
197279,0
197280,0
197285,0
197293,0
197294,0
197301,0
197303,0
197304,0
197306,0
197307,0
197310,0
197311,0
197312,0
197313,0
197315,0
197317,0
197321,0
197324,1
197328,0
197329,0
197337,0
197338,0
197342,0
197343,0
197347,0
197348,0
197351,0
197356,0
197357,1
197358,0
197363,0
197364,0
197365,1
197369,0
197374,0
197379,0
197383,0
197384,0
197388,0
197390,0
197396,0
197397,0
197402,0
197403,0
197404,0
197406,0
197413,0
197414,0
197417,0
197421,0
197422,0
197424,0
197429,0
197432,0
197436,0
197437,0
197444,0
197446,0
197449,1
197450,0
197452,0
197453,0
197454,0
197455,0
197457,0
197458,0
197462,0
197466,0
197467,0
197472,0
197473,0
197476,0
197478,0
197480,1
197485,0
197487,0
197488,0
197492,0
197493,0
197494,0
197496,0
197499,1
197506,0
197507,0
197509,0
197511,0
197513,0
197514,0
197515,0
197518,0
197519,0
197520,0
197525,0
197526,0
197530,0
197539,0
197542,0
197546,0
197551,0
197557,0
197559,0
197561,0
197569,0
197570,0
197572,0
197574,0
197578,0
197579,0
197580,0
197582,1
197588,0
197590,0
197591,0
197592,0
197596,0
197597,0
197598,0
197599,0
197601,0
197603,0
197604,0
197610,0
197613,0
197614,0
197616,0
197618,0
197627,0
197630,0
197640,0
197648,0
197651,0
197653,0
197655,0
197656,0
197659,0
197660,0
197663,0
197666,0
197672,0
197673,0
197677,0
197682,0
197691,0
197692,0
197696,0
197697,0
197698,0
197701,0
197702,0
197704,0
197705,0
197706,0
197710,0
197717,0
197718,0
197719,0
197720,0
197722,0
197727,1
197729,0
197735,0
197739,0
197740,1
197742,0
197744,0
197747,0
197748,0
197750,0
197753,0
197759,0
197760,0
197767,0
197770,0
197772,0
197778,0
197779,0
197783,0
197788,0
197791,0
197792,0
197794,0
197795,0
197796,0
197811,0
197812,0
197818,0
197821,0
197825,0
197826,0
197828,1
197833,0
197836,0
197838,0
197839,0
197842,0
197845,1
197846,0
197853,0
197859,0
197861,0
197862,0
197864,1
197865,0
197866,0
197867,0
197868,0
197869,0
197872,0
197877,0
197878,0
197882,0
197884,0
197887,0
197888,0
197890,0
197893,0
197895,0
197897,1
197898,0
197902,0
197907,0
197908,0
197912,0
197913,0
197919,0
197920,0
197927,0
197930,0
197932,0
197935,0
197939,0
197943,0
197946,0
197948,0
197949,0
197953,0
197960,0
197961,0
197962,0
197965,1
197973,0
197976,0
197977,0
197980,0
197981,0
197988,0
197990,0
197998,0
197999,0
198003,0
198006,0
198013,0
198016,0
198018,0
198020,0
198022,1
198027,0
198028,0
198029,0
198031,0
198035,0
198036,0
198043,0
198047,0
198048,0
198051,0
198052,0
198053,0
198055,0
198056,0
198059,1
198061,0
198062,0
198066,0
198067,0
198070,0
198071,0
198072,1
198073,0
198074,0
198075,0
198079,0
198080,0
198081,0
198082,0
198091,0
198092,0
198093,0
198099,0
198106,0
198107,0
198111,0
198113,0
198116,0
198123,0
198125,0
198126,0
198127,0
198128,0
198134,0
198136,1
198138,0
198141,0
198143,0
198145,1
198154,1
198167,0
198169,1
198171,0
198174,1
198176,0
198180,0
198181,0
198182,0
198183,0
198188,0
198196,0
198198,0
198199,0
198200,0
198207,0
198209,0
198210,0
198213,0
198218,0
198219,0
198222,0
198227,0
198231,0
198232,0
198234,0
198235,0
198238,0
198239,0
198240,0
198242,0
198243,0
198245,0
198252,0
198253,0
198256,0
198259,0
198261,0
198265,0
198276,0
198279,0
198294,0
198296,0
198299,1
198302,0
198314,1
198326,0
198328,0
198329,0
198330,0
198331,0
198332,0
198334,0
198335,0
198336,0
198340,0
198346,0
198351,1
198353,0
198360,1
198362,0
198366,0
198367,0
198368,0
198370,0
198371,0
198378,0
198382,0
198387,0
198388,0
198391,0
198392,1
198395,0
198398,0
198400,0
198406,0
198408,0
198411,0
198414,0
198420,0
198422,0
198425,0
198426,0
198430,0
198433,0
198434,0
198438,0
198440,0
198449,0
198454,0
198457,0
198458,0
198462,0
198463,0
198465,0
198471,1
198476,0
198481,0
198482,0
198483,0
198487,0
198489,0
198498,0
198502,0
198511,0
198512,0
198516,0
198518,0
198519,0
198525,0
198526,0
198531,0
198537,1
198541,0
198543,0
198545,0
198554,0
198555,0
198558,0
198560,0
198562,1
198565,0
198567,0
198572,0
198577,0
198583,0
198585,0
198586,0
198587,0
198588,0
198590,0
198596,0
198600,0
198613,0
198615,0
198618,0
198621,0
198622,0
198623,0
198624,0
198625,0
198628,0
198630,1
198632,0
198633,0
198635,0
198637,0
198638,0
198641,0
198643,0
198648,0
198657,1
198662,0
198666,0
198672,0
198674,0
198675,0
198677,0
198678,0
198679,0
198682,0
198684,0
198685,0
198692,0
198695,0
198697,0
198698,1
198704,0
198705,0
198706,0
198710,0
198713,0
198715,0
198717,0
198723,0
198731,0
198732,0
198740,0
198747,0
198751,0
198752,0
198753,0
198755,0
198758,0
198760,0
198761,0
198765,0
198767,0
198772,0
198776,0
198778,1
198782,0
198784,0
198790,0
198792,0
198794,0
198795,0
198802,0
198809,0
198811,0
198812,0
198819,0
198822,0
198823,0
198825,0
198826,0
198829,0
198831,0
198836,0
198838,0
198840,0
198842,0
198844,0
198850,0
198863,0
198865,0
198866,0
198868,0
198871,0
198873,0
198874,0
198877,0
198883,0
198885,0
198888,1
198889,0
198890,0
198892,0
198896,0
198898,0
198904,0
198907,0
198920,0
198922,0
198925,0
198930,0
198931,0
198933,0
198935,0
198936,0
198939,0
198943,0
198950,0
198951,0
198956,0
198957,0
198958,0
198959,0
198965,0
198966,0
198968,0
198969,0
198970,0
198972,1
198983,0
198990,0
198991,0
198992,0
198995,0
198997,0
198999,0
199001,0
199007,0
199009,0
199010,0
199012,0
199015,0
199017,0
199019,0
199021,0
199025,0
199026,0
199028,0
199029,0
199033,0
199034,0
199035,0
199037,0
199038,0
199039,0
199041,0
199042,0
199046,0
199049,0
199050,0
199051,0
199052,0
199053,0
199055,1
199057,0
199061,0
199063,0
199064,0
199067,0
199070,0
199075,0
199076,0
199081,0
199085,0
199087,0
199088,0
199091,0
199094,0
199095,1
199096,0
199099,0
199100,0
199101,0
199102,0
199103,0
199104,0
199108,0
199110,0
199112,0
199115,1
199120,0
199121,0
199122,0
199129,0
199132,0
199133,0
199135,0
199146,1
199147,0
199152,0
199153,0
199156,0
199158,0
199161,0
199162,0
199169,0
199173,0
199175,0
199176,0
199180,0
199181,0
199182,0
199186,0
199191,1
199196,0
199201,0
199203,0
199204,0
199206,0
199209,0
199210,0
199212,0
199213,0
199215,0
199219,0
199221,0
199228,0
199238,1
199240,0
199241,0
199245,0
199248,0
199256,1
199260,0
199261,0
199267,0
199276,0
199279,0
199280,0
199285,0
199286,0
199288,0
199289,0
199290,0
199296,0
199297,0
199298,0
199300,0
199301,0
199306,0
199307,0
199309,0
199312,0
199316,0
199321,0
199323,0
199325,0
199327,0
199329,0
199330,0
199335,0
199336,0
199341,0
199343,0
199348,0
199349,0
199351,1
199356,0
199358,0
199362,0
199363,0
199366,0
199367,0
199370,0
199371,0
199381,0
199388,0
199389,0
199390,0
199399,0
199402,0
199409,0
199410,0
199412,0
199413,0
199415,0
199420,0
199421,0
199422,0
199425,0
199427,0
199428,0
199429,0
199435,0
199440,1
199443,0
199446,0
199447,0
199449,1
199450,0
199454,0
199456,0
199457,0
199461,0
199463,0
199465,0
199469,0
199470,0
199472,0
199479,0
199480,0
199483,0
199484,0
199490,1
199492,0
199493,0
199494,0
199501,0
199502,0
199505,0
199509,0
199513,0
199516,0
199519,0
199522,0
199523,0
199524,0
199526,0
199531,0
199533,0
199534,0
199540,0
199548,0
199549,0
199553,0
199554,0
199563,0
199565,0
199569,0
199572,0
199574,0
199578,0
199580,0
199582,0
199583,0
199586,0
199589,0
199590,0
199594,0
199598,0
199603,1
199605,0
199606,0
199607,0
199608,1
199611,0
199612,0
199614,0
199615,0
199617,0
199618,0
199628,0
199629,0
199630,0
199634,0
199637,0
199642,0
199648,0
199649,0
199651,0
199653,0
199654,0
199655,0
199660,0
199665,0
199671,0
199673,0
199676,0
199683,0
199684,0
199690,0
199691,0
199692,0
199693,0
199696,0
199703,0
199704,0
199707,0
199708,0
199709,1
199710,0
199711,0
199714,0
199718,0
199725,0
199727,0
199730,0
199732,0
199734,0
199736,0
199737,0
199738,0
199739,0
199744,0
199745,0
199750,0
199752,0
199756,0
199760,0
199762,0
199763,0
199764,0
199765,0
199771,0
199772,0
199788,0
199795,1
199799,0
199805,1
199808,0
199813,0
199816,0
199817,0
199820,0
199826,0
199829,1
199837,0
199839,0
199842,0
199843,0
199845,0
199846,0
199849,0
199850,0
199852,0
199853,0
199855,0
199856,0
199857,0
199860,0
199861,0
199867,0
199869,0
199877,0
199880,0
199881,0
199882,0
199883,0
199886,0
199889,0
199891,0
199892,0
199894,0
199895,0
199896,0
199904,0
199905,0
199908,0
199909,0
199911,0
199915,0
199916,0
199919,0
199920,0
199922,0
199924,0
199925,0
199927,0
199929,0
199932,0
199933,0
199934,0
199940,0
199943,0
199947,0
199948,0
199952,0
199953,0
199954,0
199956,0
199957,0
199958,0
199959,0
199967,0
199972,0
199979,0
199980,0
199981,0
199988,0
199990,0
199991,0
199994,1
199998,0
199999,0
200002,0
200003,0
200004,0
200005,0
200009,0
200010,0
200012,0
200013,0
200014,0
200016,0
200017,0
200018,0
200019,1
200020,0
200021,0
200022,1
200023,0
200025,0
200028,0
200029,0
200032,0
200036,0
200039,0
200040,0
200046,0
200047,0
200048,0
200052,0
200055,0
200056,0
200057,0
200059,0
200060,0
200061,0
200063,0
200064,0
200070,0
200076,1
200079,0
200080,0
200083,0
200086,0
200087,1
200088,0
200090,0
200097,0
200102,0
200106,0
200107,0
200111,0
200118,0
200122,0
200125,0
200126,0
200130,0
200131,0
200134,0
200137,0
200138,0
200139,0
200142,0
200143,0
200144,0
200146,0
200147,0
200148,0
200149,0
200151,1
200152,0
200154,0
200158,1
200160,0
200162,0
200163,0
200166,0
200167,0
200173,0
200176,0
200182,0
200185,0
200187,0
200188,0
200189,0
200190,0
200191,0
200192,0
200194,0
200196,0
200197,1
200199,0
200201,0
200208,0
200211,0
200213,0
200217,0
200219,0
200221,0
200222,0
200230,0
200232,0
200236,0
200239,0
200240,0
200241,0
200246,1
200247,0
200249,0
200252,0
200254,0
200256,0
200259,0
200260,0
200261,0
200262,0
200264,0
200275,0
200279,0
200281,0
200283,0
200293,0
200294,0
200297,0
200303,1
200304,0
200305,0
200309,0
200311,0
200313,0
200314,0
200319,0
200320,0
200321,0
200332,0
200333,0
200335,0
200347,0
200348,0
200351,0
200353,0
200357,0
200363,0
200367,0
200371,0
200378,0
200381,0
200382,0
200384,0
200385,0
200392,0
200393,0
200402,0
200404,0
200405,0
200406,0
200408,0
200409,0
200418,0
200420,0
200426,0
200427,0
200429,0
200434,0
200437,0
200443,0
200445,0
200447,0
200449,0
200451,0
200455,0
200456,0
200457,0
200458,0
200463,0
200465,0
200466,0
200468,0
200469,0
200470,0
200472,0
200477,1
200478,0
200479,1
200481,0
200484,0
200487,1
200492,0
200495,0
200496,0
200501,0
200502,0
200505,0
200508,0
200510,0
200511,0
200512,0
200516,0
200523,0
200527,0
200529,0
200530,0
200534,0
200535,1
200541,0
200542,0
200545,0
200546,0
200550,0
200552,0
200553,0
200556,0
200558,0
200559,0
200560,0
200562,0
200563,0
200566,0
200570,0
200573,0
200575,0
200576,0
200578,0
200580,0
200583,0
200584,0
200589,0
200590,0
200594,0
200597,0
200598,0
200600,0
200601,0
200602,0
200604,0
200607,0
200608,0
200611,0
200613,0
200614,0
200617,0
200618,0
200621,0
200623,0
200626,1
200628,0
200631,0
200634,0
200638,0
200641,0
200643,0
200646,0
200647,0
200654,0
200665,0
200668,0
200671,0
200673,0
200675,0
200677,0
200679,0
200680,0
200683,0
200688,0
200691,0
200694,0
200697,0
200699,0
200701,0
200705,1
200708,0
200710,0
200716,0
200717,0
200721,0
200722,0
200724,0
200731,1
200738,0
200739,0
200742,0
200748,0
200756,0
200760,0
200763,0
200766,0
200768,0
200774,1
200778,0
200781,1
200785,0
200787,0
200790,1
200791,0
200792,0
200794,0
200795,0
200802,0
200805,1
200811,0
200813,0
200818,0
200819,1
200826,0
200827,0
200830,0
200835,0
200836,1
200837,0
200844,0
200848,0
200849,0
200854,0
200856,0
200864,0
200865,0
200873,0
200874,0
200876,0
200879,0
200880,0
200884,0
200887,0
200889,0
200894,0
200896,0
200898,0
200899,0
200900,0
200901,0
200903,0
200906,0
200908,0
200910,1
200911,1
200913,1
200917,0
200919,0
200923,0
200926,0
200931,0
200937,0
200942,0
200943,0
200944,0
200949,0
200951,0
200952,0
200959,0
200960,0
200963,0
200966,0
200967,0
200968,0
200986,0
200988,0
200991,0
200993,0
200996,0
200998,0
201000,0
201006,0
201010,0
201015,0
201027,0
201028,0
201039,0
201042,0
201043,0
201047,0
201052,0
201063,0
201064,0
201065,0
201067,0
201074,0
201075,0
201079,0
201082,0
201084,0
201087,0
201088,0
201091,0
201094,0
201098,0
201099,0
201101,0
201102,0
201111,0
201115,0
201121,0
201122,0
201125,0
201134,0
201137,0
201140,0
201141,0
201142,0
201146,0
201151,0
201152,0
201153,0
201154,0
201155,1
201157,0
201158,0
201159,0
201162,0
201163,0
201164,1
201168,0
201170,1
201171,0
201172,0
201175,0
201176,0
201187,0
201193,0
201195,0
201196,0
201199,0
201200,0
201204,1
201210,0
201211,0
201212,0
201215,0
201216,0
201217,0
201218,0
201220,0
201221,0
201222,0
201224,0
201225,0
201226,0
201227,0
201230,0
201231,0
201232,0
201233,0
201236,0
201239,0
201240,0
201244,0
201246,1
201248,0
201249,0
201251,0
201254,0
201255,0
201256,0
201257,0
201258,0
201259,1
201263,0
201267,0
201272,0
201276,0
201277,0
201278,0
201279,0
201281,0
201282,0
201284,0
201286,0
201289,0
201290,0
201294,0
201295,0
201299,0
201300,0
201301,0
201303,0
201310,0
201312,0
201316,0
201319,0
201321,0
201325,0
201327,0
201329,0
201333,0
201336,0
201339,0
201357,0
201366,0
201371,0
201373,0
201376,0
201378,0
201382,0
201387,0
201388,1
201393,0
201394,0
201396,0
201402,0
201403,0
201404,0
201408,0
201410,0
201412,0
201417,0
201419,0
201422,0
201427,0
201430,0
201431,0
201434,0
201441,0
201445,0
201448,0
201450,0
201452,0
201453,0
201459,0
201460,0
201462,0
201463,0
201466,0
201469,0
201470,0
201471,1
201472,0
201474,0
201477,0
201478,0
201482,0
201488,0
201492,0
201495,0
201496,0
201498,0
201499,0
201500,0
201501,0
201502,0
201503,0
201506,0
201508,0
201509,0
201514,0
201515,0
201516,0
201518,0
201521,0
201522,0
201523,0
201524,0
201525,0
201529,0
201536,0
201545,0
201549,0
201552,1
201553,0
201554,0
201555,1
201557,0
201560,0
201565,0
201566,0
201568,0
201571,0
201572,0
201573,0
201577,0
201580,0
201582,0
201583,0
201587,0
201589,0
201592,0
201594,0
201596,0
201598,0
201600,0
201601,0
201602,0
201607,0
201618,0
201623,0
201625,0
201630,0
201632,0
201636,0
201638,0
201642,0
201644,0
201645,0
201651,0
201657,1
201661,0
201664,0
201665,0
201667,0
201670,0
201673,0
201677,0
201680,0
201683,0
201685,0
201686,0
201687,0
201688,0
201691,0
201701,0
201704,0
201705,0
201706,0
201710,0
201711,0
201715,0
201717,0
201720,0
201723,0
201725,0
201727,0
201728,0
201729,0
201731,0
201738,0
201739,0
201747,0
201752,0
201756,0
201757,0
201759,0
201762,0
201765,1
201769,0
201770,0
201771,0
201772,1
201779,0
201780,0
201786,0
201787,1
201788,0
201789,1
201800,0
201801,0
201802,0
201803,0
201807,0
201810,0
201813,0
201816,0
201818,0
201824,0
201825,0
201826,0
201828,0
201829,0
201836,0
201842,0
201845,0
201848,0
201849,0
201851,1
201857,0
201861,0
201868,0
201869,0
201871,0
201873,0
201875,0
201876,0
201877,0
201883,0
201886,0
201888,0
201889,1
201890,1
201891,1
201892,0
201897,0
201900,0
201902,0
201905,0
201909,0
201915,0
201921,1
201923,0
201925,0
201929,0
201936,0
201945,0
201948,1
201949,0
201951,0
201954,0
201960,0
201962,0
201965,0
201973,0
201976,0
201977,0
201978,1
201980,0
201986,0
201988,0
201995,0
201996,0
202002,0
202003,0
202004,0
202011,0
202015,0
202020,0
202021,0
202022,0
202023,0
202026,0
202027,0
202028,0
202032,0
202033,0
202034,0
202037,0
202040,0
202042,0
202048,0
202054,0
202056,0
202057,0
202068,0
202069,0
202074,0
202075,1
202077,0
202080,0
202082,0
202083,0
202084,0
202086,0
202091,0
202093,0
202096,0
202100,0
202102,0
202104,0
202106,0
202110,0
202112,0
202114,0
202115,0
202119,0
202121,0
202124,0
202125,0
202126,1
202128,0
202135,0
202136,0
202142,0
202150,0
202153,0
202154,0
202156,0
202159,0
202160,0
202162,0
202163,0
202165,0
202167,0
202168,0
202172,0
202173,0
202174,0
202176,1
202178,0
202180,1
202181,0
202183,0
202184,0
202187,0
202189,0
202193,0
202198,0
202203,0
202204,0
202206,0
202209,0
202211,0
202212,0
202213,0
202217,0
202218,0
202221,0
202224,0
202229,0
202230,0
202231,0
202233,0
202238,0
202239,0
202240,0
202241,0
202243,0
202245,1
202246,0
202247,0
202248,0
202249,0
202250,0
202251,0
202252,0
202253,0
202254,0
202255,0
202256,0
202261,0
202263,0
202266,0
202267,0
202270,0
202271,0
202273,0
202276,1
202277,0
202283,0
202289,0
202296,0
202301,0
202305,0
202310,0
202311,0
202313,0
202321,1
202323,0
202324,0
202326,0
202331,0
202332,0
202336,0
202339,0
202345,0
202347,0
202349,0
202351,0
202356,0
202369,0
202372,0
202373,0
202376,0
202377,0
202379,1
202380,0
202382,0
202388,0
202389,0
202392,0
202394,0
202395,0
202396,0
202398,1
202406,0
202407,0
202408,0
202409,1
202414,0
202415,0
202420,0
202422,0
202423,0
202426,0
202430,0
202432,0
202433,0
202434,0
202436,0
202438,0
202439,0
202444,0
202447,0
202448,0
202450,0
202452,0
202455,0
202456,0
202458,0
202460,0
202464,0
202480,0
202485,0
202487,0
202488,0
202491,0
202492,0
202493,1
202496,0
202501,0
202502,0
202503,0
202504,0
202508,0
202511,0
202513,0
202519,0
202521,0
202523,0
202524,0
202525,0
202526,0
202528,0
202532,0
202539,0
202544,0
202546,0
202547,0
202551,0
202552,0
202553,0
202555,0
202556,0
202558,0
202559,0
202563,0
202568,1
202571,0
202579,0
202580,0
202581,0
202583,0
202584,0
202586,0
202600,1
202606,0
202608,0
202609,0
202617,0
202619,0
202620,0
202621,0
202625,0
202627,0
202628,0
202629,0
202635,0
202636,0
202638,0
202643,1
202647,0
202652,0
202657,0
202659,0
202664,0
202667,0
202670,1
202680,0
202681,0
202686,0
202688,0
202695,0
202699,0
202702,0
202703,0
202708,0
202709,0
202715,1
202726,0
202729,0
202741,0
202743,0
202756,0
202757,0
202759,0
202760,0
202761,0
202762,0
202763,0
202767,0
202768,0
202769,1
202771,0
202772,0
202774,0
202777,0
202780,0
202785,0
202786,0
202787,0
202793,0
202798,0
202804,0
202805,0
202807,0
202808,0
202809,0
202815,0
202816,1
202817,0
202818,0
202822,0
202825,0
202826,0
202827,0
202829,0
202831,0
202833,0
202836,0
202837,0
202839,0
202840,1
202841,0
202842,1
202843,0
202847,0
202849,1
202850,0
202853,1
202854,0
202858,0
202860,0
202869,0
202871,0
202875,0
202876,0
202881,0
202887,0
202892,0
202895,0
202897,0
202903,0
202904,0
202905,0
202911,0
202912,0
202914,0
202915,0
202917,0
202922,0
202924,0
202928,0
202929,1
202931,0
202932,0
202936,0
202937,0
202938,0
202943,0
202945,0
202946,0
202949,0
202953,0
202958,1
202959,0
202961,0
202962,0
202963,0
202968,0
202971,0
202976,0
202985,1
202986,0
202987,0
202989,0
202992,0
202995,0
202998,0
202999,0
203000,0
203002,0
203004,0
203011,0
203012,0
203015,0
203018,0
203020,0
203025,0
203029,0
203030,0
203032,0
203034,1
203036,0
203040,0
203050,0
203051,0
203052,0
203054,0
203055,0
203057,0
203059,0
203062,0
203063,0
203064,0
203075,0
203076,0
203077,0
203078,0
203079,0
203080,0
203087,1
203090,0
203095,0
203096,0
203099,0
203100,0
203107,0
203110,0
203114,0
203115,0
203118,0
203120,0
203123,0
203125,0
203132,0
203136,0
203138,0
203139,0
203140,0
203141,0
203142,0
203143,0
203144,0
203146,0
203151,0
203154,0
203157,0
203160,0
203161,0
203163,0
203164,0
203170,0
203172,1
203175,0
203177,0
203183,0
203184,0
203185,0
203191,0
203193,0
203194,0
203204,0
203208,0
203210,0
203211,0
203220,0
203222,0
203224,0
203227,0
203229,0
203230,0
203231,0
203232,0
203235,0
203237,0
203239,0
203240,0
203242,0
203245,0
203251,0
203253,0
203254,0
203256,0
203257,0
203258,0
203259,0
203260,0
203263,0
203264,0
203274,0
203284,0
203285,0
203286,0
203293,0
203300,1
203301,0
203304,1
203306,0
203309,0
203310,0
203312,0
203314,0
203315,0
203318,0
203323,0
203330,0
203336,0
203337,0
203350,0
203352,0
203354,0
203355,0
203357,0
203358,0
203363,0
203364,0
203368,0
203370,0
203372,0
203376,0
203378,0
203381,0
203383,0
203384,0
203386,0
203388,0
203390,0
203391,0
203392,0
203394,0
203396,0
203399,0
203404,0
203410,0
203415,0
203419,0
203423,0
203425,0
203426,0
203428,0
203439,1
203440,0
203443,0
203455,0
203459,1
203461,0
203464,0
203466,0
203471,0
203472,0
203474,0
203476,0
203481,0
203482,0
203484,0
203488,0
203489,1
203490,0
203491,0
203495,0
203500,0
203501,0
203506,0
203510,0
203515,0
203516,0
203519,0
203521,0
203523,0
203526,0
203530,0
203533,0
203537,0
203538,1
203540,0
203543,0
203544,0
203545,0
203547,0
203548,0
203554,0
203555,0
203557,0
203558,0
203563,0
203564,0
203568,0
203570,1
203571,0
203572,0
203576,0
203577,0
203580,0
203586,0
203587,0
203590,0
203591,0
203593,1
203594,0
203596,0
203597,1
203598,0
203600,0
203603,0
203605,0
203614,1
203620,0
203623,1
203624,0
203626,0
203629,0
203634,1
203639,0
203642,0
203643,0
203645,0
203646,0
203649,0
203651,0
203654,0
203657,0
203658,0
203662,0
203665,0
203673,0
203675,0
203676,0
203678,0
203680,0
203682,0
203683,0
203684,0
203685,0
203686,0
203689,0
203691,0
203694,0
203698,0
203700,0
203701,0
203703,0
203707,0
203709,0
203710,0
203712,0
203717,0
203720,0
203721,0
203729,0
203733,0
203737,0
203738,0
203739,0
203740,0
203742,1
203743,0
203744,0
203745,0
203746,0
203747,0
203748,0
203752,0
203756,0
203761,0
203764,0
203765,0
203766,1
203768,0
203769,0
203772,1
203775,0
203777,0
203779,0
203781,1
203783,0
203785,0
203788,0
203790,0
203791,0
203795,0
203817,0
203818,0
203820,0
203821,0
203826,0
203828,0
203829,0
203830,0
203831,0
203844,0
203847,0
203848,0
203849,0
203855,0
203859,0
203861,1
203864,0
203865,0
203866,0
203868,0
203871,0
203872,1
203874,0
203876,0
203878,0
203879,0
203885,0
203888,0
203889,0
203891,0
203894,0
203899,0
203905,0
203906,1
203907,0
203910,0
203914,0
203917,0
203919,0
203923,0
203925,0
203926,0
203928,0
203932,0
203933,0
203936,0
203939,0
203940,0
203945,1
203947,0
203948,0
203953,0
203955,0
203958,0
203959,0
203961,0
203962,0
203966,0
203967,0
203970,0
203976,0
203979,0
203983,0
203987,0
203991,0
203992,1
203993,0
203997,0
204004,0
204006,0
204007,0
204014,0
204015,0
204020,0
204026,0
204027,0
204028,0
204029,0
204030,0
204034,0
204037,0
204041,0
204044,0
204045,0
204048,0
204049,0
204051,1
204054,0
204063,0
204066,1
204067,0
204069,0
204071,0
204076,0
204081,0
204082,0
204089,0
204090,0
204092,0
204094,0
204098,1
204100,0
204101,0
204103,0
204105,0
204110,0
204113,0
204117,0
204121,0
204123,0
204135,0
204136,1
204137,0
204138,0
204141,0
204146,0
204147,0
204150,0
204153,0
204156,0
204157,0
204159,1
204161,0
204166,0
204172,0
204179,0
204183,0
204186,0
204188,0
204192,0
204194,0
204197,0
204198,1
204199,0
204200,0
204202,0
204203,0
204209,0
204210,0
204216,0
204217,0
204218,0
204220,0
204222,0
204223,0
204225,0
204228,0
204232,0
204234,0
204236,0
204237,0
204241,0
204248,1
204249,0
204255,0
204256,0
204262,0
204263,0
204266,0
204271,0
204275,0
204277,0
204278,0
204279,0
204287,0
204288,1
204290,0
204297,0
204301,0
204306,0
204307,0
204308,0
204316,0
204321,0
204324,0
204326,0
204329,0
204330,0
204332,0
204336,0
204338,0
204340,0
204346,0
204349,0
204351,0
204352,0
204353,0
204359,0
204364,0
204365,0
204369,0
204373,0
204374,0
204376,0
204378,0
204379,0
204381,0
204384,0
204385,0
204389,0
204390,0
204403,0
204408,0
204410,0
204415,0
204416,0
204417,0
204418,1
204419,0
204421,0
204423,0
204427,1
204429,0
204432,0
204433,0
204435,0
204436,0
204441,0
204442,0
204444,0
204446,0
204450,0
204451,0
204453,0
204455,0
204457,0
204458,0
204459,0
204462,0
204463,0
204464,0
204467,0
204472,0
204474,0
204475,0
204476,0
204480,0
204481,1
204482,0
204487,0
204488,0
204490,0
204493,0
204494,0
204496,0
204498,1
204501,0
204504,0
204505,0
204506,0
204510,0
204512,0
204520,0
204521,0
204522,0
204526,0
204527,0
204528,0
204529,0
204530,0
204532,1
204533,0
204534,0
204536,0
204537,0
204538,0
204539,0
204546,0
204549,0
204550,0
204553,0
204560,0
204561,0
204562,0
204563,0
204564,0
204565,0
204572,0
204577,0
204578,0
204579,0
204580,1
204581,0
204582,0
204584,0
204586,0
204589,0
204590,0
204595,0
204596,0
204597,1
204602,0
204606,0
204612,0
204615,0
204617,0
204619,0
204623,0
204626,0
204631,0
204632,0
204641,0
204642,0
204646,0
204647,0
204648,0
204649,0
204651,0
204654,0
204656,0
204657,0
204658,0
204663,0
204667,0
204669,0
204682,0
204683,0
204686,0
204687,0
204692,0
204693,0
204694,0
204699,0
204704,0
204710,0
204711,0
204714,0
204715,0
204716,0
204717,0
204721,0
204722,0
204723,1
204730,0
204731,0
204735,0
204737,0
204741,0
204743,0
204744,0
204746,0
204751,0
204752,0
204753,0
204754,0
204756,0
204757,0
204760,0
204762,0
204763,0
204764,0
204769,0
204770,0
204772,1
204775,0
204777,0
204780,0
204781,0
204788,0
204789,0
204791,0
204792,0
204793,0
204796,1
204797,0
204805,0
204807,0
204808,0
204811,0
204812,0
204815,0
204816,0
204817,0
204820,0
204823,0
204829,0
204832,0
204834,0
204835,0
204837,0
204842,0
204846,0
204848,1
204850,0
204856,0
204858,0
204859,0
204860,0
204861,0
204870,0
204874,0
204875,0
204876,1
204877,0
204881,1
204882,0
204884,1
204893,0
204897,0
204898,0
204899,0
204900,0
204908,0
204910,0
204916,0
204918,0
204919,0
204923,0
204924,0
204925,0
204928,0
204931,0
204934,1
204941,0
204948,0
204949,0
204951,0
204962,0
204963,0
204964,0
204967,0
204969,0
204972,0
204973,0
204977,0
204978,1
204980,0
204982,0
204983,0
204986,0
204987,0
204988,0
204990,0
204998,1
205003,0
205004,1
205005,0
205007,0
205010,0
205014,0
205015,0
205016,0
205023,0
205024,0
205025,0
205031,0
205032,0
205034,0
205037,0
205039,0
205040,0
205049,0
205050,0
205052,0
205053,1
205056,0
205063,0
205064,0
205068,0
205070,0
205073,0
205074,0
205078,0
205084,1
205085,0
205089,0
205092,0
205093,0
205099,0
205104,0
205105,0
205107,0
205108,0
205113,0
205116,0
205118,0
205120,0
205124,0
205127,0
205129,0
205130,0
205133,0
205134,0
205136,0
205139,0
205141,0
205151,0
205153,0
205155,1
205161,1
205162,0
205165,0
205171,0
205172,0
205176,0
205184,0
205192,0
205194,0
205195,0
205198,0
205199,0
205205,0
205206,0
205209,0
205213,0
205217,0
205219,0
205222,0
205223,1
205226,0
205227,0
205231,0
205232,0
205235,0
205236,0
205237,0
205238,0
205242,0
205244,1
205245,1
205251,0
205253,0
205257,0
205260,0
205262,0
205263,0
205264,0
205270,0
205272,0
205273,0
205279,0
205280,0
205285,0
205286,0
205288,0
205291,0
205293,0
205299,0
205301,0
205302,0
205308,0
205309,0
205312,0
205313,0
205315,0
205318,0
205323,0
205328,0
205331,0
205334,0
205335,0
205337,0
205338,1
205339,0
205341,0
205342,0
205346,0
205347,0
205349,0
205354,0
205355,1
205356,0
205358,0
205368,0
205374,0
205376,0
205378,0
205379,0
205380,0
205381,0
205384,0
205385,0
205386,0
205389,0
205393,0
205396,0
205397,0
205402,0
205405,0
205407,0
205412,0
205414,0
205416,0
205417,0
205419,0
205420,0
205422,0
205425,0
205426,0
205428,0
205429,0
205432,0
205434,0
205435,0
205438,0
205443,0
205448,0
205450,0
205452,0
205455,0
205457,0
205459,0
205462,0
205464,0
205466,0
205472,1
205478,0
205479,0
205480,0
205481,0
205482,1
205484,0
205485,0
205489,0
205490,0
205491,0
205494,0
205496,0
205497,1
205498,0
205500,0
205508,0
205512,0
205513,0
205517,0
205518,0
205520,0
205523,0
205525,0
205528,0
205532,0
205533,0
205534,0
205540,0
205546,0
205562,0
205565,0
205566,0
205569,0
205572,0
205574,0
205575,0
205577,0
205578,0
205582,0
205585,0
205590,0
205595,0
205597,0
205600,0
205601,0
205604,0
205606,0
205610,0
205616,0
205617,0
205622,0
205624,0
205626,0
205627,0
205630,0
205639,0
205640,0
205644,0
205650,0
205652,0
205661,0
205664,0
205666,0
205676,0
205679,0
205681,1
205682,0
205684,1
205685,0
205690,0
205691,0
205693,0
205694,0
205695,0
205697,0
205700,1
205705,0
205708,0
205711,0
205712,0
205713,0
205716,0
205717,0
205718,0
205721,0
205723,0
205732,0
205733,0
205735,0
205738,0
205754,0
205755,0
205756,0
205757,0
205758,0
205764,0
205767,0
205770,0
205772,0
205776,0
205780,0
205783,0
205786,0
205788,0
205791,0
205793,0
205797,0
205798,0
205799,0
205800,0
205803,0
205812,0
205815,0
205816,0
205822,0
205828,0
205829,0
205833,0
205839,0
205842,0
205845,0
205846,0
205849,0
205853,0
205857,1
205858,0
205862,0
205866,0
205867,0
205868,0
205870,0
205873,0
205875,0
205878,0
205883,0
205887,0
205893,0
205897,0
205903,0
205904,0
205905,0
205912,0
205918,0
205920,0
205921,0
205928,1
205931,0
205932,0
205934,0
205937,0
205939,0
205941,1
205945,0
205955,0
205966,0
205970,0
205971,1
205974,0
205976,0
205978,0
205979,0
205984,0
205985,0
205987,0
205988,0
205990,0
205995,0
206000,0
206003,1
206006,1
206009,0
206010,0
206011,0
206014,0
206016,0
206017,0
206019,0
206020,0
206023,0
206024,0
206026,0
206035,0
206037,0
206041,0
206043,0
206044,0
206045,0
206046,0
206048,0
206050,0
206053,0
206055,0
206057,0
206064,0
206065,0
206068,0
206070,0
206071,0
206073,0
206074,0
206076,0
206078,0
206079,0
206080,0
206081,0
206082,1
206085,0
206086,0
206094,0
206097,0
206098,0
206102,0
206108,0
206116,0
206123,0
206127,0
206128,0
206131,0
206132,0
206133,0
206134,0
206135,0
206138,1
206140,0
206141,0
206142,0
206147,0
206148,0
206151,0
206154,1
206155,0
206156,0
206160,0
206161,0
206162,0
206165,0
206166,0
206168,0
206169,0
206170,0
206171,0
206172,0
206173,0
206174,0
206177,1
206178,0
206181,0
206182,0
206187,0
206188,0
206189,1
206190,1
206199,0
206203,0
206207,0
206212,0
206216,0
206218,0
206220,0
206224,0
206226,0
206228,0
206229,0
206230,0
206231,0
206232,0
206233,0
206234,0
206236,0
206237,0
206238,0
206239,0
206246,0
206247,1
206253,1
206257,0
206262,0
206263,0
206266,0
206272,1
206273,0
206274,0
206275,0
206279,0
206280,0
206287,0
206288,1
206293,1
206296,0
206299,0
206302,0
206303,1
206304,0
206305,0
206306,0
206307,0
206308,0
206314,0
206324,0
206330,0
206334,0
206336,0
206341,0
206347,0
206349,0
206350,0
206353,0
206354,0
206355,1
206356,0
206358,0
206365,0
206369,0
206370,0
206375,0
206376,1
206379,0
206381,0
206387,0
206390,0
206393,0
206408,0
206411,1
206412,0
206415,0
206421,0
206427,0
206436,0
206439,0
206440,0
206441,0
206456,0
206457,0
206458,0
206460,0
206470,0
206471,0
206482,0
206483,0
206487,0
206491,0
206494,1
206499,0
206501,0
206503,0
206510,1
206515,0
206517,0
206520,0
206524,0
206525,0
206526,0
206529,1
206530,0
206533,0
206540,1
206541,0
206543,0
206544,0
206548,0
206552,0
206556,1
206560,0
206561,0
206562,0
206565,0
206566,0
206568,0
206575,0
206580,0
206581,0
206584,0
206585,0
206590,0
206592,0
206593,0
206598,0
206600,0
206602,0
206610,0
206613,0
206614,0
206616,0
206619,0
206621,0
206624,0
206627,0
206628,0
206631,0
206633,0
206638,0
206639,0
206640,0
206642,0
206643,0
206646,0
206651,0
206654,0
206655,0
206656,0
206662,0
206664,0
206668,0
206671,0
206674,0
206680,0
206682,0
206683,0
206689,1
206692,0
206693,0
206694,0
206696,0
206698,1
206700,0
206704,0
206706,0
206712,0
206718,0
206723,1
206729,0
206730,0
206731,0
206735,0
206739,0
206744,0
206746,0
206747,0
206748,0
206750,0
206755,0
206756,0
206760,0
206762,0
206765,0
206766,0
206767,0
206773,0
206774,0
206780,0
206783,0
206784,0
206785,0
206787,0
206791,0
206792,0
206793,0
206794,0
206797,0
206798,0
206799,0
206800,0
206801,0
206802,0
206804,0
206808,0
206811,1
206814,0
206815,0
206819,0
206820,0
206822,0
206823,0
206825,1
206826,0
206829,0
206830,0
206834,1
206836,0
206840,0
206841,1
206843,1
206844,0
206845,0
206846,0
206847,0
206849,0
206852,0
206856,1
206857,0
206862,0
206863,0
206865,0
206869,0
206870,0
206872,0
206874,0
206875,0
206876,0
206877,0
206883,0
206888,0
206889,0
206890,0
206896,0
206898,0
206899,0
206901,0
206902,0
206905,0
206906,0
206908,0
206909,0
206910,0
206914,0
206918,0
206926,0
206927,0
206929,0
206932,0
206933,0
206935,0
206937,0
206938,1
206944,0
206957,0
206958,0
206959,0
206964,0
206967,0
206971,0
206974,0
206975,0
206977,0
206981,0
206984,0
206985,0
206988,0
206990,0
206996,0
206998,0
207002,0
207003,0
207004,0
207005,0
207006,0
207010,0
207012,0
207018,0
207020,0
207021,0
207022,0
207024,0
207028,0
207029,0
207031,0
207032,0
207033,0
207035,0
207045,0
207049,0
207051,0
207053,0
207054,0
207055,0
207061,0
207064,0
207070,0
207071,0
207073,0
207078,0
207080,1
207082,0
207083,0
207086,0
207087,0
207090,0
207092,1
207100,0
207102,0
207105,0
207114,0
207115,0
207120,0
207122,1
207123,0
207127,0
207128,0
207129,0
207134,0
207137,0
207138,0
207139,0
207140,0
207143,0
207145,0
207146,0
207148,0
207150,0
207151,0
207153,0
207157,0
207159,0
207170,0
207171,0
207172,0
207175,0
207178,0
207179,0
207180,0
207183,0
207188,1
207190,0
207191,1
207193,0
207195,0
207200,0
207202,0
207203,0
207208,1
207211,0
207214,0
207215,0
207225,0
207227,0
207233,0
207236,0
207239,1
207242,0
207245,0
207249,0
207255,0
207260,0
207264,0
207270,0
207273,0
207281,0
207283,0
207288,1
207289,0
207290,0
207297,0
207298,0
207299,1
207301,1
207304,0
207307,0
207311,0
207312,0
207314,0
207317,0
207321,0
207322,0
207324,0
207330,0
207336,0
207341,1
207342,1
207343,0
207349,0
207350,0
207352,0
207353,0
207356,0
207360,0
207361,0
207367,0
207368,0
207371,0
207377,0
207378,0
207379,0
207380,0
207383,0
207390,0
207398,0
207399,0
207401,0
207404,1
207405,0
207406,0
207407,0
207412,0
207415,0
207416,0
207417,0
207418,0
207422,1
207430,0
207432,0
207440,0
207442,0
207444,0
207445,0
207447,0
207448,0
207449,0
207453,0
207458,0
207461,0
207463,0
207464,0
207466,0
207470,0
207473,1
207476,0
207479,0
207485,0
207486,0
207488,1
207492,0
207494,0
207497,0
207499,0
207502,0
207506,0
207509,0
207512,0
207515,0
207519,0
207522,0
207528,0
207531,0
207532,0
207536,0
207539,1
207546,0
207547,0
207552,0
207554,0
207564,0
207565,0
207567,0
207569,0
207571,0
207581,0
207583,0
207588,0
207589,0
207592,0
207594,0
207595,0
207601,0
207605,0
207609,0
207611,0
207619,0
207624,0
207626,1
207631,1
207633,0
207634,0
207640,0
207641,0
207644,0
207646,0
207648,0
207649,1
207650,0
207651,0
207658,0
207660,0
207662,0
207668,0
207670,0
207673,0
207674,0
207678,0
207679,0
207680,0
207681,0
207683,0
207684,0
207685,0
207686,0
207687,0
207689,0
207691,0
207694,0
207695,0
207696,0
207698,1
207701,0
207702,0
207704,0
207710,0
207711,0
207712,0
207713,0
207718,0
207719,0
207722,0
207726,1
207727,0
207728,0
207729,0
207730,0
207731,0
207738,0
207742,0
207746,0
207749,1
207751,0
207757,0
207758,0
207759,0
207760,0
207761,1
207762,0
207764,0
207769,0
207770,0
207771,0
207772,0
207774,0
207777,0
207780,0
207783,0
207786,0
207791,0
207792,0
207799,0
207801,0
207802,0
207803,0
207805,0
207806,0
207809,0
207814,0
207816,0
207817,0
207820,0
207829,0
207830,0
207839,0
207840,0
207842,0
207846,1
207847,0
207849,0
207852,0
207853,0
207854,0
207856,0
207860,0
207872,0
207873,0
207876,0
207879,0
207880,0
207882,0
207885,0
207886,0
207890,0
207892,0
207893,0
207896,0
207900,0
207907,0
207909,0
207915,0
207917,0
207922,0
207924,0
207925,0
207933,0
207935,0
207938,0
207951,0
207953,0
207956,1
207957,0
207960,0
207963,0
207964,0
207965,0
207968,0
207971,0
207972,0
207980,0
207987,0
207988,0
207989,0
207992,0
207998,0
208001,0
208006,0
208009,0
208012,0
208013,0
208017,0
208018,0
208023,0
208025,0
208026,0
208034,0
208036,0
208039,0
208044,0
208053,0
208055,0
208056,0
208061,0
208063,0
208064,0
208067,0
208068,0
208069,0
208074,0
208077,0
208078,0
208081,0
208085,0
208092,0
208093,0
208094,0
208096,0
208099,0
208102,0
208111,0
208113,0
208114,0
208117,0
208118,0
208120,0
208123,0
208125,0
208126,0
208127,0
208136,0
208137,0
208139,0
208140,0
208142,0
208144,0
208150,0
208151,0
208158,0
208162,0
208164,1
208169,0
208172,0
208187,0
208188,0
208191,0
208193,0
208198,0
208200,0
208202,0
208209,0
208210,0
208214,0
208217,0
208220,0
208222,0
208224,0
208226,1
208229,0
208236,0
208252,0
208260,0
208261,0
208264,1
208265,0
208267,0
208269,0
208272,0
208278,0
208279,0
208283,0
208284,0
208285,0
208288,0
208289,0
208290,0
208292,0
208294,0
208295,0
208304,0
208306,0
208307,0
208308,0
208310,0
208312,0
208313,0
208314,0
208315,0
208319,0
208320,0
208322,1
208324,0
208326,0
208329,0
208331,1
208333,0
208336,0
208337,0
208338,0
208342,0
208347,0
208348,0
208350,0
208354,0
208355,0
208358,0
208360,0
208361,0
208364,0
208367,0
208369,0
208371,0
208372,0
208373,0
208375,0
208376,0
208379,0
208384,0
208385,0
208390,0
208392,1
208395,0
208401,0
208403,0
208404,0
208411,0
208414,0
208415,0
208417,0
208419,0
208421,0
208422,0
208424,0
208425,0
208426,1
208428,0
208429,0
208431,0
208434,0
208436,0
208442,0
208447,0
208449,0
208450,0
208458,0
208461,0
208464,0
208466,0
208468,0
208470,0
208473,0
208477,1
208478,0
208481,1
208482,0
208483,0
208487,0
208488,0
208491,0
208492,0
208493,0
208497,0
208502,0
208507,0
208508,0
208515,0
208526,0
208530,0
208535,0
208538,0
208542,0
208543,0
208545,0
208546,0
208548,0
208549,0
208552,0
208557,0
208561,0
208562,1
208563,0
208564,0
208566,0
208569,0
208574,0
208576,0
208577,0
208578,0
208583,1
208585,0
208586,0
208587,0
208588,0
208593,0
208595,0
208602,0
208605,0
208606,0
208607,0
208609,0
208610,1
208611,0
208612,0
208613,0
208615,0
208616,1
208617,0
208619,1
208620,0
208623,0
208624,0
208627,0
208628,0
208630,0
208633,0
208634,0
208636,0
208641,0
208642,0
208645,0
208648,0
208649,0
208651,0
208653,0
208657,0
208659,0
208661,0
208662,0
208663,0
208664,0
208667,0
208682,0
208683,0
208684,0
208689,0
208690,0
208691,0
208692,0
208696,0
208699,0
208700,0
208701,0
208703,0
208706,0
208710,1
208711,0
208714,0
208715,0
208717,1
208718,0
208719,0
208720,0
208722,0
208726,0
208727,0
208729,0
208730,0
208739,0
208742,0
208743,0
208745,0
208758,0
208761,0
208767,0
208768,0
208771,0
208778,0
208782,0
208789,0
208795,0
208798,0
208799,0
208803,0
208809,0
208812,0
208813,0
208815,0
208817,0
208820,0
208828,0
208832,0
208833,1
208837,0
208838,0
208839,0
208841,0
208842,0
208845,0
208847,0
208848,0
208857,1
208859,0
208861,0
208863,0
208864,0
208869,0
208872,0
208882,0
208884,0
208885,0
208886,0
208891,0
208892,0
208895,0
208897,0
208902,0
208903,0
208904,0
208905,0
208913,0
208916,0
208917,0
208919,0
208920,0
208921,0
208924,0
208926,0
208930,1
208934,0
208935,0
208936,0
208946,0
208950,0
208951,0
208955,0
208959,0
208960,0
208964,0
208969,0
208978,0
208982,1
208984,0
208988,0
208995,0
208997,0
209002,0
209005,0
209007,0
209009,0
209014,0
209019,0
209023,0
209029,0
209030,0
209032,1
209034,0
209036,0
209039,0
209042,0
209048,0
209052,0
209054,0
209057,0
209060,0
209063,0
209067,0
209068,0
209072,0
209075,0
209076,0
209077,0
209079,0
209080,0
209081,0
209083,0
209086,0
209090,1
209094,0
209097,0
209098,0
209101,0
209104,0
209107,0
209109,0
209111,0
209112,0
209116,0
209118,0
209119,0
209121,0
209124,1
209130,0
209133,0
209136,0
209141,0
209142,0
209143,1
209144,0
209147,0
209149,0
209152,0
209157,1
209159,0
209166,0
209168,0
209171,0
209173,1
209177,0
209178,0
209180,0
209183,0
209185,1
209187,0
209188,0
209191,0
209193,0
209197,0
209198,0
209199,0
209201,0
209207,0
209208,0
209213,0
209217,0
209219,0
209221,0
209222,0
209223,0
209225,0
209226,0
209228,0
209231,0
209232,0
209241,0
209244,0
209247,0
209248,0
209251,0
209254,0
209258,0
209259,0
209264,0
209265,0
209267,0
209268,0
209269,0
209272,0
209274,0
209275,0
209278,0
209279,0
209281,0
209284,0
209288,0
209290,0
209292,0
209294,0
209299,0
209301,0
209302,0
209305,0
209308,0
209310,0
209312,0
209314,0
209316,0
209318,0
209321,0
209322,0
209325,0
209326,0
209329,0
209330,0
209331,0
209333,0
209334,0
209335,0
209340,0
209342,0
209350,0
209351,0
209352,1
209354,0
209355,0
209364,0
209365,0
209366,0
209368,0
209369,0
209371,0
209373,0
209375,0
209376,0
209381,0
209383,1
209386,0
209387,0
209389,0
209390,0
209391,0
209397,0
209398,0
209400,0
209401,0
209404,0
209405,0
209406,1
209408,1
209410,0
209411,0
209412,0
209413,0
209415,0
209416,0
209417,0
209421,0
209427,0
209428,0
209431,0
209435,0
209437,0
209439,0
209440,0
209443,0
209446,0
209448,0
209449,0
209451,0
209452,0
209454,0
209455,0
209457,0
209458,0
209460,0
209462,0
209463,0
209464,1
209466,0
209470,0
209474,0
209475,0
209478,0
209480,0
209484,0
209485,0
209486,0
209487,0
209495,0
209496,0
209497,0
209500,0
209502,0
209503,0
209505,0
209506,0
209515,0
209517,0
209518,0
209519,0
209523,1
209526,0
209531,0
209535,0
209538,0
209550,0
209552,0
209555,0
209557,0
209562,0
209565,0
209566,0
209569,0
209571,0
209574,0
209576,0
209577,0
209580,0
209582,0
209585,0
209586,0
209589,0
209590,0
209594,0
209595,0
209597,0
209601,0
209607,0
209609,0
209611,0
209613,0
209614,0
209615,0
209618,0
209619,0
209623,0
209628,0
209631,0
209632,1
209634,0
209636,0
209643,0
209645,0
209651,0
209653,0
209654,0
209656,0
209657,0
209661,0
209662,0
209665,0
209666,0
209667,0
209670,0
209672,0
209673,0
209674,0
209681,0
209682,1
209685,0
209687,0
209688,0
209690,0
209692,0
209693,0
209701,0
209703,0
209711,0
209713,0
209714,0
209716,0
209717,0
209719,0
209722,0
209724,0
209725,0
209727,0
209730,0
209732,0
209735,0
209736,0
209739,0
209740,0
209745,0
209747,0
209750,0
209751,0
209752,0
209753,0
209755,0
209756,0
209759,0
209760,1
209763,0
209769,0
209776,0
209782,1
209783,0
209786,0
209792,0
209795,0
209797,0
209798,0
209806,0
209809,0
209812,0
209818,0
209823,0
209827,0
209834,0
209835,0
209837,0
209843,1
209844,1
209845,0
209851,0
209853,0
209854,0
209856,0
209857,0
209858,0
209859,0
209860,0
209862,0
209865,0
209866,0
209879,0
209885,0
209893,0
209895,0
209896,0
209897,0
209898,0
209899,0
209900,0
209901,0
209907,0
209909,0
209915,0
209916,0
209918,0
209920,0
209921,0
209922,0
209925,0
209926,0
209929,0
209930,0
209931,0
209932,0
209933,0
209936,0
209940,0
209944,0
209945,0
209947,0
209952,0
209953,0
209957,0
209969,0
209973,0
209982,0
209986,0
209990,0
209992,0
209996,0
209997,0
209999,0
210003,0
210004,0
210009,0
210011,0
210015,0
210020,0
210022,0
210026,0
210029,0
210030,0
210035,0
210037,0
210038,1
210040,0
210051,0
210057,0
210059,0
210063,0
210064,0
210066,0
210068,0
210069,0
210071,0
210073,0
210081,0
210084,0
210085,0
210086,0
210090,0
210095,0
210097,0
210104,0
210106,0
210111,0
210115,0
210120,0
210123,0
210125,0
210126,0
210127,0
210135,0
210136,0
210138,0
210148,0
210149,0
210151,0
210152,0
210158,0
210162,0
210165,0
210171,0
210174,0
210175,0
210176,0
210179,0
210180,0
210182,0
210183,0
210185,0
210187,0
210189,0
210191,0
210193,0
210195,0
210201,0
210205,0
210210,0
210212,0
210215,0
210216,0
210226,0
210227,0
210229,0
210231,0
210232,0
210236,0
210239,0
210241,0
210244,0
210247,0
210249,0
210254,0
210262,0
210263,0
210266,0
210272,0
210275,0
210277,0
210282,0
210285,0
210288,0
210289,0
210294,0
210300,0
210304,0
210305,0
210306,0
210307,0
210310,0
210312,0
210317,0
210318,0
210321,0
210329,0
210331,0
210334,0
210344,0
210345,0
210346,0
210347,0
210350,0
210358,0
210360,0
210362,0
210363,0
210364,0
210370,0
210373,0
210375,0
210377,0
210379,0
210385,0
210387,0
210388,0
210390,0
210396,0
210397,0
210401,0
210403,0
210404,0
210411,0
210412,0
210413,0
210416,0
210419,0
210420,1
210422,0
210425,0
210428,0
210429,0
210436,0
210437,0
210442,0
210444,0
210454,0
210461,0
210465,0
210468,0
210470,0
210471,0
210476,0
210480,0
210487,0
210492,0
210493,0
210494,0
210498,0
210501,1
210504,0
210506,0
210507,1
210508,0
210512,0
210513,0
210516,0
210518,0
210520,0
210523,0
210524,0
210526,0
210528,0
210530,0
210531,0
210535,0
210538,0
210539,0
210540,0
210543,0
210544,0
210547,0
210551,0
210553,0
210555,0
210558,0
210561,0
210566,0
210569,0
210570,0
210571,0
210575,0
210577,0
210580,0
210581,0
210583,0
210585,0
210591,0
210592,1
210594,0
210597,0
210598,0
210599,0
210607,0
210608,0
210609,0
210615,0
210620,0
210625,0
210629,0
210631,0
210633,1
210635,0
210636,0
210637,0
210640,0
210641,0
210642,0
210645,0
210651,0
210653,0
210655,0
210656,0
210658,0
210660,0
210663,0
210665,0
210669,0
210670,0
210677,0
210679,0
210682,0
210687,0
210692,0
210693,0
210695,0
210696,0
210699,0
210702,0
210703,0
210705,0
210707,0
210709,1
210712,0
210716,1
210717,0
210721,0
210725,0
210726,0
210728,0
210731,0
210736,1
210737,0
210747,0
210748,0
210750,0
210751,0
210752,0
210753,0
210758,0
210759,0
210760,0
210762,0
210765,0
210767,0
210770,0
210772,0
210773,0
210774,0
210775,0
210778,0
210779,0
210781,0
210782,0
210787,0
210792,0
210794,0
210795,0
210797,0
210800,0
210802,0
210809,0
210815,0
210819,1
210823,0
210828,0
210829,0
210834,0
210835,0
210836,0
210837,0
210839,0
210841,0
210847,0
210852,0
210853,0
210856,0
210859,0
210861,0
210863,0
210865,0
210870,0
210873,0
210878,0
210881,0
210884,0
210886,0
210887,0
210889,0
210894,0
210896,0
210904,0
210910,0
210914,0
210917,0
210918,0
210920,0
210921,0
210922,0
210927,0
210928,0
210931,1
210934,0
210937,0
210938,1
210940,0
210942,0
210945,0
210955,0
210961,0
210962,0
210963,0
210965,1
210966,1
210971,0
210972,0
210973,0
210977,0
210985,0
210987,0
210993,0
211007,0
211014,0
211017,0
211020,0
211024,0
211027,0
211031,0
211038,0
211040,0
211042,0
211043,0
211044,0
211045,0
211047,1
211048,0
211049,0
211050,0
211051,0
211052,0
211053,0
211057,0
211062,0
211064,0
211067,0
211071,0
211073,1
211077,1
211078,0
211080,0
211081,0
211082,0
211084,0
211085,0
211088,0
211091,0
211094,0
211095,0
211097,0
211099,0
211100,0
211102,0
211103,0
211104,0
211105,0
211107,0
211108,0
211109,0
211110,0
211112,0
211115,0
211116,0
211117,0
211119,1
211121,0
211123,0
211129,0
211131,0
211133,0
211140,0
211141,0
211147,0
211150,0
211151,0
211154,0
211163,0
211164,0
211166,0
211168,0
211169,0
211171,0
211172,0
211180,0
211182,0
211186,0
211190,0
211191,1
211193,0
211195,0
211197,0
211198,0
211200,0
211204,0
211207,0
211209,0
211210,0
211211,0
211212,0
211213,0
211215,0
211216,0
211217,0
211219,0
211225,0
211226,0
211233,0
211234,0
211239,0
211243,0
211248,0
211249,0
211252,0
211254,0
211260,0
211263,0
211267,0
211268,0
211269,0
211272,0
211273,0
211276,0
211279,0
211284,0
211287,0
211288,0
211296,0
211302,0
211303,0
211305,0
211306,0
211308,0
211310,0
211311,0
211322,0
211327,0
211328,0
211330,1
211333,0
211335,0
211336,0
211337,1
211339,0
211341,0
211342,0
211343,1
211345,0
211347,0
211348,0
211351,1
211352,0
211357,0
211361,0
211363,0
211364,0
211365,0
211366,0
211372,0
211375,0
211377,1
211381,0
211383,0
211387,0
211389,0
211391,0
211396,1
211399,0
211406,0
211413,1
211414,0
211417,0
211420,0
211425,0
211431,0
211435,0
211438,0
211440,0
211441,0
211442,0
211446,1
211449,0
211450,0
211452,0
211456,0
211460,0
211463,0
211466,1
211468,0
211471,1
211473,0
211480,0
211485,0
211486,0
211488,0
211492,0
211499,0
211513,0
211517,1
211518,0
211521,0
211529,0
211533,0
211536,0
211537,0
211542,0
211547,0
211548,0
211555,1
211562,0
211565,0
211568,0
211578,0
211579,0
211581,1
211583,0
211585,0
211588,0
211589,0
211590,0
211599,0
211600,1
211601,0
211602,0
211610,0
211617,0
211619,0
211624,0
211626,0
211629,0
211635,0
211637,0
211639,0
211641,0
211643,0
211646,0
211647,0
211650,0
211652,0
211653,0
211654,0
211655,0
211659,0
211660,0
211662,0
211665,0
211666,1
211667,0
211668,0
211670,0
211671,0
211672,0
211673,0
211674,0
211676,0
211677,0
211678,1
211679,0
211680,1
211682,0
211683,0
211684,1
211685,0
211691,1
211692,0
211698,0
211700,0
211703,0
211705,0
211716,0
211717,0
211721,0
211727,1
211728,0
211732,0
211736,0
211742,0
211745,0
211747,0
211750,0
211752,0
211757,0
211758,0
211761,0
211762,0
211764,0
211766,0
211769,0
211770,0
211772,0
211774,0
211781,1
211784,0
211785,1
211786,0
211787,0
211791,0
211794,0
211795,0
211797,0
211798,0
211812,0
211813,0
211816,0
211817,0
211818,0
211830,0
211831,0
211835,0
211838,1
211842,0
211843,0
211844,0
211845,0
211847,0
211852,0
211857,0
211859,0
211860,0
211862,0
211868,0
211870,1
211872,1
211877,0
211878,0
211883,0
211886,1
211888,0
211891,0
211892,0
211895,0
211896,0
211901,1
211903,0
211909,0
211911,0
211913,0
211917,1
211922,0
211923,0
211924,0
211925,1
211926,0
211927,0
211934,0
211936,0
211938,0
211941,0
211945,0
211947,0
211950,0
211952,0
211955,0
211956,0
211957,0
211959,0
211960,0
211962,0
211967,0
211969,0
211974,0
211980,0
211981,0
211984,0
211986,0
211987,0
211989,0
211995,0
211996,0
211998,0
211999,0
212005,0
212007,0
212008,0
212011,0
212016,0
212017,0
212018,1
212020,1
212022,0
212031,0
212033,0
212036,0
212037,0
212038,0
212041,0
212046,0
212052,0
212055,0
212057,0
212059,0
212062,0
212064,0
212067,0
212069,0
212070,0
212072,0
212074,0
212076,0
212083,0
212086,0
212087,0
212090,0
212095,0
212097,0
212098,0
212100,1
212101,0
212102,0
212106,0
212107,0
212111,0
212115,0
212120,0
212122,0
212124,0
212134,0
212135,0
212139,0
212149,0
212155,0
212163,0
212164,0
212174,0
212176,0
212182,0
212183,0
212187,0
212192,0
212195,0
212196,1
212198,0
212200,0
212203,0
212205,0
212206,0
212209,0
212213,0
212215,0
212216,0
212219,1
212220,0
212221,0
212225,0
212226,0
212227,0
212230,0
212231,0
212233,0
212235,0
212237,0
212241,0
212242,0
212243,0
212244,0
212245,0
212246,0
212247,0
212248,0
212260,0
212270,0
212271,0
212273,0
212274,0
212276,0
212277,0
212285,0
212289,0
212291,0
212292,0
212293,0
212294,0
212296,0
212298,0
212302,0
212304,0
212306,0
212316,0
212317,0
212318,0
212322,0
212323,0
212324,0
212326,0
212329,0
212332,0
212333,1
212335,0
212340,0
212351,0
212353,0
212356,0
212357,0
212359,0
212360,0
212361,0
212362,0
212372,0
212374,0
212376,0
212379,0
212380,0
212382,0
212384,0
212386,0
212387,0
212389,1
212390,0
212392,0
212394,0
212396,0
212397,0
212400,0
212402,0
212405,0
212407,0
212413,0
212415,0
212416,0
212420,0
212423,0
212428,0
212430,0
212439,0
212440,1
212446,0
212447,1
212449,0
212452,0
212459,0
212461,0
212462,0
212466,0
212468,0
212469,1
212470,0
212474,0
212478,0
212481,0
212484,0
212485,0
212486,0
212490,0
212491,0
212495,0
212497,0
212500,0
212503,0
212506,0
212508,0
212509,0
212515,0
212522,0
212524,0
212525,0
212527,0
212531,0
212532,0
212533,0
212536,0
212537,0
212538,0
212542,0
212543,0
212545,0
212549,0
212552,0
212557,0
212562,0
212564,0
212566,0
212568,0
212572,0
212573,0
212580,0
212588,0
212595,0
212597,0
212600,0
212610,0
212612,0
212616,0
212618,1
212620,0
212625,0
212628,0
212639,0
212640,0
212641,0
212642,0
212645,0
212652,0
212653,0
212655,0
212656,0
212658,0
212659,1
212661,0
212662,0
212664,0
212665,0
212668,0
212670,0
212672,0
212674,0
212676,0
212677,0
212679,0
212683,0
212684,0
212687,0
212688,0
212691,0
212693,0
212696,0
212702,0
212704,1
212707,0
212709,0
212710,0
212714,0
212717,0
212721,1
212725,0
212732,0
212737,0
212738,0
212743,0
212744,0
212748,0
212756,0
212763,0
212766,0
212770,0
212771,0
212776,0
212777,0
212781,0
212784,0
212786,0
212791,1
212794,0
212795,1
212803,0
212805,0
212810,0
212813,0
212826,0
212829,0
212830,1
212839,0
212840,1
212843,0
212844,0
212845,0
212847,0
212848,0
212851,0
212854,0
212860,0
212865,0
212866,0
212867,0
212872,0
212875,0
212877,0
212878,0
212882,0
212883,0
212886,0
212888,0
212889,0
212893,1
212895,0
212896,0
212898,0
212899,0
212900,0
212907,0
212917,0
212919,0
212924,0
212925,0
212933,0
212937,0
212940,0
212941,0
212942,0
212947,0
212951,0
212953,0
212955,0
212956,0
212958,0
212961,0
212964,0
212967,0
212968,0
212969,1
212970,0
212973,0
212974,0
212975,0
212980,0
212984,0
212985,0
212987,0
212997,0
213000,0
213002,0
213004,0
213006,0
213010,0
213011,0
213015,0
213017,0
213018,0
213019,0
213024,0
213026,0
213028,0
213034,0
213036,0
213040,0
213042,0
213044,0
213045,0
213046,0
213047,0
213053,0
213054,0
213055,0
213062,0
213065,0
213067,0
213068,0
213070,0
213071,0
213073,0
213074,0
213076,0
213077,0
213084,0
213087,0
213090,0
213093,0
213095,0
213096,0
213102,1
213103,0
213110,0
213112,0
213115,0
213119,0
213120,0
213123,0
213143,0
213144,0
213147,0
213149,0
213152,0
213156,0
213167,0
213171,0
213187,0
213191,0
213192,0
213193,0
213194,0
213201,0
213202,0
213206,0
213209,0
213214,0
213218,0
213219,0
213220,0
213221,0
213223,0
213224,1
213228,0
213230,0
213231,0
213238,0
213241,1
213245,0
213246,0
213247,0
213249,0
213250,0
213260,0
213266,0
213267,0
213279,1
213280,0
213282,0
213283,0
213284,0
213285,0
213287,0
213288,0
213292,0
213294,0
213296,0
213298,0
213306,0
213308,0
213309,0
213310,0
213311,0
213313,0
213314,0
213315,0
213321,0
213324,0
213325,0
213330,0
213332,0
213335,0
213336,0
213338,0
213341,0
213344,0
213347,0
213348,0
213357,0
213358,0
213359,0
213360,1
213362,0
213369,0
213379,0
213381,0
213382,0
213384,1
213385,0
213386,0
213387,0
213389,0
213391,0
213394,0
213396,0
213400,0
213401,0
213403,0
213405,0
213409,1
213412,0
213414,0
213420,1
213421,0
213425,0
213426,0
213436,0
213442,0
213444,0
213445,0
213447,1
213451,0
213454,0
213455,1
213461,0
213469,0
213471,0
213474,0
213475,0
213478,0
213479,0
213482,0
213483,0
213484,0
213490,0
213492,0
213499,0
213500,0
213502,0
213503,0
213505,0
213511,0
213514,0
213522,1
213523,0
213528,0
213530,0
213531,0
213535,0
213537,0
213544,0
213552,0
213553,0
213555,0
213557,0
213561,0
213565,0
213567,0
213573,0
213574,0
213575,0
213576,0
213580,0
213585,0
213586,1
213587,0
213588,0
213590,0
213591,0
213592,1
213593,0
213597,0
213598,0
213601,0
213605,0
213608,0
213610,0
213614,0
213620,0
213624,0
213626,0
213628,0
213631,0
213632,0
213634,0
213636,0
213637,1
213639,0
213641,0
213642,0
213643,0
213644,0
213646,0
213649,0
213652,0
213656,0
213657,0
213658,0
213668,0
213670,0
213676,0
213680,0
213684,1
213685,0
213686,0
213687,1
213689,1
213693,0
213695,0
213699,0
213703,0
213708,0
213709,0
213710,0
213714,0
213718,1
213720,0
213723,0
213724,0
213725,0
213730,0
213738,0
213739,0
213746,0
213750,0
213751,0
213759,0
213760,0
213762,0
213765,0
213767,0
213768,0
213775,0
213778,0
213781,0
213785,0
213788,0
213791,0
213793,0
213796,0
213797,0
213799,1
213800,0
213801,0
213803,0
213805,1
213806,0
213807,0
213810,0
213811,0
213813,0
213815,0
213817,1
213827,0
213830,0
213834,0
213837,0
213839,1
213842,0
213844,0
213845,0
213850,0
213852,1
213855,0
213856,0
213857,0
213859,0
213864,0
213868,0
213872,0
213874,0
213875,0
213880,0
213883,0
213884,0
213888,0
213889,0
213891,0
213895,0
213904,0
213907,0
213910,0
213911,0
213912,0
213922,0
213923,0
213924,0
213928,0
213935,0
213938,1
213939,0
213944,0
213946,0
213947,0
213952,0
213958,0
213959,0
213963,1
213967,0
213968,0
213969,1
213972,0
213974,0
213976,0
213981,0
213982,0
213983,0
213985,0
213991,0
213995,0
213997,0
213999,1
214002,0
214004,0
214007,0
214012,0
214014,0
214016,0
214017,0
214026,0
214028,0
214034,0
214035,0
214038,0
214039,0
214040,0
214048,0
214054,0
214057,0
214060,0
214062,1
214063,0
214067,0
214069,0
214071,1
214078,0
214079,0
214082,0
214085,0
214087,0
214088,0
214089,0
214098,0
214103,0
214105,1
214107,0
214108,0
214110,0
214112,0
214113,0
214116,0
214124,0
214125,0
214126,0
214132,0
214133,0
214142,0
214146,0
214148,0
214149,0
214151,0
214152,0
214153,0
214154,0
214156,0
214166,0
214167,0
214168,0
214170,0
214171,0
214173,0
214176,0
214177,0
214178,0
214181,0
214185,0
214187,0
214191,0
214194,0
214203,0
214204,0
214209,0
214214,0
214218,0
214224,0
214225,0
214227,0
214233,0
214239,0
214241,0
214243,0
214249,0
214253,0
214254,0
214255,0
214256,0
214258,0
214259,0
214260,0
214261,0
214265,0
214267,0
214270,0
214273,0
214274,0
214277,1
214280,0
214282,0
214286,0
214291,0
214292,0
214293,0
214296,1
214297,0
214304,0
214310,0
214318,0
214320,0
214322,0
214323,0
214329,0
214332,0
214333,0
214337,0
214343,0
214344,0
214347,0
214350,0
214351,0
214352,0
214354,0
214356,0
214357,0
214362,0
214367,0
214368,0
214370,0
214371,0
214378,1
214380,0
214383,0
214385,0
214388,0
214397,0
214398,0
214404,0
214406,0
214412,0
214419,0
214420,0
214423,0
214428,0
214432,0
214435,0
214437,0
214440,0
214445,0
214447,0
214448,0
214449,0
214453,1
214454,0
214457,0
214458,0
214459,0
214464,0
214471,1
214472,0
214475,1
214478,0
214480,0
214483,0
214484,0
214487,0
214488,0
214489,0
214492,0
214496,0
214497,0
214498,0
214499,0
214502,0
214510,0
214511,0
214515,0
214519,0
214522,0
214523,0
214524,0
214525,0
214526,0
214527,0
214529,0
214533,0
214534,0
214535,0
214538,0
214541,0
214543,0
214544,0
214545,0
214546,0
214547,0
214548,1
214549,1
214552,0
214553,0
214558,0
214560,0
214562,0
214566,0
214569,0
214571,0
214572,0
214575,1
214576,1
214580,1
214582,0
214585,0
214586,0
214589,0
214595,0
214600,0
214605,0
214609,0
214610,0
214616,0
214618,0
214619,1
214622,0
214623,0
214624,1
214625,0
214627,0
214635,0
214636,0
214639,0
214640,0
214641,1
214643,0
214644,0
214645,0
214646,0
214647,0
214652,0
214657,0
214660,0
214664,0
214667,0
214669,0
214670,0
214672,0
214674,0
214675,0
214678,0
214679,0
214686,0
214691,0
214692,0
214693,0
214698,0
214723,0
214726,0
214731,0
214733,0
214734,0
214735,0
214736,0
214740,0
214749,0
214751,0
214752,1
214755,0
214756,0
214758,0
214761,0
214762,0
214771,0
214776,0
214781,0
214783,0
214787,0
214789,0
214792,0
214793,0
214795,0
214800,0
214802,0
214803,0
214804,0
214809,0
214812,1
214813,0
214816,0
214817,1
214823,0
214824,0
214825,0
214828,0
214829,0
214830,0
214834,0
214836,0
214840,0
214844,0
214846,0
214850,0
214853,0
214855,0
214859,0
214860,0
214862,1
214863,1
214864,0
214865,0
214868,0
214871,0
214873,0
214874,0
214879,0
214881,0
214882,0
214885,1
214887,0
214888,0
214895,0
214898,0
214899,0
214904,0
214906,0
214911,0
214914,1
214917,0
214918,0
214919,0
214924,0
214929,0
214933,0
214938,0
214940,0
214942,0
214944,0
214948,0
214950,0
214953,0
214956,0
214965,0
214966,0
214967,0
214971,0
214972,1
214978,1
214979,0
214980,0
214981,0
214983,0
214985,0
214986,0
214989,0
214992,0
215001,0
215003,0
215007,0
215013,0
215014,0
215019,0
215021,0
215022,0
215026,0
215027,0
215031,0
215033,0
215034,0
215035,1
215036,0
215037,0
215039,0
215041,0
215044,0
215045,0
215046,0
215048,0
215049,1
215053,0
215057,1
215058,0
215059,0
215064,0
215065,1
215066,0
215069,0
215072,0
215075,1
215077,0
215078,0
215081,0
215092,0
215095,0
215100,0
215106,0
215110,0
215113,0
215114,0
215118,0
215123,0
215124,0
215129,0
215133,0
215135,0
215138,0
215140,0
215143,0
215146,0
215148,0
215149,0
215150,0
215157,0
215158,0
215160,0
215161,0
215162,0
215164,0
215167,0
215172,0
215176,0
215181,0
215182,0
215183,0
215185,1
215188,0
215190,0
215192,0
215196,0
215198,0
215199,0
215200,0
215201,1
215204,0
215205,0
215211,0
215213,0
215219,0
215223,0
215225,1
215231,0
215232,0
215234,0
215235,0
215236,0
215239,0
215246,0
215250,0
215258,0
215261,0
215265,0
215266,0
215268,0
215269,0
215272,0
215278,0
215280,0
215283,0
215284,0
215285,0
215286,0
215288,0
215289,0
215290,0
215294,0
215297,0
215298,0
215299,0
215304,0
215306,0
215311,0
215314,0
215315,0
215325,0
215332,0
215337,0
215339,0
215341,0
215347,0
215348,0
215349,0
215352,0
215353,0
215359,1
215362,0
215363,0
215364,0
215370,0
215376,0
215377,0
215380,0
215387,0
215391,0
215395,0
215400,0
215401,0
215402,0
215405,0
215414,0
215416,0
215420,0
215422,0
215425,0
215427,0
215428,0
215439,0
215441,0
215442,0
215444,0
215450,1
215454,0
215458,0
215462,0
215466,0
215472,0
215474,0
215475,0
215477,0
215478,0
215479,0
215480,0
215482,0
215484,0
215486,0
215488,0
215491,0
215495,0
215496,1
215501,0
215503,0
215504,0
215513,0
215514,0
215516,0
215519,0
215520,0
215528,0
215529,0
215530,0
215532,0
215536,0
215539,0
215540,0
215547,0
215549,0
215551,0
215554,0
215555,0
215556,0
215560,0
215561,1
215564,0
215570,0
215572,0
215573,0
215574,0
215579,0
215580,0
215582,1
215587,0
215589,0
215590,0
215592,0
215593,0
215599,0
215604,0
215608,0
215610,0
215611,0
215614,0
215617,0
215618,0
215621,0
215630,0
215632,0
215633,0
215637,0
215639,0
215646,0
215655,0
215664,0
215669,1
215671,0
215672,0
215674,0
215676,0
215682,0
215686,0
215690,0
215694,0
215695,0
215697,0
215698,0
215704,0
215706,0
215709,0
215714,0
215718,0
215721,0
215722,0
215728,0
215731,0
215737,0
215740,0
215741,0
215742,1
215743,0
215748,0
215749,0
215751,0
215752,0
215754,0
215756,0
215757,0
215760,0
215761,0
215763,0
215764,0
215768,0
215770,0
215772,0
215774,0
215776,1
215777,0
215783,0
215787,0
215788,0
215791,0
215795,0
215796,0
215799,0
215803,0
215810,0
215813,0
215816,0
215817,0
215818,0
215819,0
215821,0
215823,0
215826,0
215827,0
215829,0
215830,0
215833,0
215835,0
215838,0
215839,1
215842,0
215846,0
215847,0
215848,0
215852,0
215854,0
215860,0
215874,0
215875,0
215887,0
215888,0
215891,0
215900,0
215902,0
215905,0
215909,0
215915,0
215925,0
215927,0
215930,0
215933,0
215935,1
215939,0
215943,0
215944,0
215945,1
215947,0
215950,0
215951,0
215954,1
215956,0
215960,1
215961,0
215963,0
215965,0
215968,0
215970,0
215972,0
215979,0
215980,0
215986,0
215987,0
215989,0
215994,0
215999,0
216003,0
216004,0
216005,0
216009,0
216014,0
216015,0
216018,0
216023,0
216028,0
216036,0
216037,0
216038,0
216040,0
216042,0
216046,1
216053,0
216054,0
216056,1
216058,0
216063,0
216065,0
216067,0
216069,0
216070,0
216071,0
216072,1
216073,0
216075,0
216076,0
216077,0
216078,0
216080,0
216082,0
216090,0
216091,0
216094,0
216097,1
216098,0
216102,0
216105,0
216106,0
216107,0
216113,0
216114,0
216115,0
216117,0
216122,0
216125,0
216127,0
216129,0
216130,0
216135,0
216136,0
216137,0
216138,0
216144,0
216149,0
216151,0
216157,0
216159,0
216162,0
216166,0
216169,0
216170,0
216171,0
216180,0
216181,0
216183,0
216187,0
216188,0
216192,0
216193,0
216195,0
216199,0
216203,0
216206,0
216207,0
216208,0
216214,0
216216,0
216218,0
216220,0
216222,0
216224,0
216228,0
216232,0
216235,0
216241,0
216242,0
216245,0
216247,0
216251,0
216252,0
216254,0
216257,0
216263,0
216264,1
216269,0
216271,0
216274,0
216278,0
216280,0
216283,1
216286,0
216292,0
216297,0
216302,0
216305,0
216307,0
216310,0
216311,0
216316,0
216319,0
216323,0
216324,0
216327,0
216336,0
216338,0
216339,0
216340,0
216341,0
216346,0
216348,0
216350,0
216351,0
216352,1
216355,0
216356,0
216357,0
216359,0
216361,0
216365,0
216367,0
216371,0
216373,0
216374,0
216375,0
216378,0
216380,0
216383,0
216387,0
216389,0
216392,0
216395,0
216398,0
216399,0
216400,0
216407,0
216408,0
216411,0
216416,0
216425,0
216427,0
216428,0
216432,0
216434,0
216435,0
216437,1
216439,0
216440,0
216445,0
216446,0
216449,0
216450,0
216457,0
216461,0
216463,0
216465,0
216466,0
216467,0
216468,0
216471,0
216475,0
216479,0
216483,0
216485,0
216487,0
216490,0
216491,0
216492,0
216494,0
216500,0
216501,0
216502,0
216507,0
216512,0
216514,0
216515,0
216517,0
216521,0
216523,0
216524,0
216526,0
216527,0
216530,0
216539,0
216540,0
216542,0
216544,0
216545,0
216549,0
216550,0
216551,0
216552,0
216555,0
216557,0
216563,0
216564,0
216567,0
216568,0
216569,0
216570,0
216572,0
216573,0
216574,0
216579,0
216582,0
216584,0
216590,0
216592,0
216594,0
216595,0
216596,0
216597,0
216598,0
216600,0
216603,0
216605,0
216609,0
216610,0
216617,1
216618,0
216623,0
216627,0
216629,0
216630,0
216638,0
216641,0
216642,0
216643,0
216645,1
216656,0
216657,0
216660,0
216661,0
216662,0
216664,0
216665,1
216666,0
216667,1
216668,0
216672,0
216673,0
216674,0
216679,0
216680,0
216681,0
216685,1
216688,0
216691,0
216696,0
216699,0
216700,1
216701,0
216705,0
216708,0
216710,0
216711,0
216714,0
216719,0
216722,0
216728,1
216729,0
216730,0
216732,0
216733,0
216735,0
216738,0
216739,0
216742,0
216743,0
216747,0
216749,0
216750,0
216751,0
216753,1
216756,0
216759,0
216760,0
216761,0
216765,0
216766,0
216770,0
216771,0
216774,0
216779,0
216780,0
216781,0
216789,0
216791,0
216793,0
216797,0
216800,0
216801,0
216803,0
216806,0
216808,0
216813,0
216822,0
216824,0
216829,0
216834,0
216835,0
216837,0
216842,0
216844,0
216846,0
216848,0
216849,0
216850,0
216852,0
216853,0
216857,0
216860,0
216864,0
216867,0
216868,0
216875,0
216877,0
216879,0
216882,0
216883,0
216884,1
216894,0
216897,0
216899,0
216902,0
216907,0
216908,0
216909,0
216913,0
216916,0
216924,0
216925,0
216926,0
216931,0
216933,0
216934,0
216940,0
216945,0
216947,0
216950,0
216957,0
216958,0
216961,0
216965,0
216966,0
216968,0
216971,0
216977,1
216981,0
216983,0
216988,0
216989,0
216991,0
216993,0
216995,0
216996,0
216999,0
217003,0
217009,0
217011,1
217012,0
217013,0
217014,0
217017,0
217019,0
217021,0
217022,0
217024,0
217025,0
217027,1
217031,0
217032,0
217042,0
217049,0
217050,0
217052,0
217053,1
217054,0
217055,0
217056,0
217057,0
217059,1
217064,0
217068,0
217072,0
217074,0
217080,0
217086,0
217087,0
217093,1
217100,0
217102,0
217103,0
217104,0
217106,0
217108,0
217110,1
217116,0
217119,0
217120,0
217124,0
217128,0
217130,0
217134,1
217138,0
217143,0
217145,0
217154,0
217155,0
217156,0
217160,0
217161,0
217162,1
217163,0
217165,0
217166,0
217170,0
217172,0
217173,0
217176,0
217177,0
217181,0
217182,1
217183,0
217186,0
217187,0
217190,0
217191,0
217192,0
217195,0
217196,0
217201,0
217202,0
217209,0
217213,0
217215,0
217216,0
217221,0
217222,0
217224,0
217227,0
217228,0
217229,0
217231,0
217232,0
217238,0
217241,0
217245,0
217248,0
217249,0
217252,0
217259,0
217261,0
217264,0
217265,0
217266,0
217271,0
217276,1
217279,0
217281,0
217288,0
217290,0
217291,0
217293,0
217298,0
217300,0
217301,0
217302,0
217305,0
217306,0
217309,0
217310,0
217314,0
217316,0
217321,0
217323,0
217327,0
217329,0
217330,0
217331,0
217332,0
217333,0
217335,0
217336,0
217338,0
217340,0
217345,0
217357,0
217368,0
217372,0
217373,0
217376,0
217379,0
217381,0
217383,0
217387,0
217388,0
217390,0
217392,0
217397,0
217398,0
217399,0
217401,0
217402,0
217404,0
217407,0
217409,0
217411,0
217414,0
217417,0
217419,0
217425,0
217427,0
217430,0
217431,1
217435,0
217438,0
217439,0
217443,0
217444,0
217445,0
217446,0
217449,0
217451,0
217458,0
217461,0
217468,0
217472,0
217475,0
217476,0
217482,0
217483,0
217485,0
217490,0
217491,0
217494,0
217497,0
217498,0
217504,0
217506,0
217507,0
217510,0
217511,0
217512,0
217519,0
217520,0
217521,0
217523,0
217527,0
217530,0
217533,0
217534,0
217535,1
217540,0
217542,0
217548,0
217550,0
217552,1
217554,0
217557,0
217560,0
217567,0
217568,0
217573,1
217574,0
217582,0
217583,0
217586,0
217604,0
217606,0
217614,0
217619,0
217620,0
217621,0
217623,0
217630,0
217637,0
217640,0
217658,0
217666,0
217668,0
217671,0
217672,0
217673,0
217675,0
217677,0
217678,0
217686,0
217687,0
217691,0
217697,0
217699,0
217702,0
217704,1
217707,0
217711,0
217714,0
217716,0
217721,0
217722,0
217723,0
217724,0
217725,0
217726,0
217731,0
217733,0
217734,0
217736,0
217738,0
217744,0
217747,0
217758,0
217760,0
217763,0
217766,0
217768,0
217772,0
217777,0
217778,0
217779,0
217780,0
217783,0
217784,0
217785,0
217786,0
217787,1
217790,0
217791,0
217793,0
217794,0
217796,0
217798,0
217801,1
217805,1
217808,0
217810,0
217813,0
217814,0
217815,0
217817,0
217819,0
217820,0
217824,0
217826,0
217828,0
217832,0
217834,0
217842,0
217843,0
217848,0
217851,0
217854,0
217858,0
217861,0
217864,0
217865,1
217867,0
217874,0
217877,0
217879,0
217880,0
217881,0
217882,0
217888,0
217891,0
217893,0
217894,0
217901,1
217903,0
217906,0
217907,0
217908,0
217910,0
217914,0
217915,0
217916,0
217918,0
217919,0
217921,0
217922,0
217923,0
217928,0
217929,0
217930,0
217931,0
217932,0
217933,0
217937,0
217941,0
217945,0
217948,1
217949,0
217950,0
217954,0
217955,0
217956,0
217963,0
217968,0
217973,1
217979,0
217980,0
217982,0
217993,0
217998,0
218003,0
218004,0
218006,0
218009,0
218013,0
218014,0
218017,0
218020,0
218022,0
218023,0
218024,0
218026,0
218033,0
218035,0
218036,0
218037,0
218046,0
218050,1
218052,0
218054,0
218055,0
218058,0
218061,0
218063,0
218064,0
218069,0
218071,0
218077,0
218081,0
218086,0
218093,0
218094,0
218095,0
218102,0
218108,1
218109,0
218111,0
218113,0
218119,0
218120,0
218123,0
218125,0
218127,0
218128,0
218130,0
218132,0
218136,1
218137,0
218138,0
218139,0
218143,0
218151,0
218152,0
218153,0
218154,0
218157,1
218158,0
218161,1
218168,0
218169,0
218176,0
218177,0
218178,0
218180,0
218181,0
218183,0
218186,0
218188,0
218189,0
218191,0
218195,0
218197,0
218199,1
218204,0
218205,0
218220,0
218222,0
218223,0
218226,0
218236,0
218239,0
218242,0
218243,1
218244,0
218250,0
218252,0
218255,0
218256,0
218259,1
218261,0
218267,0
218270,0
218275,1
218277,0
218278,0
218279,1
218280,0
218281,0
218282,0
218285,0
218286,0
218290,0
218291,0
218293,0
218297,1
218298,0
218299,1
218301,0
218303,0
218304,0
218305,0
218307,0
218309,0
218310,0
218319,0
218323,0
218327,0
218329,0
218337,1
218339,0
218340,0
218345,0
218348,0
218351,0
218356,0
218357,0
218358,0
218363,0
218372,1
218374,0
218375,0
218376,0
218382,0
218384,0
218385,0
218392,0
218393,0
218396,0
218401,0
218402,0
218404,0
218405,0
218408,0
218415,0
218421,0
218423,0
218424,0
218427,0
218431,0
218433,0
218435,0
218436,0
218437,0
218440,0
218441,0
218449,0
218450,1
218451,0
218456,1
218460,0
218461,0
218463,0
218464,0
218467,0
218471,0
218474,1
218475,0
218476,0
218479,0
218486,0
218493,0
218494,0
218495,0
218497,0
218498,0
218500,0
218502,1
218508,1
218510,0
218511,0
218513,0
218514,0
218519,0
218521,0
218527,0
218536,0
218538,0
218540,1
218544,0
218548,0
218550,0
218553,0
218557,0
218559,0
218560,0
218561,0
218565,0
218566,0
218571,0
218572,0
218573,1
218578,0
218580,0
218583,0
218588,0
218592,0
218595,1
218597,0
218599,0
218606,0
218609,1
218610,0
218618,0
218625,1
218626,0
218627,0
218628,0
218631,0
218637,0
218640,0
218641,0
218643,0
218644,0
218645,0
218648,0
218649,0
218655,0
218656,0
218660,0
218664,0
218665,0
218667,0
218669,0
218670,1
218671,0
218672,0
218675,0
218676,0
218678,0
218681,0
218686,0
218689,0
218690,0
218691,0
218696,0
218697,0
218699,0
218702,0
218704,0
218708,0
218713,0
218714,0
218716,0
218721,0
218722,0
218725,1
218733,0
218734,0
218737,0
218738,0
218740,1
218741,0
218747,0
218748,0
218754,0
218755,0
218756,0
218757,0
218761,0
218762,0
218768,0
218769,1
218773,0
218774,0
218775,0
218778,1
218779,0
218781,0
218782,0
218783,0
218784,0
218785,0
218789,0
218791,0
218797,0
218799,0
218800,0
218801,0
218811,0
218815,0
218818,0
218819,0
218826,0
218827,0
218830,0
218834,1
218836,0
218837,0
218844,0
218852,0
218855,0
218859,0
218860,0
218861,0
218864,0
218866,1
218869,0
218871,0
218874,0
218875,0
218876,0
218879,0
218880,0
218881,0
218883,0
218887,0
218894,1
218895,0
218897,0
218899,0
218904,0
218907,0
218908,1
218909,0
218910,0
218911,0
218912,0
218917,0
218918,0
218919,0
218923,0
218929,0
218931,0
218938,0
218939,0
218943,0
218949,0
218951,1
218954,0
218958,0
218969,0
218971,0
218977,0
218983,0
218987,0
218989,0
218995,0
218997,0
219006,0
219013,0
219018,0
219019,0
219021,0
219025,0
219027,0
219029,0
219030,0
219034,0
219035,0
219036,0
219039,0
219041,0
219048,0
219049,0
219052,0
219056,0
219057,0
219058,0
219062,0
219064,0
219065,0
219066,0
219067,0
219069,1
219070,0
219072,0
219074,0
219080,0
219083,0
219087,0
219088,0
219089,0
219094,0
219099,0
219102,0
219103,0
219104,0
219108,0
219110,0
219120,0
219128,0
219129,0
219131,0
219132,0
219134,0
219138,0
219140,0
219148,0
219149,0
219154,0
219157,0
219158,0
219162,0
219163,0
219166,0
219167,0
219170,0
219172,0
219175,0
219176,0
219184,0
219188,0
219193,0
219195,0
219199,0
219200,0
219212,0
219214,0
219216,0
219218,0
219220,0
219222,0
219224,0
219226,0
219228,0
219231,1
219232,0
219235,0
219239,0
219242,0
219243,0
219244,0
219250,0
219251,0
219253,0
219255,0
219258,0
219259,0
219260,1
219261,0
219262,0
219265,0
219269,0
219276,0
219277,0
219279,0
219280,0
219281,0
219284,0
219286,0
219287,0
219288,0
219290,0
219293,0
219296,0
219297,0
219298,0
219302,0
219303,0
219305,0
219306,0
219309,0
219311,0
219312,0
219313,0
219318,0
219321,0
219328,0
219333,1
219336,0
219343,0
219344,0
219345,0
219347,0
219350,0
219351,0
219352,0
219354,0
219356,0
219362,0
219367,0
219377,0
219378,0
219386,0
219394,0
219397,0
219398,0
219399,0
219400,1
219402,0
219403,0
219410,0
219411,1
219412,0
219416,0
219428,0
219429,0
219430,0
219431,0
219433,0
219438,0
219441,1
219443,1
219447,0
219451,0
219452,0
219453,0
219463,0
219464,0
219465,0
219466,0
219469,0
219471,0
219472,0
219476,0
219482,0
219483,0
219484,0
219487,0
219491,0
219492,0
219497,0
219498,0
219501,1
219502,0
219506,0
219507,0
219508,0
219511,0
219512,0
219513,0
219514,0
219518,0
219523,0
219524,0
219525,0
219528,0
219530,0
219532,0
219533,0
219534,0
219538,0
219541,0
219542,0
219543,1
219551,0
219553,0
219556,0
219557,0
219558,0
219561,0
219564,0
219565,0
219568,0
219569,1
219570,0
219572,0
219574,0
219577,0
219581,0
219583,0
219588,0
219591,0
219592,0
219593,0
219596,0
219598,1
219600,0
219603,0
219607,0
219609,0
219614,0
219617,0
219619,0
219621,1
219625,0
219632,0
219635,0
219636,0
219637,0
219638,0
219642,0
219651,0
219652,0
219653,0
219654,0
219658,0
219662,0
219663,0
219664,0
219665,0
219668,1
219669,0
219673,0
219674,0
219675,0
219676,0
219679,0
219680,0
219689,1
219697,0
219698,0
219701,0
219709,0
219710,0
219714,0
219717,0
219718,0
219721,0
219726,0
219729,0
219731,0
219737,0
219738,0
219739,0
219740,0
219742,0
219743,0
219745,0
219749,0
219750,0
219752,0
219754,0
219764,0
219765,0
219769,0
219770,0
219771,0
219773,0
219774,0
219781,0
219782,1
219783,0
219789,0
219793,0
219796,0
219799,0
219800,1
219804,0
219805,1
219807,0
219815,0
219816,0
219821,0
219823,1
219830,0
219831,0
219833,0
219835,0
219836,0
219839,1
219840,0
219843,0
219845,0
219846,0
219857,0
219859,0
219865,0
219868,0
219869,0
219870,0
219873,0
219876,0
219880,0
219883,0
219886,1
219890,0
219892,0
219894,0
219895,0
219896,0
219898,0
219899,0
219905,0
219906,0
219909,0
219911,0
219913,0
219914,0
219919,0
219922,0
219923,1
219926,0
219927,0
219929,0
219930,0
219933,0
219938,0
219948,0
219949,0
219953,0
219960,0
219963,0
219964,0
219967,0
219970,0
219972,0
219973,0
219976,0
219980,0
219981,1
219983,0
219984,0
219990,0
219999,0
220001,0
220007,0
220011,0
220012,0
220018,0
220019,0
220020,0
220021,0
220022,0
220026,0
220028,0
220033,0
220037,0
220039,0
220042,0
220051,0
220052,0
220054,1
220055,0
220056,0
220058,0
220061,0
220062,0
220065,0
220071,0
220079,0
220086,0
220090,0
220091,0
220093,0
220095,0
220099,0
220100,1
220104,0
220111,0
220116,0
220117,0
220119,0
220121,0
220123,0
220126,0
220127,0
220139,0
220141,0
220143,0
220144,0
220148,0
220154,0
220155,0
220164,0
220165,0
220168,1
220169,0
220171,0
220180,0
220181,0
220182,0
220183,0
220184,0
220190,0
220195,0
220196,0
220199,0
220200,0
220201,0
220202,0
220206,0
220213,0
220215,0
220217,0
220218,0
220222,0
220223,0
220225,0
220227,0
220229,0
220231,0
220234,0
220238,1
220241,0
220243,1
220244,0
220250,1
220251,0
220254,0
220255,0
220258,0
220259,0
220262,0
220264,0
220265,0
220267,0
220270,0
220273,0
220279,0
220280,0
220281,0
220282,1
220288,0
220292,0
220294,1
220297,1
220298,0
220307,1
220310,0
220314,0
220316,0
220318,0
220327,0
220330,0
220331,0
220333,0
220335,0
220338,0
220344,0
220348,0
220352,0
220353,0
220356,0
220357,0
220358,0
220359,0
220361,0
220362,0
220366,0
220367,0
220368,0
220369,0
220370,1
220371,0
220375,0
220377,1
220382,0
220384,0
220385,1
220396,0
220399,0
220400,0
220404,0
220406,0
220407,0
220410,0
220412,0
220417,0
220418,1
220420,0
220424,0
220426,0
220431,0
220432,0
220438,1
220439,1
220441,0
220443,0
220444,1
220446,0
220453,0
220456,0
220460,0
220461,0
220469,0
220472,0
220473,0
220476,0
220477,0
220480,0
220481,0
220482,0
220483,0
220484,0
220485,0
220487,0
220493,0
220495,0
220496,0
220500,0
220502,0
220503,1
220504,0
220507,0
220508,0
220509,0
220511,0
220512,0
220517,0
220523,0
220524,0
220529,0
220535,0
220537,0
220538,0
220539,0
220545,0
220548,0
220551,0
220555,0
220557,0
220558,0
220560,0
220562,0
220564,0
220568,0
220574,0
220575,0
220577,0
220578,0
220580,0
220587,1
220588,0
220592,0
220593,0
220594,1
220599,0
220600,0
220602,0
220605,0
220607,0
220612,1
220613,0
220614,0
220617,0
220621,0
220631,0
220632,0
220634,0
220636,0
220647,0
220652,0
220655,0
220660,0
220664,0
220665,0
220670,0
220678,0
220679,0
220682,0
220684,0
220685,0
220697,0
220699,0
220702,0
220706,0
220714,0
220715,0
220718,0
220719,0
220729,0
220733,0
220739,0
220749,0
220751,0
220752,0
220754,0
220759,1
220760,0
220763,1
220764,1
220771,0
220772,0
220773,0
220775,0
220776,0
220777,0
220783,0
220785,0
220789,0
220791,0
220793,0
220794,0
220796,0
220802,0
220809,0
220810,0
220812,0
220813,0
220817,0
220819,0
220821,0
220824,0
220826,0
220828,0
220829,0
220832,0
220835,0
220836,0
220837,0
220838,0
220840,0
220841,0
220844,0
220845,0
220846,0
220849,0
220851,1
220853,0
220857,0
220862,0
220863,0
220864,0
220867,0
220869,0
220871,0
220872,0
220885,0
220886,0
220894,1
220900,0
220907,0
220908,0
220918,0
220919,0
220922,0
220923,0
220925,0
220932,0
220934,0
220939,0
220943,0
220946,0
220949,0
220950,0
220956,0
220957,0
220958,0
220965,0
220967,0
220970,0
220971,1
220976,0
220978,0
220984,0
220987,0
220988,0
220990,0
220993,0
220999,0
221003,0
221005,0
221011,0
221012,0
221017,0
221018,1
221022,0
221023,0
221024,0
221025,0
221026,0
221035,1
221037,0
221040,0
221043,0
221045,1
221049,0
221050,0
221057,0
221058,0
221060,0
221062,0
221063,0
221065,0
221071,0
221072,0
221073,0
221077,0
221078,0
221080,0
221092,0
221093,0
221097,0
221104,0
221107,0
221111,0
221113,0
221120,0
221121,0
221125,0
221126,0
221128,0
221132,0
221134,0
221136,0
221137,0
221139,0
221148,1
221152,0
221153,0
221156,0
221158,0
221160,0
221161,0
221166,0
221170,0
221172,0
221174,1
221175,0
221176,0
221177,0
221178,0
221181,0
221183,0
221184,0
221186,0
221188,0
221194,0
221199,0
221202,0
221204,0
221207,0
221214,0
221221,0
221227,0
221229,0
221230,0
221232,0
221236,0
221237,0
221239,0
221246,0
221247,0
221248,1
221254,0
221256,0
221261,0
221262,0
221265,0
221267,0
221274,0
221277,0
221278,0
221280,0
221281,0
221282,0
221283,0
221285,0
221288,0
221291,0
221293,0
221297,1
221298,0
221299,0
221301,0
221304,0
221307,1
221310,0
221312,0
221322,0
221326,0
221327,1
221328,0
221330,0
221332,0
221334,0
221337,0
221343,0
221344,0
221348,0
221349,0
221350,0
221355,0
221364,0
221365,1
221373,0
221376,0
221381,0
221390,0
221391,0
221395,0
221396,0
221397,0
221398,0
221400,0
221401,0
221404,0
221405,0
221407,0
221408,0
221409,0
221411,0
221412,0
221413,0
221415,0
221416,0
221419,1
221420,0
221422,0
221423,0
221426,0
221427,0
221432,0
221434,0
221443,1
221449,0
221450,0
221455,0
221457,0
221458,1
221463,0
221471,0
221473,0
