id,keyword_density
2,3.0
3,0.0
9,3.0
16,1.0
17,1.0
18,4.0
20,4.0
21,4.0
23,2.5
27,1.0
34,8.0
35,2.75
37,1.0
38,5.0
48,5.0
51,0.0
65,8.0
69,1.0
75,0.0
81,0.0
85,1.0
88,2.0
90,0.0
92,0.0
101,1.0
105,2.0
106,2.0
113,3.0
114,2.0
117,5.0
120,2.5
122,3.5
123,5.0
125,5.0
127,2.0
136,1.0
138,4.0
143,2.0
147,0.0
149,2.0
150,0.0
157,2.0
158,2.0
162,3.0
164,0.0
165,4.0
166,2.0
172,0.0
177,1.5
178,2.0
179,2.3333333333333335
181,1.0
182,2.0
186,4.0
191,2.0
193,2.0
195,0.0
201,4.0
202,3.3333333333333335
203,4.0
205,3.0
210,1.5
214,1.6666666666666667
215,1.5
223,0.0
226,1.0
227,3.0
233,2.5
241,1.0
245,1.0
255,2.0
257,0.0
259,5.0
261,2.0
266,5.0
270,0.0
272,0.0
275,1.5
276,1.5
284,2.3333333333333335
290,3.0
293,2.0
294,1.6666666666666667
297,0.0
305,0.0
314,9.0
318,5.5
319,7.0
323,3.0
327,3.0
331,3.0
334,2.0
335,2.0
340,0.0
341,5.0
343,8.0
346,3.0
347,0.0
350,13.0
351,0.0
354,3.0
355,1.0
359,2.0
361,6.0
363,3.5
365,6.0
373,2.0
374,2.0
375,2.0
385,0.0
389,4.0
397,0.0
400,1.0
401,2.0
402,2.6666666666666665
403,1.3333333333333333
407,6.0
408,6.0
411,0.0
413,6.0
418,4.0
421,5.0
422,2.6666666666666665
440,7.333333333333333
444,5.5
445,5.5
446,5.0
447,6.0
452,5.75
454,5.75
455,6.0
456,8.5
458,8.5
459,8.5
461,2.0
468,2.5
469,3.5
470,2.0
473,4.0
475,8.0
476,4.5
478,4.5
479,2.0
480,4.0
481,4.0
485,0.0
491,1.5
492,1.0
497,2.5
500,4.0
501,0.0
508,1.0
511,1.0
516,1.0
517,0.0
524,2.5
533,2.0
536,4.0
542,0.0
544,1.0
549,4.0
551,8.0
557,3.0
559,3.0
562,8.0
563,6.333333333333333
568,4.0
571,4.0
572,3.0
573,0.0
576,2.0
581,1.6666666666666667
582,4.0
583,3.0
584,3.0
585,9.0
591,1.0
593,4.666666666666667
595,2.0
600,1.3333333333333333
605,3.5
606,2.0
611,1.0
619,1.8
626,4.0
630,3.5
634,2.0
635,1.5
636,1.5
637,0.0
640,1.0
642,4.0
643,8.0
644,2.0
646,3.0
652,2.6666666666666665
653,0.0
659,0.0
660,0.0
661,1.0
662,1.0
663,2.0
666,2.0
668,2.0
669,3.0
670,1.5
671,1.5
674,3.6666666666666665
677,3.0
679,1.5
680,1.6666666666666667
682,1.5
686,2.5
687,5.5
688,3.0
690,5.0
691,4.0
696,3.0
700,3.0
712,2.0
713,1.0
715,1.0
718,1.0
722,1.0
726,2.0
731,1.0
734,0.0
737,0.0
739,3.5
740,6.0
742,3.0
743,1.0
745,24.0
748,0.0
749,2.0
751,2.0
753,0.0
756,1.0
758,3.0
759,0.0
760,1.0
763,3.6666666666666665
764,0.0
765,5.0
771,1.0
773,0.0
778,4.0
784,3.0
787,3.0
790,1.0
791,2.5
800,2.5
801,4.0
811,1.5
812,0.0
817,0.0
818,0.0
819,0.0
824,3.0
826,3.0
828,1.6666666666666667
831,1.6666666666666667
832,2.0
837,2.0
843,3.0
844,2.5
847,1.0
852,1.0
857,1.0
862,3.3333333333333335
867,0.0
868,1.5
869,1.0
872,1.0
876,1.0
878,1.5
881,3.0
882,1.5
885,1.5
886,2.5
893,4.0
894,0.0
895,1.0
898,4.0
899,2.75
902,3.0
908,2.0
909,2.0
910,1.75
912,0.0
918,2.0
922,0.0
923,1.0
928,0.0
929,2.0
934,3.0
940,2.5
944,0.0
954,1.0
958,1.0
962,1.0
963,0.0
969,1.6666666666666667
974,0.0
978,9.0
984,1.0
991,3.5
1000,5.0
1001,0.0
1004,3.5
1007,2.0
1008,2.0
1019,1.0
1020,1.0
1022,1.0
1026,1.0
1028,0.0
1031,8.0
1038,3.3333333333333335
1040,0.0
1051,2.5
1053,2.3333333333333335
1056,0.0
1060,4.0
1062,4.0
1065,1.5
1068,1.5
1072,2.0
1073,1.5
1074,1.5
1076,1.0
1080,0.0
1081,1.0
1083,3.0
1084,2.0
1086,2.0
1090,3.0
1095,0.0
1097,2.0
1098,2.0
1101,0.0
1103,1.5
1104,0.0
1107,2.0
1108,0.0
1116,1.5
1121,1.0
1128,4.0
1129,4.0
1132,4.0
1134,2.0
1135,3.0
1138,2.0
1142,2.0
1145,2.5
1146,2.0
1148,2.0
1151,2.0
1155,1.0
1159,1.5
1164,6.0
1165,0.0
1168,5.0
1171,7.0
1172,1.0
1176,7.0
1177,3.0
1180,0.0
1185,2.0
1191,3.5
1192,3.5
1195,4.0
1196,3.0
1205,1.0
1206,3.0
1208,1.0
1212,1.0
1215,0.0
1216,1.0
1218,2.0
1220,0.0
1224,2.0
1227,1.5
1228,5.0
1230,5.0
1231,5.0
1237,3.0
1238,2.6666666666666665
1243,13.333333333333334
1248,1.0
1252,1.0
1253,1.0
1257,0.0
1266,0.0
1267,0.0
1273,1.0
1275,1.0
1276,1.0
1279,2.0
1287,5.5
1289,6.5
1291,1.5
1296,3.0
1300,0.0
1302,2.0
1303,3.0
1316,3.0
1317,6.0
1320,3.6666666666666665
1323,0.0
1326,4.0
1335,8.0
1338,3.0
1340,13.0
1344,1.0
1345,1.0
1347,1.0
1348,2.0
1349,1.5
1355,1.0
1356,3.5
1357,0.0
1359,2.0
1364,4.0
1366,2.5
1377,0.0
1387,0.0
1388,0.0
1394,0.0
1395,2.0
1397,1.5
1399,1.6
1401,1.3333333333333333
1403,1.75
1405,1.3333333333333333
1408,0.0
1414,2.0
1419,5.0
1422,4.0
1427,4.0
1431,0.0
1433,1.0
1434,1.0
1436,4.0
1439,0.0
1443,8.0
1444,0.0
1449,4.0
1453,2.0
1454,2.0
1458,3.0
1468,2.0
1471,2.0
1472,0.0
1473,0.0
1479,0.0
1481,3.6666666666666665
1483,6.0
1486,2.0
1487,3.5
1490,2.5
1491,3.6666666666666665
1492,6.0
1496,6.0
1497,4.5
1501,6.0
1504,0.0
1506,4.0
1509,0.0
1512,5.0
1528,3.0
1538,3.0
1542,3.0
1546,4.0
1548,2.5
1554,1.0
1560,4.0
1561,4.0
1562,0.0
1568,3.0
1569,2.75
1571,4.0
1572,5.5
1576,5.0
1577,3.5
1578,2.5
1587,3.5
1588,2.5
1593,2.5
1595,2.5
1609,0.0
1610,2.0
1612,3.0
1616,0.0
1617,2.0
1622,4.0
1624,4.0
1627,2.0
1633,1.0
1634,3.5
1637,3.5
1640,2.0
1643,2.0
1645,1.0
1647,1.0
1648,1.0
1653,0.0
1654,0.0
1655,1.6666666666666667
1656,1.5
1657,2.0
1661,1.0
1664,4.0
1667,2.0
1669,6.0
1670,4.0
1671,7.0
1672,7.0
1673,7.0
1675,7.0
1677,4.0
1681,0.0
1691,4.0
1692,3.5
1696,0.0
1702,1.0
1703,1.0
1704,1.0
1705,1.0
1713,1.0
1715,1.0
1721,6.0
1722,3.0
1724,4.0
1726,6.5
1731,0.0
1733,0.0
1738,0.0
1740,1.0
1741,0.0
1742,1.0
1746,1.3333333333333333
1749,1.0
1753,2.0
1762,2.0
1765,5.5
1771,1.5
1774,1.5
1777,1.0
1779,4.0
1780,4.5
1782,2.5
1784,1.0
1785,1.5
1786,0.0
1790,2.5
1797,5.5
1804,2.0
1805,2.0
1811,2.3333333333333335
1815,2.5
1816,3.0
1818,4.0
1821,1.0
1824,2.0
1829,3.0
1830,0.0
1835,0.0
1841,1.0
1844,2.5
1845,0.0
1846,2.5
1847,1.0
1848,1.0
1851,1.0
1852,2.3333333333333335
1853,3.0
1855,1.5
1858,4.0
1861,4.0
1862,2.5
1867,6.0
1868,4.5
1870,4.5
1872,0.0
1875,1.0
1881,2.5
1883,1.0
1894,1.5
1896,1.5
1899,2.0
1907,4.0
1914,0.0
1915,4.5
1918,1.0
1920,1.0
1921,3.5
1922,3.5
1923,2.5
1924,1.0
1927,2.0
1931,3.5
1933,2.0
1939,0.0
1941,0.0
1943,2.0
1956,1.5
1959,2.0
1961,0.0
1963,0.0
1964,2.0
1966,0.0
1967,1.0
1970,1.0
1977,1.0
1979,3.0
1982,2.0
1983,2.0
1987,4.0
1989,1.0
1994,1.5
1998,2.0
2000,2.0
2001,2.0
2002,1.5
2003,2.0
2006,1.6666666666666667
2008,1.5
2011,4.0
2013,2.5
2019,0.0
2021,0.0
2022,2.75
2023,5.0
2024,0.0
2025,1.0
2029,0.0
2037,3.0
2039,2.5
2041,2.5
2042,0.0
2047,2.0
2050,2.0
2052,0.0
2056,1.5
2060,0.0
2062,0.0
2064,0.0
2065,0.0
2066,0.0
2070,1.0
2073,1.5
2074,0.0
2081,2.0
2082,1.5
2083,2.0
2085,4.5
2086,4.5
2088,0.0
2089,0.0
2095,0.0
2097,1.6666666666666667
2098,1.6666666666666667
2103,0.0
2106,0.0
2107,5.5
2109,2.6666666666666665
2113,3.0
2115,1.0
2117,2.0
2118,2.5
2126,0.0
2130,1.0
2133,4.0
2136,2.0
2137,0.0
2139,1.5
2146,1.0
2148,2.0
2149,3.0
2151,3.0
2153,10.0
2154,6.0
2157,8.0
2158,4.0
2160,0.0
2163,0.0
2166,2.0
2167,2.0
2169,0.0
2173,0.0
2176,0.0
2181,4.666666666666667
2182,2.5
2188,5.25
2189,4.5
2190,4.5
2201,0.0
2204,0.0
2206,3.0
2210,0.0
2211,1.0
2218,2.0
2222,2.0
2224,1.5
2226,2.3333333333333335
2237,7.5
2242,2.0
2245,2.0
2248,5.0
2251,0.0
2257,1.5
2258,1.5
2259,1.5
2270,2.0
2273,1.0
2275,0.0
2277,2.0
2279,2.0
2281,2.5
2283,4.0
2284,0.0
2288,1.0
2291,0.0
2292,0.0
2293,1.0
2297,1.0
2298,1.0
2299,5.0
2300,0.0
2303,0.0
2306,2.0
2310,1.0
2312,1.0
2315,0.0
2321,2.0
2323,2.0
2325,6.0
2326,6.0
2328,6.0
2333,2.0
2334,3.0
2339,6.0
2346,0.0
2351,1.0
2359,1.0
2365,2.0
2369,2.0
2374,2.0
2375,1.6666666666666667
2381,2.0
2385,1.0
2393,1.0
2398,3.0
2403,4.0
2409,2.0
2410,3.0
2413,6.0
2416,4.5
2420,1.0
2421,3.0
2423,0.0
2424,3.0
2426,2.0
2433,2.0
2435,2.0
2439,1.0
2442,1.0
2443,1.0
2448,1.0
2449,0.0
2451,5.0
2453,4.0
2455,2.0
2456,3.0
2461,2.0
2462,2.0
2464,2.5
2465,0.0
2466,3.0
2468,1.0
2470,1.3333333333333333
2471,1.5
2474,2.0
2475,2.0
2478,4.0
2484,2.0
2485,2.5
2489,1.0
2490,0.0
2500,5.0
2502,1.0
2507,0.0
2513,1.3333333333333333
2514,1.5
2515,1.3333333333333333
2516,5.0
2534,1.0
2535,1.6666666666666667
2538,1.6666666666666667
2539,2.5
2540,2.5
2545,5.0
2551,5.0
2555,1.0
2556,1.0
2562,3.0
2571,1.5
2575,1.0
2578,1.0
2581,4.0
2582,1.0
2585,0.0
2592,3.0
2598,5.0
2604,8.0
2605,5.5
2608,5.0
2616,5.75
2617,8.5
2621,5.75
2622,2.5
2626,1.3333333333333333
2627,0.0
2628,2.5
2636,2.5
2642,0.0
2643,12.0
2654,5.0
2657,0.0
2660,5.0
2662,7.0
2666,3.0
2669,3.0
2670,1.0
2671,1.0
2672,1.0
2673,1.0
2675,1.6666666666666667
2677,2.0
2680,1.0
2685,2.6666666666666665
2686,2.0
2688,2.0
2691,3.0
2695,1.0
2696,1.0
2697,1.25
2698,2.0
2700,1.5
2704,3.0
2708,0.0
2709,1.0
2710,1.0
2712,1.0
2715,1.5
2725,2.5
2728,3.0
2729,2.0
2733,2.5
2735,2.0
2736,2.5
2737,2.5
2741,2.3333333333333335
2744,1.0
2750,3.0
2752,3.0
2755,6.5
2758,3.3333333333333335
2768,1.3333333333333333
2777,3.0
2782,0.0
2784,4.0
2785,3.0
2786,3.0
2787,4.0
2791,1.0
2796,2.0
2798,1.5
2800,1.5
2802,2.0
2808,4.0
2816,0.0
2818,3.0
2820,3.0
2823,15.666666666666666
2826,7.0
2831,1.3333333333333333
2833,3.0
2834,3.0
2835,2.0
2836,1.0
2838,3.0
2839,4.0
2841,2.0
2845,2.3333333333333335
2846,1.5
2847,1.0
2853,1.3333333333333333
2855,1.0
2859,1.5
2861,5.0
2865,1.0
2866,1.0
2867,1.0
2869,1.0
2870,2.5
2871,6.0
2872,6.0
2874,0.0
2875,6.0
2876,6.0
2880,5.0
2882,5.0
2883,11.5
2885,15.0
2887,15.0
2892,11.5
2894,10.333333333333334
2895,4.5
2896,3.0
2897,0.0
2898,2.0
2899,0.0
2901,2.0
2902,4.0
2905,1.0
2909,0.0
2912,2.0
2914,1.0
2915,1.0
2918,1.0
2920,0.0
2921,3.0
2924,1.0
2932,0.0
2935,2.0
2943,3.5
2944,3.5
2949,4.0
2958,3.5
2964,3.3333333333333335
2966,1.6666666666666667
2968,3.0
2971,4.0
2973,1.0
2974,2.5
2975,4.0
2976,0.0
2980,3.0
2984,0.0
2987,1.0
2990,0.0
2991,0.0
3002,0.0
3004,1.0
3008,0.0
3010,0.0
3012,0.0
3013,0.0
3017,2.0
3021,1.0
3026,2.0
3029,4.0
3030,2.5
3032,0.0
3036,1.0
3039,0.0
3044,0.0
3050,6.2
3055,6.0
3056,6.0
3066,8.666666666666666
3067,11.5
3069,9.0
3070,2.0
3076,4.0
3078,3.0
3079,4.0
3082,1.0
3086,0.0
3089,1.0
3092,2.5
3096,1.0
3098,0.0
3101,3.0
3104,4.0
3105,4.0
3114,2.6666666666666665
3115,2.0
3116,2.3333333333333335
3121,1.0
3126,1.0
3127,2.0
3128,0.0
3134,2.0
3135,5.0
3136,3.0
3138,3.0
3139,1.0
3140,1.0
3143,1.0
3144,1.0
3147,0.0
3151,2.5
3159,3.3333333333333335
3161,2.6666666666666665
3163,3.0
3165,3.5
3170,4.5
3171,0.0
3172,0.0
3179,4.5
3181,8.0
3187,1.0
3190,3.0
3192,0.0
3194,0.0
3199,3.0
3200,2.0
3202,3.0
3211,1.6666666666666667
3213,2.0
3214,2.0
3215,2.0
3223,2.0
3225,3.0
3227,0.0
3229,0.0
3231,5.0
3232,2.0
3235,2.0
3238,8.0
3241,5.0
3246,0.0
3249,0.0
3250,1.0
3254,0.0
3256,2.0
3260,1.0
3268,0.0
3270,2.6666666666666665
3272,4.0
3274,2.5
3276,2.0
3281,0.0
3285,1.0
3288,1.0
3292,1.0
3295,0.0
3301,1.0
3304,0.0
3309,0.0
3311,0.0
3312,7.0
3314,0.0
3315,0.0
3322,2.0
3323,0.0
3327,1.6666666666666667
3328,1.0
3330,1.0
3331,0.0
3333,4.0
3338,2.5
3341,2.0
3342,2.5
3344,4.5
3346,4.5
3348,0.0
3354,1.0
3356,2.0
3359,1.5
3360,1.0
3366,0.0
3369,3.0
3374,3.0
3388,4.0
3389,1.0
3391,0.0
3392,1.0
3397,1.0
3400,0.0
3403,1.0
3406,1.0
3407,1.5
3410,1.5
3411,2.0
3412,2.0
3414,1.5
3416,1.0
3417,5.0
3418,5.0
3422,5.0
3430,3.0
3440,3.0
3443,1.6666666666666667
3446,0.0
3447,4.0
3449,2.5
3453,2.3333333333333335
3457,15.0
3460,0.0
3470,1.5
3471,1.3333333333333333
3473,6.5
3475,3.5
3477,1.0
3479,2.0
3485,1.5
3486,2.0
3487,3.5
3488,1.5
3490,3.5
3491,2.0
3494,1.5
3496,2.6666666666666665
3499,3.0
3506,0.0
3507,0.0
3509,0.0
3513,3.0
3515,1.0
3516,1.0
3517,1.0
3520,1.0
3521,0.0
3522,3.0
3523,1.0
3535,1.3333333333333333
3536,1.25
3540,1.0
3541,1.0
3543,4.0
3552,0.0
3553,4.0
3558,7.0
3561,6.0
3564,1.0
3570,6.0
3576,2.0
3578,3.5
3579,0.0
3580,5.0
3583,3.5
3584,5.0
3590,1.0
3591,9.0
3597,5.0
3604,5.0
3606,3.0
3610,0.0
3611,1.0
3612,0.0
3614,0.0
3615,2.0
3616,0.0
3618,0.0
3624,2.0
3625,1.6666666666666667
3627,3.0
3629,2.0
3632,1.0
3635,0.0
3636,0.0
3638,1.5
3639,4.666666666666667
3640,4.0
3641,6.0
3643,3.8
3647,1.0
3651,3.3333333333333335
3657,5.0
3658,2.0
3661,1.6666666666666667
3665,1.0
3669,3.5
3675,2.6666666666666665
3678,0.0
3680,2.0
3683,7.0
3685,4.0
3690,0.0
3692,5.0
3695,2.0
3699,2.3333333333333335
3700,5.0
3702,2.3333333333333335
3704,5.5
3708,1.0
3710,3.0
3715,2.0
3718,0.0
3719,0.0
3720,4.0
3723,2.0
3725,1.0
3726,1.5
3727,1.5
3731,2.0
3736,0.0
3737,5.0
3739,0.0
3750,1.6666666666666667
3758,4.0
3760,2.5
3763,0.0
3769,3.0
3773,3.0
3777,4.5
3778,2.5
3781,3.0
3784,3.0
3786,1.0
3791,1.0
3792,1.0
3793,1.25
3794,1.3333333333333333
3796,1.0
3800,1.0
3802,2.0
3803,2.0
3807,2.0
3809,1.6666666666666667
3811,2.5
3821,3.0
3822,2.0
3823,2.5
3824,3.0
3826,0.0
3828,0.0
3830,0.0
3835,2.5
3838,2.0
3844,3.5
3846,0.0
3851,5.0
3858,5.5
3859,5.5
3861,5.5
3868,5.5
3878,1.5
3882,2.5
3883,1.0
3887,2.0
3890,1.0
3893,2.0
3894,3.0
3895,3.0
3900,1.5
3901,2.0
3904,1.0
3906,0.0
3909,5.0
3913,0.0
3914,4.0
3916,7.0
3917,4.0
3918,4.0
3921,1.5
3924,3.0
3926,1.0
3929,2.0
3930,5.0
3933,5.0
3934,5.0
3935,0.0
3937,0.0
3940,3.5
3942,4.0
3947,15.0
3952,1.0
3956,4.0
3959,3.0
3960,4.0
3966,3.0
3968,2.5
3971,4.666666666666667
3977,4.5
3979,0.0
3980,2.0
3984,0.0
3985,2.0
3988,2.75
3990,3.3333333333333335
3994,2.6666666666666665
3997,4.0
4001,1.0
4003,0.0
4004,1.0
4006,1.0
4010,2.0
4011,2.0
4013,2.0
4015,2.0
4016,2.3333333333333335
4018,3.0
4020,0.0
4022,2.0
4023,2.0
4026,2.3333333333333335
4031,2.5
4035,3.3333333333333335
4036,4.0
4043,3.0
4046,2.0
4048,3.5
4049,0.0
4051,2.25
4054,2.5
4056,1.0
4058,3.0
4059,1.3333333333333333
4061,1.0
4064,1.0
4069,1.0
4071,2.0
4074,2.0
4078,2.0
4080,2.0
4082,2.0
4083,2.0
4085,3.0
4092,1.0
4093,0.0
4096,2.0
4097,2.5
4099,2.0
4101,2.5
4103,2.5
4106,2.3333333333333335
4108,2.3333333333333335
4115,2.25
4120,2.0
4121,2.0
4124,2.0
4125,2.0
4127,2.0
4129,2.0
4131,2.0
4132,1.5
4137,2.5
4138,2.0
4142,2.3333333333333335
4146,2.6666666666666665
4147,4.0
4148,1.3333333333333333
4149,1.0
4154,2.0
4155,0.0
4160,0.0
4161,4.0
4163,4.0
4172,4.0
4176,4.0
4177,2.5
4184,0.0
4192,0.0
4193,0.0
4195,3.0
4197,0.0
4201,0.0
4202,0.0
4204,0.0
4208,0.0
4209,3.0
4210,2.0
4212,2.5
4214,2.0
4216,2.0
4217,1.6666666666666667
4218,2.5
4225,0.0
4226,2.0
4230,2.0
4231,0.0
4233,0.0
4240,7.5
4243,2.0
4245,5.0
4246,6.0
4247,6.0
4253,5.333333333333333
4254,7.5
4260,4.0
4261,3.0
4262,2.0
4263,5.5
4264,4.333333333333333
4268,0.0
4278,4.333333333333333
4281,5.0
4287,5.0
4288,1.0
4296,3.0
4300,1.0
4301,1.0
4302,3.5
4303,4.0
4308,3.0
4310,3.0
4318,2.0
4319,0.0
4327,1.0
4328,6.0
4331,3.0
4332,2.0
4333,2.0
4338,3.0
4339,2.5
4343,3.0
4344,3.0
4345,3.0
4348,3.0
4351,3.0
4352,3.0
4355,2.0
4356,3.0
4365,3.0
4371,3.0
4373,0.0
4375,2.0
4376,2.0
4377,1.0
4380,2.0
4382,2.0
4387,1.0
4389,2.0
4396,0.0
4400,8.0
4401,8.0
4402,3.3333333333333335
4410,0.0
4415,3.0
4416,1.0
4417,1.0
4422,3.0
4423,2.6666666666666665
4426,0.0
4427,3.0
4439,0.0
4443,2.0
4444,3.5
4446,2.0
4447,0.0
4451,7.0
4452,5.0
4460,2.0
4461,2.0
4469,1.0
4481,0.0
4482,0.0
4485,1.5
4487,1.0
4491,0.0
4494,4.75
4495,2.5
4496,2.0
4498,2.3333333333333335
4499,1.0
4500,3.3333333333333335
4501,4.0
4502,3.5
4503,4.0
4506,4.0
4508,2.0
4510,2.5
4511,4.333333333333333
4513,0.0
4515,0.0
4519,0.0
4522,2.0
4523,2.0
4526,2.0
4527,2.0
4530,0.0
4531,2.0
4538,0.0
4540,4.0
4542,4.0
4543,4.0
4544,2.5
4550,12.0
4551,0.0
4554,8.666666666666666
4558,1.0
4559,2.5
4562,4.0
4564,5.0
4567,5.0
4569,5.0
4570,3.0
4578,3.5
4579,0.0
4590,2.0
4591,3.0
4594,2.0
4595,2.5
4596,4.0
4599,0.0
4605,0.0
4606,0.0
4607,8.5
4610,6.0
4614,2.6666666666666665
4616,3.0
4621,2.0
4629,4.5
4632,1.0
4636,1.6666666666666667
4643,2.0
4646,1.0
4648,0.0
4650,1.5
4655,1.0
4656,1.0
4658,1.0
4662,1.0
4663,1.0
4665,2.5
4669,1.0
4673,2.0
4680,3.0
4683,4.0
4690,0.0
4692,3.0
4693,3.0
4695,3.0
4696,3.0
4697,2.0
4710,2.6666666666666665
4715,1.0
4716,1.0
4724,2.0
4726,2.6666666666666665
4728,2.6666666666666665
4729,3.0
4731,2.0
4733,4.0
4734,3.5
4740,1.6666666666666667
4742,3.0
4745,1.5
4747,2.0
4750,0.0
4756,1.0
4760,1.0
4765,0.0
4770,0.0
4772,13.0
4775,2.0
4780,2.0
4782,1.0
4783,1.5
4793,0.0
4795,0.0
4798,8.0
4799,4.5
4800,4.0
4801,6.0
4804,1.0
4805,2.0
4806,3.0
4809,1.0
4811,2.5
4814,0.0
4820,2.0
4822,2.5
4823,3.0
4824,2.0
4825,1.0
4828,2.6666666666666665
4830,1.0
4831,2.0
4834,0.0
4837,2.0
4839,4.0
4843,10.0
4844,6.0
4845,4.333333333333333
4848,0.0
4850,1.5
4852,1.5
4859,3.6666666666666665
4862,4.5
4863,4.5
4864,2.0
4871,0.0
4874,3.0
4876,3.0
4878,3.0
4882,2.0
4883,2.0
4887,2.0
4890,2.5
4897,1.0
4898,4.0
4901,1.0
4903,1.0
4904,1.0
4905,0.0
4906,1.0
4912,1.0
4916,7.0
4917,7.0
4925,0.0
4926,1.0
4928,6.0
4929,3.0
4930,4.5
4932,6.0
4934,4.0
4935,1.5
4937,1.6666666666666667
4945,3.0
4947,3.0
4949,2.5
4951,3.0
4952,3.0
4953,0.0
4955,15.0
4956,7.333333333333333
4958,9.0
4959,9.0
4963,2.0
4965,12.0
4973,2.0
4976,5.0
4977,5.0
4983,1.5
4985,1.5
4986,2.0
4987,2.0
4997,5.5
4998,5.5
4999,3.0
5000,5.0
5001,3.5
5002,5.5
5005,2.5
5008,3.5
5009,3.5
5012,1.0
5013,3.0
5014,3.0
5015,1.5
5016,4.0
5021,2.5
5028,3.0
5036,0.0
5037,6.0
5039,6.0
5040,1.0
5041,1.5
5056,0.0
5062,0.0
5067,0.0
5071,0.0
5074,0.0
5079,1.0
5081,1.0
5083,0.0
5084,3.0
5085,3.0
5087,1.5
5088,2.0
5089,4.0
5090,0.0
5091,0.0
5100,1.0
5104,6.0
5106,4.333333333333333
5107,6.0
5111,6.0
5120,0.0
5121,2.0
5124,2.0
5128,2.0
5130,1.0
5132,1.5
5135,3.5
5137,1.0
5139,6.0
5140,0.0
5142,1.0
5143,0.0
5145,0.0
5148,1.5
5157,0.0
5165,0.0
5166,1.0
5170,0.0
5173,0.0
5176,0.0
5182,3.0
5183,3.0
5184,0.0
5185,0.0
5186,0.0
5187,0.0
5192,0.0
5194,1.0
5196,1.5
5198,2.0
5202,2.0
5204,0.0
5213,5.666666666666667
5216,7.5
5217,7.0
5218,4.5
5223,4.5
5230,7.5
5232,2.0
5234,2.5
5236,2.5
5238,2.3333333333333335
5240,0.0
5243,1.5
5245,1.5
5248,2.0
5249,3.0
5253,0.0
5261,2.0
5267,1.0
5268,1.0
5269,1.0
5272,0.0
5274,0.0
5277,0.0
5289,5.75
5290,5.5
5291,5.25
5298,0.0
5299,2.0
5304,4.5
5306,6.0
5307,2.0
5310,2.0
5312,13.0
5313,13.0
5318,0.0
5325,1.0
5333,2.0
5342,1.5
5343,0.0
5346,0.0
5347,2.0
5348,2.0
5352,2.0
5354,2.0
5359,2.0
5361,7.0
5363,7.0
5364,0.0
5365,0.0
5366,0.0
5369,2.0
5371,0.0
5373,1.6666666666666667
5375,1.5
5377,2.0
5379,2.0
5380,1.5
5381,1.0
5386,1.3333333333333333
5388,0.0
5393,1.0
5395,3.0
5396,2.6666666666666665
5398,0.0
5405,2.5
5408,2.5
5410,0.0
5414,3.0
5418,3.0
5433,1.3333333333333333
5435,1.0
5436,1.5
5440,1.6666666666666667
5441,1.6666666666666667
5442,1.6666666666666667
5446,0.0
5451,2.5
5453,2.0
5454,3.0
5457,0.0
5459,2.0
5460,2.0
5461,1.0
5467,0.0
5468,0.0
5470,0.0
5472,1.0
5478,3.5
5482,5.0
5483,5.0
5486,3.0
5500,4.0
5501,2.5
5507,4.0
5509,4.0
5512,0.0
5515,1.5
5516,1.0
5517,0.0
5522,0.0
5523,2.6666666666666665
5524,3.3333333333333335
5527,3.5
5528,2.6666666666666665
5529,4.5
5534,3.0
5536,2.0
5537,4.5
5539,0.0
5543,2.0
5546,1.5
5547,0.0
5556,7.0
5561,0.0
5571,1.0
5573,1.5
5576,0.0
5577,2.0
5582,0.0
5585,2.0
5587,2.0
5588,2.0
5589,2.0
5593,1.0
5594,1.3333333333333333
5595,1.0
5598,1.0
5608,5.0
5609,5.0
5611,5.0
5614,5.0
5618,1.0
5619,0.0
5620,5.0
5625,1.0
5626,1.0
5628,1.5
5635,1.0
5639,2.0
5642,1.6666666666666667
5647,0.0
5650,0.0
5663,0.0
5667,0.0
5669,1.5
5674,5.0
5677,3.0
5681,1.5
5683,2.0
5689,1.0
5691,0.0
5697,0.0
5699,0.0
5710,2.5
5713,2.0
5725,3.0
5726,0.0
5734,0.0
5735,0.0
5737,0.0
5739,1.0
5742,1.0
5745,0.0
5746,2.0
5747,3.0
5750,3.0
5752,0.0
5753,1.0
5761,0.0
5763,1.0
5766,1.0
5771,0.0
5774,0.0
5783,0.0
5788,0.0
5789,2.5
5797,3.75
5800,11.0
5801,6.0
5809,7.0
5811,13.0
5817,6.0
5819,6.0
5822,1.5
5824,2.6666666666666665
5826,2.0
5827,1.5
5829,1.0
5831,2.0
5841,2.0
5847,6.0
5854,1.0
5856,1.0
5857,1.0
5859,1.0
5861,2.0
5862,2.0
5864,1.0
5868,2.0
5870,1.5
5872,1.5
5873,0.0
5874,2.0
5882,1.5
5888,1.3333333333333333
5892,2.5
5894,4.0
5898,2.0
5900,2.0
5901,2.0
5912,0.0
5918,0.0
5921,2.0
5924,2.0
5929,0.0
5934,1.0
5938,0.0
5941,0.0
5942,1.0
5947,1.0
5954,3.5
5959,1.5
5960,7.0
5962,4.0
5963,4.0
5968,1.0
5973,7.0
5975,8.0
5976,8.0
5985,2.0
5986,4.0
5989,6.0
5995,0.0
5996,0.0
5997,0.0
6000,0.0
6001,0.0
6004,0.0
6006,0.0
6007,3.0
6009,3.0
6012,0.0
6014,6.0
6019,0.0
6022,1.0
6025,1.0
6029,0.0
6030,4.0
6031,4.0
6036,3.5
6044,4.333333333333333
6052,3.8
6058,0.0
6059,1.0
6061,4.666666666666667
6062,1.0
6064,1.0
6067,2.0
6070,5.5
6071,0.0
6074,2.5
6081,1.0
6086,8.0
6088,2.0
6090,2.5
6091,3.0
6100,4.0
6101,3.5
6102,3.0
6103,1.0
6105,3.0
6107,3.0
6111,2.0
6112,2.0
6115,2.0
6128,4.0
6130,3.0
6132,0.0
6151,0.0
6153,2.0
6154,0.0
6157,0.0
6160,1.0
6161,3.0
6162,0.0
6165,0.0
6168,0.0
6169,1.0
6173,1.6666666666666667
6174,1.0
6175,7.0
6176,7.0
6177,1.0
6178,0.0
6179,1.0
6185,3.0
6187,5.5
6188,5.5
6190,3.5
6197,2.0
6198,1.5
6204,1.0
6212,0.0
6213,1.0
6216,2.0
6217,2.0
6218,2.0
6220,1.0
6221,1.0
6227,4.0
6228,4.0
6230,0.0
6231,2.5
6232,0.0
6234,1.0
6237,0.0
6239,0.0
6240,1.0
6241,4.0
6244,4.0
6246,2.5
6248,1.5
6251,1.3333333333333333
6252,1.0
6254,1.5
6256,1.0
6258,1.0
6266,1.6666666666666667
6274,2.0
6275,3.0
6279,4.0
6280,5.0
6282,1.5
6284,2.0
6285,2.0
6292,0.0
6301,0.0
6305,2.5
6306,3.0
6314,4.5
6315,1.5
6320,1.0
6329,1.0
6330,2.0
6331,1.6666666666666667
6335,2.0
6341,2.0
6346,2.0
6351,0.0
6352,3.3333333333333335
6353,2.0
6355,6.0
6363,2.0
6365,2.0
6367,1.5
6369,1.5
6377,3.0
6380,2.0
6386,1.5
6393,2.5
6401,1.0
6402,1.6666666666666667
6408,1.0
6413,0.0
6415,0.0
6417,3.0
6418,3.0
6425,1.0
6426,1.0
6427,1.0
6428,1.0
6429,0.0
6430,1.0
6433,0.0
6434,5.0
6439,1.0
6447,0.0
6450,0.0
6453,0.0
6457,2.5
6460,2.5
6462,1.5
6463,2.5
6466,3.0
6472,2.0
6473,0.0
6474,1.0
6477,2.6666666666666665
6478,6.0
6479,6.0
6480,6.0
6482,3.5
6483,2.6666666666666665
6484,3.5
6486,8.0
6487,5.0
6488,4.0
6489,4.0
6490,0.0
6491,3.5
6495,6.0
6503,7.5
6507,5.0
6508,5.0
6509,6.0
6513,1.0
6515,2.0
6518,1.0
6519,1.0
6521,3.5
6525,2.0
6527,1.0
6530,1.0
6533,1.0
6541,1.0
6544,2.0
6545,2.0
6549,0.0
6550,2.6666666666666665
6551,2.0
6562,3.5
6563,0.0
6565,2.0
6571,7.0
6572,0.0
6573,4.5
6574,7.0
6588,2.0
6590,0.0
6594,0.0
6595,1.0
6597,1.5
6599,2.0
6606,1.0
6608,1.0
6610,2.3333333333333335
6612,2.0
6614,2.3333333333333335
6615,2.0
6616,0.0
6617,3.0
6618,3.0
6621,0.0
6622,1.0
6629,6.0
6630,0.0
6634,1.0
6640,0.0
6641,0.0
6643,2.0
6644,1.0
6648,12.0
6651,12.0
6655,0.0
6656,12.0
6660,1.0
6670,0.0
6679,1.0
6681,1.0
6687,0.0
6693,1.0
6697,1.0
6702,2.0
6704,1.0
6705,1.0
6706,1.0
6709,0.0
6711,1.0
6714,1.0
6721,3.0
6724,1.0
6725,4.0
6727,0.0
6734,6.0
6735,0.0
6736,3.0
6738,2.0
6739,1.6666666666666667
6744,1.5
6746,1.0
6748,0.0
6751,3.0
6760,1.6666666666666667
6762,1.0
6765,2.0
6767,1.0
6775,2.0
6776,1.0
6777,4.0
6778,1.0
6779,2.5
6783,2.0
6785,2.5
6787,0.0
6788,0.0
6790,0.0
6791,9.5
6793,2.0
6795,4.0
6796,4.0
6797,2.0
6798,0.0
6799,0.0
6803,2.0
6805,0.0
6809,2.0
6810,2.0
6813,0.0
6814,2.0
6815,2.0
6823,0.0
6825,1.0
6829,2.0
6830,2.0
6832,2.0
6837,1.0
6838,2.0
6839,0.0
6848,2.0
6849,3.0
6851,3.0
6858,1.6666666666666667
6859,5.0
6866,3.0
6870,3.5
6872,2.0
6874,4.0
6875,3.5
6878,2.3333333333333335
6880,1.0
6882,1.0
6884,1.0
6885,1.0
6891,2.6666666666666665
6893,2.0
6894,1.0
6895,1.0
6898,0.0
6899,1.0
6901,0.0
6907,0.0
6914,1.0
6917,1.0
6918,1.0
6919,0.0
6922,3.0
6926,0.0
6927,1.0
6931,1.0
6933,1.0
6934,1.0
6941,1.5
6942,2.0
6943,1.0
6946,2.0
6948,1.0
6949,1.3333333333333333
6952,3.5
6963,0.0
6964,3.0
6969,1.0
6971,2.0
6972,6.0
6974,6.0
6976,4.0
6977,0.0
6979,3.3333333333333335
6981,1.0
6983,5.0
6988,4.0
6991,2.0
6995,0.0
6997,1.5
6998,1.5
7000,0.0
7001,1.5
7003,2.0
7006,2.0
7008,3.0
7024,2.0
7027,1.5
7028,2.0
7029,1.0
7031,1.0
7033,1.5
7035,1.6666666666666667
7041,4.0
7044,0.0
7046,2.5
7047,0.0
7048,4.0
7049,2.0
7050,3.0
7052,2.0
7057,1.5
7058,2.5
7063,2.0
7064,4.0
7065,2.0
7066,1.5
7068,0.0
7072,1.0
7080,0.0
7081,4.0
7084,4.0
7087,3.0
7088,3.0
7095,0.0
7105,1.0
7106,2.0
7107,3.0
7108,4.0
7109,0.0
7111,2.5
7119,1.0
7123,0.0
7130,7.5
7133,7.5
7135,8.666666666666666
7140,2.3333333333333335
7145,0.0
7147,1.0
7150,2.5
7152,0.0
7154,2.0
7157,0.0
7161,1.0
7162,1.6666666666666667
7164,0.0
7166,3.0
7168,4.0
7169,0.0
7170,0.0
7172,1.5
7177,7.0
7179,2.5
7180,5.0
7181,3.0
7186,3.0
7187,1.5
7193,1.5
7195,1.5
7199,0.0
7200,0.0
7201,4.5
7205,0.0
7211,1.0
7213,0.0
7220,0.0
7224,9.0
7227,4.0
7229,3.3333333333333335
7230,3.0
7232,2.5
7235,4.0
7236,2.0
7238,1.5
7242,4.0
7243,2.5
7246,3.0
7249,2.0
7250,1.0
7253,0.0
7259,0.0
7260,0.0
7262,4.0
7263,3.0
7264,3.0
7267,2.0
7268,2.0
7274,4.0
7275,3.0
7277,3.0
7283,0.0
7285,2.0
7286,3.5
7290,4.0
7295,2.0
7297,2.5
7301,0.0
7305,3.0
7315,2.0
7317,9.0
7318,9.0
7319,9.0
7324,2.0
7325,2.0
7331,2.5
7332,0.0
7335,1.0
7337,2.5
7338,2.5
7346,3.5
7353,6.0
7355,3.0
7356,1.0
7363,0.0
7364,0.0
7366,3.0
7368,0.0
7370,2.0
7371,2.0
7377,3.0
7382,2.5
7384,1.5
7387,0.0
7388,4.0
7390,1.5
7397,1.6666666666666667
7399,2.0
7400,3.0
7401,2.0
7411,1.0
7417,1.0
7418,0.0
7421,2.0
7423,0.0
7425,0.0
7428,0.0
7429,1.0
7435,1.0
7443,2.6666666666666665
7449,0.0
7452,4.0
7455,4.0
7456,4.0
7457,4.0
7463,2.0
7466,2.0
7470,2.0
7474,0.0
7480,2.0
7483,2.0
7486,1.3333333333333333
7490,2.0
7493,5.0
7494,8.5
7499,0.0
7502,0.0
7504,1.0
7507,1.0
7512,6.0
7515,3.3333333333333335
7516,2.0
7518,1.0
7521,1.75
7523,1.0
7526,1.0
7530,3.0
7531,3.0
7538,4.0
7540,2.5
7544,0.0
7549,2.0
7553,0.0
7556,2.0
7569,8.0
7575,2.0
7577,2.0
7579,2.0
7583,2.0
7584,5.0
7587,1.0
7592,1.0
7593,4.5
7596,0.0
7597,0.0
7601,0.0
7603,1.0
7607,0.0
7614,2.0
7615,1.5
7618,2.5
7619,2.5
7620,1.5
7621,2.0
7622,2.0
7628,1.3333333333333333
7633,3.0
7634,1.5
7637,2.0
7638,1.0
7641,2.0
7644,2.0
7645,2.0
7649,2.0
7656,2.0
7658,0.0
7664,3.0
7667,1.0
7669,2.0
7678,1.0
7681,1.0
7683,1.0
7684,2.5
7690,3.0
7692,4.0
7694,2.6666666666666665
7699,0.0
7703,6.0
7705,4.5
7707,4.5
7709,4.5
7715,0.0
7717,3.6666666666666665
7719,3.3333333333333335
7724,2.5
7725,2.5
7727,1.5
7728,1.5
7735,2.0
7737,4.0
7739,0.0
7740,0.0
7743,2.0
7745,1.5
7746,2.0
7749,4.0
7756,3.0
7758,3.0
7759,3.0
7760,0.0
7765,0.0
7768,4.0
7779,4.0
7781,0.0
7784,0.0
7785,3.0
7788,4.0
7790,4.0
7792,2.0
7794,4.0
7797,4.0
7801,2.0
7802,2.0
7807,2.0
7808,2.0
7815,0.0
7822,4.0
7823,4.333333333333333
7824,7.0
7830,7.0
7831,1.0
7834,2.0
7838,3.0
7839,3.0
7844,0.0
7846,1.0
7849,3.5
7850,1.5
7851,0.0
7852,1.0
7855,1.0
7858,1.0
7863,4.0
7865,2.5
7871,2.0
7872,2.0
7887,2.0
7888,2.0
7895,3.0
7898,6.0
7900,3.5
7904,0.0
7912,5.0
7917,5.0
7921,2.0
7924,1.5
7934,2.5
7938,10.5
7942,0.0
7945,6.333333333333333
7946,5.25
7954,0.0
7955,1.0
7958,4.0
7960,1.0
7962,3.0
7964,2.0
7965,0.0
7967,2.5
7968,2.0
7971,1.5
7975,1.0
7976,1.0
7979,0.0
7981,1.0
7982,2.0
7985,2.5
7986,2.0
7994,1.0
7995,0.0
7997,1.0
7999,1.0
8001,3.0
8006,1.5
8007,1.5
8011,1.0
8014,3.0
8016,3.0
8018,3.0
8025,2.0
8026,2.0
8027,1.0
8038,4.5
8041,1.0
8042,1.0
8060,2.0
8062,1.0
8065,4.5
8066,4.5
8067,2.5
8072,0.0
8075,1.0
8092,4.0
8094,4.0
8099,7.0
8100,2.0
8105,0.0
8111,1.0
8114,6.0
8115,2.5
8120,1.0
8133,6.0
8136,0.0
8137,1.0
8138,1.0
8139,1.0
8140,0.0
8145,3.0
8153,1.0
8159,1.0
8161,1.3333333333333333
8163,1.5
8164,1.0
8167,3.0
8173,4.0
8177,2.0
8179,1.0
8182,3.5
8183,0.0
8186,3.0
8187,3.0
8194,5.0
8198,5.0
8199,1.0
8202,0.0
8206,6.0
8207,0.0
8208,1.0
8209,1.0
8210,1.0
8211,1.5
8212,4.0
8213,1.5
8218,3.0
8220,2.5
8222,3.0
8224,0.0
8227,1.0
8228,1.0
8233,0.0
8234,1.0
8235,0.0
8244,1.0
8245,1.3333333333333333
8248,0.0
8249,1.0
8251,1.0
8252,0.0
8253,0.0
8254,0.0
8260,2.0
8266,1.0
8267,1.0
8272,3.5
8273,2.6666666666666665
8274,1.5
8275,2.0
8277,2.0
8279,1.0
8280,1.5
8290,0.0
8293,0.0
8300,1.5
8302,0.0
8309,4.0
8315,0.0
8326,0.0
8327,5.0
8336,1.0
8337,1.5
8339,1.5
8342,2.0
8344,1.5
8346,3.0
8350,1.0
8359,2.0
8361,1.0
8366,0.0
8370,2.5
8372,0.0
8374,2.0
8379,3.0
8389,6.5
8390,2.6666666666666665
8392,4.0
8401,4.0
8413,3.0
8418,6.0
8425,1.0
8428,2.0
8429,2.0
8430,4.0
8431,1.0
8434,4.0
8440,3.0
8442,5.25
8443,8.5
8448,2.5
8454,1.6666666666666667
8455,2.5
8456,2.0
8457,0.0
8458,1.0
8459,1.3333333333333333
8460,1.5
8461,1.5
8462,1.0
8464,2.0
8465,1.0
8468,1.5
8469,0.0
8473,1.0
8474,1.0
8478,0.0
8479,0.0
8482,5.0
8484,1.0
8486,5.0
8488,5.0
8502,5.0
8504,5.0
8505,5.0
8506,5.0
8511,5.0
8516,1.0
8518,1.0
8520,1.0
8527,6.0
8528,1.0
8529,0.0
8530,2.0
8531,0.0
8535,1.0
8536,1.5
8539,1.0
8541,3.0
8543,0.0
8546,2.0
8547,2.5
8554,2.0
8559,1.0
8564,0.0
8569,1.0
8572,1.3333333333333333
8573,2.0
8574,1.5
8576,1.3333333333333333
8578,1.6666666666666667
8579,7.0
8580,1.0
8584,1.6666666666666667
8585,2.0
8587,1.75
8588,2.0
8590,0.0
8596,16.0
8598,16.0
8599,8.0
8608,1.5
8611,1.0
8616,2.5
8629,1.0
8630,2.0
8634,1.0
8639,3.0
8641,1.0
8644,2.5
8645,1.0
8657,4.0
8658,4.0
8669,1.0
8670,2.5
8671,1.0
8672,1.5
8674,2.5
8676,1.5
8677,0.0
8680,0.0
8681,1.0
8682,1.0
8683,1.0
8686,0.0
8688,3.0
8695,9.0
8699,2.0
8706,2.5
8707,1.3333333333333333
8710,2.0
8711,2.0
8713,0.0
8718,6.0
8725,2.0
8728,3.5
8731,3.5
8737,5.0
8740,5.0
8741,0.0
8742,0.0
8745,0.0
8749,6.0
8750,3.0
8751,4.0
8765,2.5
8767,4.0
8771,0.0
8774,1.0
8780,3.0
8782,3.5
8786,4.0
8789,1.0
8790,8.0
8793,8.0
8795,5.0
8799,0.0
8800,0.0
8802,1.0
8806,0.0
8809,0.0
8814,0.0
8817,0.0
8824,2.5
8825,1.5
8826,2.0
8827,2.0
8833,2.0
8834,1.0
8841,3.0
8842,2.3333333333333335
8843,2.3333333333333335
8851,1.6666666666666667
8852,3.5
8856,4.0
8861,2.6666666666666665
8869,5.0
8870,1.5
8871,1.5
8875,0.0
8878,1.5
8881,4.0
8882,3.0
8884,4.0
8885,2.0
8887,2.0
8889,2.0
8895,3.3333333333333335
8896,4.0
8897,2.6666666666666665
8909,3.0
8914,4.0
8915,1.0
8917,1.5
8922,0.0
8924,0.0
8925,0.0
8933,0.0
8934,0.0
8936,0.0
8939,0.0
8944,0.0
8957,0.0
8963,1.75
8965,2.0
8967,1.0
8969,0.0
8970,1.0
8975,0.0
8978,7.0
8989,3.0
8990,3.0
8992,0.0
9002,2.5
9003,2.0
9005,1.3333333333333333
9006,2.3333333333333335
9007,1.5
9010,1.5
9012,2.6666666666666665
9017,1.0
9020,1.0
9028,0.0
9029,0.0
9031,7.0
9033,5.5
9034,0.0
9038,4.0
9040,6.5
9045,3.0
9046,5.0
9047,4.0
9048,4.333333333333333
9049,5.4
9051,3.0
9052,3.0
9053,0.0
9056,0.0
9058,3.0
9060,4.5
9065,5.0
9067,0.0
9073,1.0
9076,2.0
9077,2.0
9080,1.3333333333333333
9081,2.0
9088,3.0
9089,1.0
9091,3.0
9093,2.0
9094,5.0
9096,0.0
9098,4.0
9103,2.3333333333333335
9106,0.0
9108,2.0
9109,1.5
9110,3.0
9113,1.0
9116,2.0
9118,0.0
9127,1.5
9129,0.0
9131,1.5
9137,3.0
9143,3.0
9147,4.0
9149,4.0
9155,2.3333333333333335
9156,4.0
9157,3.0
9158,3.0
9160,1.6666666666666667
9162,1.25
9166,1.0
9169,1.0
9173,9.333333333333334
9176,7.0
9177,5.0
9189,2.0
9190,3.0
9193,3.0
9201,3.5
9202,3.0
9203,3.0
9205,3.3333333333333335
9206,4.0
9215,5.0
9220,3.5
9221,0.0
9226,4.0
9233,1.0
9235,5.0
9236,2.0
9240,1.0
9242,2.0
9244,1.0
9246,1.0
9250,2.5
9251,2.5
9252,1.0
9256,0.0
9258,4.0
9267,0.0
9269,2.0
9272,1.0
9273,0.0
9275,0.0
9281,1.0
9284,0.0
9285,1.0
9287,1.5
9291,6.0
9292,6.0
9296,0.0
9303,1.0
9304,2.3333333333333335
9306,2.0
9310,2.0
9311,3.0
9313,1.0
9314,1.0
9316,4.0
9317,3.0
9318,3.3333333333333335
9319,0.0
9320,0.0
9325,3.0
9327,2.0
9328,1.0
9332,2.0
9335,3.0
9348,3.0
9352,4.0
9356,0.0
9357,2.0
9363,1.0
9364,1.5
9372,5.0
9376,0.0
9377,2.0
9380,5.0
9381,0.0
9393,5.333333333333333
9396,3.0
9398,2.0
9399,2.0
9403,3.0
9406,2.0
9408,3.0
9411,4.0
9416,2.0
9422,0.0
9423,7.0
9424,4.25
9428,7.0
9432,3.5
9436,0.0
9438,3.0
9441,3.0
9443,5.0
9447,4.0
9449,1.0
9450,0.0
9463,17.0
9467,3.3333333333333335
9470,6.0
9471,2.3333333333333335
9475,1.3333333333333333
9477,1.3333333333333333
9478,1.0
9479,3.0
9482,4.0
9485,2.0
9493,2.0
9494,0.0
9495,0.0
9502,6.333333333333333
9505,3.5
9506,3.5
9507,5.25
9508,5.25
9509,5.25
9514,2.6666666666666665
9517,3.0
9518,2.0
9522,2.0
9528,4.0
9536,4.0
9537,4.0
9541,1.0
9545,4.0
9546,1.3333333333333333
9548,2.0
9551,1.0
9554,0.0
9558,3.0
9560,3.0
9563,8.666666666666666
9565,6.0
9568,3.0
9569,3.0
9571,2.5
9575,2.0
9580,4.0
9582,4.0
9589,2.0
9590,6.0
9593,0.0
9598,3.0
9608,0.0
9609,1.0
9612,1.0
9614,3.0
9617,3.0
9625,3.6666666666666665
9627,1.5
9633,2.0
9636,3.0
9638,2.0
9639,1.0
9640,2.0
9643,4.0
9649,3.0
9655,3.5
9660,5.0
9661,1.0
9664,1.0
9665,3.0
9670,1.0
9673,1.0
9679,2.0
9682,4.0
9690,4.0
9692,0.0
9694,4.0
9695,0.0
9700,0.0
9702,4.0
9708,1.5
9710,3.0
9711,1.0
9712,1.5
9715,3.5
9717,3.0
9719,1.0
9720,5.0
9721,3.0
9722,5.0
9730,1.5
9732,2.0
9733,1.0
9734,0.0
9735,1.0
9741,2.0
9747,1.0
9748,0.0
9754,0.0
9756,0.0
9759,5.0
9761,4.666666666666667
9764,0.0
9768,10.0
9781,7.0
9783,1.0
9791,1.0
9792,2.0
9795,3.0
9797,9.0
9804,1.0
9807,1.5
9808,0.0
9813,1.0
9814,2.0
9815,3.5
9817,4.0
9821,1.0
9824,2.0
9829,5.333333333333333
9830,3.75
9832,4.0
9833,2.0
9834,1.0
9835,1.0
9839,1.0
9842,0.0
9844,0.0
9845,2.0
9847,2.3333333333333335
9854,2.0
9864,1.0
9866,0.0
9867,0.0
9869,6.0
9871,6.0
9872,6.0
9873,1.0
9875,2.0
9881,10.0
9882,4.5
9885,8.0
9889,0.0
9900,3.0
9901,2.0
9903,3.3333333333333335
9906,4.0
9907,6.0
9911,1.6666666666666667
9912,1.5
9914,5.5
9919,0.0
9920,3.0
9922,3.0
9925,3.0
9927,2.0
9928,2.0
9929,3.0
9931,2.5
9936,1.0
9937,0.0
9940,2.5
9942,2.0
9946,0.0
9950,1.0
9951,2.0
9957,4.0
9958,0.0
9961,4.0
9966,2.5
9970,2.0
9971,2.3333333333333335
9972,0.0
9973,0.0
9977,1.0
9978,2.0
9984,2.0
9987,4.0
9988,4.0
9991,2.3333333333333335
9996,7.0
9998,7.333333333333333
10001,1.5
10005,4.0
10012,5.0
10015,3.25
10017,0.0
10019,0.0
10021,2.0
10024,1.0
10029,1.5
10033,5.5
10041,0.0
10046,0.0
10048,0.0
10055,4.0
10056,1.5
10057,0.0
10059,1.0
10061,0.0
10063,2.0
10064,2.0
10069,1.5
10072,0.0
10073,1.0
10074,4.0
10075,0.0
10080,0.0
10083,2.0
10084,1.0
10085,1.0
10087,0.0
10088,1.0
10095,4.5
10096,5.0
10098,4.0
10100,1.0
10101,2.0
10103,2.5
10114,3.6666666666666665
10116,4.0
10121,5.0
10124,1.0
10126,18.0
10130,1.0
10134,2.0
10145,3.0
10157,1.0
10160,4.5
10161,6.0
10168,1.0
10170,1.0
10173,3.0
10175,1.0
10177,3.0
10179,1.0
10182,2.0
10187,2.0
10190,0.0
10193,5.6
10198,8.5
10199,6.75
10202,4.375
10209,8.0
10211,0.0
10212,2.0
10213,2.3333333333333335
10214,3.0
10215,0.0
10217,1.0
10220,6.0
10225,2.5
10228,1.0
10229,1.75
10230,1.5
10232,1.6666666666666667
10235,0.0
10241,2.0
10252,3.3333333333333335
10253,6.0
10256,2.0
10260,3.0
10263,4.0
10265,1.0
10266,1.0
10271,1.0
10276,4.666666666666667
10280,3.3333333333333335
10283,4.5
10284,2.0
10286,7.0
10287,3.3333333333333335
10293,4.0
10294,1.3333333333333333
10299,0.0
10303,0.0
10304,2.5
10305,1.5
10308,1.5
10309,0.0
10310,2.0
10311,2.0
10313,0.0
10315,1.5
10316,2.0
10322,1.5
10330,2.0
10335,1.0
10337,0.0
10339,1.6666666666666667
10340,3.0
10343,0.0
10345,4.0
10346,4.0
10348,4.0
10349,1.0
10353,0.0
10354,2.0
10356,2.5
10357,3.0
10359,2.3333333333333335
10361,0.0
10371,1.0
10373,2.5
10374,2.0
10382,4.0
10385,1.0
10387,1.0
10392,1.0
10399,2.0
10401,10.0
10402,10.0
10403,10.0
10405,1.0
10407,7.0
10408,2.0
10412,1.0
10420,5.0
10421,1.0
10422,1.0
10424,3.0
10425,3.0
10427,2.0
10428,3.0
10430,1.5
10433,0.0
10435,2.0
10436,3.0
10440,1.5
10446,2.0
10447,2.5
10449,2.6666666666666665
10452,0.0
10453,0.0
10454,6.0
10455,4.0
10460,3.0
10462,3.0
10465,2.6666666666666665
10469,4.333333333333333
10472,3.0
10473,2.5
10479,6.0
10483,5.0
10484,3.0
10488,1.0
10491,1.0
10497,6.0
10498,1.0
10503,3.0
10508,2.0
10509,0.0
10511,1.25
10513,0.0
10515,1.5
10516,1.5
10519,2.0
10525,3.0
10531,3.0
10533,1.0
10534,7.0
10535,4.0
10538,2.0
10543,6.0
10546,2.5
10549,1.0
10551,7.0
10554,2.0
10556,3.0
10558,6.5
10566,2.0
10567,1.0
10570,0.0
10571,3.5
10573,1.0
10574,1.0
10576,1.0
10577,1.0
10578,1.0
10579,1.0
10582,1.0
10589,9.0
10597,1.0
10598,5.0
10600,3.0
10606,1.0
10613,2.3333333333333335
10615,0.0
10619,3.0
10628,1.0
10630,0.0
10633,1.0
10637,1.0
10638,1.0
10639,0.0
10641,0.0
10642,0.0
10645,3.0
10648,3.5
10649,1.0
10651,2.0
10655,2.3333333333333335
10657,3.6666666666666665
10658,5.0
10664,1.0
10665,3.0
10670,1.5
10671,1.5
10687,3.0
10690,3.0
10693,3.0
10697,1.0
10698,1.0
10703,2.0
10705,6.0
10707,5.0
10715,1.0
10716,2.0
10721,6.0
10726,3.3333333333333335
10728,9.0
10731,0.0
10732,4.0
10736,1.0
10738,2.0
10740,1.0
10742,2.5
10750,3.0
10751,3.0
10762,2.5
10763,2.5
10764,2.5
10770,1.5
10772,0.0
10773,0.0
10783,1.0
10784,1.5
10785,5.333333333333333
10793,2.0
10797,1.0
10798,0.0
10809,3.0
10811,2.0
10815,0.0
10818,1.0
10823,4.0
10826,0.0
10828,2.0
10830,2.5
10832,1.0
10833,1.0
10835,1.0
10839,1.5
10840,3.3333333333333335
10845,1.0
10847,2.0
10849,2.5
10853,1.6666666666666667
10854,2.5
10856,3.0
10858,2.5
10862,2.0
10863,1.5
10867,1.3333333333333333
10871,4.0
10872,0.0
10879,5.0
10880,5.0
10883,0.0
10884,1.0
10887,5.0
10888,5.0
10890,2.0
10892,0.0
10893,0.0
10901,0.0
10903,0.0
10905,0.0
10908,0.0
10909,0.0
10910,0.0
10913,0.0
10923,0.0
10926,0.0
10928,0.0
10934,0.0
10943,0.0
10953,0.0
10954,0.0
10955,0.0
10957,0.0
10964,0.0
10966,1.5
10968,0.0
10970,4.0
10972,2.0
10973,4.0
10974,0.0
10975,0.0
10981,1.0
10985,0.0
10986,6.0
10990,2.0
10992,6.0
10997,8.0
10999,5.5
11007,5.25
11011,0.0
11012,0.0
11015,2.0
11016,1.0
11017,1.5
11019,1.5
11022,6.0
11025,2.0
11027,0.0
11029,3.5
11030,3.0
11033,1.0
11034,1.0
11036,13.0
11038,0.0
11049,5.666666666666667
11055,1.5
11057,4.666666666666667
11059,4.5
11066,5.333333333333333
11069,11.0
11070,6.5
11071,5.333333333333333
11074,1.0
11078,0.0
11081,2.0
11083,1.0
11084,1.5
11092,2.5
11099,1.0
11101,1.0
11104,1.0
11105,1.5
11108,0.0
11109,2.0
11115,5.0
11122,0.0
11125,1.0
11126,2.0
11131,2.0
11133,2.0
11137,0.0
11139,0.0
11144,2.5
11148,1.0
11153,2.5
11154,2.0
11160,1.5
11162,1.0
11164,1.5
11172,0.0
11177,0.0
11180,0.0
11182,3.0
11185,1.0
11188,2.0
11193,0.0
11197,1.0
11201,1.0
11207,0.0
11212,5.0
11219,4.0
11220,2.5
11225,3.0
11227,2.5
11232,1.5
11236,0.0
11237,2.0
11239,3.3333333333333335
11240,8.0
11242,0.0
11245,1.5
11247,2.0
11252,1.0
11253,1.0
11258,2.0
11260,5.5
11262,3.3333333333333335
11263,1.0
11265,0.0
11271,2.0
11276,2.0
11277,8.0
11278,8.0
11280,2.0
11282,0.0
11284,1.0
11285,1.0
11289,1.0
11293,3.0
11294,2.0
11295,3.0
11297,2.0
11299,1.0
11300,0.0
11301,2.0
11303,1.0
11304,1.0
11307,0.0
11309,1.0
11312,1.0
11315,0.0
11316,1.0
11320,0.0
11321,3.0
11322,1.0
11323,0.0
11324,3.0
11326,1.0
11329,1.0
11332,1.0
11334,1.0
11341,0.0
11342,0.0
11358,0.0
11360,2.0
11365,3.0
11368,1.0
11369,3.0
11373,0.0
11374,2.0
11378,1.0
11379,1.0
11380,1.0
11381,1.0
11388,1.5
11389,2.6666666666666665
11391,1.75
11401,2.5
11402,3.0
11403,3.0
11406,0.0
11407,0.0
11408,2.0
11409,2.0
11411,0.0
11413,0.0
11415,2.0
11418,1.0
11419,1.0
11433,4.5
11434,0.0
11438,0.0
11440,1.0
11441,1.3333333333333333
11442,1.0
11451,3.3333333333333335
11453,1.0
11459,1.0
11469,2.0
11471,0.0
11472,1.0
11474,1.0
11480,1.0
11484,2.0
11487,2.0
11492,3.0
11495,1.0
11499,5.5
11501,0.0
11502,0.0
11506,3.0
11507,2.0
11509,2.3333333333333335
11514,1.0
11515,1.0
11520,4.0
11522,5.0
11525,2.0
11529,2.0
11530,4.0
11536,7.0
11545,2.0
11552,0.0
11555,2.0
11556,0.0
11557,1.0
11560,3.0
11561,1.5
11562,2.0
11569,2.0
11572,3.0
11579,2.5
11580,2.3333333333333335
11589,1.5
11590,2.3333333333333335
11594,1.0
11595,0.0
11607,1.0
11608,2.6666666666666665
11611,1.5
11615,1.6666666666666667
11616,3.0
11617,2.0
11623,2.0
11626,0.0
11629,7.0
11631,2.3333333333333335
11641,0.0
11644,2.0
11645,1.0
11653,2.0
11655,3.0
11657,3.0
11658,3.0
11663,0.0
11666,2.0
11672,2.0
11681,0.0
11682,4.0
11697,3.5
11700,0.0
11701,0.0
11702,1.0
11705,0.0
11710,1.0
11711,1.0
11712,2.5
11714,1.5
11716,1.5
11720,1.5
11721,3.0
11722,0.0
11728,3.0
11729,3.0
11733,1.0
11735,1.0
11738,2.0
11746,2.25
11748,1.0
11752,0.0
11755,1.6666666666666667
11756,2.0
11760,2.0
11762,1.6666666666666667
11765,1.0
11767,6.0
11783,2.0
11786,2.0
11787,2.5
11788,2.5
11792,6.0
11795,4.0
11796,6.0
11797,3.3333333333333335
11799,3.0
11802,2.0
11804,1.75
11805,2.25
11807,2.6666666666666665
11810,1.5
11814,0.0
11816,2.0
11817,3.0
11822,2.0
11828,0.0
11829,3.3333333333333335
11833,3.0
11835,2.0
11836,5.0
11839,4.0
11843,1.0
11846,2.5
11847,2.5
11848,2.0
11850,8.0
11854,1.0
11859,6.0
11861,6.0
11862,4.0
11872,1.0
11881,2.5
11883,3.0
11885,3.6666666666666665
11889,3.3333333333333335
11890,3.5
11897,2.0
11900,2.0
11901,2.0
11902,2.0
11907,5.0
11909,3.0
11913,0.0
11914,1.0
11918,1.5
11919,1.0
11921,1.5
11925,0.0
11932,2.5
11935,4.0
11944,0.0
11947,5.5
11950,4.5
11955,3.0
11959,0.0
11963,0.0
11965,4.0
11966,3.0
11968,2.0
11969,3.5
11976,3.0
11977,2.0
11979,2.5
11980,0.0
11981,0.0
11982,0.0
11984,2.0
11992,2.0
11994,2.0
11996,0.0
11998,1.0
11999,0.0
12003,1.0
12004,1.0
12007,0.0
12008,0.0
12009,4.0
12011,2.5
12014,2.0
12018,14.0
12019,0.0
12026,1.0
12028,1.0
12035,2.0
12038,1.0
12044,1.0
12048,3.0
12052,4.0
12053,2.0
12057,2.0
12060,0.0
12071,1.5
12073,1.5
12074,1.0
12076,1.5
12078,1.3333333333333333
12080,1.0
12082,1.5
12091,6.0
12092,3.5
12093,1.0
12097,0.0
12100,1.0
12104,2.5
12106,1.0
12107,0.0
12109,3.5
12110,0.0
12112,3.0
12113,0.0
12120,2.0
12124,3.0
12127,3.0
12130,2.0
12131,3.0
12143,1.0
12145,1.5
12146,2.0
12148,2.0
12149,3.0
12151,2.3333333333333335
12157,3.0
12158,2.0
12161,2.0
12164,1.6666666666666667
12165,8.0
12166,7.5
12172,3.0
12173,0.0
12174,0.0
12175,1.0
12180,2.0
12181,3.0
12186,2.5
12187,1.75
12188,1.0
12193,1.0
12197,2.5
12201,2.3333333333333335
12204,2.0
12213,1.0
12218,2.5
12219,1.5
12222,1.0
12223,1.0
12226,5.0
12228,4.0
12234,2.0
12237,1.0
12238,1.5
12242,2.0
12243,1.5
12244,1.5
12247,1.5
12250,2.0
12252,0.0
12256,2.3333333333333335
12261,1.0
12268,1.5
12269,1.5
12271,3.0
12272,3.6666666666666665
12274,5.0
12275,3.0
12293,0.0
12299,1.0
12301,1.0
12304,2.0
12305,2.0
12307,4.0
12313,1.5
12318,12.0
12319,3.0
12320,2.6666666666666665
12326,0.0
12327,1.0
12329,0.0
12332,0.0
12335,0.0
12338,0.0
12341,0.0
12346,0.0
12350,0.0
12351,0.0
12361,0.0
12364,0.0
12366,0.0
12369,1.0
12371,1.0
12380,1.0
12388,1.5
12392,3.0
12400,2.0
12402,0.0
12403,2.0
12404,1.0
12407,6.0
12408,5.0
12409,1.0
12413,2.0
12417,2.0
12422,3.0
12423,0.0
12425,1.0
12429,6.0
12432,3.0
12433,0.0
12437,2.0
12440,2.0
12446,2.0
12447,1.5
12448,2.0
12457,7.0
12461,2.0
12462,0.0
12463,2.0
12469,0.0
12476,1.0
12487,0.0
12493,2.5
12494,1.0
12498,3.0
12502,1.0
12507,1.5
12512,6.666666666666667
12513,4.5
12516,3.3333333333333335
12517,1.0
12518,1.0
12519,1.0
12521,3.0
12524,13.333333333333334
12526,7.0
12536,2.0
12537,0.0
12543,1.0
12548,0.0
12552,0.0
12555,1.0
12556,2.0
12557,2.0
12570,2.5
12573,5.0
12574,0.0
12578,0.0
12581,1.0
12587,2.5
12588,2.0
12589,0.0
12594,1.6666666666666667
12596,2.0
12599,2.3333333333333335
12601,3.0
12608,3.0
12611,0.0
12622,2.0
12623,1.5
12625,2.0
12627,3.4
12628,5.5
12639,2.0
12643,0.0
12644,0.0
12652,3.0
12654,0.0
12656,0.0
12660,4.0
12663,3.5
12664,3.5
12669,5.0
12671,0.0
12673,12.0
12678,2.0
12683,1.0
12686,1.0
12691,2.0
12693,0.0
12699,1.5
12705,7.0
12711,7.0
12713,1.0
12714,0.0
12715,3.3333333333333335
12716,3.3333333333333335
12718,1.0
12720,5.0
12722,1.0
12723,0.0
12725,2.6666666666666665
12733,0.0
12734,6.333333333333333
12735,5.666666666666667
12742,15.0
12744,7.0
12746,0.0
12749,2.0
12751,0.0
12752,0.0
12754,15.0
12759,0.0
12760,8.0
12765,0.0
12766,0.0
12775,2.0
12783,0.0
12793,2.5
12794,3.5
12799,2.75
12801,5.0
12802,4.0
12804,0.0
12811,0.0
12813,0.0
12820,2.0
12822,0.0
12824,0.0
12829,1.0
12830,1.0
12831,2.0
12833,2.0
12836,2.5
12840,0.0
12842,3.0
12847,1.0
12848,2.0
12856,10.0
12858,7.5
12870,5.0
12871,1.5
12879,1.6666666666666667
12880,1.5
12884,1.0
12886,3.3333333333333335
12887,3.0
12888,1.0
12890,2.0
12891,6.0
12899,0.0
12904,3.0
12915,1.0
12922,2.5
12932,5.0
12936,7.5
12939,4.5
12940,5.25
12941,4.75
12942,4.75
12949,5.0
12957,4.0
12961,1.5
12962,1.0
12966,2.0
12967,0.0
12971,3.0
12972,1.5
12975,1.0
12983,1.5
12984,2.0
12993,1.6666666666666667
12995,2.0
12998,4.0
13004,3.0
13017,3.3333333333333335
13021,1.0
13022,1.0
13023,1.0
13024,1.0
13026,1.0
13027,0.0
13028,1.5
13030,0.0
13040,3.0
13045,2.0
13048,2.75
13049,2.0
13053,0.0
13056,3.0
13057,0.0
13058,0.0
13060,2.0
13064,1.5
13073,2.6666666666666665
13079,1.0
13082,2.0
13092,0.0
13099,2.5
13104,2.0
13105,2.3333333333333335
13108,0.0
13112,3.5
13114,6.0
13116,2.0
13117,0.0
13130,0.0
13132,5.5
13134,3.0
13140,4.0
13151,2.3333333333333335
13157,2.0
13159,1.0
13162,1.0
13163,1.0
13166,3.0
13167,2.3333333333333335
13170,0.0
13172,2.0
13173,0.0
13178,1.5
13179,4.5
13181,3.0
13184,2.0
13187,3.0
13188,3.0
13190,1.3333333333333333
13193,1.0
13194,1.0
13195,0.0
13196,2.0
13200,0.0
13201,0.0
13202,2.0
13206,2.0
13209,0.0
13213,1.0
13215,5.0
13216,4.0
13221,3.0
13232,2.0
13233,1.6666666666666667
13236,2.3333333333333335
13251,1.0
13253,4.0
13255,1.5
13256,2.0
13258,2.6666666666666665
13264,2.6666666666666665
13268,0.0
13269,1.5
13271,1.0
13276,2.0
13277,1.3333333333333333
13289,1.0
13291,1.0
13294,3.3333333333333335
13297,2.0
13302,2.5
13308,1.0
13311,3.0
13315,0.0
13319,2.5
13328,2.0
13336,5.0
13342,2.3333333333333335
13347,3.0
13348,0.0
13352,1.0
13355,3.0
13356,4.0
13357,3.0
13359,2.0
13366,1.6666666666666667
13367,5.5
13372,3.0
13377,3.5
13378,3.0
13379,1.5
13381,2.0
13383,2.0
13391,0.0
13399,2.5
13400,4.333333333333333
13402,3.0
13407,1.0
13409,3.0
13410,3.0
13411,1.6666666666666667
13412,1.0
13413,4.0
13419,1.5
13421,0.0
13425,1.3333333333333333
13426,3.5
13429,3.3333333333333335
13431,1.0
13432,2.5
13433,3.3333333333333335
13434,3.0
13435,4.0
13436,3.3333333333333335
13439,3.0
13440,2.0
13443,3.0
13452,2.0
13453,6.0
13459,2.0
13461,1.3333333333333333
13464,1.3333333333333333
13467,1.5
13469,1.3333333333333333
13473,14.0
13479,1.0
13483,3.5
13484,6.0
13485,1.6666666666666667
13490,4.0
13491,3.0
13495,2.0
13498,4.0
13503,3.0
13505,4.0
13507,1.0
13508,1.0
13512,6.0
13514,6.0
13519,2.0
13524,0.0
13527,0.0
13528,1.0
13529,1.0
13535,5.0
13536,5.0
13537,5.0
13538,0.0
13542,2.0
13543,1.0
13544,2.6666666666666665
13547,1.0
13552,2.5
13553,3.5
13555,0.0
13556,3.25
13558,4.0
13560,4.0
13578,3.0
13580,3.0
13583,0.0
13589,0.0
13595,3.0
13596,2.6666666666666665
13598,2.5
13604,2.5
13606,3.0
13612,2.5
13613,3.0
13614,3.0
13615,1.0
13616,0.0
13618,2.0
13621,1.5
13627,1.5
13629,3.0
13633,1.0
13635,6.0
13637,6.0
13643,9.0
13644,9.0
13646,1.5
13656,2.0
13660,0.0
13662,4.5
13675,9.0
13677,8.5
13692,5.25
13693,6.0
13694,4.5
13697,4.666666666666667
13703,5.0
13705,5.25
13708,5.666666666666667
13709,4.75
13711,4.0
13713,0.0
13714,0.0
13715,6.5
13716,2.5
13721,4.5
13723,2.5
13730,1.0
13733,4.0
13734,4.0
13737,1.5
13738,1.0
13741,3.5
13743,3.0
13744,0.0
13745,0.0
13747,3.0
13748,1.5
13749,2.3333333333333335
13750,2.0
13753,1.8
13756,1.0
13757,1.0
13758,1.0
13759,1.0
13764,1.5
13767,2.75
13771,3.0
13776,2.0
13778,2.0
13783,2.0
13785,4.0
13787,3.0
13791,3.0
13797,3.3333333333333335
13800,1.0
13801,3.5
13803,3.5
13804,3.0
13806,2.0
13814,1.5
13818,2.0
13821,0.0
13823,0.0
13826,3.0
13827,3.0
13828,3.0
13830,2.0
13841,2.0
13842,2.0
13843,1.6666666666666667
13846,2.5
13852,1.0
13853,2.3333333333333335
13854,4.0
13857,1.0
13859,2.0
13861,0.0
13863,0.0
13865,3.5
13869,10.0
13870,1.25
13876,0.0
13879,2.3333333333333335
13882,1.6666666666666667
13888,3.0
13891,3.0
13893,3.0
13895,2.0
13896,0.0
13897,0.0
13899,2.0
13903,1.0
13912,1.0
13914,3.0
13927,0.0
13931,2.5
13933,5.0
13936,3.5
13938,3.5
13949,4.0
13955,2.0
13958,2.0
13960,4.5
13962,4.5
13972,0.0
13973,1.0
13974,2.0
13976,2.0
13977,9.0
13979,4.5
13984,2.0
13986,3.0
13987,2.0
13990,2.0
13993,1.0
13994,1.0
13998,5.333333333333333
14002,1.0
14004,1.0
14007,2.0
14010,1.0
14013,1.0
14014,1.0
14015,0.0
14016,0.0
14019,0.0
14021,1.0
14028,0.0
14029,0.0
14030,0.0
14031,1.0
14037,0.0
14046,0.0
14047,2.0
14052,3.0
14054,1.0
14056,2.0
14059,0.0
14060,0.0
14062,1.5
14065,1.5
14067,0.0
14074,7.0
14075,7.0
14080,3.0
14081,0.0
14087,4.5
14090,3.3333333333333335
14091,4.0
14112,0.0
14113,0.0
14115,0.0
14119,1.6666666666666667
14128,3.0
14131,4.0
14134,3.0
14135,4.0
14136,2.5
14141,1.5
14142,0.0
14143,1.0
14145,1.0
14146,0.0
14148,2.0
14149,4.0
14155,0.0
14156,2.3333333333333335
14158,1.5
14159,2.0
14161,1.0
14166,0.0
14167,3.0
14168,0.0
14171,1.6666666666666667
14173,3.0
14182,1.0
14183,1.0
14185,2.5
14193,4.0
14201,2.0
14205,1.0
14206,1.0
14211,1.0
14212,3.0
14213,1.0
14215,0.0
14218,2.0
14221,6.0
14225,2.0
14227,2.0
14229,5.0
14231,1.5
14232,1.5
14236,0.0
14237,4.0
14239,0.0
14240,4.0
14246,5.0
14249,0.0
14255,3.0
14257,5.0
14259,0.0
14268,0.0
14273,4.0
14275,3.0
14278,2.6666666666666665
14281,2.6666666666666665
14285,0.0
14291,4.0
14294,3.0
14295,4.0
14296,4.0
14298,3.0
14299,2.0
14303,1.0
14307,4.0
14308,4.0
14310,2.6666666666666665
14312,0.0
14314,4.5
14315,4.0
14318,0.0
14319,8.0
14323,8.0
14325,4.5
14330,8.0
14334,5.0
14336,8.0
14337,6.0
14341,1.0
14344,2.0
14349,1.0
14350,0.0
14352,3.0
14358,0.0
14361,1.5
14363,1.3333333333333333
14369,1.0
14371,3.0
14372,1.5
14382,3.0
14384,1.6666666666666667
14385,2.3333333333333335
14387,2.0
14390,2.0
14392,1.5
14393,1.5
14396,1.5
14397,2.3333333333333335
14398,1.5
14399,3.5
14403,1.6666666666666667
14406,0.0
14407,3.0
14410,2.0
14412,1.5
14414,2.0
14418,2.0
14419,2.0
14421,0.0
14422,1.0
14424,0.0
14427,1.0
14428,0.0
14429,2.5
14434,3.0
14435,3.0
14438,2.5
14443,0.0
14447,1.0
14452,1.0
14453,1.0
14454,3.0
14458,1.0
14460,1.0
14462,1.0
14463,2.0
14466,3.0
14469,4.0
14471,1.5
14473,3.0
14476,0.0
14478,2.0
14479,3.0
14485,4.5
14489,3.0
14497,2.0
14498,2.0
14499,0.0
14500,3.5
14502,2.6666666666666665
14506,2.0
14509,2.0
14514,2.0
14515,3.0
14518,2.0
14520,2.5
14530,1.0
14531,0.0
14532,7.0
14537,7.0
14541,2.0
14548,1.0
14551,0.0
14552,0.0
14556,2.5
14557,4.0
14562,3.0
14563,2.5
14566,2.0
14567,0.0
14572,3.0
14575,5.75
14578,2.6666666666666665
14580,3.5
14581,2.5
14585,3.0
14586,3.0
14591,0.0
14592,0.0
14595,1.0
14597,1.5
14600,1.3333333333333333
14602,1.0
14603,1.5
14605,0.0
14606,2.0
14607,3.0
14611,1.0
14613,2.5
14620,4.0
14628,1.5
14633,2.0
14645,2.0
14647,3.0
14651,0.0
14652,1.0
14658,4.0
14661,2.0
14662,7.0
14663,4.5
14674,4.0
14678,4.0
14679,4.0
14682,4.5
14687,3.0
14688,0.0
14689,9.0
14691,7.333333333333333
14692,7.333333333333333
14695,9.0
14699,4.0
14700,5.666666666666667
14707,6.5
14710,8.0
14717,5.0
14718,1.0
14720,1.0
14727,1.5
14728,3.0
14732,3.0
14735,3.0
14740,0.0
14741,0.0
14743,2.0
14747,3.0
14748,3.0
14755,3.0
14756,0.0
14757,2.0
14759,3.0
14765,3.0
14768,1.0
14770,3.0
14772,2.0
14776,3.0
14782,2.0
14787,2.0
14788,2.5
14794,1.5
14796,0.0
14802,2.0
14803,1.3333333333333333
14805,1.5
14806,1.5
14811,2.0
14813,2.0
14814,0.0
14815,0.0
14818,2.0
14819,2.0
14820,0.0
14823,0.0
14824,0.0
14825,1.0
14832,1.0
14833,2.0
14840,1.0
14843,2.0
14846,2.0
14847,4.0
14848,3.0
14849,0.0
14850,0.0
14851,0.0
14852,1.0
14854,1.0
14856,1.0
14857,1.0
14860,1.0
14861,1.0
14863,0.0
14865,2.3333333333333335
14866,5.5
14875,2.0
14876,2.0
14877,1.5
14880,0.0
14889,4.0
14891,1.6666666666666667
14892,1.0
14893,2.0
14897,3.3333333333333335
14900,0.0
14903,0.0
14908,0.0
14909,0.0
14910,0.0
14912,0.0
14914,0.0
14920,2.0
14921,1.0
14922,3.5
14923,3.0
14929,1.6666666666666667
14930,1.0
14933,4.0
14936,1.5
14939,0.0
14940,4.0
14948,1.0
14949,1.5
14956,3.0
14963,2.0
14973,1.0
14974,2.5
14975,0.0
14977,1.0
14983,1.8333333333333333
14987,4.0
14988,2.6666666666666665
14990,8.333333333333334
14991,11.5
14997,2.5
15001,6.0
15002,5.0
15003,3.3333333333333335
15004,3.5
15005,5.0
15006,3.0
15007,7.0
15014,5.0
15019,4.0
15025,6.5
15027,4.666666666666667
15034,0.0
15040,2.0
15041,2.0
15047,2.5
15054,2.0
15063,6.5
15071,2.0
15072,1.5
15075,5.0
15084,5.666666666666667
15086,1.0
15087,2.0
15089,7.5
15101,0.0
15102,1.0
15105,2.5
15109,0.0
15112,2.0
15113,2.0
15114,4.0
15115,1.0
15118,1.0
15121,2.5
15125,0.0
15129,2.0
15135,1.0
15140,0.0
15146,2.0
15149,0.0
15154,3.0
15162,1.5
15166,1.0
15167,0.0
15170,1.0
15174,6.0
15175,6.0
15184,1.0
15191,13.0
15198,6.0
15202,3.0
15203,3.0
15205,3.0
15207,3.0
15220,3.5
15225,1.0
15227,0.0
15230,4.0
15233,2.0
15234,1.5
15237,1.0
15239,4.0
15243,3.5
15247,6.0
15248,8.0
15249,10.0
15250,4.0
15254,0.0
15259,1.0
15260,2.0
15261,0.0
15270,0.0
15275,5.0
15276,1.5
15284,1.0
15288,2.5
15289,1.0
15290,1.5
15294,1.0
15295,1.0
15303,0.0
15305,3.3333333333333335
15308,4.0
15314,1.0
15318,4.0
15324,0.0
15325,3.0
15326,1.0
15328,0.0
15330,5.0
15334,3.0
15335,1.0
15341,2.0
15342,1.0
15345,0.0
15347,1.0
15354,1.0
15355,0.0
15357,2.5
15365,3.0
15366,4.0
15367,5.0
15369,4.0
15370,2.5
15372,2.3333333333333335
15376,8.0
15377,2.0
15380,0.0
15383,1.0
15388,0.0
15391,5.0
15401,4.0
15403,2.0
15407,4.0
15408,4.0
15409,1.0
15411,0.0
15413,2.0
15416,4.0
15417,2.5
15419,0.0
15425,6.0
15427,0.0
15428,4.5
15431,1.5
15438,2.0
15444,1.6666666666666667
15452,4.0
15456,2.0
15457,1.0
15460,3.0
15463,0.0
15464,1.0
15465,2.5
15467,3.0
15470,6.0
15471,0.0
15472,3.0
15474,4.5
15475,4.5
15476,3.3333333333333335
15479,2.0
15480,5.0
15481,0.0
15482,2.0
15483,3.5
15489,10.0
15490,10.0
15491,8.0
15496,5.0
15497,0.0
15499,1.0
15500,0.0
15503,4.0
15507,3.0
15508,1.0
15509,1.0
15512,2.0
15516,5.0
15519,0.0
15523,4.0
15526,1.0
15527,0.0
15536,4.0
15538,9.0
15540,5.6
15543,7.5
15545,6.0
15547,4.5
15548,4.25
15550,6.0
15557,5.0
15559,5.25
15561,5.666666666666667
15562,4.75
15573,7.0
15575,7.0
15585,1.0
15590,1.0
15595,1.6666666666666667
15596,1.0
15601,1.0
15606,0.0
15607,0.0
15609,0.0
15610,0.0
15611,1.0
15619,6.5
15620,10.0
15627,7.5
15629,1.0
15630,4.0
15636,1.3333333333333333
15637,2.0
15639,1.0
15646,3.5
15648,2.0
15649,2.0
15650,1.0
15654,2.0
15656,1.0
15663,2.0
15664,1.5
15667,1.0
15676,4.0
15679,0.0
15680,0.0
15681,1.0
15682,1.5
15690,3.0
15691,4.0
15692,4.0
15696,4.0
15703,3.5
15705,2.5
15707,4.0
15711,2.3333333333333335
15712,0.0
15714,4.0
15716,4.0
15717,4.0
15718,0.0
15720,1.0
15722,2.5
15724,0.0
15726,1.0
15728,1.0
15734,3.0
15736,2.5
15738,3.6666666666666665
15741,2.5
15748,1.0
15750,1.5
15755,1.0
15756,1.0
15762,2.0
15763,1.5
15764,1.3333333333333333
15769,4.0
15770,2.6666666666666665
15771,4.0
15774,3.5
15775,3.0
15776,3.0
15777,1.5
15778,3.0
15792,2.0
15797,3.5
15798,6.0
15809,4.0
15819,2.0
15823,1.0
15827,1.0
15828,3.0
15829,5.0
15831,0.0
15832,0.0
15833,0.0
15835,0.0
15839,0.0
15841,0.0
15849,2.0
15850,1.0
15855,0.0
15858,2.0
15859,5.333333333333333
15867,7.0
15868,4.0
15870,7.0
15871,1.5
15872,3.0
15874,1.0
15877,1.0
15884,7.5
15885,7.0
15887,9.0
15888,12.0
15889,1.5
15890,1.0
15893,5.0
15897,1.8333333333333333
15899,1.0
15903,4.0
15904,7.0
15907,2.0
15908,2.5
15909,2.6666666666666665
15911,3.0
15912,2.5
15919,2.0
15928,1.0
15932,0.0
15936,1.0
15938,2.0
15941,1.0
15942,0.0
15943,3.0
15946,2.0
15949,1.0
15950,2.0
15951,0.0
15952,3.0
15970,1.0
15971,1.0
15976,3.0
15977,0.0
15979,2.0
15981,1.0
15984,2.0
15986,1.5
15999,4.0
16006,2.0
16010,6.5
16013,2.6666666666666665
16023,2.0
16025,1.0
16026,3.5
16039,1.0
16043,1.0
16046,2.6666666666666665
16049,1.0
16053,2.0
16058,3.5
16059,4.0
16060,2.5
16065,5.0
16067,9.0
16068,3.0
16071,2.5
16073,1.0
16078,2.5
16080,3.0
16082,1.0
16085,1.5
16089,0.0
16090,1.0
16091,3.0
16094,0.0
16095,0.0
16097,5.5
16099,6.0
16107,4.0
16108,0.0
16112,1.0
16113,3.5
16115,0.0
16119,2.5
16128,1.5
16135,3.3333333333333335
16136,6.0
16139,2.0
16146,3.0
16149,0.0
16151,2.0
16157,0.0
16160,2.5
16161,2.5
16164,4.0
16165,3.5
16173,1.3333333333333333
16175,1.0
16177,2.5
16185,0.0
16188,2.0
16190,0.0
16191,1.0
16192,0.0
16193,0.0
16202,4.0
16203,2.6666666666666665
16206,1.0
16208,0.0
16212,2.0
16213,3.5
16217,0.0
16218,2.0
16222,2.0
16223,3.0
16224,1.0
16226,1.0
16228,2.5
16231,2.5
16233,4.0
16236,2.0
16240,2.5
16243,2.3333333333333335
16245,3.0
16248,1.0
16252,1.0
16253,1.0
16259,3.0
16260,5.0
16261,0.0
16263,3.5
16264,4.0
16265,4.0
16266,3.0
16268,3.0
16269,3.0
16275,2.0
16278,1.0
16280,4.0
16284,2.0
16286,2.0
16287,5.0
16290,2.0
16294,1.0
16299,6.0
16302,6.0
16303,8.5
16307,3.3333333333333335
16312,0.0
16313,2.0
16315,3.0
16316,0.0
16318,0.0
16328,3.0
16332,3.0
16339,3.0
16340,3.0
16342,5.0
16345,1.0
16346,2.0
16348,1.5
16352,0.0
16353,3.0
16356,3.0
16358,3.0
16360,1.0
16361,1.0
16363,1.0
16364,2.5
16365,1.5
16366,2.5
16367,2.3333333333333335
16373,3.0
16374,2.5
16375,2.5
16376,3.0
16381,2.0
16382,1.0
16384,1.5
16386,2.0
16387,1.0
16388,3.0
16394,3.0
16395,3.0
16402,1.0
16405,2.5
16409,1.0
16416,1.5
16417,1.0
16419,1.5
16422,0.0
16424,2.0
16427,1.0
16431,1.6666666666666667
16433,4.0
16435,2.0
16439,1.0
16442,0.0
16444,3.0
16451,5.0
16453,0.0
16454,1.3333333333333333
16460,7.5
16462,7.5
16463,11.5
16467,6.0
16468,3.5
16474,4.0
16480,4.0
16482,3.0
16486,1.5
16487,1.5
16492,3.0
16494,3.0
16498,0.0
16499,0.0
16503,2.0
16508,1.0
16510,1.5
16517,4.0
16519,4.0
16521,2.0
16526,3.0
16528,4.0
16532,2.5
16534,2.0
16544,3.0
16546,3.0
16555,2.3333333333333335
16560,1.0
16562,1.5
16563,0.0
16565,2.0
16569,7.0
16575,6.0
16576,6.0
16581,6.0
16583,2.0
16584,3.0
16589,2.0
16594,4.0
16598,3.0
16601,0.0
16605,2.0
16610,4.0
16620,0.0
16623,0.0
16629,0.0
16632,1.0
16634,0.0
16638,0.0
16641,0.0
16643,3.0
16650,2.0
16652,3.5
16656,1.0
16659,0.0
16660,0.0
16661,1.0
16663,2.0
16667,2.5
16668,2.0
16669,2.5
16670,3.0
16671,3.0
16674,2.0
16675,2.0
16676,2.0
16679,3.0
16681,0.0
16685,1.5
16689,1.5
16693,0.0
16695,0.0
16698,3.0
16702,5.0
16709,1.0
16717,3.5
16719,3.0
16724,5.0
16735,1.0
16736,2.5
16737,0.0
16741,2.0
16751,1.5
16752,2.0
16764,3.5
16765,3.5
16766,3.6666666666666665
16767,2.0
16770,2.0
16777,1.0
16778,0.0
16782,1.0
16784,1.0
16787,4.0
16789,4.0
16791,2.0
16798,1.5
16801,2.0
16802,1.6666666666666667
16803,2.0
16807,1.0
16809,1.5
16810,2.0
16812,3.0
16815,1.5
16824,2.0
16828,1.0
16829,1.0
16831,1.0
16834,1.0
16837,2.6666666666666665
16841,0.0
16843,2.0
16849,1.0
16850,0.0
16852,2.0
16854,2.0
16855,2.0
16863,0.0
16868,0.0
16870,2.8
16876,1.5
16877,5.5
16879,0.0
16881,0.0
16890,1.0
16893,3.0
16899,2.5
16900,2.5
16912,2.5
16913,1.0
16916,1.0
16920,0.0
16922,1.0
16924,1.0
16927,3.0
16930,1.0
16932,0.0
16933,6.0
16940,2.0
16942,1.5
16946,2.0
16948,2.0
16951,0.0
16953,3.0
16954,3.0
16958,1.0
16959,3.0
16966,0.0
16968,2.5
16973,2.0
16974,2.0
16981,1.3333333333333333
16982,1.5
16986,1.5
16988,2.0
16991,2.5
16993,2.0
16994,4.0
16996,2.5
17002,2.0
17004,5.333333333333333
17007,4.0
17008,4.5
17015,3.0
17022,1.0
17026,2.5
17027,1.0
17030,4.0
17032,5.0
17033,4.5
17035,0.0
17036,0.0
17037,3.0
17038,2.0
17043,0.0
17055,1.0
17056,1.0
17058,9.0
17059,6.0
17060,0.0
17061,6.5
17065,2.4
17066,2.2
17080,2.0
17089,1.0
17093,2.0
17096,3.0
17099,2.0
17102,2.0
17106,1.5
17107,1.0
17108,0.0
17109,4.0
17115,3.0
17125,2.0
17126,2.0
17129,1.5
17131,1.0
17135,3.0
17140,0.0
17145,0.0
17148,0.0
17155,0.0
17156,0.0
17163,5.0
17166,2.5
17167,0.0
17172,2.5
17174,5.5
17179,1.0
17180,1.0
17188,0.0
17191,0.0
17193,4.0
17198,0.0
17205,1.5
17209,3.0
17220,3.0
17222,2.5
17227,2.0
17232,3.0
17234,5.0
17236,1.0
17240,0.0
17243,1.6666666666666667
17247,2.0
17252,1.0
17255,2.0
17256,3.5
17257,2.0
17259,0.0
17262,1.5
17264,2.0
17267,1.5
17268,2.0
17270,2.0
17271,1.3333333333333333
17272,1.5
17274,1.3333333333333333
17283,3.5
17284,3.5
17286,3.5
17289,5.0
17290,3.3333333333333335
17297,4.0
17298,3.0
17299,0.0
17300,3.0
17316,3.0
17322,0.0
17329,7.0
17330,5.0
17332,1.0
17333,1.0
17335,6.0
17337,3.0
17341,2.0
17344,2.6666666666666665
17354,0.0
17357,3.0
17361,6.0
17362,0.0
17366,0.0
17369,5.0
17371,1.0
17373,1.0
17377,2.0
17381,5.5
17383,5.5
17389,1.0
17395,0.0
17401,2.5
17403,0.0
17405,1.0
17411,1.0
17414,1.0
17415,6.0
17422,4.0
17425,1.0
17426,0.0
17430,3.0
17433,2.0
17435,2.0
17441,3.0
17444,5.0
17448,1.0
17449,2.6666666666666665
17451,1.0
17453,2.0
17455,2.0
17463,0.0
17464,5.0
17466,2.6666666666666665
17474,1.5
17478,0.0
17484,3.5
17487,0.0
17495,2.0
17496,0.0
17499,1.0
17500,3.0
17505,0.0
17506,3.5
17513,0.0
17515,0.0
17516,3.5
17517,3.5
17520,2.0
17525,1.0
17532,5.5
17533,1.0
17535,1.0
17537,0.0
17539,0.0
17543,1.0
17544,4.0
17548,0.0
17550,2.0
17552,6.0
17553,2.6666666666666665
17556,2.6666666666666665
17564,4.0
17567,4.0
17570,0.0
17582,2.0
17584,1.6666666666666667
17588,2.0
17590,1.6666666666666667
17591,3.6666666666666665
17593,4.5
17595,0.0
17596,0.0
17597,4.5
17602,0.0
17605,0.0
17606,0.0
17607,2.0
17611,2.0
17615,3.0
17620,0.0
17623,3.6666666666666665
17629,6.0
17630,4.0
17635,2.3333333333333335
17636,1.0
17637,2.3333333333333335
17642,7.0
17643,0.0
17644,1.3333333333333333
17646,2.5
17647,6.0
17651,0.0
17656,3.0
17657,4.0
17660,4.0
17661,4.0
17662,4.0
17665,0.0
17666,2.0
17667,2.0
17670,0.0
17674,1.0
17679,4.0
17680,6.0
17683,4.0
17685,1.0
17688,4.0
17690,2.0
17691,2.0
17700,1.0
17706,2.0
17711,3.0
17719,1.0
17723,0.0
17725,1.5
17726,3.0
17730,2.0
17731,7.0
17734,4.0
17735,7.0
17738,1.0
17741,0.0
17746,1.0
17747,1.0
17751,1.5
17754,2.0
17759,2.4
17761,6.0
17762,2.5
17764,5.0
17770,5.0
17772,0.0
17774,2.0
17776,2.0
17778,1.5
17780,2.0
17781,2.0
17793,1.0
17797,0.0
17800,2.0
17801,1.0
17804,0.0
17806,0.0
17809,2.5
17811,2.3333333333333335
17814,3.0
17816,1.5
17820,2.0
17824,0.0
17825,1.0
17833,0.0
17834,5.0
17838,5.0
17841,5.0
17846,5.0
17847,3.0
17848,3.0
17850,5.0
17851,0.0
17853,3.6666666666666665
17855,3.6666666666666665
17860,1.0
17862,1.0
17863,0.0
17864,0.0
17865,0.0
17866,4.0
17868,0.0
17869,1.0
17871,2.0
17875,0.0
17876,4.0
17885,3.0
17886,3.0
17887,3.0
17888,2.5
17891,2.0
17892,1.5
17894,0.0
17900,1.5
17901,1.5
17904,0.0
17913,2.5
17916,0.0
17918,5.0
17923,1.0
17930,3.3333333333333335
17931,3.0
17932,3.0
17936,1.75
17937,1.0
17945,0.0
17951,1.6666666666666667
17953,1.0
17957,4.5
17960,5.5
17961,4.0
17966,4.0
17972,2.6666666666666665
17979,1.0
17982,2.5
17983,3.0
17985,2.5
17986,6.5
17987,0.0
17988,2.0
17989,1.0
17990,0.0
17992,0.0
17994,2.0
17995,2.0
18001,2.25
18002,3.0
18009,7.0
18020,1.0
18030,3.3333333333333335
18034,5.0
18040,1.3333333333333333
18042,1.0
18043,2.0
18045,1.0
18049,1.0
18055,4.0
18064,2.3333333333333335
18067,2.0
18079,2.5
18084,3.0
18085,3.0
18087,2.0
18091,3.0
18092,1.5
18093,2.0
18099,3.3333333333333335
18103,7.0
18106,3.0
18107,1.0
18113,7.0
18115,1.6666666666666667
18117,0.0
18118,2.0
18122,1.0
18129,0.0
18133,3.0
18135,2.3333333333333335
18138,0.0
18139,0.0
18140,2.0
18141,1.5
18144,5.0
18148,1.5
18151,2.0
18152,1.0
18153,1.0
18154,0.0
18158,3.0
18159,9.0
18160,9.0
18165,4.0
18167,1.0
18170,9.0
18172,0.0
18173,9.0
18174,0.0
18176,1.5
18178,2.0
18180,0.0
18183,2.0
18184,1.5
18190,0.0
18194,0.0
18195,1.5
18199,1.0
18203,2.0
18205,1.0
18209,0.0
18210,8.0
18211,1.0
18212,0.0
18216,0.0
18217,0.0
18219,0.0
18223,4.5
18229,1.0
18231,3.0
18239,4.0
18244,0.0
18245,2.5
18247,2.0
18249,2.5
18253,1.0
18259,3.0
18261,2.5
18263,1.5
18264,1.3333333333333333
18270,3.0
18280,3.0
18290,3.0
18294,2.0
18295,2.0
18300,3.0
18304,1.0
18306,0.0
18307,1.0
18308,4.0
18311,3.0
18319,1.0
18323,1.0
18331,3.0
18336,2.0
18337,2.0
18341,2.0
18344,1.5
18351,1.5
18354,3.0
18359,0.0
18361,4.0
18364,7.0
18370,5.5
18372,7.0
18376,3.0
18377,8.0
18378,1.0
18379,0.0
18388,4.0
18392,3.0
18394,2.0
18400,2.0
18402,6.0
18406,7.5
18410,4.25
18417,7.5
18419,0.0
18421,1.0
18423,1.0
18424,1.5
18425,1.0
18429,2.0
18431,1.0
18433,1.0
18435,2.3333333333333335
18437,3.75
18438,2.0
18440,0.0
18441,4.0
18452,1.0
18453,1.0
18454,1.3333333333333333
18457,1.3333333333333333
18463,5.5
18465,3.0
18466,4.0
18467,3.0
18468,5.5
18469,0.0
18471,3.0
18472,2.3333333333333335
18476,3.0
18479,0.0
18481,2.5
18484,1.0
18485,0.0
18487,3.0
18492,1.0
18495,7.0
18499,8.0
18502,4.0
18503,3.0
18509,1.5
18516,1.5
18517,0.0
18521,0.0
18522,4.0
18526,1.6666666666666667
18527,1.0
18530,3.5
18531,2.5
18534,1.0
18535,0.0
18538,1.0
18540,1.0
18549,1.0
18551,2.0
18553,3.0
18555,5.0
18560,1.0
18567,0.0
18569,1.0
18570,4.0
18578,4.0
18590,1.0
18595,0.0
18601,7.0
18605,0.0
18613,5.25
18617,6.333333333333333
18618,3.0
18628,5.0
18629,3.0
18630,2.5
18631,0.0
18634,6.666666666666667
18636,7.0
18641,2.0
18645,2.0
18646,1.75
18651,2.0
18653,2.5
18655,4.0
18662,2.0
18665,0.0
18667,0.0
18672,1.5
18673,0.0
18677,2.0
18681,1.5
18689,2.0
18690,2.0
18694,3.4
18699,0.0
18701,2.0
18704,2.0
18706,1.0
18708,2.3333333333333335
18710,2.0
18711,2.5
18712,2.0
18713,2.0
18717,1.3333333333333333
18720,0.0
18722,0.0
18724,0.0
18727,0.0
18731,3.6666666666666665
18734,5.0
18736,4.5
18741,2.0
18744,0.0
18755,2.0
18758,3.5
18760,2.0
18763,1.5
18767,0.0
18774,1.0
18775,3.0
18777,5.5
18781,1.0
18783,4.0
18784,2.3333333333333335
18786,3.5
18790,1.0
18792,0.0
18793,0.0
18794,0.0
18795,0.0
18797,0.0
18800,0.0
18803,6.0
18820,0.0
18821,2.0
18826,4.0
18829,4.5
18831,5.0
18836,3.0
18842,1.0
18844,1.0
18845,1.0
18846,1.0
18849,1.0
18850,0.0
18851,0.0
18853,3.0
18857,1.5
18861,0.0
18862,9.0
18864,4.0
18865,0.0
18867,0.0
18870,1.0
18874,1.0
18876,1.5
18877,3.0
18882,2.5
18884,0.0
18889,1.5
18896,2.0
18899,9.0
18900,6.0
18901,0.0
18902,6.5
18907,2.0
18908,0.0
18918,1.0
18927,0.0
18930,0.0
18931,3.0
18942,1.6666666666666667
18944,2.0
18947,0.0
18949,2.0
18951,2.0
18956,2.0
18959,0.0
18961,0.0
18963,0.0
18964,1.0
18972,3.5
18973,0.0
18974,2.0
18976,2.0
18977,3.0
18978,2.0
18979,3.0
18981,1.5
18982,4.0
18985,1.6666666666666667
18989,2.0
18991,3.3333333333333335
18992,1.0
18995,1.0
19000,1.0
19002,1.0
19004,1.0
19007,0.0
19022,5.333333333333333
19023,8.0
19025,0.0
19026,1.5
19029,5.0
19031,1.0
19035,2.6666666666666665
19036,2.0
19043,1.0
19047,2.0
19051,4.0
19055,1.0
19057,2.0
19063,6.0
19065,6.0
19066,0.0
19071,5.0
19073,4.0
19075,2.0
19079,1.0
19084,3.0
19087,0.0
19091,3.5
19092,4.0
19095,2.5
19098,1.0
19099,2.0
19101,1.5
19104,4.0
19108,1.0
19114,0.0
19117,2.0
19119,1.6666666666666667
19120,1.0
19126,12.5
19133,0.0
19134,11.0
19139,4.0
19141,4.0
19145,0.0
19147,6.0
19150,1.0
19154,5.0
19156,8.0
19160,0.0
19161,3.0
19163,4.0
19165,0.0
19166,0.0
19169,0.0
19172,5.0
19181,4.0
19185,3.3333333333333335
19189,2.0
19195,7.0
19196,7.0
19197,1.5
19202,6.666666666666667
19209,2.0
19211,0.0
19213,2.3333333333333335
19214,0.0
19215,2.0
19221,2.0
19228,1.0
19229,1.0
19230,1.0
19238,4.0
19239,3.0
19243,2.0
19244,2.5
19247,0.0
19249,2.0
19258,0.0
19262,3.0
19264,2.0
19269,4.0
19275,0.0
19280,1.0
19286,2.0
19287,3.0
19291,2.5
19297,2.0
19298,5.0
19301,8.0
19304,2.3333333333333335
19306,2.75
19311,3.3333333333333335
19316,1.0
19317,1.0
19318,1.0
19319,1.0
19320,1.0
19324,1.0
19327,5.5
19329,3.5
19333,5.5
19338,6.0
19342,3.0
19344,2.5
19346,2.0
19350,0.0
19353,1.0
19355,2.5
19357,0.0
19359,1.0
19360,15.0
19363,9.0
19365,2.0
19366,1.3333333333333333
19369,1.0
19370,1.0
19371,1.3333333333333333
19378,2.0
19379,2.0
19381,10.0
19385,0.0
19386,5.5
19388,4.0
19392,0.0
19394,1.3333333333333333
19399,3.0
19400,2.0
19402,1.0
19411,0.0
19415,4.0
19422,4.0
19423,4.0
19424,4.0
19426,3.0
19428,3.0
19430,3.0
19432,3.0
19437,1.0
19439,2.0
19440,2.0
19442,1.0
19445,1.0
19448,1.0
19451,1.0
19452,4.0
19453,2.0
19454,3.0
19456,3.0
19465,3.0
19468,5.0
19472,3.3333333333333335
19475,0.0
19482,2.6666666666666665
19483,0.0
19487,3.0
19489,2.6666666666666665
19490,8.0
19494,3.0
19496,0.0
19502,0.0
19504,0.0
19505,6.5
19506,0.0
19508,1.0
19509,1.5
19527,6.0
19528,5.5
19530,0.0
19531,10.0
19533,1.0
19534,1.5
19542,1.5
19544,5.0
19545,1.5
19546,0.0
19547,1.5
19553,5.0
19554,3.5
19556,0.0
19560,1.0
19564,2.0
19568,2.0
19570,3.0
19573,2.0
19576,3.0
19577,0.0
19579,0.0
19580,3.0
19581,2.0
19583,4.0
19585,3.0
19588,3.0
19590,0.0
19591,2.0
19594,2.5
19596,2.0
19600,6.0
19601,4.0
19607,4.5
19609,4.0
19611,3.0
19619,3.5
19623,9.0
19626,1.5
19628,2.0
19631,0.0
19632,0.0
19635,0.0
19637,6.0
19640,3.0
19642,4.0
19643,2.0
19645,3.0
19646,1.5
19647,2.0
19654,1.0
19664,1.0
19668,1.0
19671,3.0
19673,2.0
19674,0.0
19676,3.6666666666666665
19678,4.666666666666667
19679,1.0
19682,11.0
19683,0.0
19685,11.0
19687,6.0
19689,0.0
19694,2.5
19698,1.0
19699,3.3333333333333335
19701,9.5
19704,3.0
19707,0.0
19712,3.0
19716,0.0
19718,1.0
19720,2.0
19722,2.0
19727,2.0
19729,2.0
19730,2.0
19739,4.0
19741,3.0
19743,3.0
19745,2.3333333333333335
19752,2.5
19755,3.3333333333333335
19758,0.0
19760,1.0
19761,1.0
19766,1.0
19770,0.0
19771,1.5
19772,3.0
19776,3.0
19779,3.0
19781,3.0
19782,1.0
19783,1.0
19787,1.0
19791,2.0
19793,4.0
19795,3.0
19801,4.5
19806,2.0
19807,2.0
19809,3.5
19810,1.5
19811,2.5
19812,2.5
19813,2.0
19815,1.0
19816,0.0
19817,1.0
19821,0.0
19822,0.0
19823,1.0
19824,1.3333333333333333
19825,0.0
19831,1.0
19835,12.0
19846,1.5
19848,0.0
19850,4.0
19851,0.0
19855,4.0
19862,7.0
19863,4.333333333333333
19864,4.333333333333333
19866,4.0
19868,2.0
19872,2.0
19875,2.3333333333333335
19876,0.0
19879,0.0
19880,0.0
19882,0.0
19887,1.0
19892,0.0
19898,3.5
19901,4.0
19902,4.75
19906,4.5
19908,3.0
19909,3.0
19910,1.0
19911,1.0
19915,2.0
19916,2.0
19917,3.25
19923,5.0
19926,2.5
19928,4.25
19929,4.0
19930,4.0
19933,2.0
19934,4.5
19941,2.5
19943,4.0
19944,0.0
19947,2.0
19948,2.0
19954,2.0
19955,3.0
19956,2.0
19963,1.3333333333333333
19967,1.0
19970,4.0
19972,6.0
19979,8.0
19982,1.6666666666666667
19988,2.0
19991,7.0
19993,2.6666666666666665
19996,0.0
19998,2.6666666666666665
19999,3.0
20001,4.5
20015,2.0
20020,2.0
20022,1.0
20028,3.0
20030,5.0
20031,3.5
20032,2.0
20036,3.0
20039,1.3333333333333333
20044,1.3333333333333333
20051,1.5
20053,3.0
20057,3.0
20058,5.0
20066,0.0
20068,2.0
20070,3.0
20076,2.0
20078,4.0
20084,0.0
20085,0.0
20090,3.0
20093,3.0
20097,1.0
20098,1.0
20101,2.0
20107,2.0
20116,1.0
20117,1.0
20118,2.0
20119,1.75
20122,1.0
20124,2.3333333333333335
20128,0.0
20130,2.5
20132,1.0
20139,0.0
20148,1.0
20150,0.0
20152,1.0
20157,0.0
20161,4.0
20163,2.0
20164,7.0
20171,4.0
20174,4.0
20179,1.0
20187,0.0
20190,1.0
20191,0.0
20193,2.0
20196,4.0
20197,1.0
20200,2.0
20201,1.5
20202,2.0
20206,3.0
20211,0.0
20212,0.0
20219,0.0
20222,1.5
20227,4.5
20228,4.5
20234,2.0
20235,3.0
20237,1.5
20239,0.0
20240,2.0
20241,0.0
20243,1.0
20252,4.0
20253,2.5
20264,1.6666666666666667
20269,5.666666666666667
20271,12.0
20274,3.0
20275,3.0
20276,3.0
20277,2.0
20284,1.0
20286,1.0
20291,5.5
20293,0.0
20294,4.0
20296,0.0
20297,4.0
20302,4.0
20303,0.0
20305,0.0
20306,3.5
20308,1.5
20311,1.5
20312,1.6666666666666667
20318,4.0
20322,2.0
20330,5.5
20336,0.0
20342,1.0
20348,3.0
20353,1.25
20356,1.0
20359,3.6666666666666665
20360,3.0
20361,1.0
20368,3.3333333333333335
20369,0.0
20371,3.75
20372,4.25
20373,1.0
20375,2.5
20377,2.5
20379,1.0
20382,3.0
20384,3.0
20388,1.0
20396,4.0
20397,2.0
20400,4.0
20402,3.0
20404,4.0
20407,2.0
20411,1.5
20416,2.0
20418,3.0
20419,1.0
20424,2.5
20431,0.0
20432,0.0
20433,0.0
20435,0.0
20439,3.0
20440,0.0
20441,1.0
20444,4.0
20445,3.3333333333333335
20447,2.6666666666666665
20448,7.0
20449,3.0
20455,4.0
20456,0.0
20457,1.0
20459,1.0
20461,0.0
20463,1.0
20465,1.0
20467,0.0
20469,1.0
20474,1.5
20477,3.0
20478,3.0
20481,1.6666666666666667
20482,3.0
20484,2.0
20489,3.5
20493,0.0
20494,0.0
20495,1.0
20498,0.0
20504,1.0
20506,1.0
20508,1.0
20509,7.0
20518,0.0
20519,0.0
20521,1.0
20525,1.0
20527,0.0
20528,0.0
20530,0.0
20535,6.5
20537,2.3333333333333335
20543,1.5
20547,3.0
20549,1.5
20551,3.0
20552,6.333333333333333
20554,7.5
20555,11.0
20556,6.0
20557,0.0
20559,6.0
20562,0.0
20566,1.0
20570,1.0
20571,1.0
20572,3.75
20574,3.0
20577,4.0
20580,0.0
20584,0.0
20585,0.0
20589,3.0
20593,2.0
20599,0.0
20601,2.0
20603,1.0
20604,0.0
20606,1.75
20610,0.0
20611,3.0
20615,2.3333333333333335
20622,2.0
20623,3.0
20626,2.3333333333333335
20630,1.5
20632,0.0
20633,1.0
20635,2.0
20637,4.0
20639,4.0
20640,7.0
20646,2.5
20647,2.5
20653,7.0
20656,2.0
20660,2.0
20663,1.0
20673,3.0
20675,3.0
20676,2.5
20678,2.5
20684,1.5
20686,1.0
20688,2.0
20689,2.0
20691,1.0
20692,1.5
20694,1.5
20695,0.0
20711,2.0
20712,2.0
20721,2.0
20722,2.0
20723,2.0
20724,0.0
20725,1.6666666666666667
20731,0.0
20732,0.0
20737,1.0
20739,3.0
20742,4.0
20744,0.0
20746,0.0
20750,3.0
20752,7.0
20754,4.333333333333333
20756,1.0
20761,4.5
20762,7.0
20764,2.0
20769,0.0
20773,2.25
20776,4.0
20778,4.0
20781,0.0
20783,0.0
20792,0.0
20795,2.0
20796,0.0
20799,1.0
20801,2.0
20806,4.5
20808,5.25
20812,1.0
20814,0.0
20816,0.0
20824,1.5
20825,1.0
20827,2.0
20835,1.0
20838,3.0
20846,14.0
20848,1.5
20849,1.0
20851,1.0
20852,1.0
20856,2.3333333333333335
20857,1.6666666666666667
20858,2.5
20859,2.0
20864,4.333333333333333
20867,1.3333333333333333
20878,1.3333333333333333
20880,2.0
20886,2.0
20889,1.5
20892,3.0
20893,1.0
20898,1.0
20903,1.0
20904,1.5
20906,0.0
20907,3.5
20912,2.0
20915,4.0
20919,1.0
20920,0.0
20921,1.0
20924,4.0
20925,2.5
20927,0.0
20933,5.0
20935,8.0
20939,5.5
20940,5.666666666666667
20941,2.0
20942,1.0
20947,0.0
20948,1.0
20950,2.5
20951,5.0
20952,8.0
20954,3.0
20960,1.0
20963,1.0
20964,1.0
20967,1.0
20968,1.0
20969,1.0
20973,1.0
20974,2.0
20976,2.0
20977,0.0
20985,1.5
20986,1.0
20989,2.0
20990,1.0
20991,1.0
20995,2.0
20996,1.0
20999,0.0
21001,0.0
21003,4.0
21004,3.3333333333333335
21009,2.0
21012,2.0
21014,2.5
21017,5.0
21024,1.0
21027,4.333333333333333
21029,3.6666666666666665
21034,5.5
21035,4.666666666666667
21037,1.0
21046,2.0
21053,2.5
21057,1.5
21061,11.0
21063,2.0
21074,2.3333333333333335
21075,2.5
21076,2.3333333333333335
21077,2.0
21080,2.0
21086,2.0
21088,1.0
21090,1.6666666666666667
21091,1.3333333333333333
21092,2.0
21096,0.0
21099,1.5
21110,0.0
21112,2.0
21121,0.0
21124,3.6666666666666665
21129,1.5
21137,2.5
21141,2.0
21147,7.0
21149,1.0
21150,3.5
21151,5.0
21152,0.0
21156,1.0
21166,1.0
21167,1.6666666666666667
21171,2.0
21173,1.5
21175,0.0
21176,0.0
21177,1.5
21182,2.0
21183,0.0
21187,1.0
21189,2.0
21193,1.5
21199,1.5
21200,2.0
21202,1.0
21203,0.0
21205,1.0
21208,2.0
21210,5.0
21219,1.0
21221,1.0
21227,8.0
21229,0.0
21234,5.0
21236,3.0
21237,3.0
21239,1.0
21241,2.3333333333333335
21242,2.0
21244,1.0
21247,0.0
21249,3.0
21256,2.0
21258,1.5
21260,3.0
21264,3.0
21265,2.0
21268,2.5
21269,3.3333333333333335
21270,4.0
21272,5.0
21273,2.0
21277,4.0
21278,1.0
21283,1.0
21286,1.0
21293,2.0
21294,1.0
21295,1.0
21298,2.0
21305,2.5
21307,4.5
21310,2.0
21315,0.0
21322,0.0
21325,1.0
21327,0.0
21329,0.0
21331,0.0
21336,2.0
21337,2.3333333333333335
21339,0.0
21347,1.0
21350,1.5
21352,1.0
21359,3.0
21363,11.0
21369,8.0
21370,2.0
21371,1.0
21374,3.0
21376,2.0
21377,2.0
21384,4.0
21391,2.0
21407,2.6666666666666665
21408,3.0
21412,2.0
21413,3.0
21419,1.0
21420,0.0
21426,1.5
21428,0.0
21430,1.0
21432,0.0
21434,2.0
21436,0.0
21438,1.0
21440,1.0
21441,1.6666666666666667
21443,2.5
21444,1.75
21445,2.6666666666666665
21454,2.6666666666666665
21456,1.0
21459,1.0
21461,2.0
21463,2.0
21465,2.5
21471,2.5
21473,2.0
21478,2.3333333333333335
21481,4.0
21483,1.0
21485,1.0
21488,1.0
21489,3.0
21490,1.0
21491,1.0
21503,3.0
21505,3.0
21509,2.0
21510,4.666666666666667
21513,1.0
21515,1.5
21517,8.5
21520,3.0
21524,0.0
21527,1.0
21529,0.0
21531,4.5
21537,3.5
21542,1.0
21547,1.0
21548,1.0
21551,4.0
21554,0.0
21555,3.0
21556,2.0
21557,3.0
21562,1.0
21564,1.3333333333333333
21567,4.0
21574,3.0
21575,2.0
21576,1.5
21577,3.0
21579,2.5
21580,1.3333333333333333
21586,2.0
21588,0.0
21592,0.0
21594,3.0
21597,4.0
21603,1.0
21606,6.0
21607,3.5
21611,4.0
21617,2.5
21618,2.6
21621,1.75
21622,1.0
21623,4.0
21626,1.0
21627,1.6666666666666667
21636,1.0
21643,1.0
21644,0.0
21648,2.0
21654,1.0
21655,2.0
21658,2.0
21660,4.0
21662,0.0
21673,0.0
21677,3.0
21678,3.0
21680,3.0
21689,0.0
21692,1.5
21698,4.0
21703,5.5
21708,6.0
21710,0.0
21711,1.5
21717,2.0
21719,2.0
21724,1.0
21726,2.0
21727,1.3333333333333333
21733,0.0
21734,2.0
21737,1.5
21741,5.0
21747,0.0
21748,2.0
21749,4.0
21750,1.0
21752,1.5
21754,0.0
21756,1.0
21758,1.0
21764,4.0
21767,1.5
21768,2.5
21770,0.0
21774,3.0
21779,1.5
21783,1.3333333333333333
21790,3.5
21793,0.0
21794,2.5
21796,3.0
21798,4.0
21804,1.0
21808,1.0
21809,0.0
21810,3.5
21812,1.0
21816,1.3333333333333333
21821,0.0
21822,1.0
21835,0.0
21836,4.0
21840,2.0
21845,1.6666666666666667
21846,1.0
21848,1.6666666666666667
21852,13.0
21854,2.5
21858,1.3333333333333333
21861,1.6666666666666667
21866,1.6666666666666667
21869,3.0
21874,2.0
21875,2.0
21885,1.0
21892,3.0
21896,1.6666666666666667
21898,2.0
21903,0.0
21909,2.3333333333333335
21913,3.0
21914,2.0
21917,1.0
21924,1.0
21925,1.0
21928,0.0
21937,0.0
21940,1.6666666666666667
21946,3.0
21948,5.5
21949,5.5
21955,4.0
21959,1.0
21960,5.0
21961,5.5
21966,1.0
21968,0.0
21970,3.0
21982,2.0
21987,1.75
21990,0.0
21994,2.0
21995,2.0
21996,2.0
21998,1.0
22003,0.0
22007,2.0
22016,7.0
22025,0.0
22031,1.0
22034,2.0
22036,2.0
22045,1.0
22047,3.5
22050,2.0
22061,2.0
22065,2.0
22068,2.0
22069,2.0
22078,3.0
22079,3.0
22080,3.0
22081,2.5
22085,2.0
22089,2.0
22091,3.0
22092,1.6666666666666667
22093,2.75
22094,1.0
22096,6.0
22099,1.0
22100,1.5
22101,2.0
22104,4.333333333333333
22107,5.333333333333333
22109,0.0
22111,5.5
22116,1.3333333333333333
22121,4.0
22124,4.0
22127,3.3333333333333335
22129,3.5
22130,4.0
22133,4.0
22134,3.0
22138,1.0
22141,4.0
22146,1.0
22147,3.6666666666666665
22148,1.0
22153,0.0
22158,0.0
22159,0.0
22160,3.0
22167,0.0
22168,0.0
22177,2.0
22179,3.0
22180,1.25
22186,1.5
22192,2.5
22196,3.6666666666666665
22201,0.0
22203,0.0
22204,1.0
22206,0.0
22209,2.0
22210,1.5
22212,2.3333333333333335
22222,3.0
22227,1.0
22229,0.0
22230,4.5
22231,3.3333333333333335
22233,0.0
22234,1.0
22236,5.0
22237,1.0
22240,5.0
22246,2.3333333333333335
22247,2.3333333333333335
22248,0.0
22249,1.0
22250,2.0
22251,2.0
22252,1.5
22253,2.0
22254,1.0
22259,0.0
22262,1.0
22265,2.5
22266,1.3333333333333333
22268,5.0
22270,1.5
22271,0.0
22272,3.5
22274,3.5
22275,1.0
22276,3.5
22278,1.0
22282,2.0
22286,3.0
22288,2.0
22289,2.0
22290,0.0
22291,2.0
22293,1.0
22294,2.0
22295,0.0
22300,0.0
22307,6.0
22311,6.0
22312,1.5
22319,0.0
22329,3.0
22331,1.5
22332,2.0
22333,2.0
22334,1.0
22337,1.5
22339,0.0
22340,3.0
22342,0.0
22343,1.0
22349,3.0
22351,1.0
22354,1.6666666666666667
22355,2.0
22362,1.0
22364,3.5
22366,0.0
22374,0.0
22375,0.0
22376,10.0
22377,10.0
22378,4.333333333333333
22381,1.0
22383,0.0
22387,1.0
22389,2.0
22391,1.0
22394,1.0
22395,5.0
22399,1.0
22405,6.5
22406,5.333333333333333
22407,3.0
22409,1.5
22411,1.6666666666666667
22412,2.3333333333333335
22417,1.0
22418,0.0
22421,4.0
22425,2.5
22429,0.0
22434,4.0
22437,2.5
22443,4.0
22444,3.0
22445,0.0
22446,2.0
22449,0.0
22452,2.0
22457,3.0
22458,1.5
22463,3.0
22467,3.0
22468,2.0
22470,2.0
22486,0.0
22488,3.0
22492,0.0
22495,0.0
22499,2.5
22502,0.0
22504,3.0
22509,7.0
22510,3.6666666666666665
22511,3.6666666666666665
22514,3.0
22515,1.0
22518,1.5
22519,2.5
22520,2.5
22523,2.0
22527,2.0
22533,2.0
22537,1.6666666666666667
22538,1.0
22541,0.0
22542,1.0
22546,0.0
22548,1.5
22550,7.5
22553,1.5
22556,0.0
22557,3.5
22559,2.6666666666666665
22565,2.5
22566,1.5
22568,2.0
22570,1.0
22571,2.0
22573,2.0
22575,3.3333333333333335
22576,3.3333333333333335
22577,4.5
22581,1.0
22588,2.0
22590,2.5
22593,0.0
22594,1.0
22597,1.0
22598,2.0
22603,0.0
22607,1.0
22613,4.0
22619,0.0
22635,4.0
22640,4.0
22647,2.0
22651,2.0
22652,7.333333333333333
22656,1.5
22660,2.0
22662,1.0
22663,3.5
22665,3.0
22667,5.0
22668,5.0
22669,5.0
22670,2.0
22671,5.0
22673,2.3333333333333335
22676,0.0
22679,0.0
22681,0.0
22682,0.0
22687,3.0
22691,0.0
22699,3.0
22705,2.3333333333333335
22707,0.0
22709,3.0
22710,3.0
22714,0.0
22716,4.0
22719,2.3333333333333335
22722,4.0
22724,4.0
22727,0.0
22730,0.0
22742,0.0
22743,0.0
22748,3.3333333333333335
22749,2.0
22756,2.75
22758,3.3333333333333335
22760,4.0
22763,2.0
22764,1.5
22770,3.0
22772,7.0
22784,1.75
22786,1.0
22790,0.0
22791,0.0
22792,2.5
22800,1.3333333333333333
22802,0.0
22805,1.6666666666666667
22808,0.0
22809,3.0
22814,2.3333333333333335
22815,3.0
22816,1.0
22819,1.0
22821,1.0
22828,4.0
22830,2.5
22832,4.0
22833,4.0
22836,1.0
22840,1.0
22846,7.0
22848,1.5
22849,5.0
22853,0.0
22862,0.0
22867,0.0
22869,0.0
22873,3.0
22876,3.5
22878,4.0
22884,0.0
22887,0.0
22888,2.3333333333333335
22889,1.0
22893,0.0
22894,0.0
22895,2.6666666666666665
22898,3.0
22899,3.0
22901,1.0
22905,1.5
22907,0.0
22908,2.0
22910,1.5
22914,1.6666666666666667
22915,1.6666666666666667
22916,1.75
22924,1.0
22925,4.0
22927,0.0
22930,5.0
22931,2.0
22932,1.5
22935,1.0
22936,1.0
22937,1.5
22939,1.5
22942,0.0
22943,3.0
22944,2.5
22945,0.0
22946,5.0
22947,0.0
22948,1.0
22949,1.0
22951,1.0
22958,4.0
22965,6.0
22967,1.0
22968,0.0
22969,0.0
22970,4.0
22971,7.0
22972,2.0
22974,4.0
22978,2.0
22979,8.0
22981,0.0
22984,4.5
22988,3.5
22991,6.5
22993,4.0
23001,0.0
23016,1.3333333333333333
23018,2.0
23020,1.6666666666666667
23023,1.0
23025,0.0
23026,5.0
23039,4.0
23040,0.0
23045,3.0
23046,0.0
23050,0.0
23051,0.0
23053,1.0
23055,2.0
23057,4.0
23060,4.0
23063,1.0
23065,1.0
23070,2.0
23071,3.0
23073,4.0
23074,1.0
23077,5.0
23079,4.5
23080,2.0
23081,2.0
23082,2.0
23084,1.0
23085,1.0
23091,1.0
23094,1.5
23095,1.0
23097,1.6666666666666667
23103,1.0
23110,1.5
23111,1.0
23113,2.0
23120,1.0
23130,5.0
23131,4.0
23132,0.0
23135,1.6666666666666667
23136,4.333333333333333
23142,2.5
23144,1.5
23145,1.5
23147,2.0
23148,1.3333333333333333
23149,3.0
23150,0.0
23151,2.0
23153,2.0
23155,1.0
23159,1.0
23163,1.0
23164,2.0
23166,0.0
23170,0.0
23172,0.0
23174,1.0
23178,4.0
23180,5.5
23185,0.0
23186,2.5
23187,2.0
23188,2.5
23196,2.0
23199,0.0
23205,2.3333333333333335
23209,2.0
23213,1.0
23215,1.0
23216,1.5
23220,1.0
23225,0.0
23232,2.0
23236,2.0
23241,2.5
23244,3.0
23246,0.0
23248,2.5
23250,3.5
23252,3.5
23254,6.0
23256,5.333333333333333
23258,0.0
23259,2.3333333333333335
23260,2.3333333333333335
23262,3.0
23264,1.0
23267,4.0
23268,2.5
23275,2.0
23276,1.0
23277,1.5
23292,4.0
23294,1.0
23296,1.0
23299,2.5
23305,1.75
23306,1.5
23307,2.0
23311,1.5
23312,2.0
23313,1.0
23319,3.0
23327,3.5
23330,2.0
23331,1.0
23334,0.0
23336,0.0
23337,1.0
23347,2.0
23352,2.0
23358,0.0
23363,4.5
23366,4.0
23375,4.0
23376,2.0
23380,0.0
23381,3.0
23383,2.5
23384,0.0
23385,1.5
23388,1.5
23390,1.0
23394,2.0
23397,2.0
23400,2.5
23402,2.0
23405,0.0
23408,4.0
23410,5.0
23419,1.5
23423,2.0
23424,1.5
23425,1.0
23432,1.0
23434,3.0
23441,3.0
23444,0.0
23446,2.0
23447,2.0
23449,4.0
23455,1.0
23461,1.0
23462,1.0
23463,1.0
23465,1.0
23466,1.0
23468,1.0
23470,1.0
23475,2.0
23476,3.5
23477,1.6666666666666667
23480,1.0
23490,2.5
23492,5.5
23497,1.0
23501,1.0
23503,2.5
23505,1.0
23511,6.0
23516,2.0
23517,4.0
23520,1.0
23523,3.0
23524,1.0
23530,0.0
23535,1.5
23537,2.0
23538,1.0
23539,1.5
23543,4.0
23545,1.0
23551,0.0
23552,2.0
23555,0.0
23561,2.0
23563,2.5
23564,3.0
23566,6.5
23570,1.0
23571,2.0
23573,0.0
23574,0.0
23576,1.0
23578,1.0
23584,2.0
23585,2.5
23586,1.6666666666666667
23589,2.0
23590,2.0
23591,2.0
23594,1.0
23599,0.0
23601,2.0
23602,2.3333333333333335
23604,3.0
23610,0.0
23613,2.0
23618,1.0
23619,1.0
23620,1.0
23623,4.0
23624,2.6666666666666665
23629,2.5
23630,5.0
23631,0.0
23632,4.0
23636,2.0
23637,0.0
23639,0.0
23640,2.0
23641,1.0
23642,1.0
23643,2.0
23646,2.0
23653,3.5
23657,1.0
23659,0.0
23667,5.5
23668,5.0
23673,1.0
23684,2.0
23685,2.0
23687,1.0
23690,3.0
23693,0.0
23694,3.0
23696,2.0
23697,4.0
23698,5.0
23699,2.0
23700,2.0
23703,2.0
23704,1.5
23709,2.0
23713,1.3333333333333333
23715,2.3333333333333335
23716,3.5
23717,2.5
23723,2.3333333333333335
23725,1.0
23726,1.0
23731,8.5
23733,0.0
23737,2.0
23740,1.0
23742,0.0
23743,2.0
23747,1.0
23751,2.0
23753,0.0
23754,0.0
23756,1.0
23760,4.666666666666667
23766,3.0
23768,3.0
23770,1.0
23775,3.5
23781,2.3333333333333335
23782,2.3333333333333335
23786,15.0
23788,7.0
23789,2.0
23793,2.0
23794,1.6666666666666667
23795,1.75
23799,4.0
23805,0.0
23807,9.5
23813,2.0
23818,3.5
23819,5.2
23820,2.5
23822,4.0
23823,3.0
23824,15.0
23826,2.0
23828,2.0
23829,0.0
23831,1.3333333333333333
23832,1.0
23833,2.0
23834,2.5
23837,4.5
23839,1.0
23844,3.0
23847,1.0
23852,1.5
23856,2.0
23860,4.0
23861,1.0
23863,1.0
23864,1.0
23865,2.0
23867,0.0
23871,3.0
23872,0.0
23873,0.0
23877,8.0
23878,2.0
23885,5.0
23901,2.0
23902,0.0
23906,2.3333333333333335
23908,3.5
23913,0.0
23918,1.0
23922,0.0
23925,1.0
23926,1.5
23927,2.5
23928,6.0
23931,4.0
23935,2.0
23940,1.0
23941,2.0
23943,5.0
23945,11.0
23950,5.0
23952,3.0
23953,2.5
23955,2.5
23958,0.0
23960,1.0
23961,0.0
23962,3.0
23963,0.0
23964,2.5
23973,2.0
23974,2.0
23976,3.0
23977,3.0
23978,3.0
23981,2.0
23985,1.0
23989,0.0
23991,0.0
23993,1.5
23994,1.0
23997,3.0
23998,8.0
24003,9.0
24009,0.0
24010,0.0
24014,1.5
24020,2.0
24022,4.0
24029,7.333333333333333
24036,2.0
24038,4.0
24039,3.0
24041,2.0
24043,3.0
24045,1.0
24047,1.0
24050,1.0
24052,3.5
24056,3.0
24057,0.0
24058,1.0
24060,3.0
24065,0.0
24067,4.5
24068,0.0
24071,1.3333333333333333
24080,1.5
24081,1.5
24086,3.5
24087,4.0
24089,4.0
24090,3.0
24091,0.0
24096,2.5
24098,2.0
24100,2.6666666666666665
24103,0.0
24104,1.0
24107,1.0
24108,2.0
24110,1.0
24116,1.0
24117,0.0
24118,2.0
24122,2.0
24126,2.0
24128,3.0
24130,2.5
24133,5.0
24136,5.0
24139,3.0
24141,1.5
24143,0.0
24148,2.0
24149,2.5
24150,2.0
24151,2.5
24157,1.0
24159,2.0
24160,3.0
24163,2.0
24164,2.0
24166,2.0
24167,3.0
24169,2.5
24170,4.0
24172,3.5
24182,1.5
24184,3.0
24186,2.6666666666666665
24192,3.0
24193,2.0
24195,3.0
24196,3.0
24198,3.0
24201,2.5
24202,2.5
24205,1.25
24207,2.0
24221,1.0
24226,1.0
24229,1.5
24233,2.25
24234,2.5
24236,1.0
24238,1.0
24239,2.5
24243,8.0
24246,1.0
24247,1.0
24249,2.3333333333333335
24250,6.0
24253,0.0
24254,0.0
24255,0.0
24262,7.0
24266,2.3333333333333335
24267,1.0
24268,2.0
24275,0.0
24276,4.0
24277,2.3333333333333335
24278,1.6666666666666667
24287,1.5
24292,4.75
24293,4.0
24294,4.0
24295,4.25
24296,4.25
24297,4.2
24302,3.0
24305,0.0
24306,1.0
24309,0.0
24312,1.0
24313,0.0
24315,0.0
24317,0.0
24324,3.0
24326,2.0
24328,2.5
24329,2.3333333333333335
24330,1.5
24334,5.0
24348,1.0
24349,0.0
24351,3.5
24352,4.0
24366,3.5
24367,2.0
24372,6.0
24373,3.5
24374,3.5
24375,2.5
24377,2.5
24379,2.5
24381,2.5
24382,0.0
24384,0.0
24388,3.0
24390,4.0
24395,2.6666666666666665
24397,1.0
24401,3.5
24413,1.5
24416,1.0
24417,1.0
24421,1.0
24424,3.5
24428,1.0
24432,1.0
24440,2.0
24441,1.5
24443,3.0
24444,2.0
24447,1.5
24457,3.5
24458,0.0
24462,4.0
24474,1.5
24479,4.0
24480,3.5
24482,2.0
24483,0.0
24485,0.0
24491,3.0
24499,2.0
24500,1.0
24507,0.0
24509,4.0
24510,2.5
24513,1.6666666666666667
24522,2.25
24523,2.0
24532,3.0
24536,3.0
24539,2.0
24540,1.3333333333333333
24541,1.5
24543,1.5
24544,2.5
24550,1.6666666666666667
24554,2.0
24556,0.0
24557,1.0
24558,1.0
24559,1.0
24567,3.0
24568,2.0
24571,3.0
24573,1.0
24575,1.0
24578,4.333333333333333
24587,2.0
24588,1.5
24590,10.0
24598,0.0
24603,1.0
24605,5.0
24606,9.5
24607,2.0
24609,0.0
24612,1.5
24614,0.0
24620,5.0
24624,2.0
24627,1.0
24630,3.3333333333333335
24631,4.0
24632,4.0
24634,2.5
24635,1.5
24642,2.0
24644,3.0
24646,2.0
24648,1.0
24649,1.0
24656,2.0
24659,2.0
24660,1.0
24662,1.0
24663,1.0
24665,1.0
24667,1.0
24670,1.0
24672,1.0
24675,5.0
24676,5.0
24679,4.0
24680,1.5
24682,1.3333333333333333
24688,0.0
24694,5.0
24698,0.0
24702,0.0
24704,1.0
24709,0.0
24714,2.5
24715,0.0
24719,4.75
24722,2.0
24723,2.0
24727,1.3333333333333333
24728,2.5
24733,1.0
24734,0.0
24737,0.0
24739,6.5
24741,3.0
24742,1.0
24744,3.6
24746,3.0
24762,1.5
24766,2.0
24776,2.5
24777,3.0
24779,1.5
24781,1.0
24799,1.0
24802,3.5
24806,3.0
24807,4.0
24809,2.5
24812,6.0
24814,1.0
24816,2.0
24820,3.0
24821,1.0
24822,0.0
24823,1.0
24828,0.0
24829,0.0
24831,0.0
24833,0.0
24834,1.0
24835,3.5
24838,2.0
24841,4.0
24844,0.0
24845,3.0
24846,1.0
24855,4.0
24860,1.0
24861,3.0
24865,1.0
24868,1.0
24877,3.0
24878,5.0
24881,1.0
24882,1.0
24884,2.5
24890,2.0
24892,2.5
24893,2.0
24896,0.0
24902,3.0
24904,1.0
24913,0.0
24916,3.0
24922,1.0
24923,1.0
24927,2.0
24929,1.5
24933,1.0
24934,0.0
24937,1.6666666666666667
24942,2.0
24943,1.0
24948,0.0
24949,5.0
24950,5.0
24952,0.0
24953,1.0
24954,1.0
24955,1.0
24956,5.0
24958,1.0
24963,2.0
24965,1.5
24967,0.0
24970,1.0
24975,2.0
24976,5.0
24979,0.0
24982,0.0
24988,5.4
24991,4.0
24999,7.0
25008,1.0
25011,2.0
25012,1.0
25016,4.5
25018,3.0
25027,1.0
25028,3.5
25032,1.0
25035,3.5
25036,2.0
25042,1.5
25046,1.6666666666666667
25047,3.0
25051,1.0
25055,2.0
25056,2.0
25062,2.0
25065,2.0
25067,3.0
25068,3.0
25071,0.0
25073,0.0
25078,3.0
25081,1.0
25082,1.6666666666666667
25083,3.0
25084,2.6666666666666665
25086,3.0
25090,1.0
25093,0.0
25094,3.5
25100,1.0
25101,1.5
25104,3.0
25105,1.0
25111,1.0
25115,0.0
25119,2.5
25120,2.5
25122,2.0
25123,1.5
25124,2.5
25130,2.0
25132,2.0
25133,4.0
25134,1.5
25135,1.0
25140,1.5
25147,3.0
25148,3.0
25151,1.0
25153,0.0
25167,0.0
25170,6.0
25171,0.0
25174,0.0
25179,2.0
25180,2.0
25181,2.0
25184,2.0
25187,2.5
25191,1.3333333333333333
25192,1.5
25194,1.0
25197,1.5
25198,0.0
25200,3.0
25201,3.5
25202,3.3333333333333335
25205,2.0
25206,2.6666666666666665
25210,5.0
25211,4.0
25214,0.0
25219,2.6666666666666665
25221,1.0
25223,1.0
25228,1.0
25230,0.0
25237,1.5
25238,1.3333333333333333
25241,2.0
25243,0.0
25245,0.0
25247,3.0
25249,5.0
25250,3.3333333333333335
25251,3.0
25254,1.0
25258,0.0
25262,1.0
25263,3.0
25269,5.0
25270,5.0
25280,2.5
25281,0.0
25282,2.0
25283,1.0
25285,4.0
25296,4.0
25298,4.0
25299,4.0
25301,3.0
25302,4.0
25303,3.6666666666666665
25305,2.0
25306,3.3333333333333335
25313,1.0
25315,2.0
25318,2.0
25322,3.0
25324,0.0
25325,1.0
25328,0.0
25331,1.0
25332,0.0
25333,2.0
25334,3.0
25339,1.5
25340,3.5
25343,2.0
25344,2.25
25345,2.0
25346,2.5
25348,2.0
25351,1.0
25355,1.5
25356,3.6666666666666665
25357,3.3333333333333335
25361,1.0
25368,2.0
25372,3.0
25377,1.0
25378,2.0
25381,2.5
25382,1.0
25383,3.0
25384,3.5
25392,2.0
25397,0.0
25406,0.0
25407,2.3333333333333335
25411,2.0
25414,6.0
25415,6.0
25417,4.0
25421,3.5
25425,6.0
25426,3.25
25436,2.0
25444,5.5
25445,9.0
25447,2.0
25448,4.0
25449,0.0
25452,3.3333333333333335
25456,2.0
25459,1.0
25462,1.0
25463,1.0
25471,1.0
25472,7.0
25476,2.5
25477,2.5
25482,0.0
25489,1.0
25491,4.0
25493,0.0
25496,2.0
25503,5.0
25504,2.0
25505,4.0
25506,4.0
25511,4.0
25513,3.0
25516,2.6666666666666665
25517,4.5
25519,4.0
25523,2.0
25530,1.5
25532,2.0
25535,1.0
25548,1.0
25549,1.0
25553,1.3333333333333333
25556,2.0
25562,1.25
25565,2.0
25570,3.0
25583,3.0
25590,4.0
25594,2.0
25596,2.0
25597,3.0
25598,0.0
25599,1.6666666666666667
25605,3.0
25607,8.0
25610,2.0
25614,0.0
25619,5.0
25621,3.0
25622,2.5
25626,2.5
25630,3.5
25636,7.0
25638,1.5
25639,1.0
25642,1.0
25643,1.5
25646,2.5
25648,0.0
25653,3.0
25654,2.0
25659,1.0
25661,2.5
25662,2.0
25666,2.5
25668,0.0
25669,0.0
25670,4.0
25675,0.0
25685,1.3333333333333333
25686,1.0
25689,1.5
25691,2.0
25692,1.0
25693,1.0
25696,1.5
25707,3.5
25711,1.0
25713,0.0
25717,2.0
25720,2.0
25721,2.0
25724,1.75
25725,0.0
25726,0.0
25728,2.5
25730,2.5
25731,0.0
25733,2.0
25736,1.0
25743,4.0
25744,1.0
25746,1.0
25753,0.0
25754,4.5
25755,8.0
25757,3.6666666666666665
25761,1.3333333333333333
25763,1.5
25764,2.5
25766,3.0
25768,2.0
25770,1.3333333333333333
25771,2.0
25775,4.0
25781,2.0
25782,2.0
25783,2.0
25784,0.0
25788,1.0
25789,1.0
25791,0.0
25797,2.5
25803,3.0
25805,3.0
25807,2.0
25814,1.0
25816,1.5
25817,1.5
25818,1.5
25821,3.5
25827,2.0
25830,2.0
25831,3.0
25833,2.6666666666666665
25834,2.6666666666666665
25835,4.0
25837,2.0
25839,1.5
25843,1.0
25845,1.5
25847,1.5
25848,2.0
25849,1.0
25856,2.5
25863,2.0
25867,4.0
25874,1.0
25875,0.0
25876,0.0
25877,0.0
25881,2.0
25882,1.5
25885,2.0
25886,0.0
25894,2.5
25900,2.0
25901,2.5
25902,0.0
25909,1.5
25910,1.3333333333333333
25912,2.0
25920,3.0
25923,2.0
25926,3.6666666666666665
25928,4.0
25929,4.0
25931,4.0
25934,3.0
25935,3.0
25936,4.0
25938,3.3333333333333335
25940,1.0
25946,4.0
25949,0.0
25951,2.0
25954,0.0
25956,2.5
25963,2.0
25965,2.0
25967,2.0
25968,5.0
25973,2.0
25975,1.0
25976,1.0
25978,0.0
25980,4.0
25981,3.5
25984,1.0
25991,1.5
25992,2.6666666666666665
25997,3.6666666666666665
26001,1.0
26004,0.0
26006,4.0
26010,4.0
26011,2.0
26013,0.0
26018,4.5
26019,3.6666666666666665
26021,6.0
26024,2.6666666666666665
26027,0.0
26028,0.0
26029,1.0
26032,4.0
26036,1.0
26043,1.0
26048,3.0
26050,3.0
26051,3.0
26056,2.0
26059,0.0
26060,3.0
26063,2.0
26064,2.6666666666666665
26065,2.6666666666666665
26067,2.0
26068,2.5
26073,3.0
26074,1.0
26079,1.0
26085,0.0
26088,0.0
26089,0.0
26090,2.0
26101,2.0
26103,2.0
26104,2.0
26105,5.0
26111,2.3333333333333335
26112,2.75
26113,2.0
26114,2.5
26115,2.0
26117,0.0
26118,0.0
26120,5.0
26123,1.5
26125,1.0
26127,2.75
26128,3.5
26129,2.5
26132,1.0
26133,3.3333333333333335
26134,3.0
26139,2.0
26140,1.5
26141,1.0
26143,2.0
26153,1.5
26156,2.0
26157,2.0
26163,3.5
26166,1.5
26167,0.0
26169,2.0
26170,2.0
26172,0.0
26178,1.0
26183,0.0
26191,3.0
26198,3.0
26201,2.0
26202,1.0
26207,3.0
26211,1.0
26215,2.0
26220,3.0
26224,2.6666666666666665
26230,3.5
26231,3.5
26234,3.0
26235,2.3333333333333335
26236,2.0
26239,1.0
26245,0.0
26247,4.5
26248,3.3333333333333335
26249,1.0
26250,1.5
26251,1.5
26252,0.0
26254,0.0
26256,2.0
26257,1.5
26258,6.0
26264,6.0
26266,5.5
26273,3.0
26275,1.0
26280,1.0
26284,1.5
26291,2.0
26292,2.0
26294,2.0
26295,1.5
26296,2.0
26306,2.0
26309,1.5
26310,2.0
26315,3.0
26319,1.5
26324,2.0
26327,2.3333333333333335
26330,2.0
26332,2.5
26335,0.0
26340,1.5
26341,1.25
26343,1.0
26346,2.0
26347,2.5
26351,6.0
26352,3.5
26353,1.0
26357,4.0
26362,0.0
26365,1.5
26375,2.0
26376,3.5
26378,3.5
26383,1.0
26390,2.5
26391,3.0
26401,3.0
26411,1.0
26416,2.0
26418,1.5
26419,1.0
26420,1.3333333333333333
26421,0.0
26423,0.0
26426,2.0
26430,5.0
26432,2.0
26433,3.0
26436,2.3333333333333335
26437,0.0
26441,0.0
26442,0.0
26451,1.3333333333333333
26454,4.5
26455,7.0
26458,3.0
26463,1.3333333333333333
26465,2.5
26470,0.0
26471,3.6666666666666665
26472,3.0
26477,3.5
26479,3.6666666666666665
26481,2.3333333333333335
26482,4.5
26484,4.5
26489,0.0
26491,1.0
26504,0.0
26505,2.0
26508,0.0
26509,0.0
26512,2.0
26513,4.0
26514,2.5
26515,2.0
26516,3.0
26518,1.0
26520,0.0
26522,2.0
26526,0.0
26528,1.5
26532,1.0
26535,1.0
26536,1.5
26538,2.0
26540,2.0
26542,2.0
26550,4.0
26564,0.0
26568,6.5
26574,2.2
26580,2.0
26586,3.0
26587,2.0
26589,0.0
26590,1.0
26591,1.0
26595,3.0
26598,2.0
26601,3.0
26603,1.0
26604,0.0
26613,3.0
26614,1.0
26618,2.0
26622,2.5
26628,3.0
26629,3.0
26635,0.0
26638,2.5
26639,0.0
26640,4.0
26646,0.0
26653,3.0
26656,5.0
26657,2.0
26658,8.0
26661,1.3333333333333333
26663,1.0
26664,1.0
26666,2.6666666666666665
26676,1.0
26677,1.0
26679,2.0
26680,0.0
26686,2.0
26695,3.5
26696,2.0
26697,1.0
26699,0.0
26701,5.0
26702,2.5
26705,2.25
26715,1.5
26723,0.0
26729,1.0
26730,0.0
26737,2.0
26740,0.0
26745,2.0
26756,3.0
26765,0.0
26770,1.0
26774,7.5
26775,4.333333333333333
26776,7.5
26779,4.333333333333333
26780,5.333333333333333
26781,4.333333333333333
26783,4.0
26784,5.0
26785,2.0
26788,6.0
26791,3.0
26792,6.0
26798,2.0
26799,3.0
26800,2.0
26805,1.0
26809,4.0
26815,0.0
26820,2.5
26822,2.0
26824,1.0
26828,0.0
26830,1.0
26831,1.3333333333333333
26833,2.0
26835,0.0
26838,3.6666666666666665
26840,4.0
26841,3.6666666666666665
26845,3.6666666666666665
26855,0.0
26857,0.0
26861,2.0
26866,1.0
26869,3.0
26870,3.0
26872,1.0
26873,1.0
26874,1.0
26880,0.0
26881,1.3333333333333333
26885,2.0
26886,2.0
26889,3.0
26891,0.0
26901,3.0
26902,3.5
26904,2.5
26909,5.5
26910,5.5
26911,5.5
26913,5.5
26916,1.0
26918,2.0
26920,1.3333333333333333
26926,0.0
26927,0.0
26928,1.0
26930,2.0
26935,2.0
26947,2.0
26948,3.0
26949,3.5
26950,1.0
26951,1.0
26952,1.0
26956,0.0
26961,4.0
26963,0.0
26964,0.0
26965,0.0
26973,1.0
26974,2.5
26975,3.0
26976,1.0
26977,1.0
26979,1.0
26980,2.6666666666666665
26982,3.6666666666666665
26986,1.0
26987,2.0
26991,0.0
26992,0.0
26995,2.0
26996,2.0
27000,0.0
27002,0.0
27003,0.0
27004,2.5
27007,1.0
27010,2.0
27012,1.0
27017,1.0
27018,1.0
27027,4.0
27031,1.0
27032,1.0
27036,5.0
27040,3.0
27042,2.0
27048,1.0
27050,3.0
27051,2.0
27054,4.0
27056,3.6666666666666665
27057,5.0
27072,1.5
27076,1.0
27088,1.0
27091,6.0
27093,10.0
27096,5.0
27097,1.5
27102,1.0
27104,1.0
27107,1.0
27113,5.0
27114,5.0
27115,4.5
27118,0.0
27120,2.3333333333333335
27122,7.0
27123,5.333333333333333
27128,1.0
27130,4.0
27136,7.0
27139,7.0
27146,2.0
27147,3.0
27158,2.0
27159,2.0
27163,2.0
27166,1.6666666666666667
27169,2.5
27173,3.0
27174,1.0
27176,1.0
27178,1.6666666666666667
27179,1.6666666666666667
27180,1.5
27182,1.0
27185,4.0
27191,2.5
27194,3.3333333333333335
27195,3.3333333333333335
27196,3.3333333333333335
27198,1.5
27200,0.0
27201,2.0
27203,2.0
27205,2.0
27206,2.0
27207,2.0
27213,1.0
27214,1.5
27222,1.0
27223,2.0
27225,3.6666666666666665
27226,3.0
27228,2.0
27232,2.5
27235,1.5
27238,2.0
27241,2.0
27242,3.0
27247,0.0
27248,0.0
27252,4.0
27254,4.0
27257,0.0
27263,0.0
27264,2.0
27268,1.5
27271,2.0
27274,1.0
27276,2.0
27279,1.0
27282,2.0
27292,2.0
27293,3.0
27295,0.0
27297,3.0
27298,7.5
27299,2.0
27300,2.0
27302,2.5
27303,4.0
27305,0.0
27306,2.0
27316,2.0
27318,6.0
27319,6.0
27323,3.5
27325,3.0
27327,3.0
27341,1.0
27346,2.3333333333333335
27352,0.0
27357,2.0
27358,0.0
27363,1.6666666666666667
27364,4.0
27366,4.0
27368,3.0
27370,2.0
27371,2.25
27372,2.0
27375,3.5
27381,3.0
27382,2.0
27383,2.0
27384,3.0
27389,0.0
27394,2.0
27396,2.0
27397,2.0
27400,2.0
27402,2.0
27404,2.0
27405,2.0
27408,1.0
27409,2.0
27411,1.5
27412,2.5
27413,1.0
27414,2.5
27416,1.0
27417,1.0
27419,1.0
27421,1.0
27423,1.0
27425,0.0
27427,7.0
27428,0.0
27434,4.0
27435,5.0
27437,3.0
27442,2.0
27443,4.0
27445,6.0
27451,2.0
27457,1.0
27458,2.0
27463,1.0
27464,2.0
27467,2.5
27469,5.0
27472,1.0
27473,3.0
27477,3.6666666666666665
27481,0.0
27483,0.0
27486,0.0
27487,0.0
27490,4.5
27494,4.5
27495,7.0
27500,6.0
27502,2.0
27503,3.0
27505,3.5
27511,4.0
27512,4.0
27514,0.0
27520,1.0
27522,4.0
27530,3.0
27536,1.0
27537,1.5
27538,1.0
27543,1.0
27548,0.0
27564,2.0
27566,6.0
27568,2.0
27569,2.5
27574,2.0
27576,3.0
27577,0.0
27581,5.0
27585,3.0
27587,3.0
27593,2.0
27594,0.0
27597,0.0
27599,1.0
27612,2.0
27613,2.0
27619,2.0
27620,1.0
27621,4.0
27624,0.0
27629,2.3333333333333335
27631,1.0
27632,0.0
27633,1.0
27634,0.0
27638,5.333333333333333
27639,1.0
27641,1.5
27642,0.0
27644,1.6666666666666667
27648,1.0
27650,4.0
27651,1.0
27653,1.0
27659,1.0
27660,0.0
27663,0.0
27670,1.0
27672,1.0
27675,2.5
27680,3.0
27684,1.0
27687,3.0
27691,0.0
27707,1.0
27713,4.0
27717,4.0
27721,0.0
27729,3.0
27730,0.0
27731,4.0
27733,2.0
27738,0.0
27740,3.0
27743,2.5
27744,2.0
27748,1.0
27755,3.0
27764,3.0
27765,7.0
27767,6.0
27768,2.3333333333333335
27770,2.0
27771,2.0
27776,2.0
27780,0.0
27783,2.0
27789,2.0
27790,2.0
27796,1.5
27799,3.0
27803,5.0
27807,0.0
27810,1.0
27814,0.0
27817,2.5
27819,2.0
27820,1.0
27823,1.0
27825,0.0
27827,1.0
27828,0.0
27829,0.0
27830,2.0
27833,5.0
27835,4.0
27836,2.0
27837,1.5
27840,1.3333333333333333
27842,1.0
27851,0.0
27853,4.5
27855,3.5
27858,1.0
27860,2.0
27862,2.0
27866,2.0
27868,7.0
27873,5.0
27876,4.75
27877,4.0
27886,0.0
27887,0.0
27888,2.0
27890,1.3333333333333333
27891,1.3333333333333333
27894,3.0
27895,0.0
27896,2.0
27897,6.0
27899,6.0
27900,0.0
27901,1.0
27903,0.0
27907,1.0
27912,2.0
27918,2.0
27923,1.0
27925,2.0
27927,0.0
27928,2.5
27931,4.0
27939,2.0
27942,1.5
27945,1.6666666666666667
27949,2.3333333333333335
27953,0.0
27956,1.5
27957,1.5
27959,2.0
27961,4.0
27963,1.6666666666666667
27966,2.0
27972,2.0
27976,0.0
27979,3.0
27981,3.0
27983,3.75
27985,3.0
27989,5.0
27993,0.0
27994,3.0
27999,2.3333333333333335
28000,3.5
28004,1.5
28005,1.6666666666666667
28007,2.0
28013,1.0
28015,2.0
28018,2.0
28019,1.5
28020,2.5
28022,0.0
28023,3.0
28033,2.0
28038,8.0
28043,4.5
28047,0.0
28050,6.0
28051,4.0
28054,3.3333333333333335
28056,3.5
28061,2.5
28063,1.5
28064,1.5
28065,2.0
28070,0.0
28072,1.0
28073,1.5
28077,1.0
28079,1.0
28080,0.0
28083,1.3333333333333333
28084,1.5
28085,1.5
28086,1.5
28089,1.6666666666666667
28096,2.6666666666666665
28100,1.6666666666666667
28101,1.5
28102,1.75
28106,2.5
28109,4.0
28110,3.0
28113,0.0
28114,4.5
28115,2.0
28119,2.5
28123,1.5
28125,1.0
28128,2.0
28130,2.0
28131,2.5
28132,2.5
28133,4.0
28137,2.0
28143,6.0
28149,1.0
28151,4.0
28152,3.0
28154,2.0
28156,2.5
28158,1.5
28159,2.0
28161,1.5
28162,2.0
28167,1.0
28168,1.0
28170,2.3333333333333335
28173,6.5
28178,0.0
28182,1.0
28183,1.0
28186,2.0
28188,1.0
28194,0.0
28195,1.0
28197,1.0
28198,1.0
28203,2.0
28204,3.0
28206,2.0
28212,2.0
28213,0.0
28217,0.0
28222,4.0
28223,1.3333333333333333
28224,3.0
28225,0.0
28226,3.5
28227,6.0
28228,5.0
28230,0.0
28231,4.0
28235,5.5
28241,0.0
28242,4.0
28243,3.0
28245,0.0
28247,3.5
28254,1.0
28258,1.0
28259,3.0
28260,3.0
28264,1.5
28276,4.0
28279,2.0
28280,1.6666666666666667
28282,6.0
28283,2.0
28286,2.5
28287,0.0
28288,0.0
28289,0.0
28290,3.0
28292,2.3333333333333335
28294,3.0
28296,2.0
28304,2.0
28307,5.0
28310,0.0
28311,0.0
28312,2.0
28313,2.0
28320,2.3333333333333335
28321,2.5
28323,2.0
28324,1.0
28326,1.0
28338,3.0
28344,0.0
28351,2.5
28354,1.0
28357,1.5
28359,1.0
28364,0.0
28372,1.0
28375,0.0
28378,0.0
28380,2.0
28381,1.0
28382,2.0
28388,1.0
28389,1.3333333333333333
28390,0.0
28397,0.0
28398,2.0
28400,2.0
28401,2.5
28406,0.0
28408,0.0
28412,5.0
28414,5.5
28417,2.0
28418,3.0
28419,3.5
28428,2.0
28435,2.5
28436,0.0
28437,2.0
28439,2.3333333333333335
28441,4.0
28447,2.0
28453,1.3333333333333333
28454,1.0
28455,0.0
28456,0.0
28457,1.5
28458,0.0
28459,1.0
28461,2.5
28463,0.0
28464,3.0
28474,1.5
28475,1.0
28479,3.5
28482,3.5
28485,2.0
28487,6.0
28490,1.0
28500,1.0
28504,3.0
28506,3.0
28507,1.0
28516,1.0
28519,0.0
28520,1.0
28521,5.333333333333333
28523,2.5
28526,1.0
28539,3.0
28541,0.0
28543,1.0
28544,0.0
28546,1.0
28547,3.0
28548,1.0
28549,1.0
28550,1.0
28555,4.0
28558,2.5
28562,0.0
28563,3.0
28565,1.0
28566,2.0
28567,1.3333333333333333
28568,1.5
28569,2.5
28570,1.0
28572,3.0
28578,7.0
28580,2.5
28581,1.5
28586,1.0
28593,0.0
28594,0.0
28597,3.0
28606,2.0
28608,2.0
28614,0.0
28622,5.0
28624,4.5
28636,0.0
28645,0.0
28650,0.0
28652,0.0
28657,0.0
28660,1.5
28663,2.0
28664,1.0
28665,3.0
28666,0.0
28669,1.0
28672,4.5
28674,3.0
28676,0.0
28682,1.6666666666666667
28684,0.0
28687,2.5
28692,3.0
28693,0.0
28695,3.5
28697,2.6666666666666665
28699,2.0
28703,2.0
28704,0.0
28708,0.0
28709,6.0
28710,0.0
28719,0.0
28720,1.5
28725,0.0
28726,3.0
28734,1.0
28735,1.5
28736,2.3333333333333335
28737,1.6666666666666667
28738,2.5
28740,3.0
28741,0.0
28743,3.0
28752,6.0
28757,2.0
28758,1.5
28760,2.0
28763,1.0
28764,0.0
28767,1.0
28769,1.0
28773,4.5
28777,3.6666666666666665
28778,2.5
28781,5.0
28785,2.0
28786,2.0
28788,2.5
28790,6.0
28791,6.5
28795,1.0
28796,0.0
28798,0.0
28801,3.0
28802,0.0
28808,0.0
28814,0.0
28816,0.0
28818,3.0
28819,1.0
28822,4.5
28825,1.5
28826,1.6666666666666667
28827,5.0
28833,2.3333333333333335
28850,1.5
28852,2.5
28855,7.333333333333333
28858,7.5
28859,7.5
28861,7.333333333333333
28867,7.333333333333333
28868,6.666666666666667
28873,2.25
28874,1.0
28878,3.0
28885,2.25
28886,1.0
28889,2.0
28890,3.0
28894,3.3333333333333335
28896,3.0
28898,0.0
28899,1.6
28901,1.6
28908,2.5
28910,4.0
28913,8.0
28918,2.0
28922,1.0
28926,1.0
28927,1.0
28929,0.0
28933,0.0
28942,7.0
28951,1.3333333333333333
28953,0.0
28959,0.0
28962,5.5
28966,0.0
28968,1.0
28972,2.0
28974,0.0
28975,1.5
28978,1.5
28982,0.0
28985,5.0
28986,1.0
28989,1.5
28990,1.6666666666666667
28991,2.5
28992,2.5
28994,0.0
28997,2.5
28998,3.0
28999,0.0
29000,2.5
29002,3.5
29003,3.5
29005,3.5
29009,3.0
29010,2.5
29013,1.0
29015,0.0
29018,1.6666666666666667
29020,0.0
29023,0.0
29033,0.0
29034,3.0
29036,7.0
29039,8.0
29045,1.0
29046,2.0
29047,2.0
29049,2.0
29051,0.0
29054,1.0
29058,1.0
29060,3.5
29061,1.5
29070,1.0
29071,2.0
29073,0.0
29081,1.5
29082,3.0
29089,3.0
29093,3.0
29096,0.0
29102,2.0
29103,2.0
29104,2.0
29105,2.0
29107,1.5
29108,1.0
29109,3.0
29111,3.0
29119,2.0
29125,2.0
29131,4.0
29133,1.6666666666666667
29135,2.3333333333333335
29138,1.0
29139,2.0
29141,4.0
29144,0.0
29151,3.5
29156,2.0
29158,1.5
29164,2.0
29168,1.0
29169,0.0
29170,1.0
29172,0.0
29178,1.0
29180,1.6666666666666667
29182,1.0
29184,1.5
29186,2.0
29189,2.5
29190,1.5
29192,2.0
29201,0.0
29206,2.5
29207,1.0
29211,6.5
29215,6.5
29216,5.666666666666667
29223,2.0
29225,1.0
29228,0.0
29232,3.0
29236,3.0
29240,4.0
29249,0.0
29251,0.0
29254,1.5
29255,0.0
29258,2.5
29259,3.0
29262,1.0
29263,0.0
29264,0.0
29266,2.5
29276,4.0
29278,2.0
29294,3.0
29295,3.0
29297,2.6666666666666665
29298,4.0
29304,5.0
29307,0.0
29309,2.0
29310,2.0
29312,1.5
29313,1.5
29321,2.0
29322,0.0
29323,1.5
29328,2.5
29329,2.0
29332,4.0
29337,2.5
29340,3.3333333333333335
29341,4.5
29342,1.0
29349,2.0
29351,5.0
29352,3.0
29354,3.0
29358,3.0
29360,6.0
29361,2.0
29364,2.0
29365,2.0
29366,2.0
29367,2.0
29369,2.0
29372,2.0
29373,1.5
29374,2.0
29375,0.0
29378,0.0
29381,0.0
29382,2.0
29384,0.0
29388,0.0
29390,1.0
29391,2.5
29393,0.0
29396,1.0
29399,2.5
29401,4.0
29403,3.5
29405,0.0
29408,1.5
29410,0.0
29415,4.0
29416,3.0
29417,3.0
29418,3.0
29419,2.0
29421,3.0
29423,1.0
29424,1.0
29430,5.0
29434,0.0
29437,2.75
29438,2.0
29450,2.0
29452,4.0
29455,1.5
29462,5.0
29463,1.0
29467,8.0
29473,0.0
29475,6.5
29477,3.0
29481,3.0
29482,3.0
29483,2.5
29492,4.0
29493,1.5
29498,2.0
29501,3.5
29502,1.0
29504,2.5
29505,3.0
29506,2.6666666666666665
29507,2.0
29509,1.0
29513,0.0
29516,0.0
29518,0.0
29520,1.5
29521,0.0
29523,2.5
29524,4.0
29529,1.0
29533,2.0
29539,5.0
29540,4.5
29541,3.0
29545,2.0
29546,2.0
29551,3.0
29557,2.0
29560,2.0
29564,0.0
29568,3.0
29577,3.0
29578,3.0
29581,3.0
29583,1.0
29585,1.0
29587,2.0
29588,8.0
29594,4.0
29595,1.0
29596,1.0
29602,2.0
29606,5.0
29613,1.75
29614,1.0
29629,0.0
29634,3.0
29639,6.0
29643,1.0
29644,2.0
29646,4.0
29650,1.6666666666666667
29652,2.0
29653,0.0
29654,0.0
29658,2.0
29661,4.333333333333333
29665,4.0
29669,5.0
29674,1.5
29676,1.0
29683,1.0
29685,2.0
29688,1.5
29690,1.5
29693,2.5
29697,3.0
29707,4.666666666666667
29710,2.0
29712,0.0
29716,2.0
29720,1.5
29721,1.0
29725,2.0
29728,7.5
29735,1.0
29740,0.0
29744,1.0
29748,2.0
29749,3.0
29753,2.6666666666666665
29756,0.0
29760,0.0
29762,0.0
29765,4.5
29766,5.0
29771,5.0
29782,2.0
29783,0.0
29787,6.5
29788,1.0
29789,3.0
29790,2.5
29794,1.6
29798,1.0
29799,4.0
29801,3.0
29803,4.0
29806,0.0
29808,2.0
29810,8.0
29813,4.0
29820,2.0
29829,2.0
29831,0.0
29832,1.0
29836,2.5
29839,2.0
29841,1.5
29844,0.0
29849,2.0
29850,3.0
29854,3.5
29856,3.75
29857,3.5
29858,5.333333333333333
29863,5.0
29867,3.0
29873,3.0
29882,1.0
29888,3.0
29890,2.0
29892,1.0
29899,8.0
29904,1.0
29905,0.0
29911,2.0
29924,1.5
29925,12.5
29926,3.0
29927,12.0
29932,0.0
29933,3.0
29935,3.5
29936,3.0
29937,0.0
29940,3.0
29941,1.5
29942,2.5
29945,0.0
29946,4.0
29953,2.0
29955,0.0
29956,3.0
29958,11.333333333333334
29960,0.0
29964,1.0
29965,1.0
29967,2.3333333333333335
29975,2.0
29980,3.0
29984,11.0
29987,14.0
29989,14.0
29990,14.0
29991,14.0
29994,0.0
29995,5.0
29998,5.0
30003,1.0
30005,3.0
30006,1.0
30007,2.0
30008,4.5
30009,0.0
30012,3.5
30015,0.0
30016,3.6666666666666665
30018,1.0
30019,1.5
30020,1.0
30022,5.0
30028,5.0
30036,2.0
30039,3.0
30041,0.0
30042,1.0
30044,0.0
30048,3.0
30050,4.0
30052,4.0
30053,1.0
30055,1.6
30057,2.0
30059,5.666666666666667
30060,1.6666666666666667
30061,1.5
30081,1.0
30084,1.0
30091,0.0
30095,3.0
30097,2.0
30098,1.0
30100,1.0
30101,1.0
30104,1.0
30107,0.0
30112,1.5
30116,0.0
30117,1.0
30118,6.0
30125,3.0
30126,2.0
30129,1.5
30130,1.3333333333333333
30132,2.0
30138,1.5
30140,1.5
30141,2.0
30146,4.0
30147,2.5
30151,4.0
30153,1.5
30154,1.5
30156,1.5
30157,1.3333333333333333
30159,2.6666666666666665
30160,1.0
30162,3.0
30166,0.0
30167,1.6666666666666667
30176,1.0
30181,3.0
30185,2.25
30186,1.6666666666666667
30187,4.0
30190,5.0
30191,5.0
30196,2.0
30197,8.0
30201,2.0
30202,0.0
30203,1.0
30206,3.0
30209,2.6666666666666665
30212,1.0
30216,4.0
30218,1.0
30220,2.0
30221,0.0
30223,1.0
30225,1.0
30226,3.0
30228,0.0
30230,1.0
30231,1.5
30233,2.0
30234,0.0
30236,1.0
30239,3.0
30243,3.0
30247,3.0
30248,0.0
30252,2.0
30253,2.0
30255,2.0
30257,1.0
30259,2.0
30264,1.0
30273,2.3333333333333335
30282,1.0
30285,2.0
30287,0.0
30288,0.0
30289,1.0
30291,0.0
30293,1.5
30295,6.0
30297,2.0
30298,4.0
30299,3.0
30301,1.0
30303,0.0
30304,8.0
30305,3.0
30312,0.0
30315,2.5
30317,3.0
30318,2.0
30323,0.0
30326,0.0
30332,2.0
30333,1.5
30334,8.0
30339,6.0
30340,0.0
30341,5.5
30345,3.0
30346,0.0
30349,4.0
30350,1.5
30353,2.0
30355,3.3333333333333335
30356,0.0
30357,0.0
30362,0.0
30363,7.0
30378,3.0
30380,2.0
30381,0.0
30383,1.6666666666666667
30387,1.6666666666666667
30390,3.0
30391,3.0
30392,0.0
30393,1.0
30394,1.5
30396,0.0
30398,2.0
30402,1.0
30405,3.0
30408,1.0
30409,1.5
30410,5.333333333333333
30411,4.0
30414,3.0
30415,3.0
30418,1.0
30421,1.0
30427,11.0
30428,1.0
30429,1.0
30434,2.5
30447,1.3333333333333333
30448,1.6666666666666667
30449,2.0
30451,2.0
30454,3.0
30455,5.0
30457,1.0
30459,5.0
30461,2.0
30465,7.0
30466,7.0
30476,1.0
30482,1.0
30484,2.0
30489,0.0
30491,1.3333333333333333
30492,1.6666666666666667
30496,1.0
30500,2.5
30504,6.0
30507,2.0
30509,6.0
30510,10.0
30512,6.0
30515,2.0
30516,4.0
30519,5.333333333333333
30525,2.0
30526,1.0
30528,2.0
30530,4.0
30537,1.0
30538,1.0
30543,0.0
30544,0.0
30545,0.0
30549,3.0
30552,2.0
30557,2.0
30560,3.0
30565,2.0
30568,3.5
30571,4.0
30572,4.0
30574,7.0
30577,2.6666666666666665
30584,2.5
30585,2.6666666666666665
30586,3.4
30587,2.0
30591,1.0
30593,1.0
30594,0.0
30595,1.0
30598,0.0
30602,0.0
30607,1.5
30609,1.6666666666666667
30611,9.5
30612,9.5
30613,9.0
30618,1.0
30619,2.5
30621,4.5
30633,2.0
30634,1.0
30636,2.0
30638,2.0
30641,0.0
30642,4.0
30643,2.5
30646,4.0
30653,4.666666666666667
30654,4.666666666666667
30656,4.75
30657,5.0
30658,2.0
30666,2.0
30669,3.5
30672,3.0
30678,4.0
30680,2.0
30682,2.0
30684,2.5
30685,5.0
30686,1.5
30688,4.0
30689,3.0
30691,2.0
30695,0.0
30697,1.0
30699,4.0
30704,1.0
30705,7.0
30708,4.0
30711,7.0
30712,7.0
30715,7.0
30716,7.0
30719,4.0
30722,2.0
30723,0.0
30738,1.5
30739,3.5
30742,2.0
30743,1.3333333333333333
30753,2.0
30754,0.0
30756,0.0
30758,3.25
30759,2.5
30761,2.0
30765,1.5
30768,4.0
30772,1.0
30773,3.0
30777,2.5
30779,1.0
30781,2.0
30783,0.0
30787,3.5
30788,3.3333333333333335
30792,3.0
30793,0.0
30797,1.0
30801,2.0
30802,1.0
30805,1.0
30806,1.0
30807,1.6666666666666667
30808,1.0
30816,3.0
30817,3.3333333333333335
30818,1.0
30823,5.0
30827,0.0
30829,0.0
30830,5.0
30833,2.0
30834,2.0
30836,2.0
30837,3.0
30841,0.0
30851,0.0
30853,1.0
30854,1.0
30858,0.0
30861,1.0
30863,5.666666666666667
30864,1.3333333333333333
30868,4.0
30870,1.0
30875,1.6666666666666667
30882,1.0
30886,0.0
30887,1.0
30891,1.0
30895,1.0
30896,3.0
30898,2.5
30900,1.0
30902,5.0
30903,2.5
30905,5.5
30908,1.0
30909,0.0
30915,0.0
30916,3.0
30918,3.0
30919,3.0
30920,0.0
30921,1.0
30922,2.0
30923,2.0
30924,0.0
30926,2.0
30933,2.0
30934,1.0
30936,2.0
30937,0.0
30943,1.0
30959,0.0
30965,0.0
30966,1.0
30976,1.0
30977,2.0
30978,0.0
30979,2.0
30981,3.3333333333333335
30983,0.0
30988,2.0
30990,2.5
30991,2.0
31000,0.0
31002,4.0
31005,2.0
31006,2.0
31007,4.0
31009,0.0
31010,2.0
31014,3.0
31017,2.0
31018,3.5
31026,2.0
31028,2.0
31036,3.0
31041,1.5
31043,1.5
31045,1.0
31047,1.0
31048,1.5
31053,2.0
31054,3.0
31057,2.0
31060,1.5
31061,1.0
31064,14.0
31065,8.5
31066,8.5
31071,6.333333333333333
31079,0.0
31092,0.0
31096,1.0
31102,2.0
31105,2.0
31112,2.0
31117,3.0
31119,1.5
31122,0.0
31124,4.0
31127,2.0
31128,3.0
31129,1.0
31130,1.0
31137,1.0
31140,0.0
31142,2.0
31153,5.0
31156,3.3333333333333335
31159,1.0
31160,3.0
31163,2.0
31164,0.0
31167,2.0
31174,0.0
31175,1.0
31177,2.5
31185,2.6666666666666665
31187,1.0
31192,5.5
31198,9.5
31201,0.0
31202,1.3333333333333333
31207,1.0
31216,3.0
31223,0.0
31224,3.0
31227,4.0
31228,4.0
31229,1.0
31235,5.0
31236,3.3333333333333335
31237,1.0
31239,1.0
31241,5.333333333333333
31242,3.0
31245,7.0
31247,5.333333333333333
31250,7.0
31257,2.0
31261,2.5
31264,2.0
31268,2.0
31271,2.0
31277,1.5
31278,4.0
31280,2.0
31281,2.0
31284,0.0
31285,1.5
31286,1.0
31293,1.5
31302,1.6666666666666667
31303,2.0
31304,0.0
31305,0.0
31307,1.5
31308,1.0
31312,0.0
31313,2.6666666666666665
31314,6.5
31322,2.0
31324,0.0
31328,8.333333333333334
31329,2.0
31334,4.0
31335,2.2
31336,2.5
31337,2.0
31339,1.0
31341,1.0
31342,0.0
31369,2.0
31374,3.0
31376,2.0
31378,2.5
31380,1.5
31382,1.6666666666666667
31383,1.6666666666666667
31388,0.0
31393,6.5
31395,1.5
31396,4.75
31399,6.0
31406,2.5
31412,6.0
31414,3.0
31415,3.0
31428,2.5
31429,1.0
31430,2.5
31433,2.6666666666666665
31436,2.5
31444,0.0
31447,1.5
31450,5.333333333333333
31456,3.6666666666666665
31461,3.0
31462,1.0
31465,5.333333333333333
31468,2.3333333333333335
31475,3.0
31492,5.0
31493,4.5
31505,2.0
31506,2.0
31508,2.0
31509,2.0
31510,2.0
31513,1.0
31518,3.0
31519,2.0
31521,1.5
31525,1.0
31528,3.0
31529,1.0
31534,1.5
31535,2.0
31541,2.0
31549,1.0
31557,1.5
31562,3.0
31566,1.0
31567,2.0
31569,1.0
31571,2.0
31574,1.5
31577,2.0
31581,1.5
31590,3.0
31592,2.0
31599,2.5
31601,1.0
31606,3.0
31609,0.0
31613,3.0
31615,4.666666666666667
31623,0.0
31625,1.0
31627,1.0
31630,4.0
31633,4.333333333333333
31635,4.0
31638,2.0
31640,5.0
31645,0.0
31651,10.0
31653,1.0
31658,2.0
31659,1.0
31661,1.5
31663,1.0
31672,0.0
31674,1.5
31677,2.0
31680,0.0
31685,6.0
31687,6.0
31689,2.0
31692,5.0
31694,1.0
31697,0.0
31703,0.0
31704,6.0
31706,0.0
31707,0.0
31711,2.0
31713,2.5
31716,2.0
31719,4.0
31720,2.0
31721,0.0
31724,2.0
31727,1.5
31728,0.0
31730,3.3333333333333335
31732,3.0
31733,0.0
31740,1.0
31742,6.0
31743,6.0
31745,1.0
31754,1.0
31760,1.0
31765,2.3333333333333335
31770,5.0
31772,1.0
31775,0.0
31776,1.0
31778,1.0
31779,1.0
31782,0.0
31786,4.0
31788,2.5
31792,4.0
31793,0.0
31795,2.5
31797,3.0
31798,1.0
31799,1.0
31807,5.0
31808,3.0
31811,1.0
31813,1.0
31816,4.0
31817,1.0
31818,3.0
31819,2.3333333333333335
31824,3.0
31825,2.0
31827,3.5
31829,3.0
31831,5.0
31833,9.0
31835,3.0
31842,3.0
31848,0.0
31849,0.0
31850,0.0
31856,5.5
31859,10.5
31861,3.0
31864,3.5
31867,2.0
31869,4.0
31870,2.0
31871,3.0
31872,4.0
31876,4.0
31879,3.0
31883,2.0
31886,2.0
31887,0.0
31889,2.0
31890,2.0
31892,1.5
31894,3.0
31899,2.5
31903,9.0
31904,1.0
31906,4.0
31914,11.0
31915,1.0
31919,1.0
31923,3.5
31924,3.3333333333333335
31925,3.5
31926,2.0
31931,2.0
31933,3.0
31934,1.75
31936,0.0
31938,2.0
31941,4.0
31943,2.25
31944,4.0
31946,3.0
31949,3.0
31952,3.6666666666666665
31959,4.0
31961,1.0
31964,0.0
31967,2.5
31970,5.0
31976,7.0
31979,5.0
31980,3.3333333333333335
31981,3.5
31984,1.0
31985,1.0
31987,3.5
31988,3.5
31989,3.0
31992,1.0
31993,3.3333333333333335
31995,0.0
31997,1.0
31998,2.0
32000,1.0
32007,2.6666666666666665
32009,4.0
32014,3.0
32015,1.0
32017,4.0
32020,1.0
32025,2.0
32027,3.0
32039,0.0
32040,1.0
32042,0.0
32044,4.0
32046,4.0
32048,4.5
32056,2.6666666666666665
32057,2.0
32062,0.0
32063,2.0
32065,3.5
32067,0.0
32075,4.0
32076,1.0
32077,1.0
32078,3.0
32081,7.0
32084,2.0
32086,1.0
32087,4.333333333333333
32088,2.5
32090,1.0
32091,1.0
32093,2.0
32096,3.0
32098,2.0
32099,2.0
32102,4.0
32104,6.5
32105,2.0
32115,2.0
32117,1.0
32124,2.0
32127,1.0
32129,1.0
32134,2.5
32137,1.3333333333333333
32141,1.0
32143,5.5
32145,1.3333333333333333
32146,1.6666666666666667
32147,2.0
32148,3.0
32150,1.3333333333333333
32154,2.5
32157,2.5
32159,1.0
32171,1.0
32176,5.5
32179,4.0
32181,4.0
32183,3.5
32184,2.5
32189,2.0
32191,2.0
32193,4.0
32194,0.0
32200,4.5
32202,1.0
32204,1.0
32205,3.0
32206,0.0
32207,5.0
32208,2.0
32211,2.0
32213,5.5
32216,3.0
32217,2.0
32218,4.5
32227,3.0
32228,2.0
32229,0.0
32230,0.0
32231,0.0
32239,2.0
32243,2.6666666666666665
32248,5.5
32250,6.0
32256,2.0
32258,2.0
32259,1.0
32261,2.6666666666666665
32263,3.0
32264,2.0
32267,5.0
32269,5.0
32270,5.0
32271,4.0
32273,0.0
32278,4.5
32279,0.0
32280,4.5
32281,4.5
32283,4.0
32284,2.5
32285,4.0
32288,1.0
32290,2.0
32291,2.25
32292,4.0
32297,2.0
32302,4.0
32304,1.0
32305,0.0
32308,5.0
32310,4.0
32311,2.5
32313,4.0
32315,8.0
32317,3.0
32321,1.0
32322,1.5
32326,2.6666666666666665
32327,2.6666666666666665
32330,1.0
32333,2.0
32338,3.0
32339,2.5
32341,1.0
32347,7.0
32348,7.0
32351,7.0
32353,4.0
32355,1.5
32356,1.0
32357,1.0
32358,1.0
32362,2.0
32365,1.0
32366,1.0
32371,1.0
32374,4.0
32376,4.0
32377,4.0
32378,1.0
32384,4.0
32385,0.0
32391,1.3333333333333333
32396,7.0
32398,5.5
32407,1.0
32412,0.0
32418,2.5
32420,3.0
32422,3.0
32425,3.0
32426,3.0
32428,2.0
32429,1.0
32431,2.0
32433,1.5
32443,3.5
32445,1.5
32448,3.0
32450,2.0
32451,2.0
32458,4.333333333333333
32460,1.0
32461,1.3333333333333333
32469,4.0
32470,4.0
32476,0.0
32480,1.5
32481,1.0
32482,1.0
32487,0.0
32495,0.0
32498,2.0
32500,0.0
32506,2.0
32508,1.0
32517,3.0
32522,6.0
32523,2.6666666666666665
32527,2.0
32530,2.6666666666666665
32531,3.0
32532,2.3333333333333335
32534,1.0
32535,1.5
32536,5.0
32538,3.0
32539,2.0
32542,1.0
32545,1.6666666666666667
32549,1.25
32555,1.0
32558,2.5
32562,10.0
32563,6.0
32564,10.0
32565,11.0
32567,2.5
32573,2.0
32576,5.5
32580,1.3333333333333333
32585,1.6666666666666667
32586,0.0
32588,1.0
32590,2.0
32593,3.0
32595,0.0
32598,0.0
32602,2.0
32604,1.0
32608,1.5
32615,2.0
32617,2.0
32623,2.6666666666666665
32624,2.0
32637,2.0
32639,2.0
32642,2.0
32644,6.0
32646,3.0
32652,1.0
32659,3.0
32661,3.5
32662,4.0
32663,3.3333333333333335
32665,1.0
32668,3.0
32669,3.5
32681,1.5
32683,2.0
32684,2.0
32686,3.0
32689,1.5
32690,0.0
32693,1.0
32694,1.0
32697,0.0
32698,1.0
32709,0.0
32710,0.0
32715,3.5
32717,1.6666666666666667
32718,4.0
32721,3.0
32731,2.0
32736,2.0
32740,2.0
32741,1.0
32742,3.0
32743,3.0
32746,1.0
32747,1.5
32748,2.5
32751,2.0
32753,1.0
32754,4.666666666666667
32763,4.5
32766,4.0
32767,2.0
32768,4.0
32773,3.0
32776,3.5
32777,3.0
32778,1.0
32783,1.0
32790,3.0
32791,2.3333333333333335
32792,9.0
32794,3.3333333333333335
32798,3.0
32799,2.3333333333333335
32802,3.0
32810,1.3333333333333333
32812,1.3333333333333333
32814,4.0
32817,4.0
32822,1.0
32827,1.5
32833,1.0
32835,1.3333333333333333
32837,0.0
32841,3.3333333333333335
32843,1.0
32846,1.0
32853,4.5
32854,7.25
32857,0.0
32859,4.0
32860,1.0
32866,3.0
32872,2.0
32881,2.0
32893,1.0
32895,5.0
32896,5.0
32897,2.0
32899,1.0
32909,1.0
32912,5.0
32916,1.0
32919,1.3333333333333333
32920,2.3333333333333335
32926,1.5
32928,0.0
32931,0.0
32941,2.5
32945,4.0
32946,6.0
32949,4.0
32953,1.0
32956,1.5
32958,3.0
32970,2.0
32971,1.5
32973,1.3333333333333333
32982,0.0
32983,0.0
32995,3.0
32997,3.0
33000,3.0
33002,4.0
33006,2.0
33009,5.5
33014,1.0
33015,0.0
33019,5.0
33022,0.0
33027,2.5
33029,3.5
33030,3.6666666666666665
33035,1.0
33040,0.0
33041,1.0
33042,1.0
33046,1.0
33050,0.0
33056,0.0
33057,2.75
33064,4.0
33065,1.0
33068,2.0
33069,2.0
33070,0.0
33077,2.0
33078,1.0
33080,6.0
33082,8.0
33084,4.0
33086,6.0
33096,1.0
33098,2.0
33108,2.0
33111,6.0
33112,3.0
33113,3.0
33114,2.6666666666666665
33115,3.0
33116,4.5
33118,3.0
33119,1.0
33120,2.0
33121,1.0
33122,1.0
33126,1.0
33129,1.0
33130,1.0
33140,0.0
33142,4.0
33150,0.0
33159,4.5
33167,3.0
33168,1.0
33169,1.5
33171,3.0
33172,2.0
33174,2.0
33176,2.0
33178,2.0
33184,1.5
33187,5.0
33190,3.3333333333333335
33193,0.0
33199,2.5
33200,2.3333333333333335
33203,4.0
33205,1.0
33206,2.5
33207,2.5
33210,2.0
33213,3.0
33217,1.3333333333333333
33219,1.6666666666666667
33222,0.0
33223,3.0
33224,3.0
33226,1.0
33230,1.6666666666666667
33232,0.0
33233,0.0
33240,1.0
33243,4.0
33247,1.0
33250,2.5
33253,2.5
33255,3.5
33257,2.5
33260,1.6666666666666667
33262,0.0
33265,5.0
33273,4.0
33274,6.0
33276,1.0
33286,3.0
33290,4.0
33295,1.5
33299,2.0
33302,2.0
33307,1.0
33308,3.0
33311,3.5
33315,0.0
33318,0.0
33320,2.0
33326,2.0
33328,3.0
33334,0.0
33342,0.0
33344,1.0
33348,1.6666666666666667
33350,0.0
33356,1.0
33363,3.0
33364,0.0
33367,3.0
33368,3.0
33371,1.0
33373,2.5
33375,4.0
33376,4.0
33378,1.0
33380,4.5
33387,1.0
33393,3.0
33396,3.0
33397,1.0
33398,2.0
33404,4.0
33405,4.0
33407,1.5
33411,0.0
33412,4.5
33414,2.5
33415,2.3333333333333335
33417,3.0
33418,1.0
33423,2.5
33424,4.0
33428,6.0
33430,6.0
33433,2.0
33437,2.0
33440,1.5
33446,1.0
33448,1.0
33451,1.3333333333333333
33453,7.0
33454,2.0
33455,0.0
33457,1.0
33466,1.0
33469,0.0
33470,0.0
33473,2.0
33476,3.0
33480,3.0
33481,0.0
33485,3.5
33489,3.5
33490,0.0
33495,2.0
33500,2.5
33501,3.0
33502,2.5
33504,1.5
33505,1.5
33508,1.0
33509,0.0
33510,0.0
33512,2.3333333333333335
33513,1.0
33514,2.0
33515,2.0
33519,3.0
33521,2.6666666666666665
33522,3.3333333333333335
33527,1.0
33529,2.0
33530,1.6666666666666667
33531,1.6666666666666667
33532,2.5
33534,2.5
33535,2.0
33536,1.0
33539,1.6666666666666667
33541,1.0
33548,0.0
33554,4.75
33572,1.0
33576,2.0
33578,0.0
33580,3.0
33581,3.3333333333333335
33587,3.0
33591,2.0
33595,2.0
33597,2.0
33598,3.0
33600,3.0
33604,0.0
33605,2.0
33607,1.5
33608,4.0
33611,2.5
33612,2.5
33616,2.0
33620,5.333333333333333
33622,2.0
33625,2.0
33626,2.0
33628,0.0
33632,2.0
33638,1.0
33641,1.0
33642,1.0
33644,4.5
33645,2.0
33655,4.0
33659,0.0
33660,1.5
33661,2.0
33670,0.0
33673,1.0
33675,1.0
33676,0.0
33686,0.0
33690,2.5
33691,0.0
33692,3.0
33696,5.0
33698,0.0
33700,3.0
33701,5.0
33702,3.5
33703,2.6666666666666665
33708,5.0
33714,2.0
33717,2.0
33726,4.0
33727,4.0
33731,4.0
33735,0.0
33736,1.0
33738,3.0
33740,1.0
33744,4.0
33747,1.0
33752,2.0
33762,1.0
33764,1.0
33765,1.0
33769,2.5
33770,12.0
33771,3.0
33778,2.0
33779,1.0
33784,2.3333333333333335
33786,1.0
33789,2.6666666666666665
33792,2.8
33793,1.5
33796,2.0
33797,2.0
33799,0.0
33813,2.0
33814,2.0
33820,5.0
33824,3.0
33828,1.0
33829,2.0
33835,1.0
33836,2.0
33839,2.0
33840,1.0
33842,4.5
33844,3.0
33845,3.5
33847,1.0
33848,3.5
33855,5.0
33859,2.0
33863,0.0
33866,0.0
33868,1.0
33869,1.0
33877,1.0
33879,1.0
33880,2.6666666666666665
33886,1.0
33888,0.0
33889,1.0
33891,1.25
33892,5.0
33896,3.5
33899,1.0
33900,2.5
33901,2.5
33908,4.0
33916,2.0
33923,8.0
33926,8.0
33929,1.5
33930,2.0
33937,3.0
33940,2.3333333333333335
33941,1.0
33943,2.5
33945,0.0
33946,0.0
33947,0.0
33955,1.0
33956,0.0
33957,1.0
33958,4.0
33959,2.3333333333333335
33968,1.5
33972,6.666666666666667
33975,3.6666666666666665
33978,2.3333333333333335
33979,1.0
33980,1.0
33982,0.0
33983,1.5
33989,6.0
34010,1.0
34013,3.6666666666666665
34016,1.5
34025,5.0
34028,5.333333333333333
34034,1.6666666666666667
34035,2.0
34044,3.0
34047,6.0
34056,2.0
34057,2.5
34060,2.0
34063,3.0
34065,1.0
34066,2.3333333333333335
34073,0.0
34077,2.0
34078,4.0
34087,3.0
34088,3.5
34089,4.0
34090,2.0
34094,1.0
34097,0.0
34099,2.0
34103,1.0
34104,0.0
34106,1.0
34107,1.0
34109,6.0
34112,0.0
34115,2.0
34117,0.0
34118,0.0
34119,2.0
34121,2.0
34122,1.0
34123,2.0
34125,2.0
34127,1.0
34128,0.0
34134,2.0
34138,0.0
34139,0.0
34140,0.0
34151,2.0
34158,1.5
34159,8.0
34162,0.0
34165,1.3333333333333333
34166,1.0
34169,2.0
34170,1.0
34172,2.25
34173,3.5
34174,2.5
34178,0.0
34184,0.0
34191,1.6666666666666667
34199,1.5
34200,2.0
34208,1.0
34210,3.5
34211,4.0
34216,5.333333333333333
34217,4.75
34225,3.5
34226,1.5
34228,2.5
34234,2.0
34235,3.6666666666666665
34239,4.0
34241,4.0
34242,5.0
34243,3.0
34245,9.0
34251,3.3333333333333335
34253,5.5
34254,5.0
34255,5.0
34256,4.0
34258,1.5
34260,4.0
34261,4.0
34262,2.75
34263,4.0
34264,4.0
34266,4.0
34267,1.6666666666666667
34272,0.0
34274,0.0
34275,3.0
34276,5.0
34277,2.3333333333333335
34283,1.6666666666666667
34289,3.0
34293,2.0
34302,4.5
34303,1.0
34304,2.0
34305,2.0
34315,2.0
34318,1.5
34322,1.5
34325,0.0
34327,4.0
34330,0.0
34331,1.5
34332,0.0
34333,4.0
34335,1.0
34336,0.0
34337,1.0
34340,1.5
34341,1.5
34343,1.0
34344,1.0
34350,3.0
34352,2.0
34358,3.5
34359,3.0
34360,2.0
34362,2.5
34363,0.0
34364,4.0
34365,5.0
34366,2.5
34369,2.6666666666666665
34371,3.0
34372,0.0
34375,1.3333333333333333
34376,2.0
34378,1.0
34384,1.5
34386,2.5
34389,2.5
34391,3.0
34392,2.5
34394,0.0
34395,2.0
34398,1.5
34403,3.0
34404,2.5
34406,1.5
34408,2.0
34411,2.0
34415,1.0
34416,1.5
34418,1.0
34420,1.0
34425,1.5
34427,1.0
34429,2.0
34434,3.0
34438,0.0
34442,0.0
34443,1.0
34446,6.0
34447,7.0
34449,5.333333333333333
34450,5.666666666666667
34451,3.0
34456,5.333333333333333
34465,2.0
34468,4.0
34472,0.0
34473,1.0
34474,2.0
34475,1.0
34476,1.0
34477,0.0
34478,0.0
34488,0.0
34496,1.5
34497,1.0
34499,2.0
34500,1.5
34501,2.0
34513,2.0
34514,2.0
34515,3.0
34518,2.75
34519,1.0
34520,3.0
34521,3.0
34522,4.0
34523,1.0
34534,1.0
34537,7.0
34539,5.0
34547,2.0
34554,0.0
34556,6.666666666666667
34558,5.25
34559,1.75
34561,1.5
34562,3.5
34565,1.0
34566,1.0
34567,4.0
34569,4.333333333333333
34575,1.0
34578,3.0
34580,0.0
34582,3.0
34586,2.0
34587,0.0
34588,0.0
34591,1.0
34594,1.0
34597,1.0
34599,2.0
34601,1.0
34602,0.0
34604,4.0
34611,0.0
34612,0.0
34614,5.0
34615,1.5
34617,2.5
34624,4.0
34626,0.0
34627,0.0
34628,0.0
34630,0.0
34631,0.0
34644,4.0
34646,2.6666666666666665
34649,0.0
34656,1.0
34658,0.0
34661,1.5
34668,4.0
34673,3.0
34684,9.0
34686,1.6666666666666667
34687,4.0
34688,2.0
34689,1.5
34693,3.5
34694,3.5
34695,3.6666666666666665
34696,2.0
34698,2.5
34700,2.5
34704,4.0
34705,12.0
34706,0.0
34707,0.0
34708,1.0
34711,3.0
34712,0.0
34716,12.0
34717,12.0
34719,6.5
34723,2.0
34729,1.0
34731,1.0
34733,2.0
34736,0.0
34740,0.0
34741,0.0
34744,2.0
34745,1.5
34749,1.0
34753,0.0
34759,1.0
34762,0.0
34765,2.0
34766,3.0
34769,2.0
34777,3.0
34782,4.0
34784,3.6666666666666665
34789,1.0
34794,0.0
34796,0.0
34798,0.0
34799,0.0
34802,4.0
34803,3.5
34804,1.0
34806,3.5
34807,3.0
34808,3.0
34814,0.0
34816,1.0
34818,2.5
34828,2.5
34830,7.0
34835,2.0
34836,1.5
34840,2.0
34842,2.0
34847,0.0
34848,2.0
34849,2.0
34851,2.0
34857,1.5
34858,0.0
34865,2.0
34868,1.0
34872,1.0
34874,3.0
34878,0.0
34880,1.6666666666666667
34881,3.3333333333333335
34884,1.0
34885,7.0
34894,2.0
34896,2.5
34897,2.0
34898,2.0
34899,0.0
34900,1.75
34903,2.0
34904,6.0
34909,4.0
34910,7.0
34913,5.0
34916,1.0
34922,1.0
34923,0.0
34930,0.0
34934,3.0
34937,2.6666666666666665
34939,0.0
34942,3.0
34947,1.0
34948,2.0
34952,1.0
34954,2.5
34956,1.6666666666666667
34958,0.0
34959,0.0
34960,0.0
34962,1.5
34964,0.0
34965,3.0
34970,2.0
34972,2.3333333333333335
34974,2.5
34975,1.0
34978,1.0
34979,1.0
34982,4.666666666666667
34983,4.25
34987,0.0
34988,1.0
34989,4.0
34990,2.5
34994,2.0
34998,3.0
35000,3.0
35001,2.6666666666666665
35004,3.5
35006,3.0
35008,2.5
35010,3.0
35013,0.0
35017,0.0
35022,0.0
35023,3.0
35025,3.0
35026,1.0
35027,1.0
35032,4.5
35039,1.5
35041,1.75
35042,1.5
35051,0.0
35054,2.0
35055,4.5
35057,4.0
35059,1.5
35061,1.0
35062,0.0
35066,0.0
35073,2.5
35076,2.5
35078,1.0
35083,2.0
35091,5.0
35099,0.0
35100,0.0
35104,2.0
35105,1.4
35109,3.0
35110,2.0
35112,4.5
35113,2.25
35115,2.3333333333333335
35121,8.0
35122,0.0
35123,6.0
35124,2.5
35128,2.6666666666666665
35129,2.5
35132,2.5
35137,3.0
35140,8.0
35144,4.0
35145,1.0
35148,2.0
35152,0.0
35153,1.6666666666666667
35155,1.0
35156,1.6666666666666667
35158,1.3333333333333333
35159,1.6666666666666667
35161,1.0
35164,3.0
35168,1.0
35170,1.5
35173,6.5
35174,1.5
35175,1.5
35177,4.0
35179,1.5
35183,3.0
35185,5.0
35187,1.0
35191,2.0
35193,1.0
35194,1.0
35202,4.0
35213,0.0
35216,2.0
35217,0.0
35219,5.0
35223,7.0
35228,5.0
35229,5.0
35231,4.25
35237,4.0
35239,0.0
35241,4.0
35248,1.0
35249,3.5
35251,1.0
35253,2.75
35257,1.0
35258,3.0
35260,1.0
35262,3.5
35264,3.6666666666666665
35267,1.0
35268,1.0
35269,0.0
35278,0.0
35283,2.0
35284,1.0
35287,2.0
35288,1.5
35289,1.6666666666666667
35291,1.0
35294,3.0
35299,2.75
35303,1.0
35308,2.5
35309,2.0
35312,0.0
35320,2.0
35327,1.0
35329,1.0
35330,1.0
35331,1.0
35337,4.5
35341,3.3333333333333335
35342,3.0
35346,2.0
35347,2.0
35349,1.75
35353,0.0
35360,2.0
35361,2.0
35367,0.0
35368,1.0
35372,0.0
35374,3.0
35375,4.0
35378,3.5
35379,2.0
35381,2.0
35382,1.0
35383,1.0
35389,0.0
35394,3.0
35395,1.0
35398,3.5
35399,4.0
35403,2.0
35404,2.0
35407,1.0
35409,5.0
35410,3.0
35411,1.3333333333333333
35413,0.0
35416,0.0
35419,0.0
35427,2.5
35431,1.6666666666666667
35432,1.0
35433,1.0
35434,0.0
35442,1.0
35444,1.0
35445,4.5
35447,5.0
35448,5.333333333333333
35450,2.5
35452,2.0
35454,2.0
35455,2.0
35458,2.0
35459,3.0
35462,2.0
35464,0.0
35470,1.0
35472,1.0
35480,3.0
35484,5.0
35489,5.0
35493,0.0
35499,0.0
35500,1.0
35501,1.0
35503,0.0
35504,0.0
35507,8.0
35508,3.0
35509,2.5
35513,1.0
35515,1.3333333333333333
35516,2.0
35518,1.5
35519,4.0
35520,2.5
35521,3.5
35523,2.6666666666666665
35527,3.0
35528,3.0
35535,4.0
35538,7.0
35539,4.0
35547,0.0
35549,2.0
35555,2.0
35558,2.0
35562,4.0
35564,2.5
35567,2.0
35568,2.0
35570,2.0
35578,4.0
35585,0.0
35586,0.0
35591,4.0
35593,3.0
35595,3.0
35598,2.0
35600,2.5
35603,0.0
35614,1.5
35620,3.0
35622,1.6666666666666667
35625,1.5
35626,2.0
35627,5.0
35629,1.3333333333333333
35637,2.0
35642,2.0
35644,4.0
35645,2.5
35646,0.0
35651,3.5
35652,1.5
35653,0.0
35655,1.0
35661,3.0
35664,4.0
35666,5.0
35667,3.0
35669,2.0
35674,0.0
35679,1.0
35681,2.0
35682,1.5
35684,3.3333333333333335
35688,2.5
35689,3.5
35690,2.5
35691,3.6666666666666665
35693,4.0
35694,3.5
35697,3.0
35702,3.0
35705,3.5
35708,2.5
35709,2.5
35713,0.0
35714,4.0
35716,5.333333333333333
35720,7.0
35727,0.0
35731,2.0
35732,2.0
35733,2.0
35735,1.5
35740,1.5
35743,1.0
35745,0.0
35747,1.0
35748,3.0
35749,0.0
35753,3.0
35754,3.0
35757,1.0
35761,2.0
35762,2.0
35763,2.5
35766,1.0
35771,1.0
35779,2.0
35780,0.0
35783,2.0
35785,0.0
35786,2.0
35793,0.0
35794,2.0
35796,1.0
35804,1.0
35805,1.0
35806,1.0
35815,2.0
35824,2.5
35829,1.0
35832,1.0
35833,2.6666666666666665
35834,3.0
35835,1.5
35836,2.6666666666666665
35839,1.5
35846,1.5
35849,2.0
35850,14.0
35855,5.666666666666667
35863,5.666666666666667
35864,1.0
35869,2.5
35872,2.0
35876,0.0
35880,2.0
35881,2.5
35882,1.0
35885,2.0
35887,2.5
35889,3.0
35896,1.5
35899,1.0
35903,1.0
35904,1.0
35907,2.0
35910,1.0
35914,1.0
35916,1.6666666666666667
35920,0.0
35921,1.6666666666666667
35922,0.0
35924,0.0
35925,1.0
35927,0.0
35929,1.0
35933,2.75
35934,4.0
35940,1.0
35951,1.6666666666666667
35959,1.0
35961,1.5
35963,1.5
35968,1.0
35969,2.0
35970,2.0
35974,4.0
35976,2.0
35978,1.5
35979,1.5
35980,1.5
35984,3.0
35993,2.5
36004,2.0
36005,0.0
36011,0.0
36013,2.0
36015,2.5
36016,1.0
36022,1.6666666666666667
36030,5.5
36033,3.0
36036,2.0
36048,3.5
36051,5.0
36052,0.0
36054,3.3333333333333335
36056,1.5
36057,4.0
36065,2.5
36069,1.5
36082,3.5
36083,5.0
36088,6.0
36090,0.0
36092,3.0
36093,3.3333333333333335
36094,2.0
36095,4.0
36099,0.0
36100,1.0
36102,1.0
36105,0.0
36107,3.5
36111,1.0
36114,1.0
36116,1.0
36117,0.0
36118,1.0
36122,1.0
36125,1.5
36130,2.0
36133,1.5
36136,2.0
36144,2.0
36146,2.0
36148,2.0
36159,4.5
36160,3.3333333333333335
36162,0.0
36165,0.0
36167,0.0
36168,1.0
36169,1.0
36172,2.0
36176,2.0
36180,2.5
36186,2.0
36192,3.0
36193,3.0
36197,0.0
36199,3.0
36201,4.0
36204,2.0
36212,0.0
36214,3.0
36215,0.0
36217,1.0
36221,2.6666666666666665
36225,2.0
36226,3.0
36227,3.0
36231,2.3333333333333335
36241,7.5
36244,1.0
36246,1.0
36251,2.0
36255,1.0
36256,1.0
36257,2.0
36266,2.0
36270,0.0
36272,1.6666666666666667
36275,0.0
36284,3.5
36290,1.0
36291,3.0
36294,4.0
36298,4.0
36299,3.5
36309,13.0
36311,0.0
36313,1.0
36323,2.0
36330,1.5
36333,2.0
36334,2.0
36335,2.0
36339,3.5
36342,3.0
36343,2.2
36349,4.0
36350,4.5
36359,4.0
36360,3.0
36361,2.0
36363,2.0
36365,2.0
36369,4.0
36376,3.0
36378,2.0
36379,0.0
36380,0.0
36383,1.0
36387,1.0
36389,0.0
36390,1.0
36392,2.0
36394,1.5
36396,1.0
36399,3.5
36402,2.0
36403,3.0
36404,3.0
36405,2.5
36407,8.5
36412,1.5
36416,2.0
36418,3.0
36419,3.0
36424,3.0
36426,4.0
36431,2.5
36434,2.0
36435,3.0
36440,1.0
36449,1.5
36450,3.0
36451,2.0
36453,3.0
36455,1.0
36459,5.0
36460,3.0
36462,5.0
36466,3.0
36468,2.5
36469,0.0
36470,1.3333333333333333
36474,3.5
36476,2.0
36478,3.0
36479,2.5
36488,1.75
36489,0.0
36492,3.0
36493,2.5
36494,1.5
36495,5.0
36496,2.5
36497,1.0
36498,0.0
36499,3.0
36503,3.0
36505,1.5
36507,3.0
36509,5.5
36512,3.0
36513,3.3333333333333335
36518,4.0
36519,0.0
36520,2.0
36524,3.0
36525,2.0
36537,1.0
36538,1.0
36540,0.0
36550,2.5
36554,1.75
36556,1.5
36560,3.0
36564,3.5
36569,0.0
36570,2.0
36578,1.6666666666666667
36581,2.0
36588,2.0
36594,0.0
36596,1.0
36597,0.0
36601,1.0
36604,4.0
36605,2.0
36608,9.0
36609,9.0
36613,3.0
36617,3.0
36619,2.6666666666666665
36622,2.0
36626,0.0
36627,1.0
36632,2.0
36641,5.0
36643,1.0
36653,3.0
36654,4.0
36657,0.0
36659,4.0
36663,4.0
36665,0.0
36666,1.0
36669,1.0
36678,0.0
36679,3.0
36681,2.0
36687,0.0
36689,2.0
36690,1.6666666666666667
36691,0.0
36695,0.0
36696,2.0
36698,1.0
36703,4.0
36704,0.0
36705,0.0
36707,0.0
36708,4.0
36710,3.0
36711,2.0
36713,2.5
36717,0.0
36720,4.5
36721,1.6666666666666667
36734,1.0
36735,4.0
36739,4.0
36740,3.0
36741,4.0
36743,2.5
36744,2.0
36746,2.0
36749,1.0
36753,0.0
36757,3.5
36759,5.0
36761,1.0
36764,2.3333333333333335
36765,2.3333333333333335
36767,7.0
36769,2.0
36771,0.0
36773,4.0
36777,4.0
36778,4.0
36783,0.0
36787,4.5
36788,3.0
36791,2.0
36793,1.0
36794,2.0
36795,2.0
36799,0.0
36802,0.0
36805,0.0
36807,1.5
36809,2.0
36816,2.0
36818,1.6666666666666667
36820,2.0
36821,3.0
36824,0.0
36831,5.0
36832,7.0
36833,6.5
36837,6.0
36838,1.5
36839,1.0
36841,0.0
36843,2.5
36846,3.0
36848,3.6666666666666665
36851,2.6666666666666665
36852,3.0
36853,1.0
36855,5.0
36858,5.5
36860,6.0
36864,1.0
36865,1.0
36867,2.0
36875,1.0
36883,3.0
36885,1.5
36888,3.0
36889,5.0
36890,4.0
36892,2.5
36895,1.0
36896,3.0
36904,0.0
36906,5.0
36908,1.5
36917,1.5
36922,0.0
36925,0.0
36927,1.0
36931,11.0
36932,0.0
36933,1.0
36936,2.5
36940,1.0
36950,1.0
36952,0.0
36958,1.5
36961,1.0
36962,0.0
36965,2.0
36966,1.0
36968,1.5
36973,1.5
36974,4.0
36977,1.5
36984,1.0
36988,6.0
36995,1.3333333333333333
36997,0.0
36998,1.0
37005,1.0
37006,0.0
37009,7.5
37011,1.6666666666666667
37017,2.6666666666666665
37018,1.6666666666666667
37029,8.0
37030,2.0
37031,2.5
37033,2.0
37034,0.0
37036,3.0
37037,1.0
37040,1.0
37042,0.0
37045,1.5
37047,0.0
37048,3.0
37051,0.0
37069,1.5
37075,4.0
37078,3.25
37088,6.5
37090,4.0
37093,0.0
37094,4.0
37096,3.0
37099,4.0
37102,3.5
37106,1.0
37108,3.0
37109,2.5
37110,1.5
37112,1.5
37113,1.0
37114,1.3333333333333333
37117,2.0
37120,1.0
37122,1.0
37123,5.0
37124,3.0
37133,3.0
37136,3.5
37137,2.0
37145,3.0
37146,3.0
37148,1.0
37150,4.5
37154,1.0
37161,2.0
37167,3.5
37176,1.0
37179,3.5
37181,3.5
37183,2.0
37184,1.0
37186,0.0
37187,3.0
37188,0.0
37189,1.0
37190,1.0
37191,3.0
37197,1.0
37206,1.0
37212,0.0
37214,1.0
37217,0.0
37220,1.5
37225,3.0
37226,1.0
37227,2.0
37228,1.0
37230,3.0
37231,3.0
37234,1.5
37238,4.0
37246,4.0
37247,4.0
37259,1.3333333333333333
37262,2.0
37263,2.0
37264,1.5
37267,3.5
37268,3.5
37269,3.5
37270,3.0
37274,3.0
37278,3.5
37280,3.5
37293,2.0
37294,1.0
37297,5.0
37298,1.0
37304,3.0
37307,6.5
37312,1.0
37319,2.0
37321,1.0
37334,3.3333333333333335
37337,1.0
37343,1.0
37348,3.0
37354,1.0
37355,2.0
37361,5.666666666666667
37362,6.5
37364,1.0
37376,1.0
37377,0.0
37378,0.0
37382,1.3333333333333333
37383,0.0
37385,2.0
37388,2.0
37391,4.0
37392,4.5
37394,1.5
37395,0.0
37402,4.0
37403,7.5
37413,3.0
37414,3.5
37415,0.0
37418,2.5
37423,0.0
37424,0.0
37425,0.0
37429,1.0
37430,1.0
37431,1.5
37433,1.5
37434,1.0
37440,2.0
37441,5.5
37443,1.0
37444,1.0
37449,1.5
37454,2.0
37456,2.0
37461,1.0
37462,0.0
37463,0.0
37464,7.0
37468,3.0
37472,4.0
37477,1.5
37481,3.0
37483,3.0
37487,2.5
37489,0.0
37495,2.5
37497,1.0
37501,2.5
37503,2.5
37504,2.0
37505,3.0
37508,0.0
37512,1.5
37513,1.0
37522,1.0
37529,3.5
37531,2.3333333333333335
37532,2.5
37538,2.0
37539,3.0
37541,0.0
37542,0.0
37543,3.0
37544,2.0
37545,1.0
37547,2.0
37553,3.0
37559,1.0
37560,5.0
37563,3.5
37565,1.0
37571,0.0
37574,4.0
37581,2.0
37589,0.0
37601,1.0
37602,1.0
37605,1.0
37607,4.0
37612,4.0
37619,8.0
37621,3.0
37623,3.3333333333333335
37624,2.0
37626,3.0
37629,2.0
37634,4.0
37636,4.0
37637,4.0
37638,0.0
37640,2.0
37641,7.0
37646,3.0
37648,4.0
37652,2.5
37654,3.0
37660,2.0
37665,1.0
37667,2.5
37668,2.3333333333333335
37669,3.0
37674,0.0
37676,0.0
37677,2.0
37678,2.0
37680,0.0
37681,3.0
37686,5.0
37687,3.0
37689,4.0
37695,1.0
37698,1.0
37701,2.0
37706,1.0
37708,3.0
37710,3.0
37716,2.5
37719,3.0
37728,3.5
37735,3.6666666666666665
37742,1.0
37745,3.3333333333333335
37746,4.0
37747,3.0
37748,2.0
37749,3.0
37754,2.5
37759,6.0
37763,1.5
37764,1.5
37765,2.0
37767,2.0
37768,0.0
37769,1.0
37773,1.0
37774,2.5
37775,0.0
37780,2.0
37782,0.0
37783,2.0
37787,1.5
37791,4.0
37793,1.0
37800,2.0
37801,0.0
37803,0.0
37812,2.0
37816,8.0
37817,1.0
37824,0.0
37825,2.0
37826,2.0
37828,0.0
37829,1.0
37836,1.5
37839,1.5
37841,1.6666666666666667
37845,1.0
37846,0.0
37850,1.0
37852,1.0
37854,1.0
37857,1.0
37864,2.5
37865,2.5
37866,1.0
37873,1.5
37875,1.0
37878,0.0
37879,1.0
37880,2.0
37884,3.6666666666666665
37890,0.0
37901,3.0
37905,2.5
37914,2.0
37915,2.0
37920,2.0
37922,0.0
37937,7.0
37939,1.5
37941,2.0
37948,1.0
37952,2.0
37954,0.0
37955,1.0
37956,2.5
37959,1.5
37963,0.0
37966,1.5
37967,2.0
37971,0.0
37976,0.0
37982,2.0
37984,1.0
37985,1.5
37989,1.0
37996,3.0
37997,2.5
38004,3.0
38009,3.0
38010,3.5
38011,0.0
38013,3.0
38016,2.0
38023,0.0
38027,2.5
38033,3.0
38035,1.0
38041,7.0
38042,1.0
38046,2.0
38053,3.5
38056,4.0
38058,3.0
38059,0.0
38066,4.0
38067,3.0
38068,0.0
38073,1.5
38075,0.0
38078,2.0
38082,0.0
38095,1.6666666666666667
38101,4.5
38103,7.0
38105,4.5
38111,3.0
38112,2.3333333333333335
38113,9.0
38115,2.5
38121,4.0
38125,2.0
38126,2.0
38128,2.5
38130,6.0
38131,7.0
38137,2.5
38139,0.0
38145,2.0
38153,1.6666666666666667
38155,1.0
38160,4.5
38164,2.0
38167,5.0
38172,3.0
38173,1.0
38175,1.0
38177,3.6666666666666665
38178,0.0
38182,7.0
38184,4.0
38185,2.0
38187,4.0
38193,0.0
38194,2.0
38195,1.0
38203,2.0
38204,1.5
38205,3.0
38208,3.0
38210,2.5
38214,6.0
38216,3.0
38219,0.0
38222,3.0
38223,2.0
38226,1.3333333333333333
38228,1.6666666666666667
38230,0.0
38232,1.5
38235,4.0
38239,1.0
38242,0.0
38245,0.0
38247,0.0
38248,3.0
38250,3.6666666666666665
38254,3.0
38258,8.5
38259,6.0
38266,0.0
38269,2.5
38271,0.0
38274,1.0
38275,1.0
38279,1.0
38280,1.5
38283,1.5
38286,2.0
38299,2.0
38303,1.0
38304,1.0
38305,0.0
38307,4.5
38308,1.0
38311,6.0
38313,6.5
38314,6.0
38316,3.0
38322,2.6666666666666665
38323,1.0
38325,4.0
38326,4.0
38332,3.0
38335,3.0
38343,2.0
38347,2.0
38350,6.5
38351,5.0
38353,4.5
38355,4.0
38357,0.0
38364,1.75
38366,4.0
38370,0.0
38374,0.0
38378,3.0
38380,4.0
38381,0.0
38386,3.6666666666666665
38391,0.0
38392,3.0
38397,1.3333333333333333
38403,5.0
38407,7.0
38408,1.0
38410,2.0
38411,2.0
38416,1.0
38418,1.0
38420,7.0
38422,7.0
38426,0.0
38428,3.5
38429,3.5
38431,2.0
38434,4.0
38444,3.6666666666666665
38449,4.0
38451,3.3333333333333335
38453,1.0
38456,3.0
38460,2.0
38462,4.0
38463,2.5
38464,2.6666666666666665
38467,3.0
38477,1.5
38478,3.0
38479,2.5
38480,0.0
38481,3.0
38483,2.5
38484,4.0
38489,1.0
38492,1.75
38493,2.25
38497,1.0
38499,0.0
38500,0.0
38504,2.0
38520,2.6666666666666665
38521,2.0
38523,2.6666666666666665
38524,2.5
38525,3.0
38528,1.0
38530,0.0
38531,0.0
38536,0.0
38537,1.5
38541,0.0
38543,0.0
38550,2.0
38551,2.5
38553,3.0
38557,2.0
38558,4.0
38561,10.0
38564,0.0
38566,1.0
38569,2.0
38572,2.0
38573,1.5
38583,5.0
38588,1.0
38591,2.3333333333333335
38593,5.0
38597,1.3333333333333333
38601,4.5
38604,4.0
38611,3.0
38612,3.0
38613,1.0
38616,2.0
38617,0.0
38622,2.0
38623,3.0
38628,1.0
38632,1.0
38635,0.0
38637,3.0
38639,0.0
38640,0.0
38642,0.0
38643,0.0
38644,1.0
38645,0.0
38647,2.5
38653,2.0
38655,0.0
38662,0.0
38672,2.0
38674,2.0
38675,2.0
38679,2.0
38683,3.5
38688,3.5
38689,4.5
38693,4.0
38696,6.666666666666667
38697,1.0
38698,2.0
38701,2.0
38702,2.0
38708,1.0
38716,2.0
38719,2.0
38722,0.0
38726,2.0
38729,2.0
38732,1.0
38733,0.0
38736,1.0
38741,1.5
38745,1.5
38751,1.0
38752,1.0
38754,2.0
38755,3.5
38756,3.5
38757,3.6666666666666665
38764,3.0
38766,2.0
38768,2.0
38775,2.0
38777,5.5
38781,1.0
38783,5.0
38784,1.0
38786,2.0
38790,0.0
38792,3.0
38793,3.6666666666666665
38798,0.0
38811,1.0
38816,5.0
38821,0.0
38823,2.0
38826,2.5
38829,3.0
38831,4.0
38833,7.0
38835,2.0
38837,0.0
38840,0.0
38842,2.0
38844,1.5
38847,3.5
38849,1.5
38853,0.0
38857,1.5
38858,16.5
38859,2.5
38860,4.0
38863,2.0
38865,2.0
38866,1.0
38869,3.0
38877,0.0
38878,2.5
38879,3.0
38881,0.0
38882,2.0
38884,0.0
38886,0.0
38888,0.0
38890,2.0
38894,0.0
38899,3.3333333333333335
38900,1.0
38902,3.0
38903,0.0
38905,1.0
38907,1.0
38911,3.0
38916,1.5
38917,4.5
38920,4.5
38924,3.0
38927,4.0
38929,1.0
38937,3.0
38940,1.6666666666666667
38941,2.5
38947,2.0
38948,1.0
38951,3.3333333333333335
38954,2.5
38957,2.5
38962,2.5
38964,1.5
38968,3.0
38974,0.0
38976,3.0
38977,3.0
38978,2.0
38982,4.0
38983,2.0
38985,3.0
38987,0.0
38990,0.0
38994,2.0
38995,2.5
38997,0.0
38999,3.6666666666666665
39002,2.0
39003,1.0
39004,3.0
39005,4.0
39010,8.5
39011,8.5
39013,6.0
39014,5.5
39015,5.0
39021,0.0
39022,1.0
39025,2.0
39027,1.0
39029,0.0
39039,2.5
39041,3.0
39043,1.0
39048,3.0
39050,2.5
39052,2.0
39053,2.25
39057,2.5
39061,2.5
39062,2.5
39069,2.6666666666666665
39071,3.5
39078,2.0
39083,1.0
39087,1.5
39088,1.0
39089,1.0
39091,1.0
39093,3.0
39104,1.6666666666666667
39108,1.5
39109,2.0
39111,4.0
39112,3.5
39114,6.333333333333333
39115,0.0
39120,0.0
39122,1.0
39125,0.0
39131,0.0
39133,2.5
39137,2.0
39142,2.5
39143,2.5
39148,1.0
39152,1.0
39153,2.6666666666666665
39159,2.0
39160,2.6666666666666665
39166,5.0
39168,5.2
39172,1.5
39179,2.0
39180,2.5
39183,2.0
39184,4.666666666666667
39186,1.0
39188,2.0
39191,3.5
39192,4.0
39195,0.0
39198,1.0
39204,1.5
39211,1.25
39212,0.0
39214,3.0
39225,4.5
39226,4.0
39227,5.0
39232,2.0
39244,4.666666666666667
39247,7.5
39249,0.0
39252,0.0
39253,0.0
39256,0.0
39257,2.0
39258,1.5
39260,3.0
39263,2.0
39266,2.0
39268,3.0
39269,1.0
39270,4.0
39273,3.5
39276,1.6666666666666667
39292,3.0
39297,2.0
39298,1.6666666666666667
39303,4.0
39308,1.0
39312,3.5
39313,0.0
39315,6.0
39316,1.0
39324,7.0
39329,1.5
39334,0.0
39336,4.0
39339,2.3333333333333335
39340,3.25
39345,4.0
39348,2.0
39350,0.0
39352,1.0
39353,2.0
39358,0.0
39359,2.0
39360,11.0
39362,1.0
39365,1.5
39366,3.0
39367,2.0
39368,1.3333333333333333
39377,1.5
39380,2.0
39383,0.0
39392,2.0
39393,2.5
39398,6.0
39399,6.0
39403,4.0
39404,6.0
39406,7.0
39413,2.0
39425,3.0
39426,3.25
39427,4.0
39430,3.25
39434,4.0
39437,4.0
39440,2.0
39446,1.0
39453,5.0
39455,2.5
39457,6.0
39458,5.0
39461,5.0
39462,3.0
39463,3.0
39473,2.0
39476,2.0
39482,3.0
39490,4.0
39492,6.0
39494,2.0
39497,0.0
39506,2.5
39508,2.0
39512,2.5
39513,1.5
39514,2.0
39518,2.0
39519,1.0
39520,1.0
39526,1.0
39529,2.3333333333333335
39530,3.3333333333333335
39533,0.0
39534,3.0
39536,3.0
39537,1.5
39538,1.3333333333333333
39542,1.0
39543,5.5
39545,2.0
39551,2.0
39552,0.0
39562,0.0
39565,3.0
39574,1.0
39585,3.0
39588,2.0
39590,5.0
39594,1.0
39595,0.0
39597,0.0
39602,5.0
39610,0.0
39614,0.0
39615,0.0
39621,1.0
39623,1.5
39624,1.5
39625,2.0
39627,3.0
39628,2.0
39629,2.6666666666666665
39630,3.5
39631,3.0
39634,5.666666666666667
39638,0.0
39644,3.0
39645,3.0
39646,7.0
39652,0.0
39653,2.0
39656,3.0
39657,3.0
39659,0.0
39670,3.0
39671,0.0
39675,3.0
39679,1.0
39680,2.0
39683,5.0
39691,3.0
39698,0.0
39699,2.0
39702,2.0
39709,4.5
39714,1.0
39719,0.0
39720,2.0
39722,3.5
39723,0.0
39732,1.0
39736,0.0
39738,0.0
39741,1.0
39742,0.0
39743,0.0
39753,2.5
39754,3.5
39760,0.0
39762,2.0
39763,4.0
39773,1.5
39777,2.5
39782,3.0
39783,2.5
39786,2.0
39795,8.0
39805,2.5
39806,2.0
39809,1.6666666666666667
39815,3.0
39818,3.0
39824,3.5
39832,2.6666666666666665
39834,4.0
39835,2.0
39838,0.0
39841,2.0
39844,0.0
39848,2.0
39849,3.0
39858,4.5
39863,4.0
39865,2.0
39870,3.5
39875,1.0
39876,4.0
39879,1.3333333333333333
39880,3.0
39900,4.0
39904,1.3333333333333333
39920,2.0
39922,0.0
39925,2.0
39927,2.0
39928,2.5
39930,2.3333333333333335
39931,2.0
39933,5.0
39935,3.0
39938,9.0
39940,0.0
39942,2.0
39943,3.0
39947,1.0
39951,4.0
39954,3.5
39955,3.0
39958,6.0
39959,6.0
39961,4.333333333333333
39962,5.0
39964,5.5
39970,5.333333333333333
39983,1.6666666666666667
39986,2.5
39992,2.0
39993,2.0
39994,2.0
39998,2.3333333333333335
40000,3.0
40006,4.0
40010,3.5
40012,4.0
40014,2.0
40016,1.0
40017,4.5
40018,1.0
40019,1.5
40020,4.0
40022,2.0
40024,1.0
40031,2.3333333333333335
40034,3.0
40036,1.0
40040,0.0
40049,2.0
40050,2.5
40057,2.6666666666666665
40059,0.0
40060,3.0
40061,0.0
40067,1.0
40070,5.0
40078,1.0
40080,0.0
40087,3.5
40088,3.5
40089,1.0
40092,1.0
40093,5.0
40094,3.5
40096,2.0
40097,2.0
40103,1.5
40106,2.0
40107,1.0
40108,1.0
40110,2.0
40115,0.0
40116,0.0
40117,4.0
40118,4.5
40119,1.0
40123,2.0
40126,1.0
40129,3.0
40133,7.0
40136,1.0
40137,0.0
40139,2.5
40144,0.0
40146,0.0
40148,1.5
40151,2.0
40155,6.0
40157,4.0
40158,2.0
40160,2.0
40161,0.0
40162,0.0
40163,0.0
40167,9.0
40168,0.0
40169,14.0
40171,0.0
40175,1.0
40176,1.0
40180,3.5
40183,3.0
40184,0.0
40197,7.666666666666667
40198,3.5
40199,5.0
40200,5.0
40203,14.0
40212,4.0
40213,1.0
40214,1.5
40215,1.5
40220,5.0
40222,2.6666666666666665
40224,1.3333333333333333
40225,3.0
40228,2.0
40231,2.5
40237,1.0
40240,1.6666666666666667
40241,2.0
40245,2.5
40249,1.0
40250,2.0
40252,5.0
40253,0.0
40254,1.0
40255,1.5
40259,3.0
40263,2.0
40265,0.0
40266,1.0
40275,2.0
40279,4.0
40280,3.0
40286,4.5
40287,4.5
40289,4.333333333333333
40292,4.25
40293,4.25
40298,7.0
40301,1.0
40302,0.0
40313,1.3333333333333333
40314,3.5
40315,3.5
40318,1.5
40319,1.6666666666666667
40325,2.0
40326,2.0
40327,0.0
40328,1.0
40330,2.5
40333,2.0
40334,1.0
40336,1.0
40338,1.0
40340,2.0
40341,2.5
40342,2.5
40343,1.3333333333333333
40345,5.0
40346,4.666666666666667
40348,5.333333333333333
40350,4.0
40351,8.0
40356,6.0
40360,1.0
40361,1.0
40362,1.0
40364,1.0
40365,1.0
40373,1.5
40376,1.6666666666666667
40378,0.0
40387,1.0
40395,0.0
40397,0.0
40399,2.0
40405,3.3333333333333335
40409,4.25
40412,1.0
40413,1.0
40414,1.0
40420,1.0
40422,0.0
40425,0.0
40432,2.3333333333333335
40433,1.5
40435,2.0
40439,2.0
40442,0.0
40445,1.0
40448,0.0
40449,5.5
40453,0.0
40454,4.0
40455,1.5
40458,2.0
40459,0.0
40460,4.0
40466,3.0
40476,3.0
40480,2.0
40481,4.0
40482,1.0
40483,2.0
40484,1.5
40486,4.0
40490,3.3333333333333335
40491,2.75
40495,0.0
40496,1.0
40502,1.6666666666666667
40503,6.0
40506,2.0
40508,1.0
40512,4.0
40516,10.0
40518,1.0
40523,4.0
40525,3.0
40528,1.0
40531,4.0
40532,1.0
40536,2.5
40539,5.5
40543,3.0
40548,1.5
40553,2.6666666666666665
40562,3.0
40563,1.5
40564,1.0
40572,3.0
40574,2.0
40579,0.0
40580,1.0
40583,2.0
40586,0.0
40588,1.0
40601,5.5
40607,1.5
40612,2.0
40614,2.6666666666666665
40622,0.0
40623,1.0
40624,0.0
40630,1.0
40632,0.0
40634,5.0
40637,2.0
40638,2.5
40642,2.5
40650,3.2
40653,3.0
40655,3.0
40656,2.5
40658,1.0
40660,1.5
40668,3.0
40670,3.0
40677,2.0
40678,2.0
40681,3.0
40684,1.0
40692,1.0
40695,2.0
40700,1.0
40704,5.0
40705,6.0
40708,1.0
40709,1.0
40710,0.0
40711,0.0
40713,2.0
40715,1.0
40716,0.0
40719,1.0
40736,3.0
40738,0.0
40739,0.0
40740,3.0
40742,3.0
40743,3.0
40747,0.0
40751,0.0
40757,1.0
40758,0.0
40761,1.0
40767,1.0
40770,4.0
40772,7.0
40777,3.5
40778,10.0
40780,1.0
40781,0.0
40787,4.0
40792,3.0
40795,1.0
40796,1.0
40798,2.0
40808,3.0
40811,2.0
40813,1.5
40818,2.0
40825,1.0
40833,2.0
40834,1.6666666666666667
40837,2.0
40842,2.0
40843,1.0
40845,0.0
40846,4.0
40857,0.0
40859,0.0
40860,0.0
40861,4.5
40862,6.0
40863,8.0
40866,8.0
40868,2.0
40869,0.0
40871,2.5
40873,1.0
40880,1.0
40882,2.0
40886,0.0
40888,0.0
40891,1.0
40896,1.0
40902,1.0
40904,3.0
40911,0.0
40915,3.0
40923,1.0
40929,1.0
40930,1.3333333333333333
40931,1.5
40934,0.0
40936,1.0
40937,3.0
40939,3.5
40941,1.0
40945,2.0
40947,2.0
40951,2.0
40954,3.0
40955,2.5
40957,2.0
40961,1.0
40962,2.0
40964,1.0
40966,2.5
40970,1.0
40981,1.0
40982,0.0
40983,1.0
40984,1.0
40992,2.0
40993,1.5
40997,1.5
40998,0.0
41001,1.0
41004,0.0
41005,1.6666666666666667
41006,1.3333333333333333
41009,1.3333333333333333
41012,2.0
41020,2.0
41022,3.0
41027,2.5
41032,6.0
41038,2.0
41039,2.0
41042,6.0
41050,0.0
41052,2.5
41058,4.0
41061,1.0
41064,4.0
41065,1.6666666666666667
41073,0.0
41075,1.0
41080,2.0
41081,1.0
41083,1.0
41095,2.0
41096,2.0
41099,0.0
41100,4.0
41104,0.0
41109,0.0
41112,1.5
41113,0.0
41114,0.0
41121,1.0
41124,0.0
41125,3.0
41130,1.5
41135,1.0
41138,2.0
41144,3.5
41147,1.0
41148,1.0
41149,1.0
41152,2.5
41155,6.0
41161,4.0
41164,5.0
41166,3.0
41168,1.0
41172,1.6666666666666667
41175,2.0
41181,1.5
41183,2.0
41185,3.0
41188,1.0
41189,3.0
41196,2.0
41198,1.5
41200,1.3333333333333333
41202,3.0
41203,3.0
41208,4.0
41213,4.0
41215,1.0
41217,1.0
41218,5.333333333333333
41224,5.666666666666667
41233,1.0
41234,4.5
41235,3.0
41241,0.0
41245,1.5
41251,0.0
41253,1.0
41264,3.25
41265,3.25
41268,3.0
41269,4.0
41271,1.0
41281,1.0
41287,1.0
41289,1.0
41291,2.0
41295,1.0
41299,3.0
41301,0.0
41305,3.5
41308,6.0
41311,1.6666666666666667
41315,3.0
41317,0.0
41322,0.0
41325,3.0
41326,0.0
41328,2.0
41329,2.5
41336,0.0
41340,4.0
41349,0.0
41352,5.0
41353,0.0
41357,4.0
41365,1.0
41368,1.0
41371,1.0
41378,4.75
41380,3.0
41381,3.5
41384,6.0
41385,2.0
41387,3.0
41388,0.0
41392,1.0
41394,4.0
41397,0.0
41406,3.0
41408,5.0
41409,1.5
41411,3.0
41414,1.5
41423,3.0
41427,0.0
41438,2.3333333333333335
41440,2.3333333333333335
41442,4.0
41444,3.0
41445,1.0
41446,2.0
41448,1.0
41449,3.0
41450,3.0
41451,3.5
41452,3.5
41455,0.0
41457,1.0
41459,1.3333333333333333
41460,3.0
41466,2.0
41467,2.5
41479,3.5
41484,1.0
41491,0.0
41492,5.0
41493,0.0
41500,2.0
41503,4.0
41504,0.0
41505,0.0
41507,0.0
41508,1.0
41511,0.0
41518,3.0
41529,3.0
41532,2.0
41534,1.0
41538,1.0
41539,3.0
41541,2.75
41543,2.0
41550,7.0
41551,4.333333333333333
41554,2.5
41558,5.0
41564,3.5
41565,3.5
41566,2.5
41572,0.0
41575,2.5
41578,3.0
41580,2.0
41582,2.0
41583,1.0
41584,2.0
41588,1.0
41589,1.3333333333333333
41590,1.3333333333333333
41595,5.0
41596,3.5
41597,3.5
41598,2.0
41599,4.5
41603,0.0
41604,0.0
41610,5.0
41614,1.0
41616,1.0
41619,3.6666666666666665
41622,0.0
41624,0.0
41626,2.0
41627,2.0
41629,3.5
41634,4.666666666666667
41637,0.0
41638,5.333333333333333
41640,2.0
41643,3.0
41645,2.0
41647,3.0
41648,2.0
41655,1.0
41657,0.0
41661,4.0
41662,5.0
41663,3.5
41668,3.0
41671,4.0
41676,1.0
41679,8.0
41680,8.0
41681,6.5
41684,3.0
41690,2.0
41694,2.0
41698,2.0
41700,2.3333333333333335
41702,3.0
41705,1.0
41707,3.0
41708,1.0
41710,5.0
41712,2.0
41715,2.0
41720,2.0
41723,2.0
41726,2.5
41729,2.0
41732,1.3333333333333333
41733,1.0
41737,1.6666666666666667
41739,2.5
41741,0.0
41742,1.6666666666666667
41745,3.0
41751,2.0
41752,2.5
41753,1.0
41755,3.0
41759,1.0
41764,0.0
41766,1.0
41769,4.0
41771,5.0
41772,3.0
41778,4.0
41780,4.0
41781,3.0
41784,2.0
41788,1.0
41789,1.6666666666666667
41790,1.0
41791,1.0
41794,2.0
41799,2.3333333333333335
41808,0.0
41810,0.0
41813,0.0
41824,2.0
41825,5.0
41828,0.0
41829,4.0
41830,0.0
41833,3.0
41835,4.5
41841,3.0
41847,1.0
41850,3.3333333333333335
41851,5.0
41852,1.3333333333333333
41853,0.0
41854,6.0
41855,6.0
41864,2.0
41867,2.3333333333333335
41868,2.3333333333333335
41874,2.5
41877,4.0
41881,0.0
41886,6.0
41889,1.0
41895,2.0
41898,0.0
41899,2.0
41905,0.0
41906,1.0
41909,3.0
41911,2.0
41915,2.0
41919,1.0
41927,2.0
41934,3.0
41935,1.0
41936,3.0
41942,3.0
41945,3.0
41946,3.0
41950,1.0
41961,1.5
41963,1.0
41964,1.0
41965,3.0
41969,1.0
41970,0.0
41980,3.3333333333333335
41983,2.0
41985,1.0
41989,2.0
41992,0.0
41995,3.0
41998,1.0
41999,4.0
42002,1.5
42006,1.6666666666666667
42010,4.0
42017,1.0
42022,4.0
42024,0.0
42025,4.0
42027,0.0
42029,0.0
42030,1.6666666666666667
42031,2.0
42032,2.0
42033,2.0
42037,2.0
42038,3.25
42039,0.0
42043,2.0
42045,5.0
42046,0.0
42053,2.0
42054,1.5
42055,0.0
42056,3.0
42058,2.0
42063,1.3333333333333333
42066,3.0
42068,3.0
42069,3.0
42077,8.5
42078,0.0
42082,2.0
42083,1.0
42086,4.5
42090,0.0
42100,3.0
42101,3.0
42103,1.0
42104,6.0
42107,3.0
42110,1.0
42111,1.6666666666666667
42112,1.0
42113,1.0
42117,1.0
42123,1.5
42127,2.5
42128,2.0
42129,2.6666666666666665
42130,0.0
42132,2.0
42136,3.0
42141,2.0
42142,2.0
42143,1.5
42144,1.0
42154,0.0
42157,3.0
42158,2.0
42161,2.6666666666666665
42165,3.6666666666666665
42166,0.0
42175,0.0
42180,13.333333333333334
42182,19.5
42183,15.333333333333334
42189,1.0
42190,0.0
42193,4.0
42195,3.0
42196,3.0
42199,1.5
42201,4.0
42202,4.0
42206,4.0
42208,2.5
42211,3.0
42212,3.0
42213,1.0
42216,1.0
42218,0.0
42222,3.5
42223,2.0
42228,1.5
42233,2.5
42235,2.0
42238,1.6666666666666667
42243,2.6666666666666665
42246,11.0
42247,5.0
42248,1.0
42261,3.5
42262,3.0
42271,0.0
42272,1.0
42273,1.0
42274,3.3333333333333335
42275,3.3333333333333335
42277,6.5
42282,2.0
42283,1.0
42287,1.3333333333333333
42289,0.0
42292,6.0
42293,3.5
42294,3.3333333333333335
42297,3.5
42299,1.0
42302,2.3333333333333335
42307,0.0
42312,1.5
42314,1.0
42317,1.0
42320,1.0
42326,1.0
42327,1.0
42329,1.0
42334,2.0
42335,6.5
42336,5.5
42337,5.5
42338,5.5
42339,0.0
42343,0.0
42347,0.0
42351,0.0
42361,1.5
42366,1.6666666666666667
42374,1.0
42376,2.0
42377,2.0
42381,4.0
42382,4.0
42384,1.0
42386,2.0
42393,0.0
42394,2.0
42395,5.0
42397,1.5
42398,2.0
42400,1.5
42402,2.0
42414,0.0
42415,0.0
42419,4.0
42420,0.0
42422,2.0
42424,0.0
42432,0.0
42434,0.0
42437,4.0
42442,0.0
42449,0.0
42450,1.0
42452,0.0
42453,1.0
42454,1.0
42455,1.0
42460,2.0
42462,2.5
42466,2.0
42470,2.5
42472,4.0
42477,3.0
42479,1.5
42482,3.5
42484,1.0
42488,2.0
42491,2.0
42493,2.0
42496,5.333333333333333
42497,5.0
42501,2.0
42502,3.0
42503,0.0
42504,2.0
42505,1.5
42506,1.3333333333333333
42508,1.0
42511,1.0
42527,1.0
42531,1.0
42532,1.0
42533,2.0
42534,1.0
42545,2.0
42546,1.0
42548,1.3333333333333333
42551,0.0
42553,0.0
42554,0.0
42557,1.0
42558,1.0
42560,1.5
42565,0.0
42568,5.0
42569,5.0
42573,6.0
42574,6.0
42579,1.0
42580,3.0
42582,0.0
42586,0.0
42591,1.5
42594,1.0
42595,8.5
42596,8.5
42597,8.5
42600,1.0
42605,2.5
42606,2.0
42610,5.5
42613,0.0
42614,0.0
42619,2.0
42621,3.0
42622,4.0
42623,3.0
42631,1.0
42632,5.333333333333333
42633,0.0
42636,7.0
42640,0.0
42642,4.0
42645,2.0
42646,0.0
42647,2.0
42649,1.0
42657,2.0
42658,4.5
42660,4.0
42671,1.6666666666666667
42672,3.3333333333333335
42675,5.0
42678,4.0
42679,2.5
42682,6.333333333333333
42687,5.333333333333333
42688,6.333333333333333
42691,1.0
42692,3.0
42695,3.5
42696,1.0
42707,2.5
42709,1.0
42717,3.0
42722,1.0
42727,5.0
42729,5.0
42733,3.0
42739,0.0
42740,0.0
42743,2.0
42744,1.75
42748,1.0
42754,0.0
42757,0.0
42758,0.0
42759,2.3333333333333335
42763,2.6666666666666665
42765,3.5
42767,2.5
42768,3.0
42772,1.0
42773,1.0
42775,2.0
42777,1.0
42779,0.0
42781,1.5
42783,0.0
42788,2.5
42794,1.0
42795,3.0
42804,2.0
42805,2.0
42806,1.0
42807,3.0
42809,0.0
42812,0.0
42815,2.0
42818,0.0
42820,1.0
42825,2.0
42827,6.0
42830,0.0
42833,6.0
42841,2.5
42844,2.0
42849,3.0
42850,0.0
42851,1.0
42852,3.0
42858,0.0
42862,1.0
42864,1.0
42866,0.0
42868,0.0
42874,3.0
42882,0.0
42886,2.0
42889,2.0
42890,2.0
42896,1.5
42899,1.0
42902,0.0
42903,3.0
42911,2.0
42915,2.0
42916,1.5
42919,0.0
42920,1.0
42921,1.0
42923,1.3333333333333333
42925,1.6666666666666667
42926,1.5
42927,2.0
42928,1.8
42933,3.0
42936,0.0
42940,3.0
42943,3.0
42947,2.3333333333333335
42949,6.5
42950,2.5
42952,1.6
42953,5.5
42956,3.0
42960,1.0
42961,1.3333333333333333
42963,0.0
42964,3.0
42965,0.0
42967,0.0
42969,2.0
42971,0.0
42974,2.0
42975,0.0
42978,2.0
42980,0.0
42981,2.0
42985,2.0
42986,0.0
42987,2.0
42990,2.0
42995,2.5
42998,0.0
42999,1.0
43000,1.0
43013,3.3333333333333335
43014,2.5
43015,1.0
43020,3.0
43022,4.0
43023,2.0
43025,0.0
43029,4.0
43031,2.0
43039,3.0
43049,8.5
43054,5.0
43057,2.0
43060,2.5
43061,2.0
43063,1.0
43067,0.0
43070,3.0
43072,2.0
43074,2.5
43075,0.0
43077,1.3333333333333333
43079,0.0
43090,1.5
43093,3.0
43095,3.5
43100,2.0
43104,8.0
43106,3.0
43110,5.25
43113,6.333333333333333
43115,2.6666666666666665
43122,2.0
43124,0.0
43125,2.0
43126,3.0
43130,2.0
43132,0.0
43133,2.0
43134,0.0
43136,1.0
43137,1.5
43144,1.5
43145,0.0
43146,1.0
43149,2.5
43151,2.5
43152,3.0
43155,0.0
43158,2.0
43162,2.0
43165,1.0
43169,2.6666666666666665
43171,3.5
43174,3.0
43177,2.0
43178,2.0
43179,2.0
43181,0.0
43182,3.0
43191,0.0
43195,2.0
43197,3.0
43198,0.0
43204,0.0
43206,3.5
43210,2.5
43217,0.0
43219,0.0
43223,0.0
43224,2.0
43225,2.5
43226,1.0
43227,2.5
43229,3.0
43235,1.0
43236,0.0
43239,4.0
43246,4.0
43249,2.3333333333333335
43251,0.0
43253,6.5
43255,1.0
43258,2.5
43263,4.0
43266,3.0
43268,2.0
43274,2.0
43278,5.0
43282,3.5
43283,2.0
43285,0.0
43289,1.5
43291,1.5
43293,3.6
43296,5.0
43304,6.0
43306,3.0
43308,0.0
43309,1.0
43310,0.0
43311,2.0
43316,0.0
43317,1.5
43321,0.0
43323,2.3333333333333335
43328,0.0
43329,1.6666666666666667
43334,1.5
43336,1.5
43339,2.0
43344,1.0
43345,1.0
43346,0.0
43347,1.5
43348,2.0
43350,0.0
43351,1.0
43354,3.0
43355,2.0
43360,3.0
43364,2.0
43368,3.0
43370,2.5
43373,2.0
43375,2.3333333333333335
43377,3.0
43379,1.5
43380,0.0
43381,1.0
43390,1.0
43392,1.3333333333333333
43395,0.0
43402,2.0
43403,2.0
43404,1.5
43406,1.5
43412,3.0
43416,4.0
43423,1.0
43424,1.0
43428,1.6666666666666667
43436,4.5
43437,3.0
43438,2.5
43440,3.0
43445,0.0
43447,0.0
43452,0.0
43454,1.0
43465,3.3333333333333335
43466,4.0
43468,0.0
43476,2.0
43477,0.0
43479,3.5
43481,3.5
43485,5.0
43490,0.0
43493,0.0
43498,6.5
43502,1.0
43504,1.0
43507,2.0
43508,2.0
43509,1.5
43510,1.5
43515,0.0
43521,1.0
43522,2.0
43523,0.0
43526,2.0
43529,1.6666666666666667
43534,2.5
43535,3.5
43536,2.0
43537,2.0
43538,4.666666666666667
43541,3.5
43544,6.0
43547,2.3333333333333335
43548,3.0
43553,1.0
43555,2.3333333333333335
43560,1.5
43561,1.0
43564,0.0
43569,1.5
43575,2.6666666666666665
43576,3.0
43577,2.0
43579,2.3333333333333335
43580,1.0
43582,0.0
43583,3.6666666666666665
43592,2.0
43594,2.3333333333333335
43599,3.0
43600,2.0
43601,0.0
43604,3.3333333333333335
43606,2.0
43609,4.5
43614,7.5
43618,2.0
43620,4.0
43622,0.0
43627,1.6666666666666667
43628,2.0
43634,3.3333333333333335
43639,3.0
43640,3.0
43644,6.0
43647,0.0
43656,0.0
43657,4.5
43661,0.0
43667,1.0
43668,0.0
43675,1.6666666666666667
43678,2.3333333333333335
43682,7.0
43684,7.0
43694,7.0
43696,4.5
43701,4.0
43703,2.5
43704,2.0
43705,0.0
43708,3.0
43712,2.0
43713,0.0
43715,1.0
43717,1.0
43719,0.0
43720,1.0
43729,2.0
43734,4.0
43738,1.0
43739,0.0
43742,2.0
43744,1.0
43746,1.0
43747,6.5
43754,1.0
43757,0.0
43763,2.5
43768,1.5
43770,4.0
43773,1.6666666666666667
43777,4.25
43778,5.333333333333333
43779,5.333333333333333
43781,6.5
43784,0.0
43785,1.0
43789,1.0
43796,1.0
43798,2.0
43800,1.75
43807,2.0
43808,1.6666666666666667
43810,3.0
43815,1.0
43816,1.6666666666666667
43817,2.0
43829,3.0
43834,2.5
43835,4.0
43839,2.0
43840,2.0
43841,0.0
43847,3.3333333333333335
43849,3.0
43852,2.6666666666666665
43856,9.75
43860,5.0
43866,2.3333333333333335
43867,0.0
43871,3.0
43874,0.0
43878,0.0
43885,0.0
43888,0.0
43895,0.0
43898,3.5
43901,3.5
43902,4.0
43903,2.3333333333333335
43908,0.0
43910,1.0
43912,3.5
43917,2.0
43933,2.0
43935,0.0
43936,0.0
43945,0.0
43947,3.0
43950,1.6666666666666667
43951,2.0
43952,2.0
43953,0.0
43956,2.0
43958,0.0
43965,0.0
43966,0.0
43968,4.0
43971,4.0
43972,4.0
43977,1.3333333333333333
43979,4.0
43984,2.0
43986,2.0
43987,0.0
43993,0.0
43994,1.0
43996,0.0
43998,1.0
44005,0.0
44006,3.0
44010,3.0
44012,3.3333333333333335
44014,3.25
44015,0.0
44017,1.0
44019,1.0
44021,1.0
44022,1.0
44025,0.0
44026,5.0
44028,1.0
44029,1.5
44032,3.0
44033,2.0
44034,5.0
44035,2.0
44036,1.0
44037,2.0
44038,2.0
44039,0.0
44040,1.5
44043,1.0
44046,0.0
44047,2.0
44052,2.0
44053,1.0
44055,1.5
44060,2.0
44068,1.6666666666666667
44072,1.0
44074,1.5
44079,1.0
44080,2.0
44082,2.0
44085,2.0
44088,1.0
44089,1.0
44092,4.666666666666667
44097,4.0
44098,3.0
44100,3.5
44102,2.0
44103,2.0
44104,0.0
44110,4.0
44111,1.0
44112,2.0
44116,1.0
44119,1.0
44120,2.0
44122,3.0
44126,0.0
44127,3.5
44128,4.5
44132,3.5
44133,3.0
44134,2.5
44139,2.5
44141,1.0
44143,4.5
44146,3.0
44148,2.0
44149,1.5
44150,1.0
44153,9.0
44155,0.0
44157,6.0
44161,3.6666666666666665
44166,1.0
44171,4.0
44173,1.0
44174,2.5
44179,0.0
44180,0.0
44184,0.0
44185,3.0
44186,2.0
44193,3.0
44205,5.5
44212,2.0
44215,1.5
44219,3.0
44221,2.0
44229,2.5
44234,0.0
44239,2.25
44241,4.0
44247,2.0
44250,3.0
44251,0.0
44254,1.6666666666666667
44259,2.6666666666666665
44260,3.3333333333333335
44261,3.5
44264,0.0
44267,0.0
44268,2.0
44269,0.0
44273,1.0
44274,1.0
44275,11.0
44277,11.0
44279,1.0
44285,5.0
44288,2.3333333333333335
44302,1.0
44309,2.5
44312,2.0
44314,2.0
44318,3.0
44321,2.0
44323,2.0
44325,2.0
44328,0.0
44330,1.5
44331,3.0
44332,2.5
44336,4.0
44337,1.0
44338,2.0
44341,1.75
44345,2.5
44349,4.0
44355,1.0
44356,1.0
44357,2.0
44364,2.0
44365,2.3333333333333335
44372,3.5
44373,2.0
44375,1.6666666666666667
44379,1.0
44380,6.5
44381,6.0
44390,1.5
44394,3.0
44396,3.0
44398,2.5
44401,4.0
44405,1.5
44406,1.5
44410,3.5
44412,1.0
44418,4.666666666666667
44420,6.0
44423,2.3333333333333335
44424,2.0
44425,2.0
44426,2.0
44428,0.0
44433,2.0
44434,2.0
44437,1.5
44438,2.0
44439,0.0
44441,5.0
44446,0.0
44447,1.0
44449,4.0
44450,2.3333333333333335
44453,1.0
44454,0.0
44457,1.5
44464,1.0
44466,0.0
44470,0.0
44471,0.0
44476,2.0
44483,1.5
44487,0.0
44489,5.25
44494,0.0
44495,0.0
44497,3.0
44502,2.0
44503,2.5
44505,1.0
44508,3.5
44509,6.0
44513,5.0
44519,2.0
44520,1.5
44522,3.0
44524,3.0
44525,1.0
44532,2.0
44537,1.0
44538,1.6666666666666667
44542,10.0
44544,4.0
44550,0.0
44551,1.0
44553,0.0
44554,1.0
44555,0.0
44559,0.0
44564,2.0
44567,2.0
44569,2.0
44570,3.0
44571,3.5
44572,4.0
44579,5.0
44580,5.333333333333333
44582,4.333333333333333
44583,1.5
44586,1.6666666666666667
44587,2.0
44588,3.0
44600,2.0
44601,1.5
44603,6.5
44604,2.0
44605,2.0
44606,3.8
44609,2.0
44612,2.0
44613,5.25
44616,5.5
44617,3.0
44618,3.6666666666666665
44630,3.0
44632,4.0
44633,2.5
44635,3.0
44637,0.0
44640,1.0
44644,3.0
44646,4.0
44649,3.0
44651,1.0
44652,2.3333333333333335
44656,1.0
44657,2.0
44661,5.0
44663,2.6666666666666665
44666,1.3333333333333333
44667,2.0
44668,3.0
44669,2.0
44678,2.0
44679,6.0
44680,0.0
44685,1.0
44687,1.0
44689,3.0
44690,2.5
44691,3.5
44701,2.5
44704,3.0
44709,2.0
44716,2.5
44720,1.0
44727,1.5
44736,5.0
44738,2.5
44744,4.0
44748,2.0
44753,3.5
44754,0.0
44755,6.0
44760,7.0
44766,2.5
44767,2.5
44771,1.0
44773,0.0
44781,3.3333333333333335
44782,3.5
44785,1.0
44793,1.0
44794,3.0
44795,0.0
44797,3.0
44805,3.0
44807,2.5
44809,0.0
44823,3.5
44826,3.0
44829,3.0
44835,2.5
44839,1.0
44846,5.0
44847,2.0
44853,8.5
44860,8.0
44861,1.0
44864,1.0
44868,2.5
44869,3.0
44871,1.5
44874,3.0
44876,1.0
44877,2.0
44879,1.0
44880,1.0
44881,0.0
44883,0.0
44884,0.0
44889,1.3333333333333333
44890,2.5
44891,2.0
44899,2.6666666666666665
44901,3.0
44904,2.0
44906,2.0
44908,2.5
44912,1.0
44919,0.0
44929,3.0
44930,1.0
44933,1.0
44934,2.0
44940,1.0
44942,3.0
44943,3.0
44945,0.0
44946,2.0
44949,5.0
44950,0.0
44954,2.0
44956,2.6666666666666665
44957,9.5
44958,13.0
44959,13.0
44960,2.0
44965,8.5
44966,0.0
44967,1.5
44969,2.0
44970,0.0
44975,3.0
44976,2.0
44979,2.0
44980,2.0
44982,4.5
44986,3.0
44988,3.0
44994,4.5
44995,4.5
44999,2.75
45005,2.0
45007,0.0
45008,2.0
45018,1.0
45025,3.0
45026,3.0
45034,2.0
45036,2.0
45037,0.0
45043,1.0
45051,0.0
45058,2.0
45060,0.0
45063,2.75
45067,5.5
45068,4.333333333333333
45073,0.0
45076,1.3333333333333333
45081,0.0
45083,3.0
45085,1.0
45086,1.0
45091,1.0
45092,1.0
45096,0.0
45097,0.0
45102,2.0
45105,1.5
45107,2.0
45108,1.0
45112,1.0
45113,0.0
45115,1.0
45116,0.0
45119,6.0
45124,3.0
45132,2.0
45134,1.5
45153,1.0
45155,1.0
45160,0.0
45163,1.0
45165,4.5
45166,8.0
45171,0.0
45174,0.0
45180,0.0
45181,3.0
45182,3.0
45185,2.3333333333333335
45188,0.0
45193,2.3333333333333335
45195,1.0
45199,0.0
45202,1.0
45209,0.0
45210,1.5
45214,0.0
45215,0.0
45217,6.5
45218,1.0
45224,1.0
45227,1.0
45237,1.0
45239,0.0
45241,0.0
45244,0.0
45246,2.5
45248,0.0
45252,3.0
45254,3.0
45258,3.0
45259,3.0
45265,5.0
45267,1.0
45271,2.0
45273,4.0
45278,1.0
45279,1.0
45281,1.0
45291,5.0
45292,2.5
45295,4.25
45299,5.0
45301,0.0
45302,1.5
45303,1.0
45306,1.3333333333333333
45310,3.0
45318,1.5
45320,0.0
45323,2.5
45330,3.0
45334,3.5
45339,1.5
45341,6.0
45344,1.0
45347,2.6666666666666665
45348,1.0
45349,2.25
45356,5.5
45359,5.0
45361,3.0
45364,0.0
45367,12.0
45368,7.0
45374,2.0
45377,2.0
45378,2.0
45379,2.0
45383,1.6666666666666667
45387,0.0
45392,3.0
45395,5.0
45397,1.0
45400,4.0
45403,5.0
45405,2.0
45411,5.5
45413,0.0
45414,3.0
45418,2.0
45420,2.0
45421,3.0
45428,4.0
45429,4.0
45433,2.5
45435,2.5
45437,3.0
45453,1.5
45455,2.0
45456,6.5
45459,2.3333333333333335
45461,2.3333333333333335
45462,1.5
45464,2.0
45466,1.0
45468,1.0
45469,1.0
45470,3.5
45471,6.0
45472,1.0
45474,0.0
45481,2.3333333333333335
45485,2.3333333333333335
45490,1.0
45491,1.0
45492,1.0
45495,1.0
45496,1.0
45499,1.0
45500,1.0
45507,1.0
45508,4.0
45510,2.0
45513,1.5
45515,1.0
45516,0.0
45517,0.0
45518,2.0
45526,2.0
45529,2.0
45538,0.0
45540,2.0
45541,2.5
45548,4.0
45549,3.5
45550,0.0
45551,0.0
45552,0.0
45553,1.75
45556,0.0
45559,2.0
45560,2.0
45562,2.0
45563,0.0
45564,0.0
45571,3.0
45574,2.0
45575,2.5
45577,1.3333333333333333
45582,1.5
45584,4.0
45586,4.0
45590,1.5
45591,1.5
45594,3.0
45595,1.0
45597,1.0
45598,1.0
45600,0.0
45602,3.0
45603,4.0
45604,0.0
45606,0.0
45610,3.0
45611,2.5
45612,1.0
45616,1.5
45624,3.0
45626,0.0
45627,2.0
45631,2.5
45637,2.0
45640,2.0
45641,1.5
45645,2.0
45647,1.0
45653,2.5
45655,0.0
45657,1.0
45662,1.3333333333333333
45667,4.0
45668,4.5
45670,3.0
45672,0.0
45673,4.5
45674,4.5
45679,2.0
45681,4.0
45682,3.5
45686,3.0
45687,2.5
45689,3.0
45691,2.0
45692,1.0
45698,1.5
45709,3.3333333333333335
45716,2.0
45718,1.0
45720,2.5
45722,1.0
45723,3.0
45725,6.0
45728,1.0
45729,1.0
45736,3.0
45737,2.5
45740,0.0
45741,2.5
45757,1.0
45760,1.0
45763,1.0
45772,3.5
45774,3.0
45780,0.0
45782,1.0
45785,1.0
45786,1.0
45790,2.0
45791,3.0
45792,3.5
45793,2.2
45796,2.0
45798,1.0
45800,2.0
45807,0.0
45809,2.0
45810,2.0
45815,0.0
45820,2.0
45823,1.5
45825,3.0
45826,0.0
45827,1.0
45830,1.5
45832,1.6666666666666667
45835,0.0
45837,3.0
45839,2.0
45840,2.5
45841,3.0
45842,8.5
45845,6.333333333333333
45850,2.0
45852,0.0
45854,1.5
45855,1.5
45860,1.0
45861,2.5
45866,3.6666666666666665
45869,0.0
45872,1.6666666666666667
45875,1.0
45876,4.0
45878,0.0
45881,0.0
45884,8.0
45885,2.0
45886,1.5
45887,1.6666666666666667
45890,1.5
45898,1.0
45907,2.0
45917,0.0
45918,1.0
45921,0.0
45922,0.0
45926,1.0
45931,1.0
45933,1.5
45937,3.0
45940,2.0
45944,1.5
45947,1.0
45948,1.0
45949,3.0
45954,0.0
45957,2.0
45958,0.0
45971,2.0
45978,2.0
45983,2.6666666666666665
45985,2.0
45986,2.3333333333333335
45988,1.5
45995,1.5
46000,1.0
46003,1.0
46004,2.5
46005,3.0
46007,1.0
46008,2.0
46010,3.5
46013,2.0
46021,0.0
46025,0.0
46030,4.0
46032,2.0
46037,0.0
46039,1.5
46044,1.0
46048,1.0
46050,0.0
46051,3.5
46055,1.0
46067,6.5
46069,0.0
46070,3.0
46075,3.5
46076,2.0
46079,1.5
46081,0.0
46082,2.0
46090,2.0
46091,4.5
46093,6.0
46096,2.0
46099,2.0
46103,0.0
46106,1.0
46111,2.5
46115,2.0
46116,2.0
46118,1.6666666666666667
46120,3.0
46125,3.2
46127,0.0
46130,4.0
46131,0.0
46132,3.5
46136,2.0
46139,1.0
46141,1.0
46142,2.0
46146,2.3333333333333335
46151,3.0
46160,1.5
46165,2.0
46168,2.6666666666666665
46169,4.0
46173,2.0
46174,1.0
46176,2.0
46180,4.666666666666667
46181,6.5
46193,0.0
46195,0.0
46198,0.0
46206,13.0
46207,5.0
46210,0.0
46214,0.0
46217,1.0
46222,2.5
46224,3.0
46227,0.0
46228,1.0
46230,2.0
46232,1.0
46233,2.0
46239,1.0
46240,3.0
46242,1.6666666666666667
46245,0.0
46246,1.0
46255,1.5
46262,12.0
46263,8.5
46264,6.0
46265,7.5
46266,1.3333333333333333
46269,3.0
46272,4.0
46275,2.0
46280,0.0
46281,1.0
46284,0.0
46285,2.0
46288,1.0
46289,3.0
46290,3.0
46297,1.0
46303,0.0
46308,5.5
46309,3.0
46310,3.0
46311,3.0
46314,2.0
46319,7.5
46320,4.75
46326,4.666666666666667
46327,0.0
46331,0.0
46333,3.0
46334,1.0
46336,3.0
46340,4.0
46343,1.0
46345,3.0
46346,3.0
46347,3.0
46348,4.5
46353,2.5
46357,2.5
46359,2.0
46360,2.0
46364,2.5
46365,1.0
46372,7.0
46376,1.0
46377,7.0
46381,4.0
46382,2.0
46383,2.0
46386,1.0
46388,3.0
46390,4.0
46391,1.0
46403,3.3333333333333335
46405,1.5
46409,1.0
46410,4.0
46414,2.5
46415,4.0
46422,3.25
46425,2.5
46427,2.0
46431,0.0
46434,3.6666666666666665
46435,3.0
46438,7.0
46441,1.0
46450,2.0
46459,7.333333333333333
46460,8.0
46465,8.0
46466,3.0
46476,0.0
46478,3.0
46482,6.5
46485,0.0
46488,1.5
46489,1.0
46492,3.5
46496,3.0
46499,0.0
46501,2.0
46503,6.5
46506,6.5
46512,2.3333333333333335
46514,4.0
46521,3.5
46531,2.0
46532,1.0
46535,2.6666666666666665
46536,2.0
46537,3.0
46540,3.0
46542,1.0
46544,3.0
46548,0.0
46553,3.0
46555,4.5
46558,0.0
46561,1.5
46562,1.5
46563,5.5
46564,6.0
46565,3.5
46566,0.0
46567,6.0
46572,0.0
46576,3.5
46580,1.0
46581,4.0
46582,5.5
46591,1.75
46595,1.0
46601,3.5
46603,4.0
46604,3.5
46612,3.0
46616,3.0
46617,4.333333333333333
46619,4.0
46621,1.0
46628,2.0
46629,2.0
46630,1.0
46633,3.0
46635,0.0
46639,7.0
46640,0.0
46643,0.0
46644,7.0
46648,1.0
46649,1.0
46663,3.6666666666666665
46670,1.0
46671,4.5
46675,3.0
46677,0.0
46678,2.0
46680,2.0
46684,2.0
46688,1.0
46690,3.5
46692,4.0
46696,0.0
46699,1.3333333333333333
46700,2.0
46704,2.3333333333333335
46714,1.0
46722,1.5
46729,1.5
46731,1.5
46738,2.0
46739,1.6666666666666667
46743,1.0
46746,2.5
46748,2.0
46749,3.0
46752,4.0
46754,3.0
46764,1.0
46765,1.0
46766,1.0
46770,1.0
46777,1.25
46778,1.0
46802,2.0
46807,1.0
46809,3.3333333333333335
46811,3.5
46815,5.0
46818,11.0
46823,1.0
46830,1.5
46832,3.3333333333333335
46833,7.0
46834,0.0
46835,0.0
46836,0.0
46837,2.0
46841,1.6666666666666667
46843,5.0
46845,1.0
46848,2.0
46857,2.6666666666666665
46858,1.5
46861,0.0
46865,0.0
46866,0.0
46871,3.0
46876,2.0
46883,1.0
46884,2.5
46886,0.0
46889,6.0
46893,5.0
46894,4.0
46895,3.0
46896,1.0
46898,3.0
46901,2.5
46902,0.0
46903,4.0
46906,4.0
46907,8.0
46908,4.0
46910,1.0
46918,1.0
46925,4.0
46927,3.3333333333333335
46932,2.0
46933,0.0
46937,2.5
46939,4.333333333333333
46940,1.0
46941,4.0
46944,2.5
46948,2.3333333333333335
46949,6.0
46951,2.0
46952,2.0
46956,2.6666666666666665
46957,2.0
46958,2.0
46959,1.5
46960,2.0
46963,3.0
46965,5.0
46974,1.0
46978,1.6666666666666667
46979,1.6666666666666667
46988,1.0
46990,0.0
46995,0.0
47002,1.5
47004,8.0
47006,2.5
47007,1.5
47009,2.0
47011,3.0
47012,1.0
47016,1.0
47020,1.0
47029,3.0
47030,3.0
47031,2.0
47040,2.0
47043,0.0
47047,2.0
47049,0.0
47050,0.0
47051,0.0
47053,1.0
47057,2.6666666666666665
47060,1.0
47062,1.6666666666666667
47064,4.0
47065,4.0
47067,4.0
47075,4.0
47078,0.0
47080,1.0
47083,0.0
47089,3.0
47093,3.0
47101,3.0
47103,1.6666666666666667
47104,2.0
47107,1.0
47109,1.5
47113,1.5
47115,2.0
47121,2.0
47123,0.0
47128,4.0
47136,1.6666666666666667
47137,2.5
47139,1.0
47140,1.0
47141,1.0
47142,2.5
47148,3.0
47149,1.0
47155,7.0
47157,0.0
47159,4.666666666666667
47160,2.5
47162,5.5
47163,5.5
47165,3.0
47166,5.5
47176,3.0
47181,3.5
47183,1.0
47187,1.0
47192,4.666666666666667
47194,7.0
47195,6.5
47196,1.5
47197,6.0
47199,0.0
47200,3.5
47201,2.0
47203,2.0
47210,0.0
47217,0.0
47222,1.3333333333333333
47228,1.0
47232,0.0
47235,4.0
47239,4.0
47243,4.0
47244,1.0
47246,2.0
47247,7.0
47248,5.0
47250,3.6666666666666665
47251,4.0
47254,1.0
47255,4.5
47267,8.0
47268,2.0
47269,2.0
47271,2.5
47273,8.0
47274,1.3333333333333333
47278,2.0
47281,1.0
47282,5.333333333333333
47284,1.5
47286,0.0
47290,0.0
47296,6.0
47297,1.5
47302,2.3333333333333335
47306,2.0
47307,2.0
47309,0.0
47310,0.0
47312,0.0
47314,0.0
47315,0.0
47317,0.0
47318,1.0
47320,2.0
47334,2.6666666666666665
47340,2.0
47345,0.0
47346,4.0
47347,4.0
47348,2.5
47349,4.0
47350,1.0
47351,1.0
47352,1.0
47356,2.0
47359,3.0
47360,3.0
47362,2.5
47363,3.4
47364,3.5
47365,3.5
47366,4.0
47369,7.0
47370,5.0
47371,5.0
47377,13.0
47379,2.5
47381,5.5
47382,0.0
47383,1.0
47384,3.5
47385,3.5
47387,4.0
47388,0.0
47390,1.0
47394,3.6666666666666665
47399,1.0
47402,1.6666666666666667
47404,1.2
47405,2.5
47407,3.0
47410,2.25
47411,2.3333333333333335
47413,1.0
47415,2.0
47417,4.0
47418,3.6
47422,1.0
47430,0.0
47431,4.0
47432,1.0
47433,0.0
47434,1.0
47438,3.0
47444,1.5
47447,2.5
47448,3.0
47449,2.0
47454,1.0
47456,3.0
47460,1.5
47461,3.0
47464,3.5
47467,1.5
47471,3.0
47474,3.0
47486,2.5
47490,1.0
47494,2.3333333333333335
47495,2.3333333333333335
47497,2.5
47498,3.0
47499,2.5
47503,5.0
47511,3.0
47515,2.6666666666666665
47516,3.0
47517,3.0
47520,5.0
47521,2.0
47522,1.3333333333333333
47524,2.0
47530,1.0
47531,2.0
47533,1.0
47534,0.0
47538,2.0
47539,2.0
47544,1.6666666666666667
47545,1.0
47547,3.0
47555,1.0
47556,1.0
47559,1.0
47561,0.0
47572,0.0
47582,2.5
47583,3.5
47584,2.0
47585,3.5
47587,3.0
47588,2.5
47591,1.5
47592,2.0
47594,3.0
47597,1.5
47601,1.0
47604,1.0
47605,2.3333333333333335
47606,2.0
47610,3.0
47616,3.0
47621,3.0
47622,4.0
47623,1.5
47624,2.0
47625,1.6666666666666667
47626,1.6666666666666667
47632,1.0
47634,3.0
47635,6.0
47639,1.5
47641,1.0
47645,4.5
47648,2.25
47649,4.0
47652,1.0
47654,1.0
47656,1.0
47657,1.0
47662,0.0
47665,7.0
47667,3.0
47670,1.0
47673,2.0
47675,3.0
47677,6.333333333333333
47683,1.0
47685,1.75
47688,2.0
47689,2.5
47690,2.5
47698,2.3333333333333335
47699,2.0
47700,1.0
47703,5.0
47708,3.0
47709,5.0
47714,1.3333333333333333
47717,0.0
47722,6.0
47725,0.0
47728,2.0
47729,2.0
47733,5.0
47735,4.5
47736,4.0
47737,2.0
47739,2.0
47741,0.0
47744,0.0
47746,1.5
47747,2.0
47748,1.5
47749,1.5
47752,2.0
47755,4.0
47757,4.0
47765,0.0
47767,0.0
47770,3.0
47775,5.0
47780,0.0
47781,1.0
47783,1.5
47784,1.5
47786,5.0
47787,0.0
47793,0.0
47796,0.0
47798,1.0
47799,0.0
47805,1.6666666666666667
47807,2.0
47809,2.5
47810,3.5
47811,3.0
47812,1.0
47813,1.5
47814,4.0
47815,3.0
47816,2.0
47817,1.0
47820,5.0
47823,3.6666666666666665
47828,5.0
47830,2.0
47833,2.0
47837,1.0
47838,3.0
47843,2.0
47845,2.0
47854,3.3333333333333335
47860,1.0
47873,1.0
47876,1.0
47877,1.0
47882,0.0
47884,5.5
47888,2.5
47893,1.0
47895,0.0
47896,4.0
47899,0.0
47901,2.6666666666666665
47906,0.0
47907,3.0
47908,3.0
47909,2.0
47912,3.0
47917,1.0
47918,0.0
47921,0.0
47923,3.0
47926,2.5
47927,0.0
47931,0.0
47932,5.0
47934,3.0
47938,1.0
47943,8.0
47945,5.5
47946,9.0
47947,7.333333333333333
47949,2.0
47953,3.0
47954,1.0
47956,1.5
47959,5.0
47961,2.3333333333333335
47962,3.0
47966,3.5
47970,0.0
47972,1.0
47978,2.0
47980,0.0
47983,0.0
47990,1.0
47992,5.0
47993,4.25
47994,4.25
47996,3.3333333333333335
48007,1.0
48010,1.6666666666666667
48013,1.0
48014,1.0
48023,4.0
48027,5.0
48028,5.0
48030,3.3333333333333335
48032,1.0
48035,2.0
48036,0.0
48039,3.0
48040,3.0
48042,3.0
48044,3.0
48050,5.0
48051,5.0
48052,5.0
48053,5.0
48056,3.0
48062,1.0
48064,1.0
48067,2.0
48068,3.3333333333333335
48070,2.0
48074,1.0
48075,1.0
48077,5.0
48079,4.0
48081,4.0
48082,4.0
48084,1.0
48086,3.0
48092,3.0
48097,3.0
48098,1.0
48099,4.5
48102,2.5
48113,0.0
48117,3.5
48119,2.5
48121,0.0
48122,1.0
48124,0.0
48127,0.0
48130,0.0
48133,1.3333333333333333
48136,1.0
48146,2.0
48149,1.0
48158,5.0
48166,0.0
48167,0.0
48169,0.0
48170,0.0
48173,0.0
48176,2.6666666666666665
48179,0.0
48180,4.0
48186,1.5
48193,1.0
48201,1.0
48206,1.0
48209,0.0
48210,0.0
48213,1.5
48216,3.3333333333333335
48217,4.0
48220,0.0
48222,2.5
48226,2.0
48228,1.5
48230,2.0
48232,1.4
48236,1.5
48237,1.5
48241,1.0
48244,3.3333333333333335
48246,1.5
48248,1.0
48260,2.0
48261,2.0
48286,9.5
48287,1.5
48288,9.5
48298,1.0
48300,1.0
48303,1.0
48306,0.0
48309,1.0
48313,0.0
48316,1.5
48323,3.0
48324,1.0
48326,1.5
48328,0.0
48332,2.0
48335,1.0
48337,2.5
48340,2.5
48343,2.5
48345,2.0
48347,3.5
48355,5.0
48358,5.0
48362,2.0
48363,1.5
48370,1.0
48373,4.5
48375,2.3333333333333335
48377,0.0
48385,4.0
48386,0.0
48387,3.0
48398,2.0
48401,3.5
48409,3.0
48411,2.0
48415,0.0
48416,8.0
48417,8.0
48420,4.0
48424,4.0
48427,10.0
48429,1.0
48435,2.0
48444,3.3333333333333335
48450,10.0
48453,10.0
48456,2.5
48457,2.0
48459,0.0
48473,2.0
48478,1.0
48479,1.0
48480,0.0
48489,0.0
48490,0.0
48491,2.5
48493,0.0
48497,3.0
48498,2.5
48500,2.0
48505,2.0
48507,2.75
48511,4.333333333333333
48512,1.0
48513,2.0
48514,2.0
48517,1.0
48531,1.0
48545,1.0
48547,2.6666666666666665
48550,1.0
48553,5.0
48557,3.0
48563,2.0
48564,2.0
48565,1.0
48568,0.0
48570,2.0
48576,3.0
48579,2.0
48583,3.0
48584,3.3333333333333335
48585,2.5
48586,1.5
48588,1.0
48591,3.0
48594,0.0
48595,1.0
48598,1.5
48599,1.0
48606,3.0
48612,4.0
48615,2.5
48616,2.5
48619,2.5
48622,4.0
48627,1.6666666666666667
48629,1.5
48633,3.0
48634,3.0
48635,3.0
48641,6.0
48651,4.0
48653,1.5
48655,2.0
48656,1.5
48659,1.0
48663,1.0
48664,1.0
48667,1.0
48669,0.0
48670,4.5
48672,0.0
48675,2.0
48676,4.0
48685,5.0
48690,2.0
48691,1.0
48695,1.25
48697,1.6666666666666667
48702,2.5
48703,2.3333333333333335
48705,3.0
48706,2.0
48708,4.0
48714,5.0
48720,1.0
48724,0.0
48725,3.0
48743,1.0
48752,2.0
48756,1.0
48759,3.0
48761,2.0
48767,2.0
48770,1.0
48774,0.0
48777,1.0
48778,3.0
48782,1.5
48784,0.0
48786,2.0
48787,4.0
48788,2.6666666666666665
48790,1.0
48791,1.0
48792,1.6666666666666667
48794,1.0
48795,1.5
48796,1.0
48800,2.0
48801,2.0
48804,3.5
48805,0.0
48806,2.25
48810,4.0
48821,3.0
48822,1.0
48823,2.0
48824,2.0
48830,2.3333333333333335
48831,2.0
48835,2.0
48836,3.0
48841,3.0
48846,2.0
48851,3.0
48852,4.0
48856,0.0
48861,1.0
48862,2.0
48866,3.0
48867,4.0
48869,3.5
48870,6.0
48873,4.333333333333333
48875,4.5
48877,0.0
48880,4.666666666666667
48881,6.0
48882,5.0
48883,5.0
48889,1.5
48891,2.5
48892,2.0
48895,2.75
48896,3.0
48904,3.0
48907,3.5
48909,6.333333333333333
48916,5.333333333333333
48917,1.5
48925,1.0
48931,1.0
48932,2.0
48933,1.5
48938,1.0
48941,3.0
48954,1.5
48956,1.2
48957,1.6666666666666667
48959,2.0
48961,2.5
48964,1.0
48967,2.0
48969,1.0
48970,1.0
48974,2.0
48978,4.0
48979,4.5
48980,4.5
48981,3.3333333333333335
48983,5.0
48984,3.0
48987,3.0
48991,2.5
48992,0.0
48996,1.5
48997,1.5
48998,1.5
49000,0.0
49001,2.5
49005,2.0
49008,4.0
49011,0.0
49012,0.0
49014,0.0
49015,0.0
49017,3.0
49021,0.0
49027,1.0
49030,2.0
49032,2.0
49040,3.0
49042,2.0
49043,2.0
49046,2.0
49054,2.0
49056,2.6666666666666665
49059,3.5
49062,1.6666666666666667
49067,4.0
49082,2.5
49086,4.0
49091,0.0
49092,1.0
49093,1.0
49094,0.0
49096,2.6666666666666665
49097,2.75
49100,1.0
49103,1.0
49105,2.0
49106,3.0
49110,2.0
49111,1.0
49114,1.0
49115,1.0
49119,2.3333333333333335
49121,1.0
49126,1.0
49127,1.3333333333333333
49129,3.0
49131,1.0
49133,1.0
49134,2.0
49138,1.5
49144,2.5
49148,3.0
49149,6.5
49154,3.0
49155,2.0
49156,0.0
49157,6.0
49164,3.5
49170,4.0
49172,2.5
49178,2.6666666666666665
49179,4.0
49182,3.5
49184,1.6666666666666667
49187,2.0
49189,5.0
49191,1.0
49192,6.0
49197,2.0
49198,0.0
49200,2.0
49210,3.0
49213,2.0
49219,0.0
49220,1.0
49221,2.0
49226,1.5
49231,1.0
49233,1.6666666666666667
49243,2.0
49246,0.0
49252,2.5
49253,4.0
49254,1.5
49261,1.0
49262,3.5
49263,1.6666666666666667
49265,1.5
49266,0.0
49267,3.0
49270,2.0
49274,2.0
49276,3.0
49278,3.0
49279,3.0
49281,2.0
49293,1.0
49294,1.0
49296,0.0
49309,0.0
49310,5.666666666666667
49315,4.0
49316,1.0
49319,3.0
49322,1.0
49330,7.5
49333,2.0
49334,1.0
49335,1.0
49342,1.0
49344,0.0
49350,1.0
49352,0.0
49353,5.0
49356,1.5
49357,2.0
49359,2.5
49361,0.0
49365,3.0
49370,3.5
49375,2.0
49379,4.5
49381,0.0
49385,2.0
49394,5.0
49396,0.0
49400,6.0
49404,3.0
49405,3.0
49406,3.0
49407,0.0
49412,3.0
49414,1.0
49416,8.0
49418,8.0
49421,2.0
49425,3.3333333333333335
49429,2.0
49430,2.5
49431,1.0
49433,1.0
49434,1.6666666666666667
49436,5.0
49437,2.0
49443,5.0
49452,1.0
49453,1.5
49454,3.0
49459,1.0
49460,1.0
49463,1.3333333333333333
49464,4.0
49469,6.0
49471,4.0
49472,0.0
49474,3.75
49476,3.3333333333333335
49477,1.5
49482,2.5
49483,1.0
49486,2.0
49488,1.5
49490,1.5
49492,1.5
49493,1.0
49499,4.333333333333333
49500,4.0
49501,2.0
49502,0.0
49505,3.0
49507,1.0
49512,2.0
49515,0.0
49517,2.5
49518,1.0
49519,1.5
49520,3.0
49524,0.0
49525,2.5
49527,2.3333333333333335
49529,1.0
49533,2.0
49534,1.5
49537,3.0
49539,3.0
49542,1.0
49543,2.5
49544,5.5
49548,0.0
49550,2.0
49553,1.0
49554,0.0
49558,4.5
49561,3.0
49563,1.0
49566,5.0
49568,4.25
49570,2.0
49573,1.5
49574,0.0
49575,2.0
49577,3.0
49579,2.5
49580,2.0
49590,1.5
49591,1.25
49594,0.0
49603,3.0
49607,1.5
49610,3.0
49611,1.0
49613,3.0
49615,4.333333333333333
49616,1.0
49617,3.0
49621,0.0
49627,10.5
49631,2.0
49632,3.0
49636,1.6666666666666667
49637,0.0
49640,5.0
49641,0.0
49643,3.0
49649,1.0
49651,0.0
49653,1.0
49657,1.5
49662,2.0
49664,2.0
49670,4.0
49671,2.5
49675,2.3333333333333335
49678,3.0
49679,1.0
49683,3.0
49689,2.5
49690,0.0
49691,3.0
49692,0.0
49693,2.0
49695,2.5
49696,1.0
49697,1.0
49705,2.6666666666666665
49709,2.6666666666666665
49712,0.0
49718,1.0
49719,1.0
49720,1.0
49722,2.0
49724,2.0
49727,2.5
49728,2.0
49729,2.0
49730,1.0
49737,0.0
49739,2.0
49743,2.6666666666666665
49744,2.0
49756,2.0
49758,0.0
49760,3.0
49761,3.0
49763,1.5
49765,1.5
49766,2.0
49769,0.0
49771,1.3333333333333333
49777,2.0
49779,3.0
49786,8.0
49790,1.5
49793,1.5
49794,1.5
49796,1.3333333333333333
49797,0.0
49799,1.0
49800,2.0
49808,1.0
49810,3.5
49812,1.5
49813,2.6666666666666665
49815,0.0
49822,0.0
49824,0.0
49826,2.0
49829,2.0
49833,0.0
49835,0.0
49839,2.0
49840,3.0
49841,5.5
49846,2.0
49847,3.5
49849,3.3333333333333335
49851,0.0
49853,1.0
49854,0.0
49856,4.0
49866,1.5
49867,2.0
49870,3.0
49874,2.0
49876,4.0
49879,0.0
49881,1.6666666666666667
49889,1.3333333333333333
49890,1.0
49893,1.0
49895,3.0
49897,1.0
49898,1.5
49900,0.0
49905,3.5
49906,0.0
49908,0.0
49909,0.0
49918,3.0
49920,4.5
49924,0.0
49933,0.0
49935,4.0
49936,1.6666666666666667
49943,2.0
49949,2.0
49951,2.0
49954,1.0
49955,1.0
49956,2.0
49968,1.0
49974,2.0
49976,3.0
49994,1.3333333333333333
49996,2.5
50008,1.0
50009,1.0
50010,2.5
50015,2.75
50017,5.0
50019,0.0
50026,5.0
50027,1.6666666666666667
50033,5.0
50034,1.0
50038,3.0
50040,2.0
50042,1.0
50060,1.0
50062,2.0
50066,1.0
50067,0.0
50068,1.0
50069,3.0
50072,3.0
50075,2.0
50076,3.5
50079,2.5
50081,2.0
50093,1.5
50096,2.0
50099,1.0
50101,1.0
50103,1.0
50104,1.0
50105,4.0
50108,2.5
50110,0.0
50116,2.0
50118,0.0
50119,2.0
50120,3.5
50121,2.0
50124,1.0
50128,0.0
50134,2.0
50137,1.0
50141,3.0
50142,5.5
50143,5.25
50145,5.333333333333333
50158,2.6666666666666665
50159,3.0
50163,1.0
50170,3.3333333333333335
50177,1.0
50186,3.5
50187,2.0
50193,4.0
50199,4.666666666666667
50200,2.5
50201,4.666666666666667
50204,2.0
50208,2.3333333333333335
50211,1.0
50214,0.0
50222,2.0
50223,0.0
50224,3.0
50231,3.0
50234,1.0
50235,3.0
50239,3.3333333333333335
50242,5.0
50246,2.3333333333333335
50248,2.0
50249,1.3333333333333333
50253,4.0
50261,3.0
50265,2.25
50271,2.0
50273,2.0
50274,0.0
50277,1.0
50280,2.0
50282,5.0
50290,0.0
50296,2.0
50297,0.0
50299,3.0
50301,2.0
50304,2.5
50305,3.0
50306,4.0
50311,2.0
50312,6.0
50314,2.3333333333333335
50316,1.0
50318,4.0
50321,3.5
50322,2.0
50325,4.0
50327,4.0
50328,1.5
50331,0.0
50335,0.0
50337,0.0
50339,1.0
50341,2.3333333333333335
50342,1.0
50346,0.0
50349,2.0
50350,2.25
50351,1.6666666666666667
50352,2.0
50353,3.0
50360,0.0
50364,1.0
50367,2.3333333333333335
50369,3.5
50380,1.0
50381,1.0
50389,2.0
50391,3.0
50399,0.0
50400,0.0
50401,3.5
50407,4.666666666666667
50408,6.0
50409,2.0
50413,4.0
50414,5.0
50415,4.0
50416,3.0
50418,0.0
50420,5.0
50426,1.3333333333333333
50428,5.0
50430,3.0
50438,3.0
50442,3.0
50443,3.0
50445,1.6666666666666667
50446,3.0
50447,2.5
50448,3.5
50449,1.0
50452,3.0
50455,0.0
50456,2.5
50461,2.0
50462,1.5
50463,1.0
50465,1.0
50466,0.0
50467,3.0
50468,3.0
50469,3.0
50473,3.0
50478,3.0
50479,1.0
50481,3.0
50487,3.0
50488,2.3333333333333335
50491,2.5
50492,2.6666666666666665
50494,2.0
50495,2.0
50497,8.5
50501,1.5
50503,3.6666666666666665
50504,2.0
50505,5.0
50508,3.0
50511,3.0
50518,1.0
50520,1.0
50521,2.0
50530,0.0
50533,2.0
50537,4.0
50541,0.0
50544,4.0
50545,0.0
50547,1.0
50549,2.0
50550,1.0
50555,5.5
50556,4.0
50561,4.0
50567,1.0
50568,1.0
50569,0.0
50570,1.3333333333333333
50577,3.0
50579,3.0
50581,1.0
50583,0.0
50586,5.0
50589,1.0
50590,3.5
50598,5.0
50604,2.0
50606,2.0
50607,0.0
50608,2.0
50613,4.5
50615,2.0
50616,0.0
50617,2.0
50618,2.5
50619,3.0
50626,0.0
50629,0.0
50633,0.0
50634,0.0
50637,1.5
50639,2.0
50644,1.2
50650,2.0
50653,3.5
50657,2.0
50659,4.5
50661,1.0
50664,1.3333333333333333
50667,2.3333333333333335
50668,2.3333333333333335
50669,1.0
50670,1.5
50674,2.0
50679,2.0
50681,1.5
50684,2.0
50692,1.3333333333333333
50694,5.0
50695,0.0
50696,1.0
50697,4.0
50702,2.6666666666666665
50705,6.0
50712,0.0
50713,1.5
50716,2.5
50717,1.5
50722,1.0
50726,4.0
50727,2.5
50728,1.3333333333333333
50729,1.8333333333333333
50730,0.0
50734,1.6666666666666667
50737,12.0
50738,6.5
50740,6.5
50743,2.0
50746,2.0
50747,2.5
50749,3.0
50750,3.0
50753,0.0
50756,3.0
50759,2.6666666666666665
50760,3.5
50764,4.0
50771,2.0
50773,0.0
50778,0.0
50779,2.0
50782,2.0
50784,3.0
50795,2.5
50796,1.0
50800,4.0
50802,2.0
50804,2.0
50807,1.6666666666666667
50808,3.0
50810,1.0
50811,1.0
50813,2.3333333333333335
50816,1.3333333333333333
50819,1.3333333333333333
50822,1.3333333333333333
50823,5.0
50825,1.0
50827,2.0
50828,3.0
50831,0.0
50835,4.0
50845,1.5
50846,1.0
50847,3.0
50850,1.0
50851,1.6666666666666667
50857,1.0
50858,1.0
50865,4.0
50868,1.5
50869,4.0
50874,0.0
50877,1.0
50884,2.0
50890,3.0
50891,1.0
50892,2.0
50895,3.0
50899,2.5
50900,1.0
50904,4.5
50913,1.0
50915,1.0
50918,2.0
50919,2.0
50923,1.0
50926,0.0
50932,2.0
50933,3.0
50934,3.0
50935,0.0
50941,3.5
50946,1.0
50950,2.0
50951,2.5
50953,1.0
50957,1.0
50960,2.3333333333333335
50964,1.0
50968,4.0
50974,0.0
50983,1.0
50990,0.0
50991,2.0
50994,2.0
50995,2.0
50998,2.0
51000,4.0
51001,1.0
51002,1.5
51003,1.0
51004,1.5
51007,0.0
51013,0.0
51022,2.0
51027,1.0
51029,1.0
51032,1.0
51036,3.0
51037,1.0
51038,1.6666666666666667
51039,2.5
51040,2.0
51042,3.5
51047,2.0
51048,3.6666666666666665
51052,2.0
51056,1.0
51057,1.0
51062,0.0
51066,1.5
51069,6.0
51076,6.0
51079,9.0
51085,1.0
51087,4.5
51092,0.0
51093,6.0
51095,6.0
51096,3.5
51097,2.5
51100,6.0
51102,2.5
51104,2.5
51105,3.5
51108,5.5
51109,8.0
51110,0.0
51111,0.0
51112,3.0
51121,1.0
51123,0.0
51124,2.0
51125,0.0
51128,4.0
51132,5.0
51140,3.3333333333333335
51151,0.0
51157,0.0
51158,1.0
51160,2.0
51167,0.0
51169,1.0
51171,1.0
51173,4.0
51175,2.0
51176,0.0
51185,1.3333333333333333
51188,1.0
51190,1.3333333333333333
51192,0.0
51194,0.0
51196,0.0
51200,2.0
51202,1.0
51204,0.0
51206,1.5
51207,1.0
51209,0.0
51212,0.0
51213,0.0
51217,0.0
51220,1.5
51225,2.0
51228,1.5
51230,2.0
51232,2.0
51233,0.0
51234,2.0
51238,2.5
51243,3.0
51245,5.0
51247,0.0
51250,5.0
51254,2.5
51255,7.0
51256,6.666666666666667
51257,6.0
51258,4.333333333333333
51263,2.0
51266,2.0
51269,0.0
51275,1.0
51277,1.0
51284,2.0
51286,2.5
51288,3.0
51292,3.0
51295,2.3333333333333335
51296,4.0
51297,4.0
51299,1.0
51300,1.0
51302,1.5
51305,1.0
51306,1.0
51307,1.0
51309,1.3333333333333333
51310,2.0
51311,3.0
51314,0.0
51315,5.0
51316,0.0
51317,1.0
51321,2.0
51322,0.0
51323,3.0
51327,1.0
51331,1.0
51335,3.0
51336,1.0
51338,1.5
51340,1.0
51343,1.0
51346,3.0
51348,6.0
51350,3.5
51351,2.0
51357,1.0
51361,1.5
51362,1.5
51365,2.0
51369,1.0
51371,2.5
51373,2.0
51379,1.0
51382,1.5
51383,4.5
51384,4.5
51387,1.0
51388,1.0
51394,2.6666666666666665
51395,1.0
51400,1.5
51403,1.6666666666666667
51406,2.0
51412,7.0
51418,4.0
51421,5.333333333333333
51423,7.0
51426,5.666666666666667
51427,5.0
51428,0.0
51431,5.0
51432,6.0
51439,0.0
51452,3.0
51459,2.0
51460,1.0
51466,2.0
51481,1.75
51485,1.5
51489,1.5
51494,7.0
51495,2.0
51499,1.0
51502,10.0
51504,4.0
51505,2.0
51507,2.6666666666666665
51510,2.3333333333333335
51511,2.3333333333333335
51514,1.0
51515,2.0
51516,1.0
51520,2.0
51526,3.0
51528,2.0
51530,3.5
51531,1.6666666666666667
51532,3.0
51535,5.0
51538,4.333333333333333
51540,0.0
51541,5.0
51543,1.0
51546,2.0
51549,3.5
51552,0.0
51554,3.0
51555,1.5
51556,0.0
51559,2.5
51560,3.0
51561,2.0
51564,2.0
51568,1.0
51570,1.0
51578,2.6666666666666665
51585,1.0
51588,3.0
51590,2.5
51603,1.0
51604,2.0
51608,2.6666666666666665
51609,2.0
51612,3.6666666666666665
51615,2.0
51617,2.0
51618,1.0
51623,0.0
51626,0.0
51629,0.0
51631,2.3333333333333335
51639,4.0
51640,3.6666666666666665
51643,3.0
51649,0.0
51658,2.0
51660,2.0
51676,7.0
51679,0.0
51680,2.0
51682,3.5
51685,0.0
51687,2.0
51700,2.0
51704,1.5
51706,1.0
51708,1.5
51709,2.5
51713,3.5
51717,1.0
51719,0.0
51723,5.0
51727,2.0
51729,2.0
51731,0.0
51738,2.0
51746,2.5
51750,2.5
51755,1.0
51756,1.0
51758,4.333333333333333
51760,0.0
51766,0.0
51772,2.5
51778,1.0
51779,6.0
51780,3.0
51785,4.5
51787,2.5
51790,2.0
51795,2.0
51796,1.0
51797,0.0
51802,1.0
51803,1.0
51805,4.0
51806,1.0
51807,2.0
51812,0.0
51815,2.0
51819,3.0
51825,1.0
51826,2.0
51828,1.0
51830,1.0
51831,5.0
51832,1.0
51836,7.0
51837,2.0
51844,3.3333333333333335
51845,4.0
51846,1.3333333333333333
51847,2.0
51848,4.0
51849,1.5
51850,1.0
51853,4.666666666666667
51855,3.6666666666666665
51857,5.0
51862,1.0
51865,0.0
51866,1.5
51869,1.5
51874,2.0
51875,2.0
51877,2.0
51880,6.0
51892,2.3333333333333335
51893,2.0
51895,0.0
51897,3.0
51898,0.0
51908,2.0
51921,0.0
51924,0.0
51926,8.0
51928,1.0
51929,8.0
51934,1.5
51943,1.0
51946,2.0
51947,2.0
51950,3.0
51951,3.0
51953,2.5
51954,1.3333333333333333
51955,3.0
51957,3.0
51959,3.0
51960,2.5
51963,3.0
51968,1.0
51972,3.5
51976,0.0
51977,1.0
51984,3.0
51992,1.5
51997,3.0
51998,3.0
52000,0.0
52010,1.5
52011,1.5
52012,2.0
52013,2.0
52018,1.0
52026,3.0
52027,3.0
52038,2.0
52040,2.0
52041,5.5
52044,6.0
52046,4.666666666666667
52051,6.0
52053,6.0
52057,2.0
52061,0.0
52062,1.5
52067,2.0
52069,2.5
52074,0.0
52078,0.0
52079,0.0
52081,0.0
52089,3.3333333333333335
52091,4.0
52093,4.0
52095,4.0
52096,3.0
52100,2.25
52103,3.0
52104,1.0
52107,1.0
52110,0.0
52114,1.0
52117,2.0
52120,2.0
52126,5.333333333333333
52128,2.3333333333333335
52129,2.0
52130,1.0
52137,4.0
52138,4.0
52154,3.0
52158,1.0
52160,2.0
52163,3.5
52166,0.0
52169,1.0
52174,2.0
52176,0.0
52177,0.0
52180,1.0
52182,2.5
52183,2.5
52184,3.5
52191,4.0
52193,1.6666666666666667
52196,2.0
52197,2.0
52199,1.0
52200,1.75
52202,1.0
52203,1.0
52207,1.0
52211,5.0
52223,3.0
52226,2.0
52228,4.5
52229,1.0
52237,0.0
52241,0.0
52246,0.0
52249,1.0
52256,2.5
52264,2.0
52267,3.0
52268,2.6666666666666665
52270,3.0
52276,1.0
52278,1.0
52283,1.0
52286,4.0
52289,2.5
52294,2.5
52299,3.0
52301,1.5
52307,1.5
52314,1.5
52316,3.0
52317,2.0
52319,1.75
52324,1.5
52326,0.0
52333,3.0
52335,2.5
52336,5.0
52337,1.0
52340,0.0
52341,4.5
52342,4.5
52349,1.0
52350,5.333333333333333
52357,4.0
52359,0.0
52371,4.0
52374,4.5
52378,3.0
52380,1.5
52384,2.25
52388,3.0
52392,3.0
52398,0.0
52399,0.0
52402,0.0
52403,1.0
52404,4.0
52407,4.0
52410,2.0
52413,5.0
52416,5.0
52420,1.0
52422,5.0
52427,1.0
52429,1.0
52430,2.0
52434,1.0
52448,1.5
52449,2.0
52450,3.0
52451,0.0
52452,3.3333333333333335
52453,2.0
52454,1.6666666666666667
52458,2.0
52459,2.5
52462,5.0
52464,5.0
52466,5.0
52467,5.0
52468,4.5
52472,2.5
52476,2.5
52478,2.5
52481,1.0
52487,2.0
52488,2.0
52489,1.5
52490,1.0
52498,1.5
52499,1.5
52500,2.0
52506,3.0
52513,10.0
52517,2.0
52519,2.0
52522,2.0
52529,5.0
52534,0.0
52536,4.0
52539,5.5
52540,3.6666666666666665
52541,2.5
52544,1.5
52551,0.0
52553,1.0
52555,1.0
52557,1.0
52559,1.0
52563,1.5
52564,2.0
52568,4.0
52569,3.0
52577,0.0
52578,0.0
52581,0.0
52584,2.0
52587,3.5
52589,3.0
52592,11.0
52593,2.0
52594,6.666666666666667
52597,0.0
52598,2.0
52604,3.0
52606,1.6666666666666667
52609,2.0
52610,2.6666666666666665
52615,2.0
52617,0.0
52618,2.0
52622,2.0
52628,0.0
52634,3.0
52637,1.5
52638,3.0
52639,1.3333333333333333
52640,3.0
52645,6.0
52647,0.0
52649,0.0
52655,1.0
52661,2.0
52664,1.0
52665,1.0
52669,2.0
52677,2.0
52678,2.0
52679,1.0
52682,1.0
52683,1.0
52686,0.0
52689,2.0
52691,3.5
52693,3.6666666666666665
52695,5.0
52697,4.25
52699,5.0
52700,0.0
52708,0.0
52715,1.0
52724,0.0
52726,2.0
52728,4.0
52733,4.0
52737,7.666666666666667
52739,3.0
52745,1.5
52747,0.0
52758,3.0
52760,0.0
52766,2.0
52773,0.0
52777,3.0
52781,2.0
52782,3.0
52784,2.0
52785,2.6666666666666665
52788,2.0
52789,4.0
52790,4.0
52792,4.0
52793,4.0
52796,1.0
52797,2.0
52799,0.0
52806,1.5
52807,1.0
52812,1.5
52814,2.0
52815,1.5
52816,1.0
52821,1.5
52825,1.0
52826,1.0
52830,1.5
52833,1.0
52834,1.5
52835,2.0
52836,1.6666666666666667
52839,0.0
52841,2.6666666666666665
52843,4.6
52847,3.6666666666666665
52850,3.5
52851,4.0
52856,6.0
52858,3.5
52861,1.5
52863,0.0
52866,4.0
52871,4.0
52872,4.0
52888,2.5
52891,2.5
52894,3.0
52896,3.0
52897,2.0
52898,1.0
52903,1.0
52904,1.0
52905,2.3333333333333335
52916,4.0
52935,2.3333333333333335
52937,2.3333333333333335
52943,3.0
52948,3.0
52952,5.0
52957,2.3333333333333335
52960,1.0
52963,2.0
52967,0.0
52972,0.0
52973,8.0
52978,4.0
52979,4.0
52986,2.0
52987,1.0
52989,1.0
52994,1.0
52995,4.0
52997,3.6666666666666665
52998,3.6666666666666665
53000,0.0
53003,2.0
53013,0.0
53014,0.0
53018,1.3333333333333333
53022,1.0
53024,1.0
53025,1.25
53026,1.0
53027,1.3333333333333333
53029,1.3333333333333333
53036,2.0
53043,3.0
53044,2.0
53045,3.0
53052,3.5
53054,3.5
53055,2.5
53059,7.0
53060,4.0
53061,1.0
53066,2.0
53067,1.0
53073,2.5
53074,2.5
53076,4.0
53082,1.5
53083,1.0
53085,4.0
53086,2.6666666666666665
53089,2.75
53090,2.6666666666666665
53091,2.0
53092,1.5
53093,1.5
53096,2.0
53099,4.0
53100,2.0
53109,0.0
53111,0.0
53113,5.0
53114,3.0
53118,0.0
53120,2.0
53123,0.0
53136,2.0
53141,1.0
53145,1.0
53148,1.0
53152,0.0
53163,1.0
53164,4.0
53166,1.0
53168,5.333333333333333
53169,5.5
53174,4.0
53176,1.0
53177,4.2
53179,8.0
53181,2.0
53182,2.5
53185,1.0
53188,4.5
53191,2.0
53194,2.5
53195,1.0
53199,6.333333333333333
53202,5.0
53203,8.5
53206,5.75
53207,5.0
53210,6.0
53212,6.0
53214,2.0
53219,1.5
53227,3.6666666666666665
53234,4.0
53235,6.0
53240,2.5
53241,0.0
53245,2.0
53246,2.0
53247,4.0
53248,0.0
53254,2.0
53255,2.5
53256,0.0
53258,2.5
53259,3.5
53260,4.0
53262,3.0
53263,0.0
53265,3.5
53267,2.3333333333333335
53273,1.5
53274,2.0
53275,2.0
53276,3.0
53277,1.0
53279,3.5
53282,3.5
53285,0.0
53287,1.0
53290,3.0
53291,0.0
53295,3.5
53300,1.5
53301,4.0
53303,7.0
53305,2.0
53306,4.0
53310,1.6666666666666667
53315,4.0
53317,4.0
53318,3.75
53321,2.0
53326,1.6666666666666667
53330,1.0
53343,1.3333333333333333
53344,1.5
53345,2.0
53349,1.0
53354,1.6666666666666667
53355,2.5
53357,3.0
53358,0.0
53360,2.0
53361,2.0
53363,2.0
53366,4.0
53367,4.0
53376,1.0
53378,1.0
53381,1.5
53382,1.0
53385,2.0
53391,1.0
53392,1.0
53396,8.5
53397,5.0
53400,2.6666666666666665
53404,2.0
53405,6.5
53406,3.5
53407,3.0
53408,0.0
53412,1.0
53414,3.3333333333333335
53416,1.6
53417,2.5
53418,2.5
53420,1.0
53426,2.5
53427,0.0
53428,0.0
53429,2.0
53432,1.0
53433,2.0
53440,1.0
53444,2.0
53449,1.6666666666666667
53454,3.5
53457,1.5
53459,1.0
53460,5.0
53461,5.0
53462,4.5
53463,5.333333333333333
53465,3.0
53466,2.6666666666666665
53467,2.5
53470,3.0
53474,0.0
53475,2.0
53476,2.0
53478,4.0
53480,2.0
53481,1.5
53486,0.0
53488,0.0
53493,2.0
53495,2.6666666666666665
53496,3.0
53499,3.0
53501,2.0
53504,1.0
53505,1.0
53507,2.0
53509,3.0
53510,0.0
53514,7.0
53518,0.0
53519,0.0
53523,1.0
53527,6.0
53533,6.0
53534,6.0
53539,2.6666666666666665
53540,1.0
53542,2.0
53543,3.0
53545,2.0
53546,4.666666666666667
53548,1.3333333333333333
53549,2.0
53555,0.0
53557,1.6666666666666667
53560,0.0
53561,0.0
53562,0.0
53564,2.5
53568,3.6666666666666665
53569,3.6666666666666665
53571,2.0
53578,1.0
53579,4.0
53580,4.0
53582,3.0
53583,0.0
53586,1.0
53591,1.0
53596,1.5
53597,1.0
53598,1.5
53599,0.0
53601,0.0
53603,2.0
53606,2.0
53611,3.0
53612,2.0
53615,1.6666666666666667
53617,2.0
53628,3.0
53629,3.0
53630,3.0
53634,1.0
53636,5.0
53638,4.0
53639,5.0
53641,3.0
53642,2.5
53643,0.0
53652,0.0
53660,2.0
53663,1.0
53667,2.0
53668,4.0
53672,2.0
53677,2.0
53678,1.5
53680,2.0
53687,2.25
53688,4.0
53692,2.0
53695,4.5
53701,4.0
53705,2.5
53708,1.0
53709,2.6666666666666665
53710,1.0
53711,0.0
53713,2.0
53717,1.3333333333333333
53719,2.0
53721,2.0
53723,2.3333333333333335
53729,3.0
53731,3.0
53732,4.0
53738,0.0
53739,4.0
53741,3.0
53743,3.0
53744,4.0
53745,3.0
53748,3.0
53749,2.3333333333333335
53751,0.0
53756,2.0
53767,1.0
53768,0.0
53769,1.0
53770,1.0
53779,3.3333333333333335
53781,3.0
53785,2.3333333333333335
53801,3.0
53802,4.0
53804,4.0
53808,3.0
53809,1.0
53813,1.0
53817,3.0
53829,3.0
53830,3.0
53831,3.0
53832,0.0
53838,13.0
53845,2.0
53847,2.5
53848,2.0
53852,1.0
53854,2.0
53857,1.5
53859,1.0
53866,5.0
53870,2.0
53877,13.5
53878,8.0
53880,11.0
53883,1.25
53889,3.0
53890,2.0
53894,1.0
53896,1.0
53898,1.6666666666666667
53899,0.0
53900,2.5
53901,2.0
53903,3.0
53914,1.6666666666666667
53916,2.0
53920,0.0
53921,0.0
53922,3.5
53923,0.0
53927,2.0
53933,3.5
53934,3.6666666666666665
53938,1.0
53943,1.0
53944,4.666666666666667
53949,2.0
53951,7.5
53961,5.5
53963,1.5
53966,3.0
53973,0.0
53974,2.0
53978,2.0
53979,2.0
53980,2.0
53981,4.5
53986,0.0
53989,5.0
53991,4.0
53997,0.0
53999,2.6666666666666665
54000,3.0
54002,4.0
54006,1.0
54011,2.0
54012,1.0
54013,1.0
54020,1.0
54023,1.0
54025,1.0
54026,1.0
54027,2.0
54028,2.6666666666666665
54029,0.0
54031,0.0
54032,1.0
54036,1.0
54050,3.0
54051,4.0
54064,3.5
54067,5.0
54068,3.5
54076,2.0
54081,2.0
54082,2.3333333333333335
54083,3.0
54088,1.0
54089,2.5
54094,2.6666666666666665
54097,1.0
54098,1.0
54100,2.3333333333333335
54103,6.333333333333333
54105,0.0
54111,2.0
54114,0.0
54119,0.0
54123,3.0
54127,2.0
54128,3.0
54129,3.0
54130,0.0
54132,2.0
54137,3.0
54144,4.5
54147,0.0
54150,3.5
54155,2.3333333333333335
54156,2.0
54160,4.0
54162,4.0
54164,3.0
54168,2.75
54170,3.0
54176,2.75
54178,4.5
54182,2.0
54185,0.0
54186,1.5
54188,2.0
54189,1.0
54190,1.0
54193,1.5
54196,0.0
54199,3.75
54200,4.0
54202,1.0
54204,3.0
54216,1.3333333333333333
54217,1.0
54219,1.5
54220,2.0
54227,5.666666666666667
54231,4.0
54232,1.5
54235,1.0
54239,2.5
54243,5.0
54247,1.5
54248,2.3333333333333335
54251,2.0
54252,0.0
54253,2.0
54258,0.0
54259,3.5
54269,2.0
54270,6.5
54274,2.0
54276,1.6666666666666667
54281,7.0
54282,2.0
54291,3.0
54298,2.0
54300,1.0
54303,2.6666666666666665
54310,3.0
54314,0.0
54317,2.0
54318,2.0
54326,4.0
54330,3.0
54332,0.0
54334,0.0
54335,2.0
54338,3.0
54339,0.0
54340,1.5
54342,1.0
54346,5.0
54354,2.3333333333333335
54359,0.0
54364,7.0
54366,4.5
54367,4.5
54370,5.0
54376,1.0
54377,2.0
54381,1.5
54385,14.0
54391,1.5
54393,1.5
54395,2.0
54398,8.5
54408,1.5
54411,0.0
54417,2.0
54420,2.0
54424,1.0
54425,1.0
54428,0.0
54434,2.0
54435,2.5
54445,0.0
54447,0.0
54449,3.3333333333333335
54457,4.0
54465,3.5
54467,4.0
54468,3.6
54469,3.0
54474,3.0
54476,3.25
54480,1.0
54484,1.0
54492,4.5
54495,2.0
54497,1.5
54498,1.0
54509,9.0
54511,0.0
54512,6.0
54514,2.6666666666666665
54515,6.333333333333333
54517,0.0
54519,1.0
54520,1.5
54521,1.0
54523,1.5
54526,2.0
54527,1.5
54533,1.5
54536,1.3333333333333333
54537,0.0
54539,2.0
54544,4.0
54545,1.5
54546,1.0
54547,3.0
54551,0.0
54552,1.0
54554,2.0
54560,1.0
54564,4.0
54565,3.5
54566,0.0
54569,2.0
54572,0.0
54576,2.0
54580,3.5
54584,2.5
54585,1.5
54586,1.5
54591,2.0
54593,1.6666666666666667
54600,2.5
54603,2.0
54604,0.0
54605,1.0
54610,1.0
54611,1.0
54614,2.0
54618,4.0
54620,4.0
54622,7.0
54623,4.0
54629,2.0
54632,1.6666666666666667
54633,2.0
54636,2.0
54643,2.0
54645,2.0
54648,0.0
54649,2.0
54651,5.0
54652,6.0
54654,1.5
54657,3.5
54668,1.0
54669,3.3333333333333335
54670,2.0
54673,2.0
54674,2.0
54676,0.0
54677,1.0
54683,0.0
54688,4.0
54691,2.5
54693,1.0
54700,4.0
54705,9.0
54707,12.5
54716,3.0
54719,2.0
54723,2.5
54729,4.0
54730,3.0
54731,2.3333333333333335
54735,4.0
54738,6.5
54739,7.0
54741,2.0
54747,3.0
54749,2.6666666666666665
54750,1.5
54752,0.0
54754,1.0
54755,3.0
54759,2.0
54762,0.0
54763,2.5
54764,2.5
54765,2.0
54767,2.0
54768,0.0
54777,2.5
54778,0.0
54782,0.0
54783,0.0
54785,2.0
54788,3.0
54793,4.0
54794,2.0
54798,1.75
54806,2.6666666666666665
54807,2.5
54808,7.0
54810,4.0
54814,4.0
54816,0.0
54818,1.5
54822,10.25
54826,1.5
54828,3.5
54831,2.0
54833,0.0
54834,1.0
54839,2.0
54842,4.666666666666667
54844,2.0
54846,2.0
54848,2.0
54853,6.0
54856,1.0
54859,2.6666666666666665
54860,2.0
54864,3.0
54872,2.0
54873,0.0
54877,2.5
54878,2.0
54882,1.6666666666666667
54892,2.0
54893,3.6666666666666665
54895,2.0
54896,3.0
54897,3.0
54899,2.0
54901,2.6666666666666665
54904,2.5
54905,0.0
54906,0.0
54908,1.5
54909,2.0
54910,2.5
54914,1.5
54918,5.0
54919,9.0
54926,0.0
54931,1.0
54937,2.6666666666666665
54938,1.6666666666666667
54941,2.3333333333333335
54944,2.0
54945,0.0
54946,1.0
54956,0.0
54957,1.0
54960,2.0
54968,1.0
54969,7.0
54970,3.0
54978,1.0
54979,1.5
54980,3.6666666666666665
54981,1.0
54984,4.0
54989,0.0
54990,2.5
54991,1.0
54992,2.5
54993,3.5
54997,5.0
54999,4.0
55000,6.0
55004,3.0
55007,6.0
55012,3.5
55023,9.0
55024,2.0
55029,7.0
55030,7.5
55031,4.5
55034,0.0
55038,1.0
55039,1.0
55040,0.0
55041,2.0
55043,1.5
55046,1.6666666666666667
55056,0.0
55059,2.0
55060,1.5
55063,1.5
55067,1.0
55079,4.5
55080,4.0
55084,1.0
55087,1.5
55093,0.0
55095,0.0
55096,0.0
55097,0.0
55100,0.0
55106,3.0
55109,3.0
55116,0.0
55118,2.0
55125,1.5
55128,3.0
55129,3.0
55135,1.5
55140,8.0
55141,6.0
55143,4.5
55144,8.0
55146,3.0
55151,3.0
55152,8.0
55156,1.0
55159,5.5
55163,3.0
55167,3.0
55170,1.0
55171,0.0
55179,1.0
55182,2.0
55185,11.0
55186,2.0
55190,3.0
55191,3.0
55192,4.333333333333333
55194,1.5
55195,2.0
55196,2.0
55198,0.0
55200,1.5
55202,1.5
55203,1.0
55207,3.75
55208,7.0
55209,0.0
55210,0.0
55215,4.333333333333333
55216,3.0
55218,5.5
55221,9.0
55225,2.0
55231,1.3333333333333333
55234,4.5
55237,4.666666666666667
55242,4.333333333333333
55248,0.0
55252,0.0
55260,2.5
55267,2.75
55269,1.0
55271,1.3333333333333333
55278,1.0
55279,1.0
55283,3.0
55286,3.0
55288,2.5
55294,2.0
55295,2.0
55296,1.5
55301,2.0
55302,1.0
55305,0.0
55306,2.0
55308,2.5
55312,0.0
55316,2.0
55321,0.0
55323,3.0
55332,0.0
55334,0.0
55340,0.0
55341,0.0
55342,4.666666666666667
55345,0.0
55350,2.0
55351,3.0
55353,3.0
55362,1.0
55363,0.0
55365,1.5
55368,4.5
55369,5.75
55372,0.0
55379,1.0
55385,3.5
55387,2.5
55388,2.5
55391,1.5
55392,1.0
55393,2.0
55394,1.0
55398,3.6666666666666665
55399,3.0
55402,4.0
55404,1.5
55405,1.0
55406,0.0
55409,2.0
55413,4.0
55416,2.0
55421,1.0
55430,2.5
55431,0.0
55434,2.0
55437,2.0
55455,2.5
55456,1.0
55462,4.0
55463,2.0
55469,1.0
55471,3.0
55472,1.0
55478,6.0
55480,6.0
55481,6.0
55487,1.5
55488,2.0
55489,1.0
55491,3.3333333333333335
55492,4.333333333333333
55493,1.0
55495,3.6666666666666665
55496,3.0
55500,4.666666666666667
55507,4.0
55509,1.0
55511,0.0
55513,5.0
55514,4.0
55518,1.0
55527,0.0
55530,1.0
55531,0.0
55536,4.0
55537,0.0
55540,1.0
55544,0.0
55545,5.0
55550,3.5
55553,5.0
55556,5.0
55560,3.0
55564,0.0
55565,1.0
55569,3.0
55571,1.0
55573,2.0
55576,4.0
55588,1.0
55591,1.0
55592,3.0
55594,4.0
55596,2.5
55598,5.5
55601,0.0
55602,4.5
55603,4.0
55604,2.0
55610,2.0
55611,2.0
55616,4.0
55617,0.0
55619,2.0
55621,3.0
55627,1.3333333333333333
55632,2.0
55634,1.0
55635,2.0
55637,2.3333333333333335
55638,2.0
55643,0.0
55644,0.0
55655,4.5
55656,3.0
55667,2.0
55668,2.0
55669,2.0
55677,2.5
55681,1.0
55682,1.0
55683,2.0
55687,2.0
55693,3.0
55694,2.0
55695,0.0
55696,4.0
55698,2.0
55699,1.0
55700,1.0
55705,1.0
55706,3.0
55708,0.0
55715,1.0
55717,3.5
55718,3.0
55722,2.0
55725,3.3333333333333335
55727,1.0
55730,1.0
55734,3.0
55735,5.0
55736,3.5
55739,3.6666666666666665
55741,2.0
55743,2.0
55751,2.0
55755,4.0
55759,3.0
55762,0.0
55764,3.0
55768,3.0
55775,5.0
55777,1.0
55778,5.0
55780,2.0
55784,4.0
55786,2.0
55789,2.0
55791,1.0
55794,2.0
55798,2.0
55809,0.0
55812,2.0
55814,2.0
55820,1.5
55822,1.5
55824,1.0
55825,2.0
55829,5.5
55836,0.0
55838,0.0
55842,6.0
55846,6.0
55854,2.0
55855,2.0
55860,5.5
55861,1.0
55871,5.0
55873,2.5
55874,3.5
55877,4.0
55883,0.0
55886,0.0
55889,3.0
55895,3.0
55898,0.0
55899,3.0
55907,4.0
55912,2.0
55916,3.0
55917,15.0
55922,3.0
55923,0.0
55924,1.5
55926,11.0
55928,0.0
55929,3.5
55950,0.0
55951,0.0
55953,3.0
55957,2.0
55960,1.3333333333333333
55961,1.6666666666666667
55967,1.0
55970,1.6666666666666667
55973,0.0
55975,1.5
55985,0.0
55986,2.0
55987,2.0
55990,2.5
55993,2.0
55994,3.0
55995,3.0
55999,3.6666666666666665
56002,0.0
56010,0.0
56014,0.0
56020,0.0
56022,5.0
56024,3.0
56026,6.0
56027,6.0
56029,6.0
56033,1.0
56034,0.0
56036,2.0
56037,4.0
56040,4.0
56052,3.0
56053,0.0
56054,8.333333333333334
56055,1.0
56057,3.0
56060,0.0
56061,10.0
56067,4.25
56069,4.0
56070,6.0
56075,0.0
56076,4.0
56077,1.0
56079,7.5
56082,1.5
56083,2.0
56085,1.5
56086,0.0
56087,1.0
56088,0.0
56091,2.0
56097,3.3333333333333335
56101,1.5
56104,1.0
56110,0.0
56113,3.5
56116,3.3333333333333335
56118,1.0
56119,3.0
56121,4.0
56123,3.0
56126,0.0
56137,1.0
56138,1.0
56141,1.0
56145,1.0
56146,2.3333333333333335
56149,4.0
56152,0.0
56154,1.6666666666666667
56156,2.5
56157,3.3333333333333335
56159,3.5
56160,2.5
56161,3.0
56162,1.5
56163,4.0
56166,2.0
56167,1.5
56171,1.5
56172,2.0
56173,5.0
56180,0.0
56181,1.0
56184,5.0
56187,3.5
56191,0.0
56192,2.0
56194,2.0
56197,2.0
56202,3.6666666666666665
56203,0.0
56207,1.0
56208,0.0
56212,2.0
56213,4.0
56218,2.0
56219,1.0
56222,3.0
56223,6.333333333333333
56227,1.5
56230,1.3333333333333333
56231,2.0
56234,2.5
56239,3.0
56240,2.5
56243,6.333333333333333
56246,4.5
56253,5.25
56254,5.25
56256,8.0
56257,5.0
56263,2.0
56265,2.75
56268,7.0
56269,4.0
56271,5.5
56273,4.0
56274,2.5
56277,0.0
56279,1.0
56283,3.0
56284,1.0
56288,3.0
56291,2.0
56294,2.0
56296,3.0
56297,4.0
56298,5.0
56308,17.5
56313,4.0
56314,3.5
56320,14.0
56323,6.0
56325,6.0
56326,7.0
56331,7.0
56333,1.5
56338,2.0
56339,2.5
56343,2.0
56347,3.0
56348,1.0
56349,2.0
56361,1.0
56365,3.0
56367,3.75
56370,3.5
56376,1.6666666666666667
56378,3.5
56379,3.5
56380,4.0
56381,0.0
56383,9.0
56391,1.0
56397,8.0
56398,5.0
56399,2.0
56402,1.0
56404,0.0
56411,1.0
56414,1.0
56416,3.0
56419,1.0
56420,2.0
56421,4.5
56426,2.0
56429,4.0
56430,2.0
56431,2.0
56433,3.0
56441,4.0
56448,2.5
56449,2.5
56458,8.0
56461,8.0
56465,3.3333333333333335
56473,1.5
56474,1.5
56475,1.0
56477,1.0
56478,2.5
56479,0.0
56486,4.0
56487,1.0
56496,1.5
56499,2.0
56502,0.0
56503,7.0
56507,4.0
56513,3.0
56517,3.0
56520,1.0
56522,1.5
56523,1.0
56525,3.0
56526,0.0
56530,4.5
56537,2.0
56539,2.0
56544,2.0
56551,3.0
56552,0.0
56555,1.0
56556,0.0
56562,2.25
56563,1.5
56573,3.5
56576,2.0
56579,2.0
56581,1.0
56586,5.5
56589,3.0
56592,1.0
56593,0.0
56595,2.0
56596,2.0
56607,2.0
56608,3.5
56617,1.6666666666666667
56619,3.0
56623,2.25
56627,2.0
56631,2.0
56632,0.0
56633,2.0
56644,1.0
56645,0.0
56649,4.5
56650,4.5
56661,4.0
56664,1.75
56665,0.0
56670,1.5
56673,3.0
56676,3.0
56678,1.5
56681,1.6666666666666667
56682,1.6666666666666667
56683,1.0
56684,2.0
56690,1.0
56693,0.0
56695,1.0
56696,1.5
56697,2.5
56698,1.5
56701,3.0
56705,2.5
56706,4.0
56710,0.0
56712,4.0
56713,1.5
56717,1.0
56720,2.0
56722,2.0
56723,3.5
56727,3.0
56729,3.0
56737,1.0
56738,2.0
56743,2.0
56745,2.5
56749,5.5
56750,4.0
56754,6.0
56762,3.5
56764,0.0
56767,2.0
56774,2.3333333333333335
56776,0.0
56780,0.0
56782,0.0
56788,0.0
56796,2.0
56804,0.0
56807,2.0
56808,0.0
56811,9.5
56818,0.0
56820,3.0
56822,2.0
56823,0.0
56824,2.0
56826,2.0
56829,1.5
56831,1.0
56838,2.0
56839,1.0
56841,0.0
56843,0.0
56847,1.0
56848,2.6666666666666665
56850,4.0
56855,1.5
56856,4.0
56867,4.0
56869,4.0
56880,2.5
56883,1.0
56885,3.6666666666666665
56899,2.0
56901,1.6666666666666667
56904,5.0
56905,1.0
56908,1.75
56909,2.0
56912,2.3333333333333335
56913,2.5
56914,2.5
56915,3.0
56916,1.6666666666666667
56917,1.5
56920,8.5
56921,2.5
56923,1.5
56932,2.0
56933,1.0
56934,4.5
56935,3.3333333333333335
56936,3.0
56938,1.0
56939,1.5
56941,0.0
56942,0.0
56952,1.3333333333333333
56956,0.0
56957,0.0
56959,6.0
56965,1.0
56968,5.0
56972,0.0
56974,1.5
56978,1.0
56980,3.0
56981,2.0
56983,1.0
56988,2.0
56989,1.5
56990,3.0
56993,2.0
56995,2.3333333333333335
56999,6.0
57000,3.0
57002,6.0
57005,1.0
57007,2.0
57008,1.0
57009,0.0
57014,4.0
57018,3.5
57019,1.5
57022,2.0
57031,2.0
57034,1.0
57038,0.0
57039,1.0
57040,1.5
57043,2.0
57044,3.0
57058,5.0
57065,3.0
57067,1.0
57068,0.0
57071,2.0
57073,2.0
57074,0.0
57080,1.6666666666666667
57083,4.0
57092,0.0
57095,1.0
57106,0.0
57107,3.0
57110,2.6
57111,1.5
57112,2.0
57117,1.0
57121,3.0
57125,0.0
57126,1.0
57130,0.0
57133,1.5
57134,1.5
57137,2.0
57140,3.5
57145,2.0
57149,1.0
57150,1.0
57156,1.0
57158,1.0
57159,1.0
57160,1.0
57161,2.0
57162,1.0
57165,6.0
57167,2.5
57168,3.0
57169,2.5
57171,4.0
57172,3.0
57173,3.0
57178,0.0
57179,9.0
57181,16.0
57182,9.0
57184,4.0
57186,0.0
57187,4.0
57189,1.0
57190,2.6666666666666665
57199,1.0
57200,1.0
57203,1.0
57211,4.5
57214,2.75
57218,1.0
57220,0.0
57221,1.0
57225,1.0
57226,1.0
57234,1.0
57235,1.0
57237,1.3333333333333333
57239,0.0
57240,2.5
57243,1.6666666666666667
57245,2.5
57251,2.0
57253,1.5
57257,2.0
57266,5.0
57273,5.0
57276,2.6666666666666665
57278,2.6666666666666665
57286,4.0
57301,2.0
57303,5.0
57304,2.5
57306,0.0
57320,4.0
57328,5.0
57342,2.0
57345,0.0
57347,0.0
57350,3.0
57355,3.6666666666666665
57359,3.5
57361,2.6666666666666665
57362,3.0
57364,14.0
57365,14.0
57367,1.0
57373,0.0
57380,1.3333333333333333
57382,1.0
57383,1.6666666666666667
57384,3.0
57389,0.0
57390,2.0
57394,4.0
57396,0.0
57398,0.0
57403,2.0
57408,1.0
57434,2.5
57436,4.0
57443,0.0
57444,3.0
57446,4.5
57448,0.0
57450,0.0
57453,0.0
57457,2.5
57463,3.0
57465,2.0
57467,1.0
57472,2.0
57476,4.0
57482,2.0
57484,1.0
57492,1.6666666666666667
57496,1.5
57499,4.0
57501,4.0
57515,1.0
57521,1.5
57525,2.6666666666666665
57526,3.3333333333333335
57527,2.5
57533,0.0
57539,2.0
57547,0.0
57551,7.0
57552,1.0
57555,0.0
57557,1.0
57560,1.0
57561,4.666666666666667
57562,6.5
57564,3.0
57566,1.5
57567,3.5
57568,2.5
57569,2.0
57571,0.0
57574,2.5
57576,6.0
57577,6.0
57580,1.0
57582,1.0
57588,2.0
57591,0.0
57594,0.0
57595,5.0
57597,2.0
57603,5.0
57604,0.0
57606,1.3333333333333333
57609,3.0
57612,1.0
57618,2.0
57619,0.0
57623,7.0
57624,2.0
57625,2.5
57626,2.0
57628,0.0
57633,4.0
57634,4.0
57638,2.5
57644,4.0
57645,4.0
57646,3.5
57652,1.0
57653,0.0
57658,2.0
57661,3.0
57662,3.0
57664,3.0
57668,3.0
57672,5.5
57678,1.0
57679,1.0
57684,6.0
57685,1.0
57692,6.0
57694,4.0
57696,4.0
57699,6.0
57702,3.75
57703,3.5
57707,2.0
57717,1.5
57718,0.0
57719,0.0
57721,1.0
57723,4.0
57724,1.0
57727,6.0
57728,7.5
57730,7.0
57734,3.6666666666666665
57745,2.0
57747,0.0
57750,3.0
57751,3.0
57752,1.5
57753,4.0
57754,3.0
57756,3.0
57757,1.0
57758,2.8
57760,3.25
57762,5.0
57765,5.0
57766,0.0
57773,3.0
57775,1.6666666666666667
57778,2.0
57782,0.0
57787,2.0
57789,2.0
57790,3.0
57792,2.0
57795,2.0
57796,0.0
57800,4.0
57802,2.5
57806,1.0
57813,2.0
57819,4.0
57824,4.0
57825,0.0
57826,2.0
57827,1.5
57829,4.0
57837,1.0
57838,1.0
57845,4.0
57847,3.0
57855,7.0
57856,4.25
57858,3.6666666666666665
57859,6.5
57860,3.0
57861,0.0
57864,2.0
57866,1.0
57867,1.0
57869,0.0
57872,1.25
57874,2.5
57880,5.0
57881,5.0
57882,3.0
57888,3.0
57890,2.0
57891,1.6666666666666667
57894,1.0
57899,2.0
57901,4.0
57908,6.0
57913,2.0
57914,2.0
57918,2.0
57919,2.0
57928,2.0
57929,1.0
57933,0.0
57937,1.0
57938,1.0
57939,1.0
57940,1.0
57947,1.0
57948,7.0
57951,2.5
57953,0.0
57956,0.0
57958,1.5
57960,2.0
57964,1.0
57969,5.0
57970,0.0
57972,0.0
57978,1.0
57979,2.3333333333333335
57980,2.5
57981,2.0
57988,13.0
57997,1.0
57999,2.5
58000,0.0
58001,0.0
58006,1.5
58009,0.0
58010,1.0
58013,3.0
58015,0.0
58018,2.0
58022,0.0
58032,0.0
58033,2.0
58037,0.0
58039,1.0
58045,1.6666666666666667
58046,1.0
58052,2.0
58056,0.0
58059,2.0
58063,6.0
58065,4.666666666666667
58066,4.5
58068,1.0
58072,1.5
58075,4.0
58077,5.0
58081,6.5
58086,5.333333333333333
58088,6.5
58089,6.5
58093,6.333333333333333
58099,1.0
58102,0.0
58103,1.5
58109,0.0
58127,0.0
58130,0.0
58131,2.0
58140,0.0
58142,5.0
58143,1.5
58144,2.0
58145,11.0
58153,0.0
58156,0.0
58157,1.5
58161,1.0
58166,1.5
58167,1.3333333333333333
58171,1.0
58172,3.0
58177,2.0
58179,1.0
58184,9.5
58185,10.0
58186,4.0
58188,9.0
58191,2.0
58194,3.0
58195,2.0
58196,2.0
58198,1.0
58199,1.0
58200,3.3333333333333335
58202,2.75
58203,3.0
58207,0.0
58208,3.0
58209,1.0
58210,4.0
58211,0.0
58212,6.333333333333333
58213,4.666666666666667
58220,1.0
58231,1.0
58235,1.6666666666666667
58236,6.0
58238,1.0
58240,7.5
58241,7.5
58242,6.0
58243,4.5
58247,2.5
58257,1.0
58258,1.3333333333333333
58265,0.0
58267,1.0
58268,3.0
58269,2.0
58270,2.8
58273,4.5
58275,0.0
58277,2.0
58278,2.0
58290,2.0
58291,0.0
58294,1.0
58295,1.0
58297,0.0
58307,3.0
58312,1.0
58313,1.0
58314,0.0
58318,3.5
58319,3.5
58320,3.5
58322,3.0
58324,1.5
58325,0.0
58333,1.0
58340,0.0
58342,2.5
58348,0.0
58349,1.0
58352,5.0
58353,3.0
58355,3.5
58357,2.5
58361,1.0
58362,3.3333333333333335
58363,2.5
58365,4.0
58366,2.0
58367,2.5
58371,4.0
58373,1.3333333333333333
58374,2.0
58377,1.6666666666666667
58382,5.0
58386,1.0
58389,0.0
58390,1.5
58391,1.3333333333333333
58393,1.0
58395,1.5
58397,1.5
58398,0.0
58400,0.0
58402,5.0
58415,2.0
58418,2.0
58422,1.6666666666666667
58433,1.0
58436,2.25
58443,1.5
58446,2.3333333333333335
58450,4.0
58452,0.0
58457,1.0
58458,2.0
58463,5.0
58465,0.0
58467,1.5
58469,2.0
58470,2.5
58475,0.0
58478,3.5
58482,1.0
58492,2.0
58496,1.0
58499,0.0
58502,2.0
58507,2.5
58508,0.0
58511,3.0
58513,7.0
58514,1.0
58515,3.0
58516,0.0
58518,0.0
58519,2.0
58521,1.0
58530,0.0
58534,0.0
58535,5.0
58549,1.5
58551,3.0
58554,0.0
58557,1.0
58565,2.6666666666666665
58571,4.0
58574,2.0
58576,3.0
58579,1.3333333333333333
58584,1.0
58585,2.0
58589,2.0
58591,3.0
58593,0.0
58598,1.0
58602,2.0
58603,3.5
58604,2.0
58605,0.0
58607,0.0
58608,0.0
58609,2.5
58610,4.0
58611,0.0
58613,1.5
58617,3.0
58621,4.0
58624,6.0
58628,8.0
58629,3.0
58631,3.0
58636,1.0
58639,0.0
58640,1.0
58643,1.0
58645,1.0
58646,1.5
58647,0.0
58649,1.0
58654,2.5
58656,4.0
58661,3.0
58663,2.0
58665,1.0
58666,0.0
58675,1.0
58680,4.0
58682,4.5
58687,2.5
58690,2.0
58694,2.0
58696,2.25
58698,3.0
58699,1.0
58701,2.5
58709,2.5
58712,4.0
58717,2.0
58719,2.0
58722,2.0
58726,0.0
58727,2.0
58728,2.0
58732,1.0
58735,0.0
58741,3.0
58746,0.0
58750,1.0
58758,3.0
58762,1.5
58768,0.0
58770,3.0
58774,3.0
58775,0.0
58777,2.0
58778,1.5
58782,6.5
58785,3.0
58786,2.0
58788,1.0
58802,1.0
58805,4.0
58806,1.5
58807,4.0
58808,1.3333333333333333
58810,2.0
58811,1.6666666666666667
58812,2.0
58818,1.6666666666666667
58819,3.0
58822,0.0
58823,0.0
58824,0.0
58830,4.5
58832,3.0
58834,4.5
58835,1.0
58836,1.0
58838,1.0
58841,1.0
58842,4.5
58848,1.0
58852,3.3333333333333335
58854,7.0
58860,0.0
58861,2.5
58862,2.0
58865,6.5
58866,1.0
58867,3.0
58874,1.0
58878,3.0
58880,0.0
58894,0.0
58897,4.0
58899,0.0
58901,2.0
58908,2.0
58911,5.5
58912,4.0
58914,4.0
58917,4.0
58919,5.0
58922,2.0
58928,7.0
58929,5.333333333333333
58930,0.0
58931,5.0
58932,3.5
58933,3.6666666666666665
58942,4.0
58943,2.0
58944,3.0
58947,2.5
58950,0.0
58952,0.0
58953,2.5
58954,4.0
58960,2.0
58961,1.5
58964,3.0
58966,5.0
58969,4.0
58977,1.5
58979,1.0
58981,1.0
58985,3.0
58986,3.0
58990,4.0
58994,3.0
58997,2.0
58998,1.0
59001,1.5
59004,2.0
59008,1.6666666666666667
59016,2.0
59022,2.0
59023,1.5
59030,4.0
59032,0.0
59035,3.0
59044,2.0
59046,2.0
59049,1.5
59054,1.0
59057,1.0
59058,4.0
59061,4.5
59063,4.0
59066,2.0
59067,2.0
59068,4.0
59069,12.333333333333334
59070,0.0
59075,1.0
59077,4.0
59078,2.3333333333333335
59084,4.5
59085,1.0
59087,1.5
59088,1.5
59090,1.5
59091,1.0
59096,2.5
59101,2.5
59103,4.0
59104,4.0
59105,1.0
59106,4.0
59109,5.0
59118,1.0
59119,0.0
59120,0.0
59121,1.0
59122,2.0
59123,0.0
59126,2.0
59129,3.0
59138,1.0
59140,1.0
59144,0.0
59145,0.0
59146,2.0
59147,1.0
59150,4.0
59154,4.0
59156,3.0
59160,1.5
59165,2.0
59172,0.0
59175,1.0
59177,3.5
59179,0.0
59183,1.0
59188,3.0
59193,4.0
59195,3.0
59199,3.0
59207,2.0
59211,3.0
59212,3.0
59213,2.0
59215,0.0
59216,0.0
59222,2.0
59229,1.0
59234,2.0
59242,2.5
59244,2.0
59247,0.0
59249,2.0
59251,1.0
59253,2.0
59254,2.0
59255,2.0
59257,0.0
59258,5.0
59263,6.0
59265,2.0
59266,2.0
59267,3.5
59270,1.0
59271,2.3333333333333335
59272,1.5
59279,1.0
59281,1.0
59285,0.0
59286,1.5
59291,3.0
59295,0.0
59300,1.0
59301,1.5
59305,1.0
59309,2.0
59310,2.0
59316,2.0
59320,1.0
59323,2.5
59324,0.0
59328,1.0
59330,1.0
59331,0.0
59333,4.0
59335,3.5
59339,5.25
59355,2.0
59375,1.6666666666666667
59377,2.0
59382,2.0
59384,2.0
59387,2.5
59390,6.0
59393,3.0
59396,1.0
59398,0.0
59403,1.0
59406,3.0
59412,5.0
59414,4.0
59416,4.0
59417,4.0
59418,0.0
59421,3.0
59422,1.0
59428,2.0
59429,3.0
59435,0.0
59437,0.0
59438,1.0
59441,1.0
59442,1.0
59445,1.0
59448,2.5
59451,9.0
59452,2.5
59453,0.0
59454,2.0
59464,2.5
59467,3.0
59468,2.0
59470,4.0
59474,2.3333333333333335
59475,1.0
59478,4.0
59480,1.0
59482,1.0
59485,2.6666666666666665
59488,2.0
59498,1.0
59500,4.0
59503,2.5
59504,1.0
59505,1.0
59507,1.0
59509,2.0
59514,0.0
59520,2.3333333333333335
59523,5.0
59529,2.6666666666666665
59533,0.0
59537,2.0
59539,3.0
59540,2.0
59541,2.0
59544,3.5
59547,2.3333333333333335
59549,3.5
59550,1.5
59551,1.25
59553,2.0
59554,1.0
59557,17.0
59558,4.0
59560,0.0
59564,4.0
59569,3.0
59570,1.5
59571,0.0
59574,1.0
59577,1.5
59578,2.0
59580,0.0
59581,2.0
59587,0.0
59589,2.0
59592,1.5
59593,2.0
59594,2.0
59595,2.0
59598,1.0
59599,2.0
59602,1.0
59604,1.5
59617,1.5
59618,3.0
59619,3.0
59620,4.5
59622,2.0
59626,1.0
59631,4.5
59634,1.75
59639,4.0
59644,2.0
59646,1.3333333333333333
59650,4.0
59658,5.0
59659,4.0
59662,7.5
59665,1.0
59666,2.0
59670,0.0
59674,1.5
59675,2.0
59677,1.0
59678,2.0
59679,2.0
59682,0.0
59683,4.0
59688,5.0
59690,1.0
59692,0.0
59699,4.333333333333333
59701,4.333333333333333
59708,2.0
59709,0.0
59710,4.0
59711,4.0
59713,0.0
59717,5.0
59721,4.0
59724,3.0
59725,3.0
59732,2.0
59744,0.0
59747,0.0
59751,5.0
59756,2.0
59759,2.0
59761,0.0
59766,3.3333333333333335
59771,0.0
59774,4.0
59779,4.5
59781,1.0
59786,1.3333333333333333
59787,2.0
59792,2.0
59793,1.0
59796,2.0
59799,5.0
59802,3.0
59816,2.0
59818,1.0
59821,2.0
59822,1.0
59823,0.0
59824,1.0
59827,2.0
59829,1.5
59832,5.5
59835,4.666666666666667
59836,4.666666666666667
59837,4.0
59838,5.0
59839,5.5
59840,5.5
59842,3.0
59843,3.0
59850,2.6666666666666665
59855,2.0
59859,1.0
59860,0.0
59862,2.0
59863,3.6666666666666665
59866,5.0
59869,0.0
59873,5.0
59875,1.5
59877,1.5
59879,2.0
59882,2.5
59883,6.5
59889,2.0
59893,2.5
59894,2.0
59895,2.3333333333333335
59902,3.0
59903,2.0
59904,0.0
59908,2.0
59917,1.0
59919,1.5
59926,1.0
59928,1.0
59934,1.5
59938,1.0
59939,2.0
59943,4.0
59949,2.0
59951,0.0
59952,2.0
59953,2.0
59954,3.0
59960,2.5
59962,0.0
59964,1.0
59965,0.0
59970,1.5
59972,1.0
59979,0.0
59982,4.0
59984,2.0
59988,1.0
59991,1.0
59995,2.0
59997,2.0
60001,1.0
60002,0.0
60003,2.0
60005,1.5
60006,3.0
60008,0.0
60009,1.0
60013,1.0
60020,1.0
60023,1.5
60028,1.0
60031,2.0
60032,0.0
60034,2.0
60037,4.5
60039,2.0
60041,2.3333333333333335
60042,2.5
60043,2.0
60057,3.0
60070,4.0
60072,0.0
60075,0.0
60080,1.0
60086,4.0
60089,1.8
60095,3.0
60097,0.0
60101,4.0
60103,2.0
60106,0.0
60107,3.0
60108,3.25
60110,1.0
60114,1.5
60121,1.0
60123,2.0
60126,6.0
60130,1.5
60131,1.0
60132,0.0
60134,0.0
60135,4.5
60140,9.0
60142,6.0
60144,2.0
60147,3.0
60157,1.6666666666666667
60158,2.0
60159,2.0
60160,3.0
60165,2.5
60170,14.0
60180,1.0
60185,2.5
60186,1.6666666666666667
60188,3.0
60189,2.5
60194,0.0
60195,0.0
60196,3.5
60197,3.5
60204,0.0
60208,3.0
60210,0.0
60211,1.0
60223,0.0
60225,0.0
60226,5.0
60227,5.0
60228,2.0
60230,1.0
60231,1.0
60238,6.0
60240,0.0
60242,0.0
60246,0.0
60247,0.0
60256,2.25
60261,0.0
60262,1.0
60265,2.6666666666666665
60267,1.0
60270,1.0
60271,2.0
60272,1.6666666666666667
60281,3.0
60284,4.0
60285,1.0
60290,2.0
60292,2.5
60294,2.5
60306,5.0
60307,0.0
60309,1.0
60310,1.0
60313,0.0
60315,3.0
60318,1.0
60321,1.0
60325,2.0
60326,3.0
60328,0.0
60334,3.0
60338,1.6666666666666667
60343,3.5
60348,3.6666666666666665
60351,2.0
60352,1.0
60354,2.0
60355,2.0
60361,0.0
60364,0.0
60368,1.0
60374,2.0
60378,3.3333333333333335
60379,2.5
60380,2.5
60381,5.0
60382,2.5
60385,0.0
60387,2.0
60388,3.0
60390,2.5
60398,3.0
60399,3.0
60409,1.0
60412,3.0
60415,1.0
60416,1.5
60418,3.0
60420,0.0
60424,2.5
60428,2.0
60430,1.6666666666666667
60434,0.0
60435,3.0
60438,3.6666666666666665
60451,5.0
60457,3.0
60458,3.0
60459,0.0
60462,1.0
60463,1.0
60466,0.0
60472,5.0
60474,1.0
60481,2.5
60482,0.0
60485,0.0
60486,1.0
60487,3.0
60489,4.0
60490,3.0
60493,2.2
60494,2.6666666666666665
60495,2.0
60497,2.0
60498,2.5
60500,3.5
60502,3.5
60504,1.0
60514,4.5
60516,4.0
60517,4.5
60519,0.0
60526,5.0
60530,8.0
60532,2.0
60533,4.0
60534,6.5
60536,3.0
60537,3.0
60538,4.0
60540,4.0
60544,2.0
60551,4.5
60552,4.5
60563,4.0
60568,1.0
60569,2.3333333333333335
60570,2.3333333333333335
60573,1.0
60578,2.5
60582,2.5
60583,2.0
60587,2.0
60591,3.5
60592,3.5
60599,2.0
60601,1.0
60608,1.0
60611,1.0
60613,2.25
60615,1.5
60620,1.0
60622,0.0
60623,1.0
60625,2.0
60628,1.0
60634,3.0
60637,0.0
60639,2.0
60641,2.5
60642,3.5
60643,3.0
60645,2.3333333333333335
60646,3.5
60647,3.5
60655,4.0
60658,2.0
60660,0.0
60664,1.0
60665,2.5
60667,1.0
60670,3.5
60671,3.3333333333333335
60677,2.75
60684,3.0
60685,3.0
60689,3.0
60690,3.0
60693,4.0
60694,6.5
60699,1.0
60700,6.5
60706,6.5
60707,1.0
60713,5.0
60715,3.0
60716,7.0
60717,4.5
60718,3.0
60721,2.0
60722,2.3333333333333335
60723,3.3333333333333335
60724,2.5
60725,0.0
60727,2.0
60728,2.0
60734,1.5
60739,1.3333333333333333
60740,0.0
60741,0.0
60743,1.6666666666666667
60744,1.5
60747,4.0
60748,2.0
60749,1.0
60753,3.3333333333333335
60755,1.0
60758,2.0
60762,3.0
60763,1.0
60771,0.0
60774,0.0
60776,2.0
60777,4.0
60780,3.0
60781,0.0
60784,3.0
60787,2.0
60790,1.5
60794,1.5
60795,2.0
60798,1.0
60799,4.0
60801,3.0
60803,6.5
60804,8.0
60806,2.0
60808,4.0
60810,4.0
60813,1.0
60814,1.0
60816,8.5
60817,1.5
60818,2.0
60823,4.0
60825,3.5
60827,1.0
60829,1.0
60832,0.0
60834,1.0
60850,3.0
60851,0.0
60854,2.0
60855,1.6666666666666667
60857,2.5
60859,2.5
60862,1.0
60866,4.0
60867,0.0
60872,1.5
60875,2.0
60877,5.0
60878,1.0
60880,1.0
60883,1.0
60884,2.0
60887,0.0
60889,2.0
60891,2.0
60892,1.0
60893,1.5
60894,2.0
60896,1.0
60901,0.0
60902,0.0
60905,5.0
60906,5.0
60907,3.0
60910,3.3333333333333335
60911,2.0
60913,4.5
60916,2.0
60922,2.0
60927,0.0
60929,2.0
60935,1.5
60936,1.0
60937,1.5
60944,3.5
60945,3.0
60952,1.0
60954,1.0
60956,1.0
60960,1.0
60961,1.0
60963,2.0
60964,1.0
60965,0.0
60966,1.0
60969,1.0
60972,1.0
60973,3.0
60974,2.0
60981,4.5
60986,0.0
60990,3.5
60991,0.0
60996,2.6666666666666665
60997,0.0
61001,0.0
61006,0.0
61013,0.0
61019,0.0
61023,3.0
61029,4.5
61030,4.0
61031,4.0
61032,3.6666666666666665
61033,7.0
61034,2.6666666666666665
61035,2.0
61036,1.0
61039,2.3333333333333335
61041,3.0
61044,1.0
61048,1.0
61052,1.0
61056,2.0
61064,0.0
61068,0.0
61070,2.0
61072,2.0
61073,3.5
61076,7.5
61077,5.666666666666667
61078,2.0
61079,2.0
61084,1.5
61085,2.0
61086,1.5
61090,2.3333333333333335
61092,1.0
61094,5.0
61096,5.0
61099,1.0
61106,3.0
61108,1.5
61109,3.5
61118,10.0
61129,1.5
61132,4.0
61137,3.0
61143,2.5
61147,0.0
61152,0.0
61156,3.0
61164,3.3333333333333335
61167,2.0
61170,3.0
61171,3.0
61175,0.0
61180,3.0
61187,1.0
61192,1.0
61193,2.0
61194,0.0
61198,2.0
61200,3.0
61201,1.5
61205,1.5
61207,1.5
61208,3.0
61209,3.0
61210,3.0
61212,2.5
61218,0.0
61222,2.0
61223,3.0
61224,3.0
61225,1.0
61227,5.0
61228,3.0
61236,1.0
61240,2.0
61255,1.6666666666666667
61260,1.0
61264,0.0
61266,3.0
61267,0.0
61275,2.0
61282,1.5
61283,2.0
61284,3.3333333333333335
61285,3.0
61287,6.0
61288,6.0
61289,3.5
61290,3.5
61293,3.3333333333333335
61296,1.0
61299,1.0
61305,1.3333333333333333
61308,2.0
61313,4.0
61315,2.0
61317,4.0
61318,4.0
61323,4.0
61327,4.0
61331,2.0
61333,1.0
61336,2.3333333333333335
61337,5.0
61338,5.0
61340,3.0
61342,1.0
61346,1.5
61347,0.0
61349,2.3333333333333335
61352,4.0
61364,3.0
61366,0.0
61368,0.0
61369,3.0
61370,0.0
61374,2.0
61377,1.0
61378,2.0
61381,2.0
61383,1.0
61385,1.3333333333333333
61386,5.666666666666667
61387,2.0
61388,2.0
61390,6.0
61396,8.5
61399,1.3333333333333333
61409,7.0
61414,7.0
61417,0.0
61418,2.0
61421,1.0
61423,3.0
61426,3.0
61427,3.0
61428,3.0
61431,5.0
61435,4.0
61436,2.0
61439,8.0
61440,2.0
61445,0.0
61446,2.0
61452,3.0
61454,3.0
61458,3.5
61466,3.0
61468,2.5
61470,0.0
61471,1.3333333333333333
61472,4.0
61474,1.0
61479,3.5
61480,3.5
61481,5.0
61482,4.0
61483,3.6666666666666665
61484,3.5
61485,5.0
61486,5.333333333333333
61494,2.0
61495,0.0
61496,1.0
61498,1.8
61499,3.6666666666666665
61500,3.3333333333333335
61502,2.0
61503,1.0
61504,5.0
61506,4.0
61508,3.0
61510,1.0
61511,5.0
61512,5.0
61514,5.0
61516,3.0
61518,1.0
61524,2.0
61528,15.0
61530,1.0
61533,3.0
61540,1.0
61541,3.0
61542,10.0
61544,0.0
61549,0.0
61554,2.6666666666666665
61555,3.0
61564,3.0
61568,3.6666666666666665
61574,3.5
61576,5.0
61581,2.0
61582,2.0
61584,2.0
61588,0.0
61589,2.0
61592,2.0
61598,0.0
61599,3.0
61602,0.0
61604,0.0
61605,2.0
61606,1.0
61608,2.0
61610,2.5
61616,1.0
61629,1.0
61633,0.0
61634,2.0
61636,2.0
61638,2.0
61639,3.0
61640,0.0
61641,2.0
61645,1.0
61647,3.0
61651,1.5
61653,2.0
61655,0.0
61656,1.5
61660,1.5
61661,2.0
61662,3.0
61664,1.0
61667,2.0
61668,3.0
61672,5.5
61673,5.0
61678,2.0
61679,1.0
61680,1.0
61687,0.0
61691,0.0
61692,4.0
61693,3.0
61695,1.5
61696,0.0
61700,8.5
61701,8.5
61704,0.0
61709,2.0
61710,0.0
61712,1.3333333333333333
61713,1.0
61723,1.0
61726,3.0
61728,0.0
61729,0.0
61730,0.0
61735,2.0
61740,2.0
61741,2.0
61742,0.0
61746,0.0
61747,3.0
61751,2.0
61753,2.0
61758,1.0
61759,2.0
61761,1.5
61766,3.5
61772,1.0
61773,1.6666666666666667
61774,2.0
61777,2.0
61788,1.5
61791,2.0
61792,2.0
61793,2.5
61797,1.0
61799,3.0
61800,3.0
61801,3.0
61802,2.0
61804,2.0
61805,2.0
61806,2.0
61808,1.0
61815,1.0
61816,4.0
61817,0.0
61823,4.0
61824,1.5
61826,1.25
61827,0.0
61837,1.5
61841,0.0
61845,0.0
61846,0.0
61849,2.0
61851,7.0
61854,3.5
61858,3.0
61864,1.0
61865,3.5
61866,3.5
61868,2.5
61869,1.0
61881,0.0
61883,4.0
61884,5.5
61885,1.5
61889,1.0
61892,0.0
61893,0.0
61894,3.0
61897,4.0
61898,0.0
61899,1.0
61904,1.0
61908,0.0
61913,3.0
61914,1.5
61915,2.5
61918,2.0
61919,2.0
61920,1.0
61924,1.0
61925,2.5
61933,2.0
61937,6.0
61939,1.0
61953,1.0
61963,2.6666666666666665
61966,3.3333333333333335
61978,3.0
61979,1.6666666666666667
61980,1.0
61982,1.0
61986,2.0
61987,2.0
61988,1.0
61990,1.0
61994,3.0
61999,4.5
62000,5.0
62002,3.5
62006,1.0
62007,1.0
62016,2.0
62017,1.5
62018,3.0
62024,3.5
62028,2.0
62036,6.0
62038,2.6666666666666665
62039,1.5
62043,5.0
62044,1.0
62052,0.0
62056,1.0
62060,3.0
62063,1.0
62065,1.0
62070,2.3333333333333335
62073,3.0
62076,2.5
62087,5.333333333333333
62088,6.0
62097,8.0
62098,6.0
62106,0.0
62107,3.0
62109,2.5
62110,2.5
62113,0.0
62114,10.0
62117,1.0
62120,8.0
62121,6.5
62123,1.0
62124,1.5
62125,1.5
62133,2.0
62134,1.6666666666666667
62136,5.0
62137,4.5
62141,2.3333333333333335
62142,3.0
62146,3.0
62150,0.0
62154,2.0
62155,5.0
62157,0.0
62162,7.0
62164,3.0
62167,0.0
62168,0.0
62173,1.0
62178,0.0
62180,0.0
62183,2.6666666666666665
62184,1.0
62185,4.0
62188,1.0
62189,2.3333333333333335
62190,4.0
62192,3.0
62194,3.0
62201,1.0
62203,0.0
62207,5.0
62209,2.0
62211,0.0
62213,6.0
62218,5.333333333333333
62219,0.0
62220,0.0
62223,3.0
62235,8.0
62236,0.0
62240,6.0
62244,0.0
62245,0.0
62247,1.0
62248,9.0
62255,3.0
62257,1.0
62260,1.5
62262,2.5
62263,1.0
62265,0.0
62267,2.0
62270,2.0
62271,2.6666666666666665
62272,0.0
62276,3.0
62287,1.5
62288,2.0
62290,1.0
62299,3.0
62307,3.0
62309,3.0
62318,3.5
62324,2.0
62330,1.0
62332,1.0
62342,1.0
62343,5.5
62346,3.0
62347,3.0
62349,2.0
62350,3.0
62352,1.3333333333333333
62356,4.5
62358,0.0
62361,0.0
62363,1.5
62368,2.5
62369,2.0
62371,2.0
62372,0.0
62374,0.0
62377,3.0
62381,0.0
62384,2.0
62389,3.5
62391,4.0
62392,3.5
62393,0.0
62396,0.0
62399,3.0
62400,3.3333333333333335
62403,3.5
62404,3.5
62408,1.0
62410,6.0
62420,3.0
62422,1.0
62426,1.0
62433,2.0
62441,1.5
62444,5.0
62449,5.0
62452,0.0
62453,0.0
62455,5.0
62459,1.0
62460,0.0
62472,1.0
62475,2.0
62476,2.3333333333333335
62477,2.3333333333333335
62481,1.0
62482,2.0
62485,5.0
62486,2.5
62489,0.0
62493,5.5
62495,2.0
62497,2.0
62500,2.5
62507,2.5
62509,3.25
62513,2.0
62521,2.0
62523,5.0
62532,0.0
62536,2.5
62539,3.0
62543,3.0
62546,3.0
62557,0.0
62561,2.0
62563,0.0
62573,1.0
62576,1.0
62578,1.5
62579,1.25
62583,1.5
62584,0.0
62586,0.0
62587,2.0
62589,3.0
62594,3.0
62602,3.0
62603,1.0
62606,1.0
62607,3.0
62609,3.0
62610,3.0
62611,3.0
62615,0.0
62625,3.0
62626,3.3333333333333335
62627,0.0
62628,4.0
62630,2.0
62634,1.0
62636,2.0
62638,4.5
62639,7.0
62642,3.0
62650,3.5
62651,3.5
62653,0.0
62655,0.0
62657,2.0
62658,0.0
62659,3.0
62661,0.0
62662,1.0
62665,0.0
62672,2.0
62675,12.0
62681,1.0
62682,0.0
62685,5.0
62687,8.0
62689,5.0
62690,2.5
62691,2.0
62692,2.0
62694,1.0
62696,0.0
62700,1.0
62701,0.0
62703,1.5
62707,1.6666666666666667
62708,1.5
62717,1.0
62722,1.0
62723,2.0
62725,2.0
62727,1.5
62730,4.0
62732,12.5
62741,16.0
62745,2.5
62749,2.3333333333333335
62753,1.5
62757,2.25
62762,6.0
62763,1.3333333333333333
62764,4.0
62769,2.0
62770,3.0
62772,2.0
62777,0.0
62779,0.0
62782,0.0
62783,1.0
62786,1.0
62805,0.0
62807,2.5
62808,1.5
62811,0.0
62815,11.0
62821,0.0
62825,3.0
62826,3.5
62827,2.5
62834,14.0
62839,3.0
62841,3.0
62842,3.0
62846,1.0
62848,1.0
62849,1.0
62851,3.0
62852,1.0
62859,2.5
62865,6.0
62868,0.0
62876,4.0
62879,3.0
62880,4.5
62888,3.0
62889,1.5
62891,0.0
62892,2.0
62893,2.0
62894,0.0
62896,0.0
62898,3.0
62899,2.5
62904,1.0
62905,3.5
62907,1.0
62908,1.5
62909,2.0
62910,2.5
62912,2.0
62913,1.5
62914,2.0
62916,2.0
62923,1.0
62936,2.5
62937,1.0
62941,0.0
62943,2.0
62946,0.0
62959,3.0
62961,2.5
62962,1.0
62965,2.5
62966,2.0
62970,3.0
62972,3.0
62974,3.0
62976,3.0
62987,1.0
62992,0.0
62994,3.5
62996,0.0
62998,9.0
63001,1.0
63006,2.0
63007,2.6666666666666665
63012,1.5
63027,4.0
63028,3.5
63030,4.0
63032,1.0
63033,4.0
63035,2.3333333333333335
63037,2.3333333333333335
63039,2.3333333333333335
63042,1.0
63045,2.0
63048,7.5
63061,1.0
63063,2.0
63071,7.0
63073,6.0
63079,4.0
63091,4.0
63097,0.0
63098,0.0
63099,2.0
63100,2.0
63101,1.0
63102,0.0
63112,1.5
63113,1.5
63115,3.0
63118,1.5
63124,2.0
63128,1.0
63131,2.5
63132,1.0
63136,6.0
63137,2.5
63139,4.5
63141,2.0
63142,1.5
63144,2.6666666666666665
63147,0.0
63148,2.0
63149,2.0
63150,2.5
63152,1.0
63155,0.0
63160,1.0
63161,1.0
63166,0.0
63170,2.3333333333333335
63173,2.0
63176,1.0
63182,2.0
63183,3.0
63186,0.0
63191,1.5
63197,2.5
63200,2.0
63201,1.0
63206,2.5
63207,2.0
63208,3.0
63211,0.0
63216,2.0
63221,5.333333333333333
63222,8.0
63223,8.0
63224,1.0
63225,7.5
63226,7.5
63227,7.5
63232,7.333333333333333
63234,7.5
63237,2.0
63241,8.0
63247,2.6666666666666665
63253,3.0
63256,1.0
63262,0.0
63264,1.3333333333333333
63267,2.0
63273,0.0
63277,1.0
63287,0.0
63288,0.0
63289,2.5
63291,2.0
63292,2.0
63293,2.0
63295,2.0
63298,2.3333333333333335
63302,4.0
63306,2.0
63316,0.0
63326,4.0
63330,3.0
63331,0.0
63335,2.0
63338,3.0
63340,3.0
63341,3.5
63349,6.0
63350,1.0
63354,3.0
63355,3.0
63356,1.0
63362,2.0
63369,1.5
63372,3.0
63373,3.0
63374,3.5
63382,1.3333333333333333
63383,2.0
63386,0.0
63387,0.0
63388,0.0
63392,0.0
63395,0.0
63398,0.0
63399,3.0
63402,1.0
63406,5.0
63407,5.0
63411,1.0
63412,2.0
63416,2.0
63418,3.0
63431,5.0
63440,0.0
63441,2.0
63453,1.5
63455,2.5
63456,2.6666666666666665
63460,6.5
63461,4.0
63465,2.5
63470,4.333333333333333
63472,4.0
63474,1.0
63477,2.6666666666666665
63478,3.5
63479,5.0
63481,0.0
63482,3.5
63486,1.0
63494,2.0
63497,11.666666666666666
63501,10.5
63505,1.0
63506,3.0
63508,1.5
63509,2.0
63515,1.0
63516,1.0
63517,1.0
63518,1.0
63519,1.0
63521,1.5
63529,4.5
63532,3.0
63534,4.0
63539,3.5
63546,1.5
63550,3.5
63555,3.0
63557,2.0
63560,0.0
63565,2.0
63567,2.75
63569,2.6666666666666665
63570,10.5
63571,5.0
63572,1.0
63582,3.0
63584,4.0
63586,0.0
63589,3.5
63592,5.0
63594,3.0
63595,2.0
63597,4.666666666666667
63605,2.3333333333333335
63608,4.0
63613,1.5
63614,2.5
63615,2.0
63618,1.5
63621,1.0
63624,0.0
63626,3.0
63627,0.0
63628,1.0
63630,4.0
63632,7.0
63633,3.3333333333333335
63636,5.0
63639,3.0
63644,1.0
63645,1.0
63648,4.5
63651,1.5
63653,5.0
63657,1.0
63659,1.6666666666666667
63663,0.0
63665,1.3333333333333333
63669,2.0
63672,1.5
63676,2.0
63677,1.5
63678,5.0
63681,1.0
63683,1.0
63684,1.5
63686,6.5
63690,6.0
63692,6.0
63693,1.0
63705,3.0
63708,1.5
63714,0.0
63719,5.5
63727,3.0
63732,4.0
63733,1.0
63735,2.0
63737,3.0
63745,0.0
63747,2.0
63748,2.0
63749,2.0
63750,0.0
63751,1.0
63753,3.5
63755,2.0
63758,4.0
63765,1.0
63766,3.0
63774,1.3333333333333333
63776,2.6666666666666665
63781,1.5
63786,5.0
63787,7.0
63789,12.0
63796,1.0
63797,0.0
63798,1.0
63799,1.0
63800,2.0
63801,1.5
63807,1.5
63809,1.0
63815,1.0
63816,0.0
63826,0.0
63828,1.0
63830,0.0
63834,2.0
63840,1.0
63841,1.5
63846,1.5
63849,3.6666666666666665
63854,2.5
63856,2.0
63857,1.5
63858,0.0
63859,3.0
63862,2.3333333333333335
63863,4.0
63867,1.0
63877,2.5
63878,1.5
63879,2.3333333333333335
63880,2.0
63883,9.0
63893,6.5
63895,4.0
63896,4.0
63902,6.0
63904,6.0
63906,4.0
63908,1.0
63914,2.0
63917,3.0
63919,1.3333333333333333
63921,7.0
63929,1.3333333333333333
63932,1.0
63938,1.5
63940,9.0
63949,0.0
63950,0.0
63951,0.0
63952,1.0
63955,2.5
63965,2.0
63967,0.0
63968,1.0
63969,4.0
63972,2.25
63973,2.5
63976,3.0
63982,1.0
63984,2.5
63985,3.0
63987,2.0
63994,4.0
63995,1.0
63997,6.0
63998,1.5
64000,4.0
64004,5.333333333333333
64006,1.0
64009,1.0
64012,3.5
64013,3.5
64014,3.5
64019,3.5
64023,1.6666666666666667
64025,0.0
64026,2.0
64029,6.0
64031,9.5
64034,1.0
64036,4.5
64039,0.0
64048,1.5
64055,2.0
64059,5.0
64063,5.0
64066,3.6666666666666665
64071,3.6666666666666665
64073,4.333333333333333
64074,3.5
64075,1.0
64081,6.0
64082,3.0
64084,4.0
64087,6.0
64089,6.0
64091,2.0
64092,2.5
64094,2.0
64095,3.0
64096,1.0
64105,2.0
64108,1.0
64109,1.0
64111,2.0
64115,4.0
64117,4.0
64120,0.0
64125,2.6666666666666665
64132,6.0
64137,1.5
64138,2.0
64139,2.0
64140,0.0
64143,5.5
64144,1.5
64147,0.0
64149,5.0
64153,2.0
64159,0.0
64161,1.5
64163,2.0
64168,2.0
64170,1.0
64173,1.0
64174,4.0
64175,3.0
64177,3.5
64178,3.5
64185,4.0
64186,2.0
64188,1.0
64192,2.0
64194,2.0
64197,2.0
64201,3.0
64202,1.0
64207,1.25
64212,1.0
64213,1.0
64221,3.3333333333333335
64223,1.0
64227,1.0
64231,2.0
64233,0.0
64234,2.0
64240,1.5
64246,2.0
64248,1.5
64249,1.5
64250,2.0
64253,0.0
64257,3.0
64261,0.0
64266,1.0
64271,0.0
64280,10.0
64282,8.0
64283,9.5
64286,0.0
64287,2.0
64297,0.0
64298,1.0
64305,1.0
64307,2.0
64308,1.75
64314,1.5
64315,0.0
64321,2.0
64324,2.0
64325,2.0
64328,1.6666666666666667
64329,0.0
64330,1.0
64331,2.0
64332,3.0
64334,2.5
64335,2.5
64336,2.5
64340,1.0
64345,0.0
64347,1.0
64356,1.0
64366,2.0
64370,1.0
64372,2.0
64377,2.3333333333333335
64379,2.0
64383,1.0
64384,0.0
64389,1.5
64391,1.0
64392,0.0
64395,4.0
64398,0.0
64399,3.0
64403,1.0
64407,3.0
64408,2.5
64409,2.3333333333333335
64410,2.3333333333333335
64414,2.5
64415,0.0
64418,0.0
64420,1.0
64421,0.0
64423,5.0
64424,1.5
64429,3.5
64431,3.0
64432,2.25
64445,1.5
64447,2.0
64450,2.0
64452,2.0
64453,2.5
64459,0.0
64460,2.0
64461,2.0
64463,2.6666666666666665
64464,3.5
64467,1.0
64472,3.0
64473,2.0
64477,2.0
64479,0.0
64480,0.0
64484,0.0
64485,2.0
64487,0.0
64493,0.0
64494,5.0
64501,3.0
64502,4.0
64506,2.3333333333333335
64518,5.0
64528,2.5
64529,3.0
64530,3.3333333333333335
64531,3.0
64532,3.0
64533,3.0
64536,2.3333333333333335
64538,2.0
64550,1.0
64552,3.0
64566,3.0
64567,3.0
64568,3.0
64570,2.0
64571,1.0
64577,5.0
64580,3.5
64593,3.5
64595,2.5
64601,1.0
64603,3.6666666666666665
64610,1.5
64614,2.0
64620,2.0
64621,2.0
64623,2.3333333333333335
64626,2.0
64628,1.5
64632,0.0
64633,1.5
64635,1.0
64636,2.0
64639,2.0
64641,1.0
64643,1.5
64646,6.0
64648,4.0
64650,2.0
64651,2.0
64652,1.0
64653,2.5
64656,1.5
64658,2.0
64659,2.0
64663,0.0
64669,0.0
64672,6.0
64673,6.0
64675,1.0
64676,4.0
64680,1.5
64682,0.0
64685,1.0
64690,2.5
64695,2.0
64696,3.5
64698,4.0
64700,0.0
64701,0.0
64702,4.0
64706,2.0
64715,1.0
64718,1.5
64719,3.0
64721,7.0
64724,1.0
64727,4.0
64729,1.0
64730,0.0
64741,0.0
64742,2.0
64743,3.0
64746,1.6666666666666667
64747,1.6666666666666667
64749,1.3333333333333333
64750,1.0
64752,0.0
64753,0.0
64755,1.5
64761,2.5
64766,3.5
64769,2.0
64773,1.0
64774,1.3333333333333333
64775,2.0
64780,0.0
64784,1.3333333333333333
64786,1.3333333333333333
64797,5.0
64800,1.0
64801,0.0
64804,0.0
64810,4.0
64813,3.5
64816,0.0
64822,1.0
64823,2.5
64824,3.0
64829,3.5
64832,4.0
64835,3.0
64837,1.5
64841,2.0
64842,0.0
64850,2.0
64851,2.3333333333333335
64869,0.0
64874,0.0
64875,0.0
64877,8.0
64878,2.6666666666666665
64879,6.0
64880,6.0
64882,2.5
64883,3.0
64885,5.0
64886,6.5
64888,3.5
64889,2.0
64891,0.0
64893,1.5
64895,1.0
64900,4.5
64901,4.5
64906,3.0
64910,2.0
64914,3.5
64918,2.0
64921,1.0
64924,2.5
64927,0.0
64932,2.6666666666666665
64936,1.75
64938,2.0
64939,1.0
64947,5.0
64950,1.0
64951,0.0
64956,4.0
64957,1.75
64962,2.0
64965,2.0
64966,1.0
64975,2.0
64977,3.0
64982,2.0
64986,2.5
64992,1.5
64993,0.0
64994,6.0
64995,3.0
64997,1.0
65015,3.0
65017,1.3333333333333333
65019,3.0
65022,1.0
65025,2.0
65027,2.0
65029,2.0
65030,2.0
65031,2.3333333333333335
65033,2.0
65034,3.0
65035,3.0
65039,2.0
65040,5.0
65042,2.6666666666666665
65043,3.0
65045,1.0
65049,1.0
65050,2.0
65052,1.0
65054,0.0
65055,0.0
65060,4.0
65061,1.0
65064,4.333333333333333
65065,2.0
65067,2.0
65072,1.5
65073,0.0
65076,3.0
65079,2.5
65083,3.0
65084,0.0
65086,1.0
65089,1.0
65090,1.0
65092,0.0
65093,1.0
65095,2.3333333333333335
65099,6.0
65104,1.5
65109,2.0
65113,1.0
65115,10.0
65119,0.0
65120,2.0
65128,1.0
65130,1.0
65131,2.5
65132,2.0
65133,2.0
65135,2.0
65136,4.0
65141,4.0
65146,2.0
65147,0.0
65149,2.0
65150,0.0
65153,3.0
65155,2.0
65166,5.0
65167,0.0
65170,4.0
65181,0.0
65189,1.0
65190,1.0
65191,0.0
65192,2.5
65193,4.0
65196,1.5
65198,2.5
65207,2.0
65215,2.0
65217,2.5
65227,1.0
65238,0.0
65241,2.0
65242,1.5
65245,3.0
65251,5.0
65254,3.0
65263,2.5
65264,4.0
65265,1.0
65274,2.0
65278,1.0
65283,0.0
65290,1.0
65293,3.3333333333333335
65297,3.0
65298,3.5
65305,1.0
65307,1.0
65308,2.5
65309,1.0
65311,1.5
65321,6.0
65323,2.0
65327,3.0
65328,1.0
65331,3.6666666666666665
65332,2.5
65334,2.0
65335,1.6666666666666667
65336,7.0
65337,8.0
65338,4.0
65343,2.0
65345,2.3333333333333335
65347,0.0
65348,2.5
65353,1.0
65356,2.0
65357,3.0
65359,1.5
65367,3.0
65368,3.0
65372,1.0
65373,1.5
65374,5.5
65376,7.0
65379,3.0
65380,2.3333333333333335
65381,1.5
65382,3.0
65383,2.5
65387,3.0
65392,4.0
65406,0.0
65408,1.0
65419,3.5
65420,1.5
65421,2.5
65424,5.25
65426,2.0
65428,1.0
65429,0.0
65440,2.5
65441,1.0
65449,1.0
65457,1.5
65461,1.0
65475,1.0
65476,1.0
65479,2.5
65482,4.0
65486,6.0
65491,1.0
65501,2.0
65505,2.0
65506,0.0
65510,1.5
65511,0.0
65514,1.0
65516,1.0
65518,0.0
65521,3.0
65524,2.0
65526,3.5
65531,3.0
65536,2.0
65537,1.0
65539,2.0
65545,0.0
65546,5.0
65552,0.0
65555,2.5
65561,2.0
65562,4.0
65566,3.0
65567,1.0
65570,2.5
65573,3.0
65574,3.5
65576,2.0
65577,1.5
65578,1.6666666666666667
65583,1.0
65590,3.0
65602,1.5
65606,3.0
65607,1.0
65611,2.0
65612,2.5
65619,2.0
65621,3.3333333333333335
65622,2.8
65625,2.0
65627,3.0
65630,4.0
65632,0.0
65635,2.0
65638,2.0
65639,2.0
65641,2.0
65643,1.0
65644,1.0
65645,2.0
65650,1.6666666666666667
65653,0.0
65655,2.0
65656,3.0
65657,2.0
65664,2.0
65666,1.0
65667,1.0
65672,2.5
65673,3.0
65680,0.0
65686,4.0
65687,0.0
65688,4.0
65689,4.0
65695,1.0
65699,2.0
65700,1.5
65701,1.6666666666666667
65703,6.0
65711,3.3333333333333335
65713,3.0
65715,1.6666666666666667
65717,1.5
65718,1.5
65719,1.5
65723,2.0
65727,4.0
65746,1.0
65747,1.3333333333333333
65748,1.6666666666666667
65749,2.125
65750,1.6666666666666667
65754,2.0
65759,2.0
65764,0.0
65767,1.0
65771,4.0
65772,1.5
65773,2.5
65778,0.0
65780,1.0
65785,2.5
65786,2.0
65788,0.0
65789,3.0
65795,0.0
65800,3.0
65814,3.0
65818,3.0
65821,1.0
65826,0.0
65828,0.0
65834,2.0
65839,2.0
65848,3.0
65850,3.0
65851,9.0
65852,9.0
65853,4.0
65856,0.0
65859,7.0
65864,1.0
65868,0.0
65873,5.0
65875,3.0
65879,4.666666666666667
65881,4.5
65886,3.5
65891,1.0
65892,0.0
65896,1.3333333333333333
65899,1.5
65901,3.0
65903,3.0
65906,3.0
65907,2.0
65908,5.5
65914,1.0
65920,4.0
65922,4.0
65925,0.0
65927,1.5
65931,1.0
65932,1.5
65939,2.0
65940,0.0
65944,3.75
65954,7.0
65959,0.0
65960,0.0
65961,3.0
65962,0.0
65966,2.0
65968,3.0
65970,4.0
65974,2.0
65981,1.0
65983,4.0
65989,1.0
65990,2.5
65991,3.0
65994,1.0
65996,0.0
65998,4.0
66002,0.0
66003,2.0
66004,2.5
66005,1.0
66008,3.0
66009,1.0
66010,0.0
66017,3.3333333333333335
66024,1.0
66029,3.0
66032,3.0
66033,3.0
66034,4.333333333333333
66047,2.5
66048,2.5
66052,4.0
66057,4.0
66058,2.4
66060,3.0
66061,2.0
66063,8.5
66068,2.3333333333333335
66069,2.3333333333333335
66072,2.0
66074,2.5
66076,5.0
66085,0.0
66086,3.0
66087,1.5
66088,0.0
66094,1.6666666666666667
66095,2.0
66099,1.0
66101,3.0
66105,0.0
66112,1.0
66115,2.5
66120,1.0
66122,1.0
66123,2.0
66125,3.0
66132,3.0
66134,2.3333333333333335
66136,1.6666666666666667
66138,2.6666666666666665
66139,1.0
66141,1.0
66142,1.0
66144,2.5
66145,2.5
66154,1.5
66156,1.0
66159,2.0
66165,2.0
66171,0.0
66173,0.0
66178,2.6666666666666665
66181,0.0
66182,7.0
66185,1.0
66187,1.3333333333333333
66188,1.5
66192,1.0
66194,1.0
66195,9.0
66197,2.0
66200,1.0
66201,1.0
66203,0.0
66207,1.0
66209,0.0
66211,1.5
66214,1.0
66227,2.0
66229,1.6666666666666667
66230,1.0
66231,1.0
66232,0.0
66233,2.3333333333333335
66236,4.0
66251,0.0
66255,1.0
66256,2.0
66258,1.5
66259,1.5
66260,1.0
66262,1.5
66263,2.0
66264,1.0
66266,2.0
66269,1.0
66272,4.0
66273,2.0
66275,1.0
66276,1.0
66278,5.0
66281,3.5
66284,3.3333333333333335
66295,3.5
66299,1.0
66300,1.0
66306,2.6666666666666665
66317,3.0
66319,1.5
66320,2.0
66326,0.0
66332,1.0
66333,0.0
66335,0.0
66337,0.0
66338,2.0
66345,2.0
66347,2.3333333333333335
66349,2.0
66350,1.6666666666666667
66353,2.0
66354,2.0
66360,1.0
66371,1.0
66372,1.0
66373,1.0
66374,1.0
66375,1.0
66383,2.0
66384,5.0
66385,2.0
66389,1.5
66390,3.6666666666666665
66391,0.0
66392,5.0
66395,2.0
66400,1.0
66401,1.0
66402,1.5
66409,0.0
66410,0.0
66411,2.0
66413,4.0
66417,2.5
66421,1.0
66426,2.0
66427,1.5
66429,1.6666666666666667
66430,1.5
66432,1.0
66439,1.0
66443,2.0
66447,2.25
66457,4.0
66459,6.0
66460,4.0
66466,5.5
66468,0.0
66473,2.0
66474,1.0
66475,1.0
66477,1.0
66481,3.0
66483,1.0
66484,2.0
66486,12.333333333333334
66492,1.0
66494,2.0
66495,1.0
66505,1.0
66511,1.0
66522,2.0
66523,2.0
66528,2.0
66530,0.0
66531,3.5
66534,1.0
66538,3.0
66545,0.0
66551,1.5
66561,4.0
66562,3.5
66563,1.0
66564,2.3333333333333335
66568,7.0
66569,1.0
66570,1.0
66572,2.5
66577,1.0
66578,1.3333333333333333
66584,1.5
66588,1.0
66589,4.5
66597,2.3333333333333335
66598,1.0
66599,1.0
66600,3.5
66604,4.0
66608,2.0
66610,1.6666666666666667
66614,1.6666666666666667
66617,1.5
66625,2.6666666666666665
66630,1.0
66631,1.0
66632,1.0
66633,1.0
66639,7.0
66645,6.0
66647,2.0
66653,3.0
66654,2.3333333333333335
66657,3.0
66659,2.0
66660,2.0
66665,1.5
66669,0.0
66671,1.5
66678,7.666666666666667
66682,1.0
66686,1.3333333333333333
66707,5.0
66712,0.0
66713,5.0
66717,1.0
66719,0.0
66720,2.5
66721,4.5
66726,6.0
66730,2.6666666666666665
66737,1.0
66738,1.0
66739,2.0
66750,0.0
66756,1.6666666666666667
66758,8.333333333333334
66761,2.0
66764,6.0
66766,2.0
66768,5.0
66769,1.0
66775,2.0
66776,1.0
66780,1.5
66781,2.0
66782,2.0
66783,2.0
66786,1.0
66791,2.5
66792,1.0
66793,2.0
66794,1.5
66795,2.0
66797,2.0
66800,0.0
66802,3.0
66804,1.0
66809,2.0
66815,2.5
66816,2.0
66822,7.0
66824,1.5
66825,2.0
66830,3.75
66831,7.0
66833,6.0
66835,6.0
66837,1.0
66839,2.5
66843,2.75
66844,3.5
66850,1.0
66851,2.0
66856,2.0
66857,3.5
66859,2.0
66861,2.75
66862,3.5
66863,2.0
66865,2.0
66866,3.0
66868,3.0
66869,3.0
66870,1.0
66874,1.5
66876,3.6666666666666665
66879,0.0
66882,0.0
66883,2.0
66886,1.5
66888,2.0
66889,2.5
66890,5.0
66891,5.0
66892,0.0
66894,1.0
66895,3.0
66900,1.0
66902,2.0
66904,2.0
66906,2.0
66911,0.0
66917,1.0
66918,1.0
66921,0.0
66923,1.0
66924,0.0
66926,4.0
66927,5.0
66928,3.0
66929,6.5
66931,2.0
66932,6.0
66935,6.0
66937,1.0
66938,2.3333333333333335
66943,0.0
66953,4.0
66958,2.6666666666666665
66960,1.4
66961,2.0
66967,0.0
66968,3.0
66970,3.0
66974,2.5
66975,1.0
66977,6.5
66985,3.6666666666666665
66994,4.5
66996,5.0
67001,2.0
67002,2.5
67003,2.0
67005,0.0
67008,7.5
67009,4.5
67010,4.5
67013,3.5
67015,6.0
67016,6.0
67017,2.0
67020,0.0
67021,3.0
67026,0.0
67028,2.5
67033,1.0
67038,1.0
67039,1.0
67041,1.0
67046,0.0
67051,0.0
67054,3.5
67057,1.0
67062,3.0
67066,0.0
67068,0.0
67069,0.0
67074,0.0
67082,2.0
67084,1.0
67085,0.0
67087,3.3333333333333335
67089,2.0
67091,3.0
67094,6.0
67096,4.0
67098,4.0
67100,3.5
67101,4.0
67105,0.0
67107,2.0
67114,2.6666666666666665
67115,0.0
67116,1.0
67117,5.0
67118,4.0
67119,4.0
67122,3.0
67126,2.0
67130,5.333333333333333
67132,9.666666666666666
67134,1.5
67135,3.0
67140,3.0
67147,1.0
67148,1.5
67149,1.0
67151,1.5
67154,2.0
67155,0.0
67160,1.3333333333333333
67163,0.0
67164,1.0
67166,3.0
67169,4.0
67176,0.0
67177,3.0
67180,1.0
67181,2.6666666666666665
67182,1.0
67183,5.0
67185,1.0
67187,3.0
67190,3.5
67194,0.0
67195,2.5
67197,1.5
67201,3.0
67210,0.0
67213,1.0
67215,1.5
67220,1.0
67221,2.0
67224,4.5
67231,2.5
67235,1.0
67236,1.0
67239,0.0
67240,2.5
67241,3.5
67242,2.5
67244,2.5
67247,2.5
67250,1.5
67251,1.2
67253,2.0
67258,3.0
67259,0.0
67267,1.0
67271,3.0
67273,4.333333333333333
67274,3.0
67277,5.5
67279,3.5
67281,0.0
67286,3.0
67287,3.0
67291,1.0
67295,1.0
67296,3.5
67298,0.0
67299,4.0
67301,2.5
67302,3.5
67306,1.0
67310,1.0
67315,0.0
67318,3.0
67323,0.0
67326,2.0
67327,3.0
67334,2.0
67335,0.0
67337,10.0
67339,1.5
67341,4.333333333333333
67343,0.0
67344,2.0
67345,4.0
67346,2.0
67350,4.333333333333333
67351,4.0
67352,1.0
67353,3.0
67355,0.0
67357,4.0
67358,4.0
67359,2.0
67365,1.0
67367,2.5
67368,1.0
67371,0.0
67373,2.0
67374,3.3333333333333335
67375,0.0
67384,2.0
67389,0.0
67391,3.0
67399,6.0
67402,1.0
67410,1.0
67412,1.0
67415,5.0
67416,5.5
67417,2.3333333333333335
67419,1.0
67426,2.0
67427,6.5
67430,4.0
67432,3.0
67439,1.5
67440,1.3333333333333333
67444,2.0
67445,1.0
67446,3.0
67448,3.5
67449,5.5
67453,1.5
67454,2.0
67455,1.3333333333333333
67456,2.0
67457,1.0
67459,1.0
67462,1.5
67464,2.0
67467,4.0
67468,1.0
67469,0.0
67473,3.0
67475,3.0
67484,3.5
67485,4.0
67489,2.0
67491,4.0
67494,1.0
67496,2.6666666666666665
67497,2.25
67499,1.5
67503,2.3333333333333335
67506,1.0
67516,2.0
67517,1.3333333333333333
67518,1.0
67532,4.0
67534,2.0
67535,1.75
67536,3.0
67537,8.0
67539,2.3333333333333335
67545,1.0
67547,2.0
67553,3.0
67554,2.5
67557,1.5
67561,2.0
67564,1.0
67567,2.0
67571,3.5
67573,7.0
67578,3.0
67580,0.0
67584,0.0
67588,1.5
67590,1.0
67598,2.5
67599,2.0
67607,1.6666666666666667
67612,4.0
67620,1.0
67625,2.0
67626,1.0
67627,0.0
67628,2.6666666666666665
67635,0.0
67637,2.0
67639,0.0
67644,5.5
67647,3.0
67649,3.0
67650,2.0
67651,2.0
67652,0.0
67657,2.0
67661,1.6666666666666667
67666,5.333333333333333
67667,4.0
67672,0.0
67673,3.0
67675,1.5
67677,1.0
67679,3.0
67682,4.0
67684,3.0
67685,3.0
67686,3.0
67691,3.0
67696,3.0
67697,0.0
67701,3.0
67704,0.0
67705,3.0
67706,6.0
67707,4.75
67708,1.0
67709,4.0
67712,0.0
67715,6.5
67717,1.5
67723,2.0
67725,0.0
67726,1.0
67728,4.0
67729,1.0
67732,3.5
67733,0.0
67734,4.0
67735,1.5
67736,1.0
67739,0.0
67740,2.0
67744,2.0
67745,2.0
67746,1.0
67758,4.0
67759,2.0
67760,1.5
67763,1.5
67768,0.0
67773,0.0
67782,2.3333333333333335
67786,3.0
67789,2.0
67793,3.0
67794,0.0
67798,0.0
67803,1.3333333333333333
67805,1.0
67809,1.0
67812,1.0
67819,2.0
67822,2.0
67823,2.0
67827,2.0
67828,2.0
67831,1.0
67843,2.0
67844,4.0
67846,2.0
67850,2.3333333333333335
67852,3.5
67856,3.0
67858,3.0
67859,3.0
67862,1.0
67864,4.0
67866,2.0
67867,3.0
67868,1.5
67869,2.0
67873,2.0
67875,2.0
67879,3.3333333333333335
67881,1.5
67882,2.3333333333333335
67886,4.5
67891,5.0
67894,1.0
67896,3.0
67900,1.0
67905,1.0
67909,1.0
67911,2.5
67921,2.0
67923,1.0
67924,1.0
67929,1.0
67931,0.0
67933,5.5
67935,5.0
67937,5.0
67942,5.666666666666667
67944,1.0
67949,1.0
67951,2.0
67956,3.0
67959,1.0
67961,1.6666666666666667
67962,2.0
67964,4.0
67965,3.3333333333333335
67977,1.8
67988,2.0
67991,0.0
67994,1.0
67998,0.0
68003,3.0
68005,0.0
68009,0.0
68010,0.0
68015,4.0
68017,3.6666666666666665
68019,0.0
68020,6.0
68023,2.5
68027,0.0
68028,2.5
68029,2.0
68032,1.0
68035,4.0
68039,1.5
68040,5.0
68043,1.0
68051,0.0
68052,2.0
68055,4.333333333333333
68061,3.5
68068,0.0
68072,0.0
68073,3.0
68075,0.0
68076,2.0
68083,4.5
68085,1.6666666666666667
68086,1.6666666666666667
68088,1.5
68092,1.3333333333333333
68093,1.5
68094,2.0
68096,2.0
68100,2.5
68101,3.0
68102,1.0
68103,2.3333333333333335
68104,1.0
68109,4.5
68116,1.0
68117,2.0
68119,1.0
68126,1.0
68131,3.0
68132,2.0
68133,2.0
68134,2.0
68136,2.0
68138,3.0
68139,1.0
68142,1.0
68143,1.0
68144,2.0
68146,2.5
68148,1.0
68152,1.0
68155,3.0
68160,0.0
68164,4.0
68167,1.0
68175,3.0
68177,0.0
68180,2.0
68182,1.5
68183,1.5
68187,2.5
68188,2.3333333333333335
68190,4.25
68194,2.0
68196,0.0
68199,1.6666666666666667
68202,2.3333333333333335
68203,2.0
68206,5.5
68207,2.5
68208,5.0
68209,5.5
68211,3.0
68219,1.0
68223,3.6666666666666665
68224,1.0
68226,1.0
68229,3.0
68232,5.0
68235,1.0
68241,0.0
68243,3.6666666666666665
68246,2.0
68248,2.0
68250,2.6666666666666665
68252,3.5
68257,6.0
68260,6.0
68264,3.0
68266,3.5
68269,3.3333333333333335
68270,2.5
68273,3.0
68274,3.0
68277,3.5
68278,2.5
68281,3.5
68287,0.0
68290,3.0
68292,3.0
68295,1.0
68297,2.0
68298,1.5
68302,0.0
68306,1.0
68308,1.3333333333333333
68309,1.5
68311,0.0
68313,2.0
68316,1.0
68317,2.0
68318,3.0
68319,2.6666666666666665
68322,1.0
68324,3.5
68325,3.5
68327,1.5
68328,0.0
68333,1.0
68334,5.0
68341,2.6666666666666665
68342,1.3333333333333333
68347,1.0
68351,6.0
68352,0.0
68358,1.5
68362,0.0
68364,4.5
68366,2.0
68367,4.5
68376,4.0
68381,0.0
68385,4.0
68388,1.5
68392,0.0
68393,2.5
68396,1.5
68399,2.5
68400,3.0
68404,0.0
68408,0.0
68409,1.0
68418,0.0
68420,5.0
68422,7.0
68427,2.0
68430,1.5
68435,1.0
68439,0.0
68441,2.0
68443,1.0
68444,1.0
68445,1.0
68446,0.0
68455,0.0
68456,1.5
68463,0.0
68468,1.5
68477,0.0
68478,2.0
68483,2.0
68488,4.0
68492,1.0
68494,2.5
68495,1.5
68496,2.5
68498,0.0
68505,1.0
68506,2.0
68508,1.6666666666666667
68509,4.5
68511,4.5
68512,8.0
68513,1.0
68516,4.0
68527,2.3333333333333335
68532,6.0
68540,1.0
68542,2.5
68543,4.0
68546,1.0
68549,2.3333333333333335
68551,3.0
68552,4.5
68557,0.0
68561,2.0
68564,3.5
68566,0.0
68570,1.0
68573,1.5
68575,0.0
68578,1.0
68579,0.0
68583,0.0
68587,1.0
68590,1.0
68591,0.0
68592,1.0
68596,2.0
68601,3.0
68602,2.5
68606,4.5
68607,4.0
68612,7.0
68614,2.0
68617,0.0
68620,2.0
68633,1.0
68634,3.0
68638,2.5
68640,3.0
68641,2.0
68644,2.0
68645,0.0
68646,2.0
68651,7.0
68652,2.0
68653,5.0
68656,2.3333333333333335
68658,1.5
68659,1.5
68660,1.0
68661,1.0
68663,1.0
68667,2.0
68668,1.0
68670,1.75
68673,2.0
68684,1.0
68687,2.0
68697,1.0
68703,2.0
68708,2.3333333333333335
68712,2.0
68715,2.0
68723,4.0
68724,2.5
68725,2.0
68727,3.0
68731,8.0
68736,1.0
68741,2.0
68743,8.0
68744,6.5
68746,2.0
68753,3.0
68754,2.0
68756,4.0
68758,3.3333333333333335
68760,4.5
68766,5.0
68767,3.75
68769,3.6666666666666665
68772,2.0
68779,0.0
68784,3.6666666666666665
68795,6.0
68801,3.0
68802,2.0
68805,1.0
68806,1.0
68807,1.0
68808,1.0
68819,2.5
68820,2.3333333333333335
68828,1.5
68829,1.5
68830,1.3333333333333333
68832,1.25
68834,0.0
68838,1.75
68840,1.0
68842,0.0
68843,2.5
68848,1.0
68855,2.0
68857,2.0
68859,6.0
68860,2.5
68861,5.0
68864,2.0
68865,0.0
68869,2.5
68870,2.0
68874,1.0
68875,1.0
68877,6.0
68878,1.0
68881,3.5
68885,2.5
68886,2.0
68887,1.6666666666666667
68896,2.6666666666666665
68898,1.5
68901,0.0
68902,5.0
68904,5.0
68908,3.6666666666666665
68913,0.0
68915,4.0
68916,0.0
68921,2.0
68924,2.0
68925,3.0
68927,2.5
68928,2.0
68932,5.5
68935,2.5
68937,3.5
68938,2.6666666666666665
68940,3.5
68949,2.5
68950,0.0
68951,3.0
68952,3.0
68954,1.5
68955,0.0
68957,2.0
68958,2.6666666666666665
68961,4.333333333333333
68966,0.0
68969,6.5
68970,3.5
68972,0.0
68974,2.0
68978,0.0
68979,2.0
68980,2.0
68981,0.0
68983,0.0
68984,1.5
68990,1.0
68991,1.5
68995,2.0
68998,1.0
69000,1.0
69003,2.0
69004,1.0
69007,4.0
69008,5.0
69013,4.0
69015,1.0
69016,1.0
69017,1.0
69025,3.5
69026,0.0
69029,2.25
69034,2.0
69039,2.5
69040,2.0
69045,2.5
69047,2.0
69050,2.0
69051,0.0
69052,4.0
69055,1.0
69057,5.0
69060,2.0
69064,1.0
69068,2.5
69072,1.5
69073,2.0
69074,3.0
69075,0.0
69076,2.5
69079,0.0
69081,2.0
69082,4.0
69085,4.0
69086,4.0
69093,2.0
69095,2.0
69097,0.0
69101,3.0
69102,2.0
69106,0.0
69110,2.0
69114,1.6666666666666667
69115,1.5
69117,4.0
69121,1.6666666666666667
69122,6.0
69126,6.0
69130,1.0
69133,2.5
69134,2.0
69135,1.0
69138,2.0
69141,2.0
69146,2.0
69147,2.0
69152,2.25
69155,1.6666666666666667
69156,0.0
69159,3.0
69161,4.0
69166,3.0
69172,4.0
69178,4.0
69179,0.0
69183,2.0
69184,0.0
69186,2.5
69189,9.0
69190,2.5
69192,2.6666666666666665
69193,3.0
69194,4.0
69196,3.0
69197,3.0
69201,3.3333333333333335
69202,2.0
69208,3.0
69214,3.6666666666666665
69218,1.5
69223,5.0
69228,2.0
69230,1.5
69231,5.0
69232,5.0
69238,3.0
69240,5.0
69241,5.0
69246,6.0
69249,1.0
69252,1.0
69254,0.0
69256,8.0
69259,0.0
69261,0.0
69263,3.5
69264,2.6666666666666665
69265,0.0
69266,1.0
69270,12.333333333333334
69271,2.5
69272,2.0
69273,2.0
69279,5.0
69286,1.6666666666666667
69291,0.0
69296,4.0
69297,2.5
69299,4.0
69302,2.5
69303,2.0
69305,0.0
69308,7.5
69311,6.333333333333333
69313,6.333333333333333
69316,3.0
69318,3.0
69319,2.5
69327,1.0
69329,0.0
69331,2.0
69335,0.0
69336,0.0
69339,1.0
69340,2.0
69343,3.75
69344,4.0
69347,1.0
69349,2.5
69352,3.5
69353,2.5
69354,1.0
69355,0.0
69360,0.0
69361,2.0
69367,4.0
69370,0.0
69371,3.5
69372,5.0
69374,0.0
69376,1.5
69378,1.5
69384,4.0
69388,2.0
69394,0.0
69397,4.0
69399,1.0
69400,1.0
69402,2.0
69404,1.0
69410,1.3333333333333333
69411,1.0
69414,1.0
69415,1.5
69416,1.0
69421,2.0
69423,3.5
69427,2.0
69428,5.0
69430,1.0
69442,1.0
69445,2.5
69451,2.0
69452,2.0
69454,2.0
69459,1.6666666666666667
69460,2.5
69464,2.0
69465,4.5
69467,3.3333333333333335
69468,3.0
69473,6.0
69475,3.0
69480,4.5
69482,2.5
69487,1.0
69488,1.0
69489,2.0
69494,4.0
69501,3.0
69502,0.0
69504,4.0
69506,2.0
69507,2.0
69513,2.0
69514,1.0
69518,3.0
69519,3.0
69525,1.5
69528,2.0
69529,2.3333333333333335
69531,2.5
69532,0.0
69536,2.0
69537,2.0
69538,2.0
69540,2.0
69541,1.0
69542,1.0
69546,2.0
69550,5.0
69551,6.5
69555,3.0
69557,1.5
69560,2.5
69563,2.5
69564,0.0
69566,0.0
69569,3.0
69571,0.0
69573,6.5
69577,3.5
69579,4.5
69581,3.0
69582,1.0
69584,1.0
69585,2.0
69587,2.5
69590,2.5
69592,0.0
69593,4.0
69596,6.0
69598,2.0
69599,1.5
69601,2.0
69611,1.0
69612,1.5
69614,3.0
69618,1.0
69622,2.0
69629,3.0
69630,3.0
69632,1.25
69637,1.5
69640,0.0
69641,1.3333333333333333
69643,0.0
69646,4.0
69652,4.0
69654,3.5
69660,1.0
69670,5.0
69674,3.5
69677,5.0
69679,3.5
69684,3.0
69689,2.0
69697,2.0
69700,2.0
69703,4.0
69708,1.0
69709,3.0
69710,2.0
69712,0.0
69715,2.0
69716,2.5
69718,5.0
69719,3.6666666666666665
69720,0.0
69723,4.5
69726,1.0
69730,2.0
69731,2.0
69732,1.0
69735,2.5
69738,2.0
69740,1.0
69741,2.0
69742,0.0
69743,0.0
69744,5.5
69746,0.0
69748,1.6666666666666667
69752,0.0
69755,4.0
69757,5.5
69758,7.0
69759,4.5
69760,7.0
69761,2.0
69764,1.0
69765,1.5
69767,3.0
69769,4.666666666666667
69775,4.5
69779,3.5
69782,2.0
69794,5.0
69795,1.0
69796,0.0
69797,0.0
69798,1.0
69799,1.6666666666666667
69800,2.0
69804,1.0
69805,2.0
69810,2.0
69811,2.0
69814,1.0
69818,1.0
69821,7.0
69823,3.0
69824,7.666666666666667
69825,2.0
69826,3.0
69829,2.0
69831,2.0
69839,3.0
69842,3.0
69843,1.0
69845,0.0
69849,0.0
69851,0.0
69853,5.0
69855,2.5
69856,2.6666666666666665
69859,2.0
69860,1.0
69862,2.0
69863,2.0
69864,1.5
69865,0.0
69868,0.0
69869,2.5
69874,2.0
69877,0.0
69881,2.0
69883,2.0
69889,3.0
69890,3.0
69893,2.5
69899,7.0
69900,7.0
69903,4.0
69906,0.0
69909,2.0
69911,5.0
69915,4.0
69923,5.0
69925,3.0
69928,3.0
69929,3.0
69935,3.5
69940,3.0
69941,3.0
69946,2.0
69948,1.5
69949,2.0
69950,1.0
69951,2.3333333333333335
69952,2.0
69958,5.5
69969,4.0
69971,3.0
69972,3.0
69973,1.5
69975,1.6666666666666667
69980,1.0
69984,3.0
69988,3.5
69989,0.0
69991,1.5
69992,2.0
69995,1.5
69996,3.5
69999,0.0
70002,0.0
70004,2.0
70005,3.0
70006,2.5
70008,3.0
70011,4.5
70012,2.0
70015,2.0
70019,3.0
70020,2.0
70021,3.0
70023,1.6666666666666667
70024,0.0
70028,1.0
70032,1.5
70033,1.5
70041,2.0
70044,2.0
70046,2.0
70047,0.0
70050,5.0
70053,4.0
70054,3.3333333333333335
70056,0.0
70061,1.5
70063,1.0
70065,4.0
70067,2.3333333333333335
70068,2.0
70072,1.0
70074,2.0
70076,4.5
70078,2.0
70079,2.0
70081,1.0
70085,4.0
70086,4.5
70087,3.5
70089,3.5
70091,3.3333333333333335
70093,0.0
70094,3.0
70095,2.0
70096,0.0
70097,2.0
70098,2.5
70101,0.0
70102,2.0
70104,1.0
70107,4.0
70108,0.0
70116,2.25
70119,5.0
70122,1.0
70124,3.5
70129,0.0
70130,1.5
70131,2.5
70132,3.0
70139,0.0
70142,2.0
70146,3.0
70148,0.0
70153,3.0
70154,1.5
70155,0.0
70156,1.5
70161,1.0
70162,1.0
70163,2.5
70167,11.0
70169,1.5
70170,1.5
70177,1.6666666666666667
70180,3.0
70181,1.0
70185,2.3333333333333335
70188,2.5
70193,4.0
70195,4.5
70198,1.5
70200,0.0
70201,3.5
70202,0.0
70203,0.0
70206,1.0
70207,1.0
70213,2.0
70214,2.3333333333333335
70218,2.0
70221,2.0
70224,2.0
70232,7.5
70233,7.0
70235,12.0
70237,6.0
70239,3.0
70241,2.0
70243,1.0
70247,1.0
70253,3.0
70254,4.0
70264,2.0
70267,0.0
70268,3.3333333333333335
70272,2.0
70277,1.5
70278,2.0
70279,1.5
70283,1.0
70291,1.0
70294,2.0
70295,2.0
70300,2.0
70303,2.0
70304,0.0
70306,0.0
70308,2.0
70316,3.5
70320,1.5
70325,1.5
70327,3.3333333333333335
70330,4.0
70333,1.0
70336,9.666666666666666
70339,13.0
70342,0.0
70349,2.6666666666666665
70350,1.0
70354,1.5
70358,2.0
70359,1.5
70361,1.0
70365,5.0
70370,3.0
70376,3.0
70381,2.3333333333333335
70382,1.0
70385,1.0
70386,1.5
70390,6.5
70392,3.5
70394,2.5
70397,3.0
70398,2.5
70401,5.0
70406,4.0
70410,0.0
70412,2.75
70414,4.0
70416,0.0
70417,2.5
70421,2.0
70427,1.75
70428,2.0
70432,4.666666666666667
70433,1.0
70435,8.0
70438,0.0
70446,3.0
70448,8.0
70449,0.0
70453,3.5
70455,4.0
70457,4.0
70459,3.5
70462,0.0
70470,2.5
70472,1.2
70473,1.0
70476,1.0
70478,6.0
70488,3.0
70490,1.0
70491,0.0
70493,1.0
70494,5.0
70495,2.0
70496,1.75
70503,4.0
70505,4.0
70506,1.0
70509,3.0
70512,0.0
70513,0.0
70516,3.0
70518,1.6666666666666667
70522,3.0
70534,2.5
70540,2.5
70546,4.0
70547,3.0
70548,3.0
70549,0.0
70550,2.0
70554,1.0
70555,3.0
70558,3.5
70559,3.0
70564,4.0
70567,1.0
70569,3.0
70575,0.0
70577,3.5
70581,6.0
70582,9.0
70583,2.6666666666666665
70596,0.0
70599,2.5
70603,0.0
70605,0.0
70606,0.0
70607,1.0
70608,3.0
70609,4.0
70621,4.0
70622,1.5
70627,1.5
70628,0.0
70630,3.0
70632,4.5
70633,4.5
70642,2.5
70652,1.0
70657,0.0
70658,0.0
70660,1.0
70662,1.0
70664,10.5
70668,4.666666666666667
70671,2.0
70674,1.0
70677,1.0
70680,2.5
70681,2.6666666666666665
70683,2.6666666666666665
70686,1.0
70689,5.333333333333333
70690,1.0
70694,5.333333333333333
70695,1.0
70696,0.0
70697,3.5
70703,2.3333333333333335
70707,0.0
70708,2.3333333333333335
70715,1.5
70718,1.0
70722,0.0
70724,2.0
70726,2.0
70727,2.0
70728,2.0
70730,1.0
70733,3.0
70734,2.3333333333333335
70736,3.0
70741,5.5
70742,7.0
70746,2.0
70747,2.0
70749,3.0
70757,2.5
70761,3.0
70766,5.0
70769,3.0
70770,3.0
70776,4.0
70777,1.0
70781,2.5
70786,3.0
70788,3.0
70789,2.0
70792,0.0
70793,0.0
70794,5.0
70797,1.0
70806,3.6666666666666665
70808,1.0
70811,4.0
70815,2.5
70818,5.0
70823,0.0
70828,0.0
70830,2.5
70831,2.0
70834,3.0
70835,0.0
70836,4.0
70839,3.0
70840,3.0
70841,2.0
70842,1.5
70843,1.0
70850,5.0
70854,3.0
70855,3.0
70857,3.0
70863,2.0
70864,3.0
70867,6.0
70868,4.333333333333333
70869,5.0
70874,2.5
70878,4.0
70879,2.6666666666666665
70884,2.3333333333333335
70885,3.0
70887,2.5
70888,1.6666666666666667
70890,2.75
70900,2.0
70902,6.5
70904,0.0
70909,0.0
70911,0.0
70914,4.0
70915,2.0
70916,2.5
70926,1.0
70928,2.25
70929,4.333333333333333
70933,2.0
70936,1.0
70939,5.0
70941,2.0
70944,2.0
70946,2.0
70950,2.0
70951,2.0
70955,0.0
70957,1.5
70958,1.0
70960,1.0
70969,2.0
70970,2.0
70973,2.5
70975,2.5
70976,2.0
70978,2.0
70979,0.0
70981,0.0
70987,1.0
70989,3.0
70996,3.0
70999,3.0
71003,0.0
71006,3.0
71010,1.0
71013,1.6666666666666667
71015,1.0
71016,2.6666666666666665
71017,2.0
71020,1.0
71021,0.0
71023,3.0
71031,4.5
71032,0.0
71034,1.3333333333333333
71038,0.0
71039,2.0
71044,3.5
71046,2.8
71049,1.0
71050,0.0
71056,4.0
71059,2.0
71065,1.5
71066,2.0
71067,2.5
71069,1.3333333333333333
71076,5.0
71078,0.0
71080,3.5
71083,2.0
71086,2.0
71087,2.0
71089,1.0
71090,1.6666666666666667
71091,1.6666666666666667
71093,0.0
71095,2.3333333333333335
71097,3.0
71100,1.0
71102,1.25
71105,3.0
71110,4.0
71112,2.0
71113,2.0
71117,1.0
71122,1.0
71123,1.0
71128,0.0
71133,1.0
71134,2.0
71140,1.0
71143,3.0
71146,2.0
71153,1.5
71154,0.0
71155,0.0
71156,1.0
71158,2.0
71160,3.0
71162,2.0
71163,2.0
71164,0.0
71167,2.0
71171,2.0
71176,2.3333333333333335
71177,2.0
71180,2.0
71182,2.0
71184,0.0
71186,3.0
71188,2.3333333333333335
71190,2.0
71193,2.0
71194,1.5
71195,0.0
71197,2.5
71199,1.0
71201,5.0
71202,2.3333333333333335
71206,4.0
71210,3.0
71213,2.6666666666666665
71220,0.0
71223,0.0
71231,5.5
71234,1.5
71238,1.0
71245,0.0
71246,0.0
71248,0.0
71250,1.5
71253,4.5
71257,4.0
71262,4.0
71269,2.0
71273,4.0
71274,3.0
71276,1.0
71277,1.0
71278,2.0
71279,2.0
71284,4.333333333333333
71285,5.5
71287,2.0
71288,0.0
71293,1.5
71295,3.0
71297,3.0
71299,1.0
71301,1.0
71302,3.0
71304,3.3333333333333335
71308,2.5
71311,1.5
71312,1.0
71314,2.0
71316,2.5
71320,3.0
71321,2.0
71324,5.0
71326,1.0
71328,1.0
71332,3.0
71334,1.3333333333333333
71337,1.3333333333333333
71339,2.0
71341,3.0
71342,3.3333333333333335
71346,0.0
71347,0.0
71349,0.0
71350,0.0
71360,9.0
71361,11.0
71362,3.0
71372,1.0
71373,2.5
71377,1.0
71379,3.5
71386,2.0
71388,3.6666666666666665
71390,0.0
71401,1.0
71407,4.0
71408,4.0
71410,0.0
71411,1.0
71417,2.0
71419,4.0
71428,2.0
71430,0.0
71433,1.0
71438,0.0
71440,1.0
71444,1.0
71446,1.0
71449,0.0
71456,2.0
71458,0.0
71459,3.0
71462,2.0
71465,3.0
71466,3.0
71467,1.0
71468,0.0
71472,2.0
71474,8.0
71480,1.0
71484,5.5
71485,3.0
71487,6.0
71490,0.0
71491,4.0
71492,1.0
71494,2.0
71498,1.0
71504,1.0
71505,2.0
71516,1.0
71523,2.0
71528,7.0
71532,7.0
71535,2.0
71540,0.0
71542,0.0
71545,0.0
71546,1.0
71547,1.0
71550,0.0
71555,1.5
71557,1.3333333333333333
71563,4.0
71564,3.0
71567,2.0
71568,0.0
71572,1.5
71575,4.0
71576,3.0
71579,1.0
71583,4.0
71590,0.0
71591,1.0
71593,2.0
71594,1.5
71595,2.0
71600,2.0
71601,2.0
71603,1.5
71604,1.0
71616,2.0
71624,1.6666666666666667
71625,1.5
71628,2.0
71629,1.0
71631,7.5
71634,1.5
71635,1.0
71646,2.0
71647,2.0
71649,2.5
71652,3.3333333333333335
71658,1.5
71660,2.5
71661,2.0
71666,2.0
71668,1.0
71669,1.5
71670,1.0
71673,3.0
71675,4.5
71676,3.0
71677,1.0
71678,0.0
71679,0.0
71680,0.0
71681,0.0
71683,2.0
71685,5.0
71694,6.0
71697,1.5
71700,2.6666666666666665
71702,2.0
71705,3.3333333333333335
71706,3.0
71710,2.3333333333333335
71717,2.0
71722,1.5
71726,4.2
71730,1.5
71736,1.0
71745,2.0
71746,0.0
71748,1.0
71758,4.0
71759,1.0
71761,1.5
71767,3.25
71768,1.0
71770,2.5
71771,4.0
71773,3.0
71777,3.0
71783,3.0
71784,0.0
71788,6.5
71791,2.3333333333333335
71793,1.5
71798,1.0
71800,0.0
71802,0.0
71807,0.0
71811,2.0
71814,3.0
71816,3.0
71817,0.0
71818,0.0
71819,3.0
71821,3.0
71823,3.0
71825,1.5
71829,2.0
71836,2.0
71837,0.0
71839,8.0
71844,2.0
71845,1.0
71851,0.0
71853,0.0
71860,2.0
71861,1.0
71869,1.0
71870,0.0
71872,1.3333333333333333
71873,2.6666666666666665
71875,4.0
71879,1.5
71881,4.0
71886,1.0
71890,0.0
71892,3.0
71893,0.0
71900,2.0
71907,2.5
71912,3.0
71915,2.0
71916,3.0
71923,1.5
71926,3.5
71927,1.5
71928,2.0
71932,2.0
71933,1.0
71936,1.0
71940,0.0
71941,0.0
71943,2.0
71944,1.0
71945,1.8
71951,12.0
71954,2.5
71957,2.0
71958,3.5
71959,3.5
71962,0.0
71963,1.5
71965,1.0
71967,3.0
71972,3.5
71974,0.0
71988,4.5
71992,2.0
71994,0.0
71999,3.3333333333333335
72000,1.0
72002,1.0
72004,1.5
72011,0.0
72014,3.75
72016,1.5
72020,1.0
72021,0.0
72026,2.0
72029,2.0
72030,2.0
72031,1.6666666666666667
72033,0.0
72036,3.5
72037,2.5
72040,2.0
72041,2.5
72042,0.0
72044,2.0
72046,2.0
72048,2.0
72051,0.0
72053,1.0
72054,1.0
72055,0.0
72057,1.0
72060,1.4
72064,0.0
72071,2.0
72078,2.0
72082,2.0
72089,2.3333333333333335
72090,2.5
72094,3.3333333333333335
72095,4.0
72102,2.5
72105,5.0
72112,4.0
72114,1.75
72119,3.5
72123,3.0
72126,2.0
72128,5.0
72135,1.6666666666666667
72136,1.5
72138,4.0
72141,3.5
72142,3.5
72143,3.5
72145,0.0
72148,0.0
72153,3.0
72154,2.0
72157,0.0
72158,0.0
72163,0.0
72167,3.0
72169,2.0
72171,2.5
72172,1.0
72174,0.0
72176,1.5
72179,1.5
72182,0.0
72183,1.5
72185,2.0
72187,1.0
72189,1.0
72193,1.5
72195,1.0
72200,1.5
72204,1.0
72209,1.0
72210,2.0
72212,0.0
72213,0.0
72217,1.5
72221,1.0
72222,10.0
72223,6.0
72225,0.0
72226,0.0
72231,1.5
72232,1.0
72235,1.6666666666666667
72239,2.0
72243,1.0
72244,2.0
72245,0.0
72247,0.0
72252,2.0
72259,1.0
72265,4.0
72267,0.0
72268,5.5
72270,1.5
72273,0.0
72280,0.0
72286,1.5
72292,1.0
72294,2.3333333333333335
72297,2.3333333333333335
72306,1.0
72308,1.0
72311,3.0
72316,5.666666666666667
72320,2.0
72323,3.0
72325,3.5
72327,3.0
72330,0.0
72331,2.0
72334,3.5
72335,2.0
72339,4.0
72340,2.5
72342,2.6666666666666665
72346,2.0
72349,1.5
72357,2.0
72358,0.0
72360,0.0
72364,1.0
72367,1.0
72370,1.0
72371,1.75
72373,2.0
72374,2.0
72377,1.0
72380,1.0
72381,2.0
72385,3.25
72390,1.0
72392,2.5
72393,3.5
72399,2.5
72400,4.0
72402,3.6666666666666665
72409,3.3333333333333335
72410,1.6666666666666667
72411,8.0
72415,7.333333333333333
72418,4.0
72419,11.0
72424,1.0
72425,2.0
72432,2.0
72435,0.0
72436,2.0
72438,1.0
72440,0.0
72447,3.0
72449,2.0
72451,3.0
72455,3.0
72456,0.0
72458,1.0
72459,1.0
72461,1.0
72462,2.0
72466,0.0
72471,4.0
72476,1.0
72477,1.0
72479,2.5
72482,1.5
72488,3.0
72490,0.0
72494,4.0
72500,2.6666666666666665
72501,2.5
72505,0.0
72510,1.0
72514,3.0
72515,2.5
72520,2.0
72521,0.0
72525,4.0
72528,4.5
72530,4.5
72531,1.5
72532,0.0
72533,2.5
72535,2.0
72537,3.0
72538,1.6666666666666667
72540,2.5
72542,2.0
72543,2.5
72544,3.0
72545,3.0
72548,2.5
72551,12.0
72553,2.5
72561,3.0
72562,4.0
72565,1.5
72566,2.0
72571,2.0
72574,3.25
72577,1.5
72580,2.6666666666666665
72583,2.5
72586,3.0
72591,3.0
72598,5.0
72605,4.333333333333333
72606,2.3333333333333335
72608,2.6666666666666665
72609,1.0
72610,1.3333333333333333
72612,0.0
72613,0.0
72617,1.6666666666666667
72621,1.6666666666666667
72624,2.0
72626,2.0
72635,2.5
72636,4.0
72637,4.0
72642,2.0
72643,0.0
72644,1.6666666666666667
72646,1.5
72651,6.0
72656,1.5
72658,1.5
72659,7.0
72666,2.0
72667,2.0
72668,3.0
72672,3.3333333333333335
72674,0.0
72679,1.0
72681,1.5
72682,1.3333333333333333
72685,1.5
72686,1.0
72688,2.0
72694,0.0
72695,3.0
72700,4.0
72702,2.0
72703,1.0
72710,5.0
72711,5.0
72714,1.0
72718,5.0
72719,3.5
72720,5.0
72724,2.0
72730,4.0
72731,3.0
72733,3.3333333333333335
72735,4.666666666666667
72738,3.0
72740,5.0
72741,5.0
72744,1.5
72746,1.0
72749,0.0
72751,0.0
72752,2.5
72753,1.5
72759,0.0
72763,2.25
72764,0.0
72766,4.0
72768,4.0
72769,2.5
72771,0.0
72774,5.5
72775,0.0
72777,4.0
72780,1.0
72781,2.6666666666666665
72782,2.0
72789,1.0
72790,2.5
72792,1.3333333333333333
72794,3.0
72795,2.3333333333333335
72799,2.4
72802,0.0
72804,0.0
72805,1.0
72806,1.0
72808,1.0
72813,2.5
72820,0.0
72823,6.0
72828,3.0
72831,1.0
72832,2.6666666666666665
72833,3.0
72834,2.0
72835,4.2
72837,3.5
72838,2.0
72839,0.0
72842,2.6666666666666665
72845,1.0
72848,4.0
72854,2.5
72859,0.0
72861,5.0
72862,6.0
72867,2.0
72873,1.0
72876,2.5
72877,2.6666666666666665
72884,1.5
72886,3.0
72888,6.0
72891,4.0
72893,0.0
72897,1.0
72900,1.0
72901,1.0
72904,1.0
72907,1.0
72911,0.0
72913,0.0
72916,0.0
72921,4.0
72923,3.0
72924,3.5
72925,2.5
72936,0.0
72939,1.0
72940,3.0
72941,1.0
72945,1.0
72946,3.0
72951,2.0
72960,1.0
72962,1.5
72963,1.0
72969,3.0
72975,1.6666666666666667
72976,1.0
72978,1.3333333333333333
72979,0.0
72983,3.0
72987,0.0
72988,1.0
72989,0.0
72990,1.0
72993,3.0
72997,1.0
73001,4.0
73011,0.0
73012,8.333333333333334
73015,3.0
73017,3.0
73018,2.3333333333333335
73019,0.0
73023,1.5
73028,3.6666666666666665
73033,2.5
73037,3.0
73040,1.0
73043,1.0
73048,2.0
73050,1.0
73054,4.0
73057,3.5
73061,1.0
73063,1.0
73064,2.3333333333333335
73065,1.5
73066,2.0
73069,2.5
73075,2.0
73076,2.0
73079,2.0
73080,2.0
73082,2.0
73083,4.0
73084,2.0
73086,3.0
73087,3.5
73089,1.6666666666666667
73091,2.6666666666666665
73092,7.0
73095,2.0
73099,4.5
73101,1.0
73102,0.0
73103,3.0
73106,0.0
73107,1.0
73109,4.0
73114,0.0
73115,3.0
73118,2.5
73120,1.0
73122,5.0
73123,0.0
73127,0.0
73129,0.0
73130,2.0
73132,1.0
73142,2.0
73145,0.0
73149,2.5
73150,4.0
73151,3.5
73155,2.0
73161,5.5
73162,5.0
73164,1.0
73172,4.0
73174,3.0
73175,0.0
73179,4.0
73180,1.0
73182,3.0
73183,2.3333333333333335
73184,2.0
73189,0.0
73201,3.0
73205,1.0
73206,4.0
73207,0.0
73209,2.5
73210,3.5
73211,3.0
73213,3.0
73214,3.5
73225,1.0
73232,4.0
73237,5.0
73240,2.0
73242,3.0
73243,2.6666666666666665
73245,3.0
73247,0.0
73248,3.0
73253,1.0
73261,1.0
73263,2.0
73264,2.5
73270,0.0
73271,2.6666666666666665
73275,0.0
73280,4.0
73283,2.0
73284,3.0
73286,2.5
73289,2.0
73296,2.0
73298,2.0
73300,2.0
73305,5.0
73306,3.5
73307,6.0
73308,0.0
73311,1.0
73312,0.0
73314,1.0
73316,2.0
73323,3.0
73326,3.5
73328,1.0
73331,3.3333333333333335
73332,1.0
73339,3.0
73340,1.0
73341,3.0
73349,1.5
73351,1.0
73356,1.0
73357,1.0
73358,1.0
73362,0.0
73363,2.0
73365,3.0
73374,3.0
73376,2.6666666666666665
73379,2.5
73381,2.0
73384,9.0
73389,0.0
73390,0.0
73397,1.0
73404,2.6666666666666665
73407,3.0
73410,1.0
73415,0.0
73423,1.0
73424,1.0
73427,2.0
73429,2.5
73430,2.3333333333333335
73431,2.3333333333333335
73435,2.0
73436,0.0
73437,1.0
73438,1.0
73440,1.0
73441,1.0
73442,1.0
73447,5.0
73450,6.0
73452,0.0
73453,2.3333333333333335
73459,2.5
73460,1.6666666666666667
73465,0.0
73470,7.0
73473,4.5
73476,4.0
73481,2.0
73491,0.0
73495,6.0
73502,3.0
73503,1.0
73509,1.0
73510,2.5
73513,4.0
73514,2.0
73515,3.0
73516,5.0
73520,2.3333333333333335
73522,2.3333333333333335
73525,0.0
73526,2.0
73534,1.5
73538,2.0
73539,1.0
73541,2.0
73544,1.0
73545,0.0
73547,4.0
73548,1.0
73557,1.6666666666666667
73558,1.5
73564,0.0
73565,0.0
73567,1.0
73568,0.0
73569,2.0
73578,5.0
73579,0.0
73582,0.0
73584,0.0
73597,5.0
73600,3.0
73609,2.0
73610,2.0
73611,2.5
73626,1.0
73632,0.0
73634,1.5
73635,4.333333333333333
73636,5.0
73638,1.0
73639,3.0
73640,3.5
73646,1.0
73651,1.0
73653,1.0
73656,2.5
73664,1.0
73666,1.5
73667,3.0
73672,2.5
73673,0.0
73674,2.5
73679,2.0
73680,1.6666666666666667
73682,2.5
73683,3.0
73686,1.5
73687,0.0
73690,0.0
73693,3.0
73702,3.5
73710,1.25
73720,3.5
73721,1.5
73724,4.0
73726,4.0
73728,4.0
73730,3.0
73732,2.0
73733,2.0
73736,2.5
73737,0.0
73738,4.0
73743,3.5
73744,0.0
73748,2.0
73749,1.5
73758,1.5
73763,5.333333333333333
73765,1.5
73768,6.0
73772,1.0
73774,2.0
73775,3.0
73777,2.0
73779,3.0
73783,2.0
73784,2.0
73790,0.0
73793,2.0
73800,1.5
73803,4.0
73804,1.0
73808,2.5
73809,2.3333333333333335
73815,4.0
73816,3.5
73817,2.0
73818,2.0
73820,0.0
73822,1.5
73824,1.5
73827,1.0
73834,1.0
73837,1.0
73838,1.0
73839,0.0
73841,1.0
73844,5.5
73845,6.0
73850,1.0
73852,2.5
73859,0.0
73861,0.0
73869,2.0
73871,2.3333333333333335
73873,0.0
73877,1.5
73878,2.0
73883,2.0
73888,1.0
73889,1.0
73890,5.0
73893,0.0
73894,2.3333333333333335
73895,0.0
73898,3.0
73900,3.0
73901,2.6666666666666665
73910,6.0
73918,1.0
73919,1.0
73947,0.0
73948,3.0
73952,1.0
73955,2.0
73963,1.0
73969,2.0
73970,3.0
73973,3.3333333333333335
73976,3.0
73978,3.0
73982,4.0
73992,2.5
73994,1.3333333333333333
73999,1.0
74004,1.0
74010,2.3333333333333335
74019,3.0
74020,3.0
74024,3.5
74027,1.5
74028,2.3333333333333335
74030,1.6666666666666667
74031,2.0
74038,3.25
74039,1.0
74040,3.5
74041,2.0
74042,3.0
74045,16.0
74054,2.0
74056,1.0
74060,1.0
74061,2.6666666666666665
74064,2.5
74068,3.0
74073,1.5
74074,2.0
74076,2.0
74078,2.0
74079,2.5
74081,5.5
74083,0.0
74085,0.0
74086,3.25
74087,1.0
74094,0.0
74095,2.0
74100,0.0
74102,0.0
74103,9.5
74107,0.0
74109,9.5
74111,5.5
74115,1.0
74117,1.0
74126,3.0
74129,2.0
74132,1.5
74133,1.0
74136,1.0
74139,4.333333333333333
74140,3.5
74144,2.0
74152,7.0
74154,7.0
74159,1.0
74160,0.0
74162,1.0
74163,1.0
74170,3.0
74174,0.0
74176,2.3333333333333335
74178,0.0
74180,1.0
74182,2.0
74184,3.0
74186,4.0
74188,5.0
74194,7.0
74198,5.0
74200,0.0
74201,2.0
74202,2.6666666666666665
74205,9.5
74208,3.0
74220,1.5
74224,2.5
74228,4.0
74232,3.0
74240,1.0
74241,1.0
74243,6.0
74247,5.0
74248,0.0
74257,1.5
74258,3.5
74263,2.0
74265,2.3333333333333335
74267,2.0
74270,2.6666666666666665
74271,2.5
74273,5.0
74283,1.0
74288,1.5
74291,0.0
74298,2.0
74300,3.0
74301,0.0
74302,1.0
74303,0.0
74308,2.6666666666666665
74309,2.0
74315,4.0
74318,2.0
74319,2.6666666666666665
74326,1.0
74330,1.5
74336,2.0
74339,2.0
74340,2.0
74343,1.0
74345,2.3333333333333335
74348,0.0
74355,0.0
74357,0.0
74358,2.0
74359,8.0
74360,4.333333333333333
74364,0.0
74365,2.0
74377,1.5
74382,0.0
74386,1.0
74388,0.0
74389,0.0
74390,1.0
74391,0.0
74392,0.0
74397,0.0
74399,2.5
74403,0.0
74404,1.0
74410,2.0
74412,10.0
74414,1.0
74421,5.5
74423,0.0
74426,1.3333333333333333
74427,1.0
74431,2.0
74438,1.0
74440,1.0
74441,1.0
74444,1.0
74446,1.0
74447,1.0
74451,1.0
74455,5.666666666666667
74459,2.0
74463,2.0
74465,2.0
74466,2.0
74469,0.0
74470,1.5
74474,3.0
74487,2.3333333333333335
74488,3.0
74490,1.0
74492,1.0
74494,0.0
74495,0.0
74496,4.0
74497,4.0
74498,0.0
74500,0.0
74504,0.0
74512,0.0
74513,0.0
74514,5.0
74515,0.0
74516,3.0
74518,1.5
74521,1.0
74524,3.0
74525,4.5
74528,1.5
74530,1.5
74533,3.5
74534,0.0
74537,1.6666666666666667
74538,2.0
74541,1.0
74542,2.0
74547,0.0
74549,4.0
74550,2.0
74551,2.0
74552,2.5
74553,5.0
74555,2.5
74556,3.0
74558,1.5
74559,2.0
74561,0.0
74563,1.6666666666666667
74564,1.6666666666666667
74567,2.0
74568,2.0
74571,3.6666666666666665
74576,1.5
74579,1.6666666666666667
74581,3.0
74582,1.0
74585,1.0
74586,0.0
74589,3.0
74592,4.5
74593,2.5
74594,2.3333333333333335
74599,3.0
74602,4.0
74606,0.0
74607,0.0
74608,2.0
74612,3.0
74613,0.0
74616,1.0
74618,2.0
74621,4.5
74623,0.0
74627,1.0
74629,1.5
74637,8.0
74639,9.0
74640,9.0
74641,9.666666666666666
74646,3.0
74647,1.0
74648,0.0
74652,2.0
74660,2.6666666666666665
74664,3.3333333333333335
74665,1.0
74666,1.5
74667,0.0
74668,2.0
74669,2.0
74671,4.0
74679,3.0
74685,3.0
74689,3.6666666666666665
74691,9.0
74695,2.5
74697,0.0
74698,0.0
74699,2.3333333333333335
74701,2.3333333333333335
74704,3.0
74705,2.5
74706,2.0
74707,0.0
74709,1.3333333333333333
74711,1.0
74712,2.6
74713,3.0
74718,3.0
74720,2.0
74721,1.6666666666666667
74724,1.6666666666666667
74726,1.6666666666666667
74727,1.5
74728,2.0
74729,4.0
74742,3.5
74743,1.0
74746,4.0
74750,4.0
74751,4.0
74752,5.5
74754,2.25
74759,5.0
74762,3.0
74764,2.0
74765,2.0
74768,1.0
74770,2.25
74772,3.0
74774,1.5
74777,0.0
74778,3.0
74786,1.0
74789,1.0
74791,0.0
74795,1.3333333333333333
74796,1.6666666666666667
74799,3.0
74801,2.0
74805,1.5
74808,0.0
74810,7.0
74814,1.0
74816,3.0
74817,1.0
74821,2.0
74822,1.0
74823,2.0
74824,2.0
74828,3.25
74830,1.0
74831,0.0
74833,2.0
74841,3.0
74842,6.5
74844,5.5
74846,0.0
74848,1.0
74853,3.0
74857,2.0
74858,4.0
74861,2.0
74869,1.0
74871,1.0
74881,1.0
74883,1.0
74891,1.0
74892,1.3333333333333333
74896,5.0
74898,2.0
74899,2.0
74900,6.0
74901,2.5
74902,2.6666666666666665
74905,13.0
74916,1.5
74917,7.0
74920,1.0
74927,2.0
74928,2.0
74929,1.5
74936,1.0
74937,2.0
74938,2.0
74939,2.0
74942,1.3333333333333333
74946,0.0
74948,0.0
74949,4.0
74952,4.0
74955,4.5
74957,6.0
74959,2.0
74960,2.3333333333333335
74961,1.5
74964,1.0
74966,2.0
74967,1.0
74968,0.0
74973,6.0
74976,1.0
74979,5.0
74981,1.6666666666666667
74984,2.5
74989,1.0
74992,2.0
74996,0.0
74999,4.0
75001,1.0
75005,2.0
75007,0.0
75009,4.0
75010,1.5
75013,2.0
75015,5.0
75017,5.0
75027,1.0
75028,1.0
75032,3.0
75033,2.5
75034,1.0
75035,5.0
75037,0.0
75044,1.3333333333333333
75049,2.0
75052,2.0
75053,2.3333333333333335
75056,0.0
75057,2.5
75058,2.5
75060,3.5
75062,1.0
75065,4.0
75073,6.5
75074,2.0
75081,2.0
75083,0.0
75084,2.0
75087,2.0
75097,1.5
75098,0.0
75100,1.0
75103,4.0
75105,4.0
75115,3.5
75116,6.0
75118,1.0
75119,7.0
75122,2.0
75125,0.0
75128,1.0
75130,2.0
75131,1.5
75132,2.0
75143,2.0
75145,3.0
75147,1.3333333333333333
75155,5.0
75157,5.0
75158,3.0
75166,4.0
75171,1.0
75182,4.333333333333333
75184,1.5
75188,2.0
75189,0.0
75191,0.0
75196,0.0
75199,1.0
75200,2.0
75211,1.0
75213,2.0
75214,5.0
75218,2.0
75219,4.5
75222,2.0
75223,1.5
75224,0.0
75228,2.3333333333333335
75229,2.0
75232,5.5
75234,1.0
75235,1.5
75236,2.0
75237,3.0
75244,0.0
75246,1.0
75250,6.0
75251,0.0
75254,5.0
75256,3.0
75261,1.3333333333333333
75265,1.0
75274,3.0
75277,0.0
75282,0.0
75284,2.0
75285,3.0
75289,2.0
75292,1.0
75293,2.5
75294,1.5
75295,1.0
75296,2.6666666666666665
75301,4.0
75305,2.0
75310,1.0
75313,1.0
75314,0.0
75318,3.0
75319,1.0
75320,1.0
75321,1.0
75324,3.5
75325,0.0
75326,2.0
75329,4.0
75332,0.0
75334,1.0
75335,2.0
75339,0.0
75343,2.0
75346,2.0
75347,1.0
75348,1.0
75349,1.0
75351,5.0
75352,3.3333333333333335
75354,2.0
75359,4.0
75360,3.6666666666666665
75361,3.25
75365,2.5
75373,2.0
75374,1.0
75380,0.0
75381,2.0
75385,2.5
75386,1.0
75392,1.6666666666666667
75394,1.5
75395,2.0
75396,5.0
75397,4.0
75403,1.0
75405,6.0
75407,1.0
75410,2.6666666666666665
75412,1.6666666666666667
75415,1.5
75419,3.3333333333333335
75423,2.0
75424,3.25
75431,3.5
75433,4.5
75439,2.3333333333333335
75440,1.0
75444,0.0
75446,1.0
75449,4.0
75450,1.5
75451,0.0
75453,2.3333333333333335
75456,5.666666666666667
75457,6.0
75458,6.0
75459,1.0
75461,1.0
75465,1.5
75471,3.6666666666666665
75476,1.0
75477,1.0
75487,2.0
75490,5.0
75493,5.0
75495,2.0
75496,3.5
75500,1.0
75501,2.0
75506,3.0
75508,0.0
75509,0.0
75512,0.0
75516,0.0
75517,2.5
75520,1.0
75522,2.0
75527,0.0
75529,3.0
75530,1.5
75537,0.0
75538,1.5
75540,1.0
75542,3.0
75543,1.0
75544,0.0
75549,4.0
75551,4.0
75555,1.0
75558,2.0
75559,0.0
75563,6.0
75566,3.0
75568,1.75
75569,1.6666666666666667
75571,2.3333333333333335
75574,3.0
75576,0.0
75577,1.0
75579,3.0
75580,3.5
75585,1.5
75587,3.5
75590,2.5
75595,2.0
75598,2.0
75599,0.0
75603,2.5
75608,4.0
75609,4.0
75610,4.5
75611,3.0
75612,3.75
75613,2.0
75614,3.5
75615,0.0
75618,2.0
75619,2.0
75623,3.0
75624,2.5
75625,2.5
75626,1.0
75629,0.0
75632,1.5
75634,1.0
75637,1.6666666666666667
75642,2.5
75647,0.0
75651,4.0
75653,4.0
75657,3.0
75662,2.0
75663,1.0
75665,3.0
75667,2.0
75670,1.5
75671,1.0
75675,3.0
75676,3.0
75677,2.0
75685,4.0
75686,5.5
75689,2.6666666666666665
75692,2.5
75694,1.0
75696,3.0
75697,2.0
75698,2.5
75702,6.666666666666667
75707,1.0
75709,1.0
75712,1.0
75717,3.0
75723,0.0
75728,1.5
75731,4.5
75735,5.0
75739,1.0
75743,3.0
75746,2.75
75748,0.0
75754,0.0
75757,1.0
75758,1.5
75761,1.0
75762,2.3333333333333335
75764,2.3333333333333335
75767,3.0
75768,2.5
75772,3.0
75773,5.0
75777,1.5
75784,2.0
75785,2.0
75786,3.0
75788,2.5
75797,1.0
75803,5.0
75810,1.0
75813,0.0
75814,4.0
75818,0.0
75825,3.0
75826,0.0
75828,0.0
75829,3.0
75832,4.0
75836,0.0
75843,0.0
75847,2.5
75849,1.0
75851,1.0
75852,1.5
75856,2.6666666666666665
75857,3.0
75859,5.333333333333333
75869,5.0
75872,3.0
75876,3.75
75880,5.5
75892,1.0
75894,0.0
75900,0.0
75909,2.5
75911,5.0
75912,2.0
75920,6.0
75931,9.0
75933,5.0
75940,4.0
75949,1.0
75951,3.3333333333333335
75954,3.0
75957,2.5
75961,0.0
75975,2.0
75976,2.0
75978,3.0
75979,4.0
75986,1.0
75988,1.0
76001,3.0
76005,3.5
76007,1.5
76008,0.0
76011,2.5
76012,1.5
76019,2.0
76021,4.0
76024,4.0
76025,2.0
76027,1.5
76030,2.5
76035,8.75
76036,1.3333333333333333
76037,2.5
76038,2.5
76040,2.0
76047,2.0
76051,6.0
76052,2.0
76054,2.5
76055,0.0
76057,1.0
76062,4.0
76067,1.5
76068,2.0
76071,1.0
76074,5.0
76078,1.0
76079,0.0
76084,2.5
76087,2.5
76088,0.0
76089,5.0
76091,3.0
76094,3.0
76095,0.0
76096,1.0
76099,1.0
76100,1.5
76102,2.0
76105,6.0
76106,1.0
76108,6.666666666666667
76110,3.0
76111,2.3333333333333335
76115,2.3333333333333335
76116,2.5
76120,2.0
76121,4.0
76123,4.0
76124,4.0
76126,3.0
76130,0.0
76137,1.0
76138,0.0
76139,3.0
76144,1.0
76146,4.0
76148,3.0
76150,2.0
76151,1.0
76154,11.0
76156,5.0
76158,0.0
76159,1.0
76162,1.0
76167,2.5
76168,1.0
76169,1.5
76171,1.0
76179,0.0
76180,3.0
76185,2.0
76188,1.0
76189,1.0
76194,0.0
76196,1.0
76201,2.5
76205,2.0
76206,0.0
76210,0.0
76211,0.0
76215,2.0
76217,1.3333333333333333
76223,7.0
76226,5.0
76230,0.0
76235,1.0
76237,2.0
76242,1.0
76251,1.0
76253,1.0
76254,0.0
76255,1.0
76259,1.0
76266,0.0
76267,5.666666666666667
76270,4.0
76272,3.5
76277,1.0
76279,1.6666666666666667
76282,2.0
76285,4.5
76287,0.0
76291,0.0
76293,2.5
76296,1.5
76305,0.0
76309,2.5
76311,4.0
76312,3.5
76319,1.5
76321,0.0
76327,1.5
76328,1.6666666666666667
76329,1.6666666666666667
76332,1.5
76334,1.3333333333333333
76335,1.0
76336,1.6666666666666667
76337,3.0
76338,1.5
76346,1.0
76349,2.0
76352,2.0
76359,2.5
76362,1.0
76369,6.0
76373,6.5
76375,1.0
76377,1.5
76380,4.0
76388,5.0
76392,0.0
76393,4.0
76396,3.0
76399,1.0
76401,4.0
76403,1.5
76404,3.3333333333333335
76405,2.6666666666666665
76408,4.5
76412,4.0
76415,0.0
76417,0.0
76418,7.0
76419,0.0
76423,1.0
76424,0.0
76425,4.0
76426,3.5
76431,4.0
76433,0.0
76435,1.0
76437,4.0
76445,1.0
76447,1.5
76449,1.5
76451,3.0
76455,5.0
76459,2.0
76461,0.0
76466,1.0
76467,1.5
76468,5.0
76471,7.0
76474,1.0
76475,3.0
76479,5.0
76481,2.0
76483,1.6666666666666667
76484,3.0
76486,3.0
76487,3.0
76489,4.5
76495,3.5
76500,0.0
76511,3.0
76512,1.0
76520,1.0
76521,3.0
76522,3.0
76528,0.0
76529,1.0
76532,3.0
76534,1.0
76536,3.3333333333333335
76538,1.5
76539,0.0
76547,5.0
76548,5.0
76549,4.0
76552,5.0
76557,5.0
76566,1.0
76567,3.0
76571,3.5
76573,3.6666666666666665
76574,3.6666666666666665
76575,2.5
76576,1.3333333333333333
76577,4.0
76580,4.0
76581,0.0
76592,1.0
76593,1.0
76594,1.0
76596,1.5
76598,5.666666666666667
76601,4.75
76602,5.333333333333333
76603,2.0
76604,1.0
76608,2.0
76610,1.0
76612,2.0
76613,2.0
76617,1.5
76619,0.0
76621,1.0
76626,0.0
76629,2.0
76633,1.5
76634,2.3333333333333335
76636,3.0
76639,4.0
76640,2.0
76642,1.3333333333333333
76643,2.0
76644,2.0
76645,2.0
76646,1.0
76647,1.0
76649,4.0
76651,1.0
76654,2.5
76656,3.3333333333333335
76658,4.5
76659,2.0
76661,3.5
76663,1.0
76666,1.0
76667,1.5
76669,3.0
76670,2.6666666666666665
76674,4.0
76675,4.0
76677,4.0
76680,4.0
76682,0.0
76691,2.5
76695,5.0
76697,2.0
76700,4.0
76705,4.0
76706,0.0
76708,5.666666666666667
76711,4.0
76712,2.0
76719,1.5
76722,3.0
76725,1.0
76727,1.5
76729,3.0
76731,2.0
76736,3.0
76745,2.0
76746,3.5
76749,4.0
76750,0.0
76756,14.0
76758,2.5
76764,3.0
76768,1.0
76770,4.0
76773,3.5
76779,1.5
76785,1.6666666666666667
76786,2.0
76791,0.0
76792,1.0
76794,1.0
76795,4.0
76805,1.5
76807,4.0
76812,4.5
76828,3.0
76830,1.6666666666666667
76831,2.0
76842,2.3333333333333335
76844,2.0
76846,2.0
76849,2.5
76851,0.0
76854,2.0
76856,2.5
76859,3.0
76866,1.0
76871,1.5
76873,2.0
76876,4.75
76877,4.25
76884,1.0
76887,0.0
76888,1.5
76891,1.0
76893,5.25
76898,10.5
76905,2.25
76907,2.3333333333333335
76908,2.5
76916,1.5
76917,1.0
76919,3.0
76923,2.0
76925,1.3333333333333333
76928,1.0
76929,1.0
76930,2.0
76932,1.0
76938,4.0
76942,4.0
76952,7.5
76955,6.0
76958,4.0
76962,8.5
76964,1.0
76968,5.0
76971,1.0
76974,3.0
76976,0.0
76978,0.0
76979,0.0
76983,3.0
76986,0.0
76991,2.5
76993,3.5
76996,3.5
77000,0.0
77004,1.0
77006,9.0
77017,5.5
77018,0.0
77025,1.0
77029,0.0
77033,2.0
77036,1.0
77037,1.0
77041,2.0
77044,2.6666666666666665
77045,3.0
77046,3.0
77047,3.0
77050,4.0
77052,4.0
77054,4.0
77057,2.0
77058,2.0
77059,1.5
77063,1.0
77066,2.5
77069,4.0
77070,4.0
77072,0.0
77084,2.5
77087,2.0
77091,0.0
77092,2.0
77093,1.0
77106,1.0
77108,0.0
77109,2.0
77113,2.0
77115,0.0
77121,3.0
77123,3.0
77126,3.0
77140,2.0
77142,5.5
77146,5.0
77147,2.0
77150,3.8
77151,4.0
77152,5.5
77155,2.6666666666666665
77160,1.5
77161,2.5
77162,2.25
77163,4.0
77165,1.0
77169,2.5
77173,2.0
77174,2.5
77179,4.5
77180,0.0
77181,2.0
77183,2.0
77184,1.0
77186,2.6
77187,4.333333333333333
77188,5.5
77191,1.5
77193,2.0
77194,2.0
77197,2.0
77199,2.0
77201,1.5
77202,2.0
77204,1.0
77205,1.0
77208,1.5
77210,1.5
77213,1.5
77216,1.0
77217,1.0
77219,2.0
77224,2.0
77225,2.5
77226,4.0
77228,3.0
77230,2.5
77235,3.75
77236,3.0
77244,2.0
77245,1.5
77246,3.6666666666666665
77248,2.0
77249,2.0
77256,3.0
77264,0.0
77267,1.5
77269,4.0
77270,4.0
77273,3.0
77277,1.0
77283,1.0
77288,2.0
77295,2.0
77299,1.0
77301,0.0
77302,0.0
77303,1.0
77317,1.4
77324,1.25
77327,1.25
77328,2.0
77331,2.3333333333333335
77336,3.3333333333333335
77339,7.0
77343,1.0
77350,0.0
77361,1.0
77363,1.0
77364,0.0
77365,2.5
77370,4.333333333333333
77371,2.0
77374,2.0
77376,2.0
77383,4.666666666666667
77384,4.0
77386,4.5
77392,4.0
77393,4.0
77396,4.0
77397,4.0
77400,1.0
77405,3.0
77406,1.75
77418,2.0
77419,1.5
77421,1.5
77423,2.0
77431,1.0
77435,0.0
77436,1.0
77441,1.0
77447,1.5
77451,0.0
77457,2.0
77459,1.0
77460,1.0
77461,2.0
77463,1.6666666666666667
77465,1.0
77466,0.0
77468,1.0
77474,3.5
77475,3.5
77477,4.0
77487,1.0
77496,4.0
77499,3.0
77500,4.0
77501,2.0
77506,6.0
77510,1.0
77511,1.0
77512,0.0
77513,5.0
77518,2.0
77519,3.6666666666666665
77521,1.0
77525,10.0
77528,3.0
77530,3.6666666666666665
77533,1.0
77538,2.5
77543,5.0
77544,5.0
77545,4.5
77547,5.666666666666667
77551,2.0
77553,2.0
77556,3.0
77558,1.5
77560,0.0
77561,2.0
77562,0.0
77563,0.0
77565,4.0
77567,2.0
77568,2.0
77569,2.0
77570,0.0
77574,8.0
77576,1.0
77578,3.5
77581,7.0
77583,3.0
77586,1.0
77587,0.0
77590,2.0
77592,3.0
77593,2.0
77596,1.0
77604,0.0
77605,2.0
77606,5.0
77607,4.0
77608,5.0
77609,4.0
77613,1.0
77621,1.0
77622,2.0
77626,2.0
77627,5.0
77635,2.0
77641,3.0
77643,3.0
77648,1.0
77650,0.0
77652,2.5
77654,2.0
77655,2.0
77659,0.0
77660,0.0
77662,0.0
77664,0.0
77665,0.0
77668,4.0
77671,1.5
77676,2.0
77677,2.0
77681,2.0
77682,1.0
77685,5.0
77693,2.0
77698,4.0
77700,1.0
77703,1.3333333333333333
77712,0.0
77715,5.0
77718,2.5
77719,2.0
77724,2.5
77725,2.5
77728,1.5
77729,0.0
77735,1.0
77751,2.0
77754,0.0
77756,0.0
77760,5.5
77762,4.0
77764,1.0
77768,0.0
77770,2.0
77774,1.6666666666666667
77776,2.5
77777,0.0
77781,3.0
77782,3.0
77784,2.0
77788,2.0
77792,3.0
77794,1.0
77802,2.0
77803,1.0
77810,0.0
77815,1.0
77817,1.5
77820,3.0
77821,1.6666666666666667
77827,2.0
77834,1.5
77835,2.5
77852,1.5
77857,2.5
77859,1.0
77860,1.0
77861,2.3333333333333335
77867,1.5
77868,1.75
77869,2.0
77870,2.0
77873,3.25
77875,0.0
77879,3.0
77882,3.0
77883,3.3333333333333335
77884,4.0
77889,6.5
77893,2.0
77897,2.0
77903,3.5
77904,5.0
77909,1.0
77911,2.6666666666666665
77912,2.0
77913,4.0
77915,5.0
77917,5.5
77920,3.0
77930,1.0
77934,6.0
77936,1.0
77937,3.0
77938,4.666666666666667
77945,2.3333333333333335
77950,1.0
77951,2.0
77954,1.5
77956,2.0
77958,3.0
77959,2.0
77963,1.0
77964,2.5
77966,0.0
77968,1.0
77974,0.0
77975,1.0
77976,1.0
77988,1.0
77991,2.0
77992,1.0
77995,7.0
77996,2.0
77997,1.6666666666666667
78005,1.5
78009,3.0
78017,1.3333333333333333
78019,2.0
78021,1.0
78022,0.0
78027,2.0
78028,2.5
78029,3.0
78034,0.0
78035,3.5
78037,1.0
78041,2.0
78043,1.6666666666666667
78045,2.5
78046,3.0
78049,1.6666666666666667
78055,5.0
78056,0.0
78059,4.0
78064,5.0
78066,6.0
78070,2.5
78071,2.0
78075,2.6666666666666665
78076,3.0
78077,0.0
78084,0.0
78087,1.5
78088,2.0
78090,2.0
78094,0.0
78097,2.0
78102,2.0
78103,2.0
78107,2.0
78115,0.0
78116,3.0
78117,1.5
78119,3.0
78120,1.5
78122,3.5
78123,4.0
78124,3.5
78125,4.0
78126,5.0
78133,1.0
78137,2.0
78145,0.0
78150,4.333333333333333
78157,2.0
78159,1.6666666666666667
78164,2.0
78166,2.5
78167,1.0
78168,0.0
78170,2.5
78171,2.5
78173,2.0
78174,2.5
78177,2.5
78181,1.0
78188,0.0
78196,1.0
78201,1.0
78206,2.0
78207,0.0
78213,0.0
78215,6.0
78216,6.0
78221,2.5
78222,2.5
78223,4.5
78225,1.0
78226,1.0
78234,1.0
78236,2.0
78237,1.0
78238,1.0
78241,2.5
78242,0.0
78244,2.5
78246,0.0
78252,0.0
78263,3.0
78265,4.0
78275,3.0
78279,3.0
78285,3.0
78288,0.0
78290,0.0
78291,4.5
78295,2.5
78298,3.0
78306,1.0
78310,3.0
78311,7.0
78313,0.0
78322,2.0
78329,2.5
78333,2.0
78334,3.0
78337,1.5
78338,1.5
78339,1.0
78344,2.3333333333333335
78345,1.5
78347,6.0
78349,8.5
78352,1.0
78356,1.0
78362,1.0
78365,2.0
78366,2.5
78369,3.5
78370,2.0
78372,3.0
78373,4.5
78374,4.0
78376,3.0
78383,0.0
78385,1.0
78390,5.0
78393,6.0
78394,5.0
78401,1.0
78404,4.333333333333333
78409,4.333333333333333
78412,1.0
78414,2.0
78418,4.0
78421,4.0
78424,1.0
78425,4.0
78427,0.0
78429,6.0
78430,0.0
78431,0.0
78435,1.5
78439,5.666666666666667
78440,5.666666666666667
78442,4.5
78449,2.0
78451,1.0
78453,2.5
78454,6.0
78462,0.0
78463,1.0
78464,0.0
78468,7.0
78472,4.0
78474,1.0
78475,5.5
78477,14.0
78478,9.0
78483,1.6666666666666667
78484,2.0
78485,2.0
78486,1.5
78487,0.0
78488,6.0
78489,2.5
78491,2.0
78493,19.0
78499,2.0
78500,0.0
78504,0.0
78507,0.0
78510,1.3333333333333333
78512,0.0
78516,3.6666666666666665
78517,0.0
78518,0.0
78519,0.0
78524,0.0
78525,2.0
78529,0.0
78530,1.0
78531,0.0
78533,0.0
78534,1.0
78538,3.0
78539,2.5
78546,5.25
78547,5.0
78548,0.0
78553,1.0
78557,3.6666666666666665
78559,1.0
78561,0.0
78566,6.666666666666667
78567,1.0
78568,1.0
78571,4.0
78572,2.5
78574,1.0
78580,2.0
78583,0.0
78589,3.0
78596,6.5
78608,1.0
78609,1.0
78611,1.0
78613,1.0
78615,1.0
78621,1.0
78623,0.0
78626,0.0
78633,2.0
78635,1.0
78636,1.0
78650,4.5
78655,1.3333333333333333
78656,0.0
78664,1.5
78670,0.0
78684,2.6666666666666665
78689,3.3333333333333335
78690,5.0
78692,1.5
78693,2.5
78695,3.25
78696,1.5
78697,0.0
78698,0.0
78699,1.0
78700,2.0
78704,0.0
78708,0.0
78709,0.0
78711,2.0
78714,7.0
78728,2.5
78729,2.0
78733,1.0
78735,2.0
78736,2.0
78739,1.0
78742,4.333333333333333
78743,4.0
78744,1.5
78747,4.0
78750,1.5
78754,1.0
78758,0.0
78759,7.0
78760,1.0
78768,1.5
78771,1.5
78776,0.0
78777,0.0
78778,4.0
78780,1.5
78783,1.0
78785,4.0
78790,0.0
78791,0.0
78795,1.0
78796,5.0
78805,2.0
78808,1.0
78809,1.0
78811,4.5
78815,4.5
78818,4.5
78819,0.0
78820,0.0
78821,5.0
78822,3.0
78824,4.5
78827,2.6666666666666665
78828,3.6666666666666665
78830,1.25
78838,1.5
78842,5.0
78846,0.0
78847,2.0
78850,2.0
78855,1.0
78856,0.0
78857,1.0
78858,1.0
78864,0.0
78866,4.0
78868,0.0
78871,0.0
78873,2.0
78874,2.0
78876,1.0
78878,3.0
78885,2.5
78889,0.0
78891,0.0
78893,2.0
78897,5.0
78903,2.5
78905,2.5
78906,0.0
78908,1.5
78909,1.0
78913,3.0
78914,1.0
78915,2.5
78920,4.0
78921,19.0
78922,12.0
78923,12.0
78925,0.0
78926,0.0
78928,12.0
78929,0.0
78932,6.0
78935,6.0
78938,7.4
78940,6.0
78942,6.0
78944,0.0
78946,5.333333333333333
78949,3.6666666666666665
78952,5.0
78955,2.0
78957,0.0
78958,6.333333333333333
78961,6.333333333333333
78967,2.0
78968,2.0
78969,1.5
78971,0.0
78976,2.3333333333333335
78978,2.0
78983,3.0
78986,2.0
78987,1.6666666666666667
78992,2.0
78993,1.0
78998,1.5
79000,1.5
79009,2.0
79010,1.3333333333333333
79011,1.0
79014,1.0
79018,1.5
79020,1.5
79024,3.0
79025,2.0
79026,2.0
79030,1.0
79031,1.0
79032,1.0
79034,3.0
79035,3.0
79036,3.0
79039,2.0
79042,0.0
79044,2.0
79045,3.5
79049,5.333333333333333
79051,3.0
79056,0.0
79057,3.0
79060,1.0
79065,4.0
79067,2.3333333333333335
79072,5.5
79074,0.0
79075,0.0
79079,2.5
79081,0.0
79082,3.0
79088,4.5
79089,0.0
79092,1.0
79103,0.0
79108,1.5
79109,1.0
79111,1.0
79114,2.0
79115,1.5
79120,4.0
79125,2.0
79127,1.5
79131,2.6666666666666665
79135,1.0
79136,3.0
79137,4.0
79138,4.0
79143,0.0
79144,0.0
79145,2.0
79147,2.0
79149,0.0
79154,1.0
79155,6.0
79162,4.25
79165,4.333333333333333
79169,7.0
79170,0.0
79171,1.0
79173,3.0
79176,3.5
79177,2.0
79178,2.0
79181,0.0
79182,2.5
79183,1.0
79185,0.0
79187,0.0
79192,1.0
79197,1.5
79199,4.0
79200,3.0
79204,1.0
79208,4.0
79209,3.6666666666666665
79210,1.0
79211,0.0
79213,0.0
79216,0.0
79224,3.0
79225,1.0
79227,2.0
79229,2.0
79234,1.0
79240,2.0
79243,2.0
79246,1.5
79249,1.0
79250,5.0
79252,3.5
79253,3.5
79256,2.6666666666666665
79260,4.0
79263,1.0
79272,0.0
79276,2.0
79277,13.0
79283,1.0
79284,0.0
79288,1.0
79289,2.0
79292,4.0
79296,9.0
79303,0.0
79304,0.0
79307,1.0
79308,1.3333333333333333
79313,4.5
79316,1.0
79317,2.0
79318,2.0
79321,3.0
79323,2.5
79326,3.0
79327,0.0
79328,4.0
79330,0.0
79331,5.5
79334,0.0
79341,0.0
79346,1.0
79348,0.0
79349,3.0
79351,6.0
79352,0.0
79357,3.0
79359,1.0
79362,3.0
79364,1.0
79365,2.5
79374,1.0
79375,2.3333333333333335
79377,3.5
79379,1.0
79381,1.0
79386,0.0
79397,0.0
79398,2.0
79399,1.5
79408,2.0
79409,3.25
79412,2.0
79418,2.0
79419,1.5
79420,2.0
79423,3.0
79425,1.6666666666666667
79426,2.5
79431,1.6666666666666667
79433,0.0
79434,0.0
79438,1.0
79439,2.0
79443,1.0
79444,1.0
79445,2.0
79450,2.5
79452,4.0
79453,2.0
79456,2.0
79457,1.0
79461,1.0
79462,3.6666666666666665
79465,1.0
79471,4.0
79473,2.0
79474,1.5
79490,2.3333333333333335
79491,3.0
79492,1.0
79493,1.0
79496,1.0
79499,7.0
79500,0.0
79501,4.0
79502,1.0
79503,4.0
79505,3.0
79506,2.0
79507,3.0
79508,2.5
79511,1.0
79513,1.0
79520,2.0
79524,7.0
79526,11.0
79528,3.0
79532,0.0
79535,0.0
79538,6.0
79542,2.5
79545,5.0
79549,2.5
79551,4.0
79552,5.5
79555,0.0
79560,2.0
79561,2.0
79564,1.5
79566,6.0
79567,1.0
79571,3.0
79578,3.0
79580,2.0
79581,1.5
79583,2.5
79589,2.5
79593,3.5
79600,2.25
79605,2.0
79606,2.0
79610,4.0
79614,1.0
79618,1.0
79620,1.0
79621,4.666666666666667
79624,0.0
79627,4.0
79632,2.0
79633,2.0
79641,0.0
79643,0.0
79646,1.0
79649,2.6666666666666665
79650,3.0
79651,3.0
79652,3.0
79655,3.5
79660,5.0
79665,2.5
79666,3.0
79667,2.5
79671,1.0
79673,2.0
79675,0.0
79681,1.0
79682,1.0
79689,0.0
79693,1.0
79694,3.0
79701,1.5
79702,1.0
79705,3.6666666666666665
79708,0.0
79709,3.0
79718,0.0
79723,1.0
79725,2.0
79731,0.0
79732,1.0
79737,0.0
79738,3.5
79739,0.0
79740,8.0
79741,3.75
79743,1.5
79745,0.0
79748,3.0
79749,3.0
79753,3.0
79760,2.0
79763,2.0
79765,3.0
79766,1.5
79772,1.0
79774,1.0
79777,1.0
79779,1.5
79784,0.0
79793,2.0
79794,3.0
79797,3.0
79802,3.0
79810,0.0
79811,1.5
79812,1.6666666666666667
79815,2.0
79816,5.0
79817,9.0
79818,2.0
79819,1.0
79820,4.0
79821,3.0
79823,1.0
79824,1.0
79827,4.666666666666667
79830,1.5
79832,2.0
79833,2.0
79835,2.0
79837,2.0
79844,4.0
79848,2.0
79849,2.0
79851,1.5
79857,2.0
79859,1.75
79860,6.0
79862,2.0
79867,8.0
79870,2.5
79871,3.0
79876,2.6666666666666665
79877,3.0
79882,1.0
79884,3.0
79887,1.5
79888,2.0
79890,1.5
79891,1.3333333333333333
79895,3.0
79898,4.0
79899,3.0
79902,2.3333333333333335
79906,0.0
79907,2.0
79909,2.0
79910,1.5
79914,1.5
79915,1.5
79916,1.5
79923,1.0
79926,0.0
79928,1.0
79929,1.0
79932,1.3333333333333333
79936,2.0
79939,1.5
79941,1.0
79947,2.5
79953,3.0
79961,2.5
79962,2.0
79963,6.0
79971,2.0
79975,2.0
79977,1.6666666666666667
79978,0.0
79983,0.0
79984,0.0
79985,2.0
79997,1.0
79999,1.0
80001,1.0
80003,1.0
80004,3.0
80006,3.0
80007,0.0
80008,0.0
80009,3.0
80013,3.0
80019,1.0
80024,1.0
80027,3.0
80032,2.6666666666666665
80034,2.0
80035,2.0
80039,3.0
80040,1.5
80041,0.0
80043,1.0
80044,1.0
80045,4.0
80048,0.0
80049,2.0
80051,0.0
80064,4.0
80065,4.0
80067,3.0
80071,3.6666666666666665
80073,1.5
80074,2.3333333333333335
80076,2.5
80077,4.0
80085,2.0
80089,2.0
80097,3.0
80104,2.0
80109,0.0
80111,1.6666666666666667
80113,3.0
80114,3.0
80120,2.0
80122,2.5
80126,7.5
80130,5.666666666666667
80132,8.0
80136,1.0
80140,2.0
80153,2.5
80154,3.0
80155,0.0
80157,2.5
80164,0.0
80166,2.6666666666666665
80167,2.5
80170,2.5
80171,1.6666666666666667
80172,3.0
80187,3.0
80189,2.0
80190,2.0
80192,3.0
80199,3.5
80206,1.0
80208,2.0
80209,2.0
80210,3.0
80214,3.0
80223,2.0
80226,2.0
80227,1.5
80228,2.75
80229,1.0
80239,0.0
80243,6.0
80251,2.0
80253,1.0
80255,4.0
80258,2.0
80259,1.6666666666666667
80264,0.0
80265,1.0
80267,1.0
80268,2.0
80280,0.0
80288,2.0
80294,1.0
80296,3.0
80301,0.0
80302,1.0
80305,3.0
80307,3.0
80310,0.0
80311,6.5
80313,0.0
80314,2.0
80316,2.0
80320,1.0
80322,2.0
80325,0.0
80327,2.0
80330,2.5
80332,0.0
80334,3.0
80340,2.0
80344,3.0
80347,6.0
80351,1.5
80353,1.3333333333333333
80354,1.5
80359,2.5
80362,0.0
80363,1.0
80364,4.0
80369,3.5
80370,3.5
80374,2.0
80376,7.666666666666667
80377,7.666666666666667
80379,1.3333333333333333
80380,1.0
80381,2.0
80383,4.5
80384,3.6666666666666665
80388,1.5
80389,1.0
80390,1.0
80393,1.0
80396,1.0
80397,3.0
80403,1.0
80406,2.0
80419,3.5
80423,0.0
80433,2.0
80435,1.5
80436,1.5
80439,1.25
80446,1.0
80449,0.0
80450,1.0
80456,2.0
80461,2.0
80467,2.0
80482,1.0
80484,2.0
80490,2.0
80494,2.0
80500,1.0
80502,2.0
80503,0.0
80504,0.0
80506,2.0
80510,2.0
80512,2.0
80513,2.0
80516,2.5
80520,2.5
80527,6.0
80534,2.0
80535,1.0
80537,1.0
80538,2.0
80539,2.5
80540,0.0
80542,1.0
80543,2.3333333333333335
80544,2.3333333333333335
80551,6.5
80552,2.0
80561,0.0
80563,5.0
80565,8.0
80567,1.0
80568,2.0
80570,0.0
80578,2.0
80579,3.0
80580,0.0
80583,1.0
80584,2.0
80585,0.0
80589,2.0
80591,3.0
80592,1.5
80595,2.0
80596,1.0
80599,1.5
80600,4.0
80608,2.3333333333333335
80610,1.0
80613,1.0
80615,0.0
80616,3.0
80618,3.0
80619,3.0
80622,6.0
80625,2.0
80628,3.0
80631,2.5
80633,2.6666666666666665
80635,1.0
80636,1.0
80645,1.0
80654,2.5
80657,1.5
80661,1.3333333333333333
80663,1.5
80665,1.0
80666,1.0
80678,0.0
80680,3.0
80683,5.0
80684,2.3333333333333335
80686,4.0
80687,0.0
80689,0.0
80696,4.666666666666667
80700,1.0
80701,2.5
80702,2.0
80703,2.0
80704,3.6666666666666665
80706,4.0
80708,2.0
80711,0.0
80713,4.0
80717,1.0
80718,2.0
80719,2.0
80720,0.0
80725,2.0
80728,2.0
80730,3.0
80732,2.0
80733,0.0
80736,1.0
80738,1.0
80739,0.0
80741,4.0
80745,3.0
80751,2.6666666666666665
80752,5.0
80756,0.0
80757,1.5
80760,1.0
80762,1.0
80765,0.0
80767,0.0
80770,1.0
80774,0.0
80775,1.5
80778,1.3333333333333333
80781,1.0
80783,0.0
80786,2.0
80787,1.0
80790,1.6666666666666667
80791,1.0
80792,2.0
80794,2.0
80796,3.0
80797,2.5
80798,1.0
80799,2.0
80800,2.0
80802,2.3333333333333335
80803,3.5
80814,1.0
80817,3.5
80818,6.0
80819,2.0
80821,2.0
80830,4.0
80831,3.5
80834,3.0
80835,1.0
80838,0.0
80839,2.0
80843,4.0
80849,2.6666666666666665
80859,1.0
80867,1.5
80868,1.5
80875,3.0
80878,1.0
80882,1.0
80883,3.5
80884,1.0
80889,2.0
80893,0.0
80894,1.0
80895,1.3333333333333333
80896,0.0
80898,2.25
80905,0.0
80906,2.0
80908,3.0
80909,0.0
80910,0.0
80915,3.0
80917,1.0
80919,1.0
80922,0.0
80926,2.0
80930,4.333333333333333
80932,2.5
80940,1.3333333333333333
80941,1.3333333333333333
80942,3.0
80944,1.5
80945,1.0
80951,0.0
80953,3.0
80959,1.0
80961,4.0
80964,2.5
80967,1.0
80972,1.5
80981,2.5
80983,1.0
80989,2.0
80990,1.5
80993,2.0
80994,2.0
80996,1.5
80999,1.0
81003,0.0
81004,0.0
81008,0.0
81013,0.0
81015,0.0
81016,3.0
81017,2.0
81023,2.0
81027,6.0
81032,5.0
81034,3.6666666666666665
81035,5.0
81037,2.0
81041,2.0
81042,1.0
81045,1.5
81049,4.0
81058,0.0
81059,1.5
81062,0.0
81066,1.0
81070,3.0
81077,4.0
81080,2.0
81081,3.0
81087,3.3333333333333335
81088,3.3333333333333335
81091,3.0
81092,1.0
81093,2.3333333333333335
81096,2.3333333333333335
81105,4.0
81106,3.0
81107,2.0
81113,3.5
81114,4.5
81115,6.0
81116,2.5
81118,2.5
81129,3.5
81130,3.5
81135,2.0
81138,2.0
81140,1.0
81147,1.5
81151,1.5
81153,5.666666666666667
81155,4.5
81162,11.0
81163,1.0
81173,1.0
81177,0.0
81179,3.5
81180,1.0
81182,0.0
81185,2.25
81187,3.3333333333333335
81190,1.0
81191,0.0
81193,1.5
81194,0.0
81195,4.0
81205,3.75
81208,1.0
81213,0.0
81214,3.3333333333333335
81217,1.0
81220,0.0
81223,1.5
81225,0.0
81226,3.0
81228,3.6666666666666665
81234,1.3333333333333333
81235,2.0
81244,2.5
81246,0.0
81251,6.0
81252,4.0
81254,3.0
81258,7.0
81265,2.0
81267,7.0
81269,4.0
81272,1.0
81275,2.0
81277,4.0
81281,3.6666666666666665
81285,2.0
81286,2.0
81287,1.0
81291,2.0
81296,4.0
81298,0.0
81302,0.0
81304,2.0
81305,1.5
81306,2.0
81307,1.0
81309,6.0
81312,0.0
81324,1.0
81329,2.0
81330,2.5
81332,2.3333333333333335
81334,2.3333333333333335
81335,0.0
81337,5.0
81338,1.0
81344,1.0
81350,2.0
81353,0.0
81356,5.5
81357,2.0
81363,3.0
81365,2.5
81367,7.0
81374,7.0
81380,1.5
81382,4.333333333333333
81383,3.75
81388,2.0
81390,2.5
81391,3.0
81393,2.0
81394,2.0
81397,2.0
81398,0.0
81399,6.0
81406,2.5
81410,2.0
81414,2.5
81418,2.5
81419,2.5
81429,1.0
81437,0.0
81439,4.0
81440,1.0
81448,1.6666666666666667
81449,1.6666666666666667
81450,1.5
81457,1.0
81458,2.0
81460,1.5
81461,4.0
81464,0.0
81466,1.0
81467,2.0
81469,0.0
81470,1.0
81471,2.3333333333333335
81474,5.75
81478,4.5
81482,3.0
81485,2.0
81491,3.75
81495,1.0
81496,2.0
81497,3.0
81499,1.5
81502,0.0
81508,4.0
81511,2.5
81512,1.0
81513,1.0
81514,0.0
81518,3.0
81521,1.5
81522,4.4
81525,7.0
81528,2.3333333333333335
81529,2.0
81533,2.5
81535,6.0
81536,4.25
81545,0.0
81548,0.0
81551,5.0
81553,2.5
81558,3.0
81560,3.0
81563,3.0
81564,3.0
81565,3.0
81569,0.0
81570,3.0
81572,3.0
81573,3.0
81579,0.0
81584,3.6666666666666665
81586,2.0
81593,0.0
81594,1.0
81597,8.0
81598,1.0
81600,1.0
81608,4.0
81609,0.0
81611,1.5
81615,1.0
81618,2.0
81620,1.0
81624,1.0
81625,1.0
81629,2.3333333333333335
81630,2.0
81640,2.0
81642,3.0
81646,2.0
81648,0.0
81650,0.0
81654,1.5
81661,2.0
81663,2.0
81665,3.0
81667,3.5
81668,2.0
81670,3.75
81676,1.0
81681,0.0
81684,1.5
81685,0.0
81686,0.0
81688,2.0
81695,2.6666666666666665
81696,1.0
81697,0.0
81707,2.0
81714,2.0
81715,0.0
81717,0.0
81721,0.0
81726,1.0
81728,2.0
81734,2.0
81735,3.0
81737,1.5
81739,0.0
81740,2.0
81742,3.0
81749,1.0
81750,1.5
81754,1.0
81755,0.0
81760,0.0
81761,2.0
81767,0.0
81768,2.0
81771,0.0
81772,5.0
81777,2.0
81781,8.0
81782,8.0
81784,3.0
81785,3.0
81791,2.0
81792,2.0
81793,6.5
81796,3.0
81797,3.5
81799,0.0
81803,2.3333333333333335
81804,2.6666666666666665
81811,2.0
81812,2.0
81813,2.0
81814,2.0
81815,2.0
81816,2.0
81817,2.0
81821,5.0
81824,2.5
81828,1.0
81832,1.0
81836,0.0
81837,1.6666666666666667
81844,3.3333333333333335
81845,4.0
81849,1.5
81854,3.0
81861,1.0
81862,1.5
81870,1.0
81873,2.5
81879,2.5
81880,1.0
81885,1.0
81888,1.0
81890,0.0
81891,1.0
81895,1.0
81898,2.0
81899,0.0
81902,1.5
81907,1.0
81911,2.0
81917,0.0
81918,1.0
81921,3.0
81925,1.0
81926,10.0
81928,2.0
81931,2.0
81933,5.0
81936,0.0
81938,0.0
81944,1.0
81946,1.3333333333333333
81947,1.3333333333333333
81948,1.0
81949,3.0
81956,0.0
81962,1.5
81966,3.0
81968,1.0
81970,1.0
81972,0.0
81978,2.0
81981,0.0
81984,1.0
81990,1.0
81991,1.6666666666666667
81996,2.0
82001,2.0
82003,2.0
82004,2.0
82005,0.0
82006,2.0
82008,0.0
82011,2.5
82012,2.0
82013,2.5
82015,3.0
82016,2.0
82020,3.0
82021,1.0
82022,0.0
82027,0.0
82031,0.0
82040,1.5
82042,0.0
82048,1.0
82049,1.0
82051,0.0
82052,1.0
82060,2.3333333333333335
82061,3.0
82064,2.5
82067,0.0
82069,1.0
82073,5.0
82078,3.0
82085,3.0
82086,1.0
82089,2.0
82090,2.0
82093,2.0
82097,1.0
82100,5.333333333333333
82106,1.5
82108,2.5
82110,2.0
82111,3.0
82119,3.0
82122,1.0
82123,2.0
82127,0.0
82129,3.0
82130,1.0
82131,0.0
82133,1.5
82134,0.0
82136,3.3333333333333335
82137,5.0
82138,5.0
82140,2.6666666666666665
82146,3.0
82147,5.0
82150,2.0
82153,5.0
82163,1.5
82165,5.0
82169,2.0
82177,1.0
82179,2.0
82186,0.0
82192,2.0
82195,0.0
82206,0.0
82210,0.0
82211,1.0
82220,8.0
82221,6.333333333333333
82224,4.0
82228,2.0
82238,4.0
82241,3.0
82243,5.0
82245,5.0
82248,5.0
82250,1.0
82252,4.5
82255,2.0
82256,2.0
82258,2.0
82259,2.0
82268,2.0
82271,3.0
82272,2.5
82273,1.0
82275,1.5
82276,1.0
82282,1.0
82283,2.5
82284,2.3333333333333335
82289,5.0
82295,3.0
82298,5.333333333333333
82299,0.0
82300,0.0
82306,1.0
82311,2.0
82313,2.0
82316,0.0
82319,4.0
82320,4.0
82327,1.0
82331,1.0
82333,1.0
82334,2.0
82336,2.0
82338,1.0
82339,0.0
82341,0.0
82342,4.0
82346,2.0
82349,2.6666666666666665
82351,2.5
82352,2.0
82359,1.0
82364,2.0
82368,2.5
82372,7.5
82373,7.5
82384,0.0
82385,2.0
82386,2.6666666666666665
82387,3.0
82393,1.0
82400,1.0
82402,2.0
82405,1.0
82413,2.0
82414,2.0
82420,2.5
82423,2.0
82424,1.0
82425,3.3333333333333335
82426,7.0
82428,2.0
82435,2.5
82438,1.6666666666666667
82440,2.0
82441,5.0
82442,3.5
82446,0.0
82447,1.5
82452,1.0
82461,6.0
82466,1.0
82467,1.0
82472,6.0
82473,3.5
82474,0.0
82476,1.0
82478,2.3333333333333335
82486,0.0
82487,0.0
82489,4.0
82490,3.3333333333333335
82494,1.5
82496,1.5
82497,1.5
82499,1.3333333333333333
82501,3.0
82502,3.0
82503,3.0
82504,2.5
82506,1.0
82515,0.0
82516,2.0
82520,1.6666666666666667
82522,2.0
82523,1.5
82530,1.0
82531,1.0
82532,1.0
82541,2.0
82543,2.0
82546,3.0
82552,1.0
82557,1.0
82558,1.0
82559,2.5
82561,9.0
82562,13.0
82569,2.0
82570,2.5
82573,1.3333333333333333
82575,2.0
82576,1.0
82577,1.5
82583,1.0
82584,1.0
82591,2.75
82592,1.0
82603,0.0
82605,1.0
82607,1.6666666666666667
82614,5.666666666666667
82615,7.0
82621,2.6666666666666665
82626,1.0
82629,0.0
82630,2.0
82631,2.0
82633,1.0
82634,1.0
82635,0.0
82636,1.0
82642,0.0
82643,0.0
82644,0.0
82646,2.25
82647,2.0
82653,2.5
82654,2.5
82664,2.5
82671,4.0
82673,2.3333333333333335
82677,1.0
82680,3.0
82682,1.0
82683,0.0
82689,2.0
82690,2.0
82698,1.5
82703,4.0
82704,7.0
82705,2.0
82708,1.5
82717,1.0
82719,1.0
82723,1.0
82732,0.0
82736,2.0
82741,0.0
82745,0.0
82746,2.0
82748,2.0
82760,3.0
82762,1.0
82769,2.0
82772,1.0
82774,1.0
82776,4.0
82777,2.6666666666666665
82778,2.0
82779,1.0
82780,2.0
82781,1.0
82786,3.0
82791,1.0
82794,1.0
82802,1.0
82803,0.0
82804,2.0
82811,2.6666666666666665
82813,2.5
82816,3.0
82817,4.333333333333333
82819,1.0
82823,2.5
82824,1.5
82831,2.0
82833,1.0
82840,5.0
82842,5.5
82845,2.0
82847,0.0
82851,3.25
82854,1.0
82855,2.3333333333333335
82858,0.0
82859,1.0
82862,2.0
82865,0.0
82866,0.0
82873,1.0
82874,0.0
82878,1.5
82879,1.5
82881,1.0
82883,3.0
82889,0.0
82892,4.0
82896,2.0
82899,2.0
82902,1.5
82903,1.3333333333333333
82907,1.0
82910,3.0
82913,1.0
82916,2.3333333333333335
82919,1.5
82923,3.0
82924,5.0
82925,6.0
82937,5.0
82939,3.0
82942,1.0
82945,4.0
82946,0.0
82949,2.4
82956,2.0
82957,3.5
82961,5.0
82967,0.0
82974,1.0
82976,2.0
82979,0.0
82983,1.0
82987,0.0
82989,1.0
82994,3.0
82995,3.0
82996,2.0
82998,3.0
83001,2.6666666666666665
83003,3.0
83004,1.0
83007,1.5
83010,1.6666666666666667
83013,3.0
83015,2.0
83018,1.0
83021,3.0
83026,3.3333333333333335
83032,2.6666666666666665
83034,3.0
83036,2.5
83037,2.0
83041,3.0
83043,3.0
83047,1.0
83049,0.0
83052,1.0
83056,1.0
83060,3.0
83062,1.0
83065,1.5
83066,1.0
83067,1.3333333333333333
83069,0.0
83074,1.0
83077,0.0
83080,1.0
83083,0.0
83084,1.0
83097,2.0
83098,4.0
83099,1.0
83104,2.0
83105,7.0
83108,2.0
83112,2.0
83116,3.0
83117,1.3333333333333333
83118,1.3333333333333333
83120,6.0
83127,3.0
83132,3.0
83133,3.0
83136,3.0
83137,1.0
83141,2.5
83144,6.0
83147,0.0
83149,2.3333333333333335
83151,9.5
83155,0.0
83156,0.0
83158,1.0
83159,3.0
83162,4.0
83163,2.5
83166,1.0
83167,0.0
83168,1.6666666666666667
83170,1.5
83172,3.0
83173,3.0
83179,4.0
83188,7.0
83190,1.0
83191,0.0
83194,1.0
83195,2.0
83196,3.0
83197,1.0
83198,2.0
83199,0.0
83202,0.0
83205,1.0
83206,2.0
83207,1.0
83208,3.5
83209,3.5
83210,0.0
83211,2.5
83216,2.0
83217,3.0
83220,2.0
83223,1.0
83225,4.0
83229,1.0
83235,5.5
83236,6.5
83239,5.0
83245,2.0
83246,1.0
83247,2.0
83249,2.0
83250,1.0
83252,3.0
83253,3.0
83254,2.0
83259,0.0
83261,2.0
83263,5.0
83267,1.5
83268,2.0
83272,0.0
83274,0.0
83279,3.3333333333333335
83285,8.0
83288,2.0
83289,4.5
83297,4.0
83298,2.0
83299,2.0
83302,2.5
83303,3.0
83304,2.5
83305,2.0
83308,1.5
83314,0.0
83316,3.0
83318,9.0
83319,1.0
83326,2.5
83330,2.0
83333,3.5
83335,1.5
83338,2.0
83339,1.6666666666666667
83340,1.0
83343,0.0
83344,5.0
83349,1.6666666666666667
83350,5.0
83355,4.0
83362,1.0
83365,8.0
83368,0.0
83370,1.5
83372,0.0
83378,5.0
83381,6.0
83391,1.0
83392,2.0
83396,3.0
83402,2.0
83406,0.0
83408,2.5
83409,2.0
83411,1.0
83417,2.5
83419,0.0
83421,0.0
83424,1.0
83427,4.5
83428,3.3333333333333335
83434,1.6666666666666667
83436,1.0
83447,0.0
83448,0.0
83454,2.0
83456,2.0
83459,2.5
83466,0.0
83469,2.5
83473,3.0
83477,3.0
83479,2.0
83480,0.0
83483,2.0
83485,2.25
83489,0.0
83492,2.6666666666666665
83497,9.0
83498,14.0
83499,0.0
83503,1.5
83504,1.5
83508,0.0
83509,1.5
83513,2.0
83514,1.0
83515,1.5
83517,2.5
83518,2.5
83520,0.0
83523,1.0
83524,2.0
83526,2.0
83527,1.5
83532,1.5
83533,1.5
83534,1.0
83535,3.5
83547,2.0
83549,0.0
83551,3.0
83554,2.0
83558,0.0
83564,2.0
83568,1.0
83574,2.0
83581,1.0
83582,2.0
83584,4.0
83597,2.0
83599,1.0
83601,4.5
83603,1.5
83606,1.5
83608,1.5
83609,2.0
83613,4.0
83616,0.0
83619,2.0
83620,0.0
83625,2.0
83626,3.5
83630,3.0
83631,0.0
83638,3.0
83643,2.0
83647,3.0
83648,0.0
83649,0.0
83650,1.5
83651,3.6666666666666665
83655,0.0
83663,1.0
83664,1.3333333333333333
83665,1.0
83667,2.3333333333333335
83668,2.3333333333333335
83670,2.3333333333333335
83671,3.25
83673,4.5
83676,1.5
83677,1.3333333333333333
83679,5.0
83680,4.0
83681,2.0
83682,5.0
83683,3.0
83689,3.0
83690,2.0
83691,3.5
83692,2.5
83693,1.5
83697,3.5
83701,2.6666666666666665
83704,0.0
83707,1.0
83710,2.0
83713,1.0
83714,4.666666666666667
83716,4.333333333333333
83720,3.0
83722,3.0
83726,11.0
83728,11.0
83729,6.0
83731,0.0
83735,2.0
83736,3.0
83739,0.0
83741,3.0
83744,2.0
83751,4.0
83755,5.333333333333333
83756,1.0
83759,2.0
83760,0.0
83761,1.0
83769,3.5
83770,3.0
83772,0.0
83773,1.0
83781,0.0
83788,1.3333333333333333
83790,5.0
83791,2.6666666666666665
83792,3.3333333333333335
83794,0.0
83795,1.0
83799,1.0
83800,1.6666666666666667
83803,4.5
83811,3.0
83813,0.0
83820,2.5
83825,6.0
83833,1.0
83835,1.0
83836,2.5
83838,2.0
83839,2.0
83842,3.0
83844,1.3333333333333333
83847,6.0
83849,0.0
83864,1.0
83865,3.0
83868,1.0
83871,0.0
83874,10.0
83879,2.0
83887,0.0
83892,2.5
83893,2.0
83894,1.3333333333333333
83897,2.0
83898,2.0
83899,1.25
83903,3.6666666666666665
83904,2.0
83911,1.0
83912,1.3333333333333333
83916,10.0
83921,0.0
83922,6.0
83923,3.5
83925,0.0
83927,2.0
83929,0.0
83931,0.0
83933,0.0
83939,1.0
83940,2.0
83941,10.0
83948,2.0
83955,0.0
83957,2.0
83960,2.0
83963,0.0
83964,0.0
83965,2.0
83967,1.0
83970,3.6666666666666665
83971,3.0
83972,0.0
83975,1.6666666666666667
83976,1.6666666666666667
83985,1.0
83986,1.5
83988,1.0
83989,2.5
83990,0.0
83992,1.3333333333333333
83995,0.0
83999,1.5
84000,3.0
84005,1.0
84007,1.0
84009,3.0
84011,1.0
84014,1.0
84017,1.0
84018,3.0
84019,1.5
84020,0.0
84022,4.0
84023,2.5
84027,2.5
84028,1.0
84032,2.0
84033,2.5
84035,6.0
84036,6.0
84039,1.5
84043,1.0
84045,1.5
84046,2.6666666666666665
84050,1.0
84054,2.0
84058,2.0
84059,0.0
84061,1.0
84062,0.0
84064,1.0
84065,3.0
84067,0.0
84068,7.0
84070,4.0
84075,1.5
84079,5.0
84081,0.0
84086,1.6666666666666667
84088,2.0
84089,3.0
84090,3.0
84092,2.5
84095,2.5
84096,1.0
84099,0.0
84101,0.0
84102,4.0
84103,2.6666666666666665
84104,2.6666666666666665
84107,1.0
84108,0.0
84109,6.0
84112,4.0
84113,1.0
84114,2.5
84132,4.0
84137,2.5
84146,1.0
84147,3.0
84149,2.0
84152,1.0
84154,0.0
84161,4.5
84164,6.5
84167,3.0
84171,4.25
84173,3.0
84182,3.0
84184,0.0
84187,2.0
84188,0.0
84191,2.0
84198,1.0
84199,2.0
84202,0.0
84207,2.3333333333333335
84209,3.0
84211,2.0
84213,1.0
84216,1.5
84219,0.0
84220,2.0
84221,1.0
84222,2.0
84223,4.0
84227,6.0
84229,4.666666666666667
84230,4.0
84231,4.0
84238,1.0
84241,0.0
84242,0.0
84243,2.5
84246,3.3333333333333335
84250,3.3333333333333335
84251,1.0
84260,1.5
84264,1.3333333333333333
84265,3.5
84268,5.0
84271,1.0
84274,1.0
84276,0.0
84277,3.5
84278,3.0
84280,5.333333333333333
84282,5.0
84283,2.0
84285,4.0
84297,4.0
84299,4.0
84300,4.0
84305,4.0
84306,3.5
84310,2.0
84320,0.0
84322,0.0
84325,0.0
84327,3.0
84329,0.0
84331,2.0
84332,2.0
84333,1.5
84337,0.0
84338,1.5
84341,4.0
84344,5.0
84346,3.0
84347,2.0
84348,0.0
84349,2.0
84351,2.0
84352,1.3333333333333333
84354,0.0
84359,0.0
84361,2.0
84362,0.0
84364,0.0
84372,0.0
84373,4.0
84376,5.5
84381,0.0
84383,3.5
84389,2.0
84393,15.0
84398,1.0
84406,2.5
84408,2.5
84417,5.0
84421,1.0
84422,2.0
84426,2.0
84434,2.0
84435,1.0
84436,4.0
84442,1.0
84445,2.0
84446,0.0
84449,2.0
84450,2.0
84456,1.0
84459,2.5
84468,2.0
84469,2.0
84471,2.0
84472,2.0
84473,2.5
84481,4.0
84484,4.0
84485,0.0
84487,4.0
84488,4.0
84490,4.0
84491,2.5
84493,4.0
84498,1.0
84499,2.5
84501,3.0
84506,2.0
84509,2.0
84512,2.5
84517,2.0
84519,1.0
84521,1.0
84528,3.0
84538,3.0
84548,4.0
84549,0.0
84557,1.0
84558,2.5
84561,0.0
84565,3.0
84567,0.0
84574,2.0
84576,2.3333333333333335
84578,2.0
84580,4.333333333333333
84582,3.5
84584,2.6666666666666665
84585,2.5
84587,1.0
84588,4.0
84597,1.5
84601,1.0
84602,1.0
84603,0.0
84604,1.5
84605,1.0
84608,4.666666666666667
84612,4.5
84616,1.0
84618,0.0
84628,2.5
84631,4.0
84637,2.0
84639,3.0
84640,8.0
84644,4.666666666666667
84645,4.666666666666667
84651,2.0
84652,0.0
84660,1.0
84670,1.0
84671,1.5
84675,3.5
84678,6.0
84686,5.0
84687,4.5
84689,0.0
84694,0.0
84696,2.5
84698,2.0
84700,3.0
84701,1.5
84702,0.0
84704,2.0
84709,1.5
84713,1.0
84720,1.0
84726,3.6666666666666665
84728,5.0
84729,1.0
84732,5.666666666666667
84743,2.0
84749,2.0
84753,2.0
84759,0.0
84760,1.0
84761,1.0
84765,2.0
84769,0.0
84773,2.0
84776,1.5
84778,2.0
84780,2.3333333333333335
84781,0.0
84789,6.0
84791,3.5
84792,0.0
84794,2.0
84795,3.0
84796,3.0
84797,3.0
84802,0.0
84803,2.0
84807,2.0
84808,4.0
84811,2.5
84812,2.5
84813,1.3333333333333333
84814,0.0
84819,4.333333333333333
84821,4.0
84822,0.0
84823,3.0
84824,3.0
84827,0.0
84832,3.0
84835,2.0
84838,4.0
84839,3.0
84840,7.5
84841,9.0
84842,3.5
84850,3.0
84851,2.0
84852,1.25
84854,3.0
84855,1.5
84856,5.0
84859,0.0
84866,2.5
84869,2.5
84875,2.0
84876,2.0
84881,3.0
84882,4.5
84885,2.0
84887,1.0
84890,2.5
84895,0.0
84898,2.0
84899,2.0
84901,2.0
84907,1.0
84909,0.0
84914,5.0
84915,4.0
84916,4.5
84924,3.0
84935,1.6666666666666667
84936,2.6666666666666665
84941,3.5
84942,2.6666666666666665
84943,2.5
84949,1.5
84951,2.6666666666666665
84960,2.0
84962,1.0
84963,4.0
84967,2.0
84970,3.0
84976,2.0
84980,1.0
84983,3.5
84985,3.0
84988,1.5
84992,1.0
84997,0.0
85006,3.0
85007,3.0
85008,3.0
85010,2.5
85014,2.0
85022,6.0
85025,6.0
85028,5.0
85029,4.0
85033,2.5
85036,1.3333333333333333
85037,1.3333333333333333
85045,4.0
85046,2.5
85050,0.0
85054,3.0
85057,2.0
85064,2.0
85067,3.0
85075,1.0
85077,1.0
85085,2.0
85086,2.0
85090,2.25
85092,1.5
85096,3.5
85102,4.0
85103,4.0
85106,1.0
85114,1.6666666666666667
85117,2.0
85119,2.0
85121,3.5
85127,3.0
85129,1.0
85135,3.3333333333333335
85137,5.0
85140,5.0
85144,1.0
85145,8.0
85147,2.5
85149,2.3333333333333335
85151,1.0
85152,2.5
85163,3.0
85167,2.5
85168,1.0
85175,0.0
85176,2.5
85192,3.0
85193,7.5
85195,2.0
85197,2.0
85201,0.0
85210,1.5
85211,2.0
85217,1.0
85219,4.5
85221,5.5
85224,0.0
85226,2.0
85227,1.5
85229,1.0
85232,1.0
85236,1.0
85237,5.0
85238,1.6666666666666667
85239,0.0
85253,3.0
85257,1.0
85258,2.5
85261,1.0
85262,4.0
85264,1.0
85265,6.0
85266,1.0
85271,1.0
85272,0.0
85275,2.0
85286,4.0
85287,4.0
85294,1.5
85296,0.0
85300,2.0
85302,1.5
85309,1.6666666666666667
85313,3.0
85314,0.0
85316,0.0
85317,0.0
85321,0.0
85324,0.0
85325,4.0
85327,0.0
85334,1.5
85337,8.0
85338,6.0
85339,4.0
85341,3.0
85354,2.5
85355,6.0
85359,5.0
85362,0.0
85365,1.6666666666666667
85366,4.0
85375,3.0
85376,1.6666666666666667
85385,1.0
85388,2.0
85389,0.0
85391,0.0
85396,2.5
85402,4.0
85406,5.0
85407,2.5
85410,3.0
85412,3.5
85422,0.0
85423,0.0
85427,2.5
85435,3.25
85436,0.0
85440,0.0
85442,4.0
85444,2.0
85457,1.0
85458,1.0
85462,4.0
85467,5.0
85470,1.5
85473,2.0
85475,3.0
85476,2.5
85477,3.0
85478,0.0
85479,3.3333333333333335
85480,0.0
85481,0.0
85484,1.5
85488,5.0
85490,0.0
85492,3.0
85493,0.0
85494,7.0
85495,3.6666666666666665
85502,6.0
85505,1.0
85508,1.6666666666666667
85516,8.5
85518,1.0
85520,3.0
85522,3.5
85524,1.5
85533,5.0
85534,6.0
85535,3.5
85541,4.0
85547,5.0
85557,1.0
85559,1.5
85560,2.0
85561,3.0
85562,0.0
85563,1.5
85564,2.0
85565,0.0
85567,2.0
85572,2.0
85573,3.0
85574,4.0
85581,0.0
85587,2.0
85588,1.5
85589,2.5
85595,2.0
85596,4.333333333333333
85598,2.0
85600,0.0
85605,0.0
85608,1.0
85623,2.3333333333333335
85625,2.0
85633,1.0
85635,1.0
85636,3.0
85640,3.0
85642,3.0
85643,2.0
85650,2.6666666666666665
85651,2.6666666666666665
85655,2.0
85658,2.6666666666666665
85663,1.0
85665,2.0
85669,3.0
85672,3.3333333333333335
85675,3.3333333333333335
85677,3.5
85683,0.0
85688,1.0
85691,1.0
85692,0.0
85693,1.0
85694,5.0
85695,5.0
85701,5.0
85702,2.0
85704,2.5
85710,2.0
85713,3.5
85714,3.5
85715,1.0
85720,0.0
85724,2.0
85726,2.75
85727,4.0
85728,3.6666666666666665
85732,6.0
85734,1.0
85735,4.0
85740,1.6666666666666667
85741,2.0
85745,1.0
85747,2.0
85749,2.3333333333333335
85750,1.0
85751,1.5
85752,1.0
85758,2.5
85763,5.0
85766,2.0
85769,2.0
85770,4.0
85776,2.5
85779,3.5
85780,3.3333333333333335
85786,2.0
85787,3.0
85790,3.0
85792,0.0
85794,1.5
85795,1.0
85796,0.0
85797,1.0
85799,1.0
85802,2.0
85807,2.0
85808,1.75
85810,3.0
85815,1.0
85818,1.0
85825,1.0
85826,1.0
85827,1.0
85828,0.0
85836,3.5
85838,1.0
85842,4.0
85843,2.0
85844,1.0
85845,0.0
85851,1.5
85855,2.5
85856,1.5
85857,1.0
85858,2.5
85860,2.0
85861,0.0
85863,2.5
85865,3.5
85868,2.5
85871,4.333333333333333
85873,0.0
85874,1.0
85875,1.0
85876,1.0
85878,1.0
85879,1.0
85884,2.5
85886,2.5
85891,3.5
85892,4.0
85894,1.0
85895,3.0
85896,3.0
85897,2.5
85898,3.0
85900,1.0
85901,1.0
85904,1.0
85905,1.0
85911,0.0
85914,3.0
85916,2.3333333333333335
85920,3.0
85922,5.0
85923,4.666666666666667
85924,4.5
85926,1.0
85927,2.3333333333333335
85929,0.0
85931,1.0
85932,1.0
85934,0.0
85939,2.0
85941,2.0
85943,0.0
85949,1.0
85951,3.0
85955,1.25
85957,8.0
85958,8.0
85959,2.0
85960,2.0
85963,1.0
85969,7.0
85979,1.0
85983,0.0
85991,5.0
85993,1.3333333333333333
85994,0.0
85996,2.0
85998,1.0
86000,5.0
86005,0.0
86008,2.0
86010,1.0
86012,3.0
86015,1.0
86018,3.0
86019,3.5
86022,0.0
86023,3.5
86025,1.0
86027,2.0
86028,0.0
86032,0.0
86034,2.0
86037,4.0
86038,2.0
86042,1.5
86048,1.0
86059,3.5
86061,4.0
86062,3.5
86065,2.6666666666666665
86066,3.3333333333333335
86071,9.0
86074,1.0
86075,2.0
86076,1.0
86079,0.0
86080,1.0
86081,3.0
86085,3.0
86087,1.0
86090,1.0
86092,3.0
86094,0.0
86095,0.0
86100,3.0
86101,1.0
86102,0.0
86107,1.0
86112,0.0
86114,1.5
86119,0.0
86121,0.0
86127,1.6666666666666667
86134,2.0
86135,1.0
86138,2.3333333333333335
86140,3.0
86148,2.0
86150,2.0
86151,2.0
86155,2.5
86157,3.0
86159,4.0
86160,1.0
86161,0.0
86166,0.0
86167,4.5
86169,2.3333333333333335
86172,1.0
86182,2.0
86183,3.0
86188,4.0
86191,3.0
86192,2.3333333333333335
86194,2.6666666666666665
86195,3.0
86196,2.0
86198,3.0
86205,0.0
86208,1.0
86209,3.0
86212,3.5
86213,0.0
86214,1.0
86217,4.5
86223,2.5
86225,2.5
86226,0.0
86233,2.0
86235,2.0
86236,1.0
86238,1.5
86239,1.5
86244,2.5
86247,3.0
86250,2.6666666666666665
86251,4.0
86252,2.0
86256,1.5
86258,3.5
86259,3.5
86261,1.0
86264,1.0
86268,0.0
86271,4.0
86272,4.0
86276,2.0
86280,1.0
86282,0.0
86287,2.0
86289,5.0
86290,1.0
86292,1.0
86295,3.5
86296,3.0
86297,3.0
86298,3.0
86301,0.0
86303,3.0
86306,0.0
86312,3.6666666666666665
86317,0.0
86318,0.0
86319,3.0
86325,3.0
86327,1.0
86330,3.0
86333,3.0
86340,1.0
86341,1.0
86344,2.0
86345,1.6666666666666667
86347,1.0
86351,2.0
86352,1.0
86358,2.3333333333333335
86364,2.0
86370,2.0
86371,0.0
86372,2.5
86375,3.0
86383,1.0
86384,3.0
86386,1.0
86387,0.0
86390,2.0
86392,1.2
86393,4.0
86398,1.5
86404,3.0
86409,2.6666666666666665
86413,2.5
86417,0.0
86419,0.0
86421,2.0
86424,1.0
86426,5.0
86428,4.5
86429,0.0
86435,3.0
86436,1.0
86437,3.5
86443,5.0
86445,2.0
86447,2.6666666666666665
86448,2.0
86452,3.5
86461,1.0
86463,2.5
86466,2.0
86474,0.0
86480,1.0
86483,1.6666666666666667
86488,1.0
86489,0.0
86497,2.5
86502,6.0
86507,0.0
86515,1.0
86518,3.5
86519,3.5
86520,3.0
86522,1.0
86525,0.0
86526,2.0
86527,2.3333333333333335
86530,5.0
86532,2.0
86533,2.0
86534,2.0
86537,9.5
86541,5.5
86544,3.5
86547,3.0
86548,3.5
86550,2.0
86552,2.0
86554,3.0
86557,2.0
86559,2.3333333333333335
86562,2.6666666666666665
86566,0.0
86571,0.0
86572,1.5
86573,1.0
86578,3.5
86581,3.0
86583,0.0
86584,1.0
86598,6.0
86603,4.0
86608,1.0
86613,2.0
86615,1.5
86623,1.75
86625,3.0
86631,2.0
86638,3.0
86649,2.0
86651,3.0
86653,3.3333333333333335
86654,1.75
86659,4.0
86662,0.0
86667,0.0
86672,0.0
86673,3.5
86674,4.0
86675,2.0
86677,1.5
86680,3.0
86681,3.0
86682,1.0
86683,0.0
86684,0.0
86685,2.5
86688,2.0
86692,2.0
86698,2.0
86699,4.0
86700,6.0
86701,8.0
86712,0.0
86713,3.0
86714,0.0
86722,2.0
86726,2.0
86732,3.0
86741,1.0
86754,8.0
86756,4.0
86761,2.3333333333333335
86762,4.0
86765,0.0
86770,4.0
86777,2.5
86779,10.0
86782,2.3333333333333335
86788,1.0
86794,2.0
86801,3.5
86802,3.5
86810,5.0
86811,5.0
86812,2.0
86815,2.5
86816,1.0
86817,2.0
86821,2.5
86822,3.6666666666666665
86825,1.6666666666666667
86831,0.0
86837,3.0
86839,2.6666666666666665
86843,3.0
86844,3.0
86849,2.0
86851,0.0
86853,1.0
86854,1.0
86863,2.0
86872,2.0
86879,3.0
86880,1.0
86883,2.0
86885,4.5
86890,1.0
86895,2.0
86897,1.0
86902,2.0
86903,2.0
86904,5.5
86907,4.0
86912,0.0
86913,0.0
86914,1.5
86918,5.0
86919,1.5
86923,3.0
86927,0.0
86932,2.0
86933,1.0
86940,3.0
86943,0.0
86945,3.0
86946,3.0
86950,1.5
86953,4.0
86955,4.0
86956,3.5
86958,3.3333333333333335
86959,3.0
86964,0.0
86970,2.5
86971,4.0
86976,4.0
86985,2.0
86986,3.5
86991,0.0
86996,2.0
86997,0.0
87000,4.5
87002,0.0
87007,0.0
87008,0.0
87009,3.6666666666666665
87013,1.0
87015,2.6666666666666665
87019,2.6666666666666665
87026,1.0
87028,6.0
87033,2.5
87034,0.0
87040,2.0
87041,1.5
87044,2.0
87045,1.0
87046,1.0
87047,1.5
87048,2.6666666666666665
87049,4.0
87050,0.0
87051,2.0
87055,2.0
87058,2.0
87062,0.0
87065,1.5
87070,2.0
87071,2.0
87072,2.0
87082,2.5
87084,3.0
87085,2.5
87086,2.3333333333333335
87090,3.5
87097,3.5
87102,3.75
87103,2.6666666666666665
87108,2.5
87110,3.0
87116,1.0
87117,0.0
87119,9.0
87132,1.0
87133,1.0
87141,4.0
87143,5.333333333333333
87144,6.0
87145,1.0
87150,0.0
87152,2.5
87153,0.0
87154,3.0
87157,4.0
87160,3.0
87165,2.0
87171,2.6666666666666665
87177,0.0
87185,2.6666666666666665
87186,1.0
87189,2.0
87190,1.0
87198,1.0
87201,1.0
87202,1.5
87203,4.0
87205,1.0
87208,1.0
87209,0.0
87212,1.6666666666666667
87215,2.0
87217,1.0
87218,1.6666666666666667
87224,2.0
87225,0.0
87228,1.75
87229,3.0
87230,2.0
87231,2.0
87232,2.0
87234,1.6666666666666667
87235,1.0
87238,3.5
87239,1.0
87244,3.0
87246,6.0
87250,3.0
87253,1.0
87254,1.0
87259,4.0
87261,1.5
87263,1.6666666666666667
87266,1.5
87267,3.0
87269,1.0
87275,13.0
87276,7.0
87277,7.0
87279,1.0
87281,2.5
87286,1.0
87290,0.0
87295,2.0
87297,2.0
87300,0.0
87302,3.0
87309,6.0
87310,2.0
87311,4.0
87318,4.0
87319,5.0
87327,3.0
87328,0.0
87333,4.0
87336,3.3333333333333335
87337,4.0
87339,3.5
87344,1.0
87345,2.0
87350,2.3333333333333335
87353,1.0
87358,2.5
87359,3.0
87364,2.0
87365,1.0
87367,2.5
87383,2.0
87384,5.0
87385,5.333333333333333
87387,3.5
87392,0.0
87396,2.0
87397,1.75
87401,1.0
87402,2.0
87406,2.0
87407,0.0
87409,3.0
87410,0.0
87412,1.5
87413,2.0
87421,7.5
87425,2.6666666666666665
87432,1.0
87433,0.0
87434,1.6666666666666667
87437,2.5
87440,5.666666666666667
87441,7.333333333333333
87444,5.0
87447,2.0
87450,2.0
87452,3.0
87455,1.0
87457,3.5
87458,3.0
87460,3.0
87468,1.0
87472,2.5
87473,1.0
87474,1.0
87476,2.5
87485,3.0
87489,0.0
87494,3.0
87495,2.5
87498,4.0
87499,3.0
87503,4.5
87505,2.0
87513,0.0
87514,0.0
87515,4.5
87519,4.0
87522,2.5
87529,2.5
87530,0.0
87532,3.3333333333333335
87534,2.5
87535,2.5
87543,2.0
87544,3.0
87547,3.3333333333333335
87548,2.6666666666666665
87552,1.5
87554,2.6666666666666665
87557,0.0
87563,2.0
87565,3.0
87567,4.0
87568,1.5
87569,2.0
87570,2.0
87572,1.0
87573,2.0
87576,1.5
87578,0.0
87583,8.5
87584,3.0
87588,1.5
87591,2.0
87594,3.0
87595,3.0
87600,1.0
87601,1.0
87603,4.0
87604,5.5
87606,2.0
87608,6.333333333333333
87609,2.0
87610,1.0
87611,1.0
87615,3.0
87617,3.5
87619,2.5
87622,2.6666666666666665
87623,2.5
87628,7.5
87631,0.0
87632,0.0
87640,0.0
87643,2.25
87645,2.75
87648,2.0
87660,1.0
87661,4.0
87662,4.0
87663,4.0
87664,4.0
87669,0.0
87676,3.0
87685,5.0
87687,1.0
87690,4.0
87693,3.0
87694,2.0
87697,2.0
87708,1.0
87710,1.0
87712,5.0
87717,7.5
87719,2.0
87720,0.0
87725,0.0
87726,1.0
87727,1.0
87729,1.0
87738,3.0
87739,3.0
87746,3.5
87750,5.0
87751,5.5
87753,3.0
87754,3.0
87758,1.0
87766,2.0
87770,2.5
87773,1.0
87775,2.5
87777,0.0
87779,0.0
87781,1.0
87784,7.0
87786,0.0
87787,1.3333333333333333
87789,0.0
87790,1.0
87791,1.0
87793,1.0
87796,2.0
87799,4.0
87801,1.5
87802,2.5
87804,7.0
87809,5.5
87811,7.5
87813,0.0
87816,3.0
87817,1.0
87818,1.0
87819,2.0
87833,7.0
87836,0.0
87842,5.0
87844,3.0
87846,0.0
87848,5.0
87853,1.0
87858,1.6666666666666667
87867,1.3333333333333333
87874,3.0
87885,0.0
87886,6.5
87887,3.3333333333333335
87889,2.5
87890,3.0
87894,1.0
87896,2.0
87897,4.0
87907,1.5
87908,2.0
87916,1.6666666666666667
87917,5.0
87918,5.0
87919,0.0
87921,2.0
87924,3.5
87926,0.0
87929,0.0
87932,0.0
87933,2.0
87936,1.5
87939,0.0
87943,0.0
87953,0.0
87955,3.5
87961,3.0
87962,3.0
87963,1.0
87966,3.0
87971,10.0
87979,1.0
87981,1.0
87983,1.0
87990,4.0
87992,3.5
87993,3.0
87995,2.0
87997,2.0
88000,1.0
88011,2.6666666666666665
88012,2.6666666666666665
88013,3.5
88016,1.5
88017,1.0
88024,2.5
88029,1.0
88036,1.5
88037,2.0
88040,1.0
88042,1.0
88047,4.0
88056,1.0
88057,2.0
88067,2.0
88068,2.0
88070,0.0
88077,2.0
88081,4.0
88084,3.5
88087,2.6666666666666665
88090,0.0
88096,3.0
88097,3.0
88098,0.0
88112,2.6666666666666665
88115,3.0
88119,1.0
88122,6.0
88124,6.0
88126,1.6666666666666667
88131,4.0
88134,4.5
88135,0.0
88136,2.0
88143,0.0
88145,3.0
88146,4.0
88148,1.0
88154,3.5
88156,1.0
88158,0.0
88159,1.5
88161,3.5
88162,2.0
88163,0.0
88166,0.0
88169,0.0
88170,1.0
88171,0.0
88172,3.0
88178,0.0
88179,1.0
88180,1.0
88181,1.5
88183,4.0
88185,1.0
88187,1.0
88193,0.0
88194,9.0
88195,2.0
88197,1.0
88198,0.0
88199,0.0
88200,0.0
88206,4.0
88212,1.3333333333333333
88213,1.3333333333333333
88215,1.0
88216,2.0
88219,1.5
88221,5.0
88223,0.0
88226,3.0
88228,2.5
88229,1.0
88233,1.6666666666666667
88234,5.0
88235,3.3333333333333335
88236,5.0
88237,8.0
88240,5.0
88244,4.0
88249,0.0
88251,3.0
88258,0.0
88259,13.0
88261,0.0
88263,6.5
88267,4.333333333333333
88273,3.0
88276,2.0
88278,3.0
88279,2.0
88282,3.3333333333333335
88283,3.0
88284,4.0
88287,4.5
88293,2.5
88294,0.0
88298,1.0
88299,3.5
88300,1.2
88305,2.0
88309,2.0
88310,3.0
88314,1.5
88319,1.0
88323,2.0
88324,0.0
88326,2.0
88329,5.0
88332,4.5
88334,8.0
88335,8.0
88338,1.5
88339,5.666666666666667
88343,1.0
88344,1.5
88350,5.0
88356,2.5
88357,2.3333333333333335
88358,4.0
88360,1.0
88362,3.0
88363,0.0
88364,2.5
88367,0.0
88370,2.0
88371,2.0
88377,2.5
88386,0.0
88391,1.0
88392,3.0
88393,3.0
88394,3.0
88397,2.0
88398,2.0
88400,0.0
88404,3.0
88406,2.5
88407,3.3333333333333335
88408,1.0
88412,5.0
88416,2.0
88423,0.0
88429,2.0
88440,0.0
88445,7.0
88448,13.0
88452,4.0
88454,3.6666666666666665
88456,1.0
88462,2.0
88463,2.0
88466,2.0
88473,2.0
88475,3.0
88477,11.0
88478,0.0
88479,2.0
88484,0.0
88486,3.0
88488,8.5
88489,5.0
88490,5.0
88493,3.5
88494,1.0
88497,1.0
88500,5.0
88503,1.0
88504,0.0
88505,2.0
88507,2.0
88513,4.333333333333333
88518,7.0
88521,2.5
88525,2.0
88527,2.0
88532,2.0
88533,2.5
88534,2.0
88536,1.5
88537,3.0
88540,3.0
88543,2.5
88545,2.0
88547,2.0
88555,0.0
88556,0.0
88558,3.5
88562,2.6666666666666665
88563,3.3333333333333335
88564,3.0
88565,1.5
88567,4.0
88568,4.0
88577,0.0
88591,0.0
88593,2.0
88596,2.0
88599,2.3333333333333335
88602,1.0
88609,6.666666666666667
88611,7.666666666666667
88612,1.0
88613,3.0
88615,1.6666666666666667
88619,0.0
88623,0.0
88624,1.0
88627,2.0
88629,2.0
88630,2.0
88631,3.0
88633,1.0
88634,2.0
88636,2.0
88638,2.0
88641,2.0
88644,1.5
88645,2.0
88647,2.6666666666666665
88648,1.5
88649,1.0
88650,1.25
88656,4.5
88657,1.0
88659,1.0
88661,0.0
88662,2.5
88663,1.0
88666,1.0
88670,2.5
88677,1.0
88678,1.0
88686,2.0
88688,4.0
88689,4.0
88692,2.3333333333333335
88693,2.3333333333333335
88695,2.5
88698,2.5
88699,2.3333333333333335
88701,0.0
88702,1.6666666666666667
88703,2.0
88707,3.0
88712,0.0
88717,0.0
88718,0.0
88719,0.0
88723,0.0
88728,2.0
88729,2.0
88733,3.0
88734,3.0
88737,2.5
88740,1.5
88741,2.0
88743,2.0
88748,1.0
88749,2.75
88750,4.0
88752,4.0
88754,4.666666666666667
88756,4.0
88759,2.0
88761,0.0
88762,0.0
88763,1.5
88764,0.0
88768,3.5
88770,2.0
88773,2.0
88776,0.0
88777,2.0
88784,1.0
88786,0.0
88791,3.0
88794,2.5
88796,3.3333333333333335
88801,2.0
88805,0.0
88806,0.0
88809,3.0
88811,5.0
88812,1.0
88814,4.666666666666667
88817,0.0
88818,3.0
88820,1.0
88822,3.0
88830,1.0
88832,2.5
88833,4.0
88835,3.0
88841,3.0
88846,2.0
88848,1.6666666666666667
88850,3.0
88851,3.0
88853,2.5
88858,1.0
88859,1.3333333333333333
88863,1.3333333333333333
88866,1.0
88868,3.5
88872,2.6666666666666665
88874,4.0
88877,1.5
88879,1.5
88880,1.0
88884,2.0
88890,2.5
88899,2.0
88902,1.0
88903,2.0
88904,1.5
88916,2.0
88918,3.0
88919,4.5
88924,1.6666666666666667
88925,1.0
88926,0.0
88928,1.5
88930,1.0
88936,2.6666666666666665
88939,1.0
88940,3.0
88945,3.5
88946,3.5
88949,3.5
88951,1.6666666666666667
88953,1.5
88955,0.0
88958,2.0
88961,7.5
88965,3.5
88967,1.0
88969,2.5
88971,2.6666666666666665
88974,1.5
88977,1.5
88978,1.0
88979,2.5
88980,5.0
88981,3.0
88982,1.0
88983,0.0
88985,0.0
88992,3.0
88996,3.0
89003,1.0
89004,2.6666666666666665
89007,3.5
89008,1.5
89013,2.0
89018,0.0
89029,1.0
89034,1.5
89035,1.5
89037,5.5
89038,4.5
89039,2.5
89049,0.0
89052,3.0
89057,4.0
89059,3.6666666666666665
89060,4.0
89061,0.0
89066,1.0
89068,0.0
89070,1.0
89071,1.0
89074,1.0
89077,2.0
89079,6.5
89083,0.0
89084,3.0
89085,3.5
89087,3.0
89088,1.0
89089,2.0
89091,1.5
89098,2.25
89099,1.0
89100,2.0
89105,5.0
89107,3.5
89110,1.0
89118,0.0
89122,3.5
89124,1.5
89127,3.5
89132,1.0
89133,4.0
89134,1.0
89135,1.5
89136,4.0
89137,1.0
89139,1.0
89143,1.3333333333333333
89147,2.0
89149,1.0
89151,3.3333333333333335
89153,2.0
89154,4.0
89157,3.0
89164,1.0
89165,2.5
89166,2.5
89170,3.0
89172,2.5
89175,0.0
89182,1.6666666666666667
89185,2.0
89189,0.0
89190,0.0
89193,3.5
89194,1.5
89195,1.0
89198,2.5
89206,1.0
89209,1.3333333333333333
89210,1.5
89211,4.0
89214,1.0
89215,1.0
89217,1.0
89224,1.5
89225,3.0
89229,0.0
89233,0.0
89239,1.0
89245,1.5
89246,1.0
89250,0.0
89251,3.5
89252,3.5
89255,3.5
89259,4.0
89260,1.0
89262,0.0
89263,0.0
89267,1.5
89269,1.6666666666666667
89284,4.0
89287,7.0
89291,1.0
89292,1.5
89293,4.5
89295,5.0
89297,12.0
89301,3.3333333333333335
89302,5.0
89306,7.666666666666667
89308,4.666666666666667
89310,6.5
89314,1.0
89316,1.6666666666666667
89317,2.0
89319,2.5
89321,2.0
89335,3.0
89336,2.5
89345,0.0
89346,1.0
89347,1.0
89348,1.0
89353,2.3333333333333335
89356,2.0
89359,2.0
89361,2.5
89362,2.5
89363,2.0
89365,3.0
89368,2.0
89370,1.0
89373,2.0
89374,7.0
89375,2.0
89381,2.5
89384,2.0
89387,3.0
89388,2.0
89390,2.0
89392,2.0
89394,1.0
89397,1.0
89400,1.0
89404,2.5
89408,3.5
89409,1.5
89413,1.0
89418,3.0
89419,2.0
89428,3.0
89433,4.0
89435,0.0
89443,1.0
89444,1.0
89446,0.0
89448,2.3333333333333335
89450,0.0
89452,1.0
89456,4.0
89466,4.0
89469,4.5
89471,2.3333333333333335
89480,1.5
89481,1.0
89482,5.0
89484,1.0
89486,1.0
89487,1.5
89489,3.0
89492,1.6666666666666667
89494,1.0
89498,2.0
89501,3.0
89502,3.0
89503,0.0
89505,3.0
89506,3.5
89510,2.0
89519,0.0
89520,1.0
89524,1.0
89528,9.0
89531,4.0
89532,3.5
89533,1.0
89534,6.0
89541,2.0
89543,1.0
89544,0.0
89555,4.0
89557,6.0
89558,6.0
89561,4.0
89562,0.0
89563,1.0
89565,3.0
89566,0.0
89567,2.0
89568,2.3333333333333335
89572,1.5
89573,1.0
89575,0.0
89581,2.5
89584,1.0
89586,1.0
89590,0.0
89593,0.0
89594,2.0
89598,1.5
89600,3.0
89601,5.0
89603,4.0
89607,4.0
89612,1.25
89613,1.0
89614,1.25
89618,2.0
89620,0.0
89621,2.0
89625,1.3333333333333333
89628,4.0
89638,0.0
89649,3.0
89653,1.6666666666666667
89661,1.0
89664,1.0
89669,1.0
89671,1.0
89672,2.5
89674,1.5
89676,1.5
89678,0.0
89683,0.0
89688,2.0
89689,1.0
89693,4.0
89694,2.0
89695,2.0
89697,1.0
89710,2.5
89717,2.0
89726,1.6666666666666667
89729,6.5
89737,2.0
89739,1.0
89743,3.0
89744,1.0
89746,1.0
89750,5.0
89751,4.333333333333333
89752,2.0
89753,2.0
89756,4.0
89761,2.75
89770,2.0
89779,0.0
89780,2.0
89783,5.0
89791,2.0
89797,3.3333333333333335
89800,3.5
89801,0.0
89802,1.5
89806,0.0
89811,2.3333333333333335
89813,4.0
89816,1.0
89819,3.0
89820,1.0
89824,1.0
89825,2.0
89826,2.0
89830,3.0
89840,3.5
89841,3.5
89846,2.0
89851,5.0
89853,0.0
89854,1.0
89860,1.5
89863,4.333333333333333
89868,0.0
89874,2.0
89875,1.0
89877,2.0
89880,1.0
89881,9.0
89885,1.6666666666666667
89886,2.0
89887,0.0
89890,2.5
89891,2.0
89893,2.5
89895,3.0
89896,3.5
89898,1.5
89899,2.0
89903,6.666666666666667
89904,1.0
89906,1.0
89907,2.5
89908,2.5
89912,1.0
89913,4.0
89915,4.0
89916,2.6666666666666665
89917,1.0
89921,2.0
89922,4.5
89930,2.0
89934,2.0
89936,3.0
89937,3.0
89938,2.5
89939,2.0
89943,13.0
89947,1.0
89948,1.0
89950,3.0
89951,0.0
89956,2.0
89961,1.0
89963,1.5
89964,1.25
89970,0.0
89976,4.0
89977,4.0
89985,2.0
89997,1.6666666666666667
89998,4.666666666666667
89999,2.0
90000,1.0
90004,3.0
90006,2.0
90010,4.5
90011,1.0
90019,1.5
90020,2.3333333333333335
90029,4.0
90037,1.5
90040,0.0
90049,1.0
90050,2.6
90063,4.5
90065,0.0
90067,3.0
90068,0.0
90069,2.0
90071,2.5
90072,1.5
90076,2.0
90080,5.0
90085,1.5
90092,1.5
90094,1.0
90098,1.5
90100,0.0
90104,2.0
90105,2.0
90108,1.5
90109,1.5
90114,0.0
90117,1.5
90120,2.5
90123,1.0
90125,2.5
90126,3.0
90131,2.0
90132,2.0
90135,1.5
90136,2.0
90138,0.0
90139,2.0
90142,0.0
90145,5.0
90147,3.0
90149,3.0
90152,1.0
90155,0.0
90160,0.0
90165,3.5
90166,3.0
90167,2.0
90169,1.0
90171,0.0
90173,4.0
90174,4.666666666666667
90175,0.0
90179,1.0
90181,1.5
90187,2.0
90188,1.5
90191,3.0
90192,4.25
90193,4.666666666666667
90203,1.6666666666666667
90204,1.5
90205,1.6666666666666667
90206,2.6666666666666665
90207,2.0
90218,1.5
90220,0.0
90223,3.5
90224,2.0
90226,2.0
90230,3.0
90239,1.5
90240,0.0
90242,1.0
90246,1.0
90251,1.0
90253,1.0
90255,1.0
90256,1.0
90260,4.0
90261,6.0
90263,2.0
90265,1.5
90267,3.0
90268,4.0
90275,2.0
90276,2.5
90282,2.0
90284,2.0
90287,1.0
90290,1.0
90298,1.0
90302,1.0
90304,2.0
90313,6.0
90319,0.0
90322,2.6666666666666665
90324,4.0
90327,2.0
90332,5.5
90338,1.0
90339,0.0
90340,1.0
90342,0.0
90345,2.3333333333333335
90347,5.0
90349,3.5
90350,3.0
90352,2.0
90353,0.0
90354,1.5
90357,2.0
90358,0.0
90359,2.0
90370,1.5
90372,2.0
90374,1.5
90375,2.0
90379,1.6666666666666667
90383,2.3333333333333335
90390,2.0
90404,1.5
90405,2.5
90406,3.0
90407,2.5
90412,2.5
90421,2.0
90431,1.4
90433,4.0
90436,3.0
90443,0.0
90446,2.5
90448,6.5
90449,1.5
90450,0.0
90452,0.0
90456,2.5
90457,4.5
90462,0.0
90467,4.0
90468,3.5
90469,2.6666666666666665
90472,4.0
90473,3.0
90474,3.0
90478,4.0
90479,1.5
90480,4.0
90483,6.0
90485,1.0
90486,2.0
90492,2.0
90498,1.0
90501,2.0
90502,1.0
90504,1.0
90505,1.0
90508,0.0
90517,0.0
90518,0.0
90519,1.5
90520,1.5
90521,2.5
90522,1.6666666666666667
90523,5.333333333333333
90524,5.333333333333333
90526,6.5
90527,0.0
90533,2.5
90534,1.0
90535,1.75
90542,1.0
90544,2.5
90547,1.5
90550,2.0
90551,1.0
90553,2.0
90556,1.0
90557,1.0
90565,2.3333333333333335
90568,1.6666666666666667
90569,2.0
90570,1.0
90574,10.0
90579,6.0
90586,2.0
90589,6.0
90591,0.0
90592,2.3333333333333335
90596,1.0
90604,3.75
90607,2.0
90616,0.0
90617,1.5
90621,0.0
90641,3.5
90643,1.0
90644,0.0
90648,0.0
90649,0.0
90652,1.0
90658,2.0
90659,2.0
90668,2.0
90669,4.0
90671,2.0
90672,4.0
90674,2.0
90676,2.0
90678,2.5
90680,3.0
90681,3.75
90682,2.5
90684,1.5
90687,2.0
90690,3.0
90692,1.0
90696,1.0
90698,1.0
90699,1.0
90701,3.0
90703,1.0
90709,3.5
90711,1.0
90717,0.0
90718,6.0
90720,4.25
90724,3.0
90727,2.0
90729,1.5
90733,1.0
90742,1.0
90746,1.0
90748,0.0
90749,0.0
90753,2.5
90754,2.0
90757,4.0
90760,4.0
90766,1.0
90767,1.0
90772,1.0
90773,3.0
90776,4.5
90778,2.0
90787,1.3333333333333333
90789,0.0
90790,4.0
90791,1.0
90797,2.0
90799,1.5
90805,0.0
90808,6.5
90810,2.0
90812,3.0
90814,1.0
90815,2.6666666666666665
90816,2.0
90817,3.0
90819,5.0
90824,2.0
90829,3.5
90830,3.0
90839,2.0
90840,2.6666666666666665
90842,1.5
90844,0.0
90845,1.0
90846,1.0
90851,1.0
90852,1.0
90854,2.0
90855,3.0
90856,2.3333333333333335
90857,2.0
90860,1.6666666666666667
90862,1.0
90864,1.0
90865,2.0
90866,3.0
90867,3.0
90869,0.0
90871,2.5
90873,2.0
90874,1.5
90879,1.5
90882,1.0
90884,2.0
90887,4.0
90890,0.0
90894,1.5
90895,1.0
90898,2.0
90901,1.6666666666666667
90902,2.0
90911,2.0
90914,0.0
90916,2.0
90918,1.0
90922,0.0
90923,2.0
90926,2.0
90932,3.5
90934,1.0
90935,1.0
90938,1.5
90940,1.0
90942,3.5
90943,0.0
90945,1.6666666666666667
90949,1.0
90950,1.5
90951,1.3333333333333333
90953,1.5
90955,3.0
90956,1.0
90959,2.6666666666666665
90960,2.0
90963,2.5
90967,2.8
90971,1.0
90979,3.0
90983,3.0
90986,2.5
90987,1.6666666666666667
90990,2.0
90992,1.0
90994,2.0
90996,1.6666666666666667
90998,2.0
90999,2.0
91000,2.0
91006,4.0
91010,2.0
91014,1.0
91016,3.0
91017,3.0
91018,1.0
91020,5.0
91024,3.0
91028,7.0
91029,7.0
91031,1.0
91034,2.5
91036,2.0
91038,1.0
91040,1.5
91041,2.5
91046,3.75
91048,4.0
91049,3.25
91052,2.0
91053,1.0
91054,1.0
91055,0.0
91057,1.6666666666666667
91061,1.0
91063,2.0
91065,1.3333333333333333
91070,0.0
91077,5.0
91079,1.5
91080,1.0
91081,3.0
91091,1.0
91096,3.0
91098,2.0
91099,2.0
91101,0.0
91103,0.0
91105,4.0
91108,2.5
91114,1.0
91116,2.0
91119,1.0
91120,2.0
91122,3.5
91123,3.5
91125,2.6666666666666665
91126,2.5
91128,0.0
91131,2.0
91135,1.75
91136,3.0
91137,1.0
91141,0.0
91142,0.0
91143,3.0
91145,0.0
91146,1.0
91147,2.0
91150,1.0
91153,7.0
91155,5.0
91157,2.6666666666666665
91162,1.0
91163,2.0
91164,2.5
91171,2.5
91172,3.0
91174,4.0
91175,0.0
91178,0.0
91179,2.3333333333333335
91184,3.0
91185,5.0
91194,3.6666666666666665
91198,3.5
91203,2.6666666666666665
91207,1.5
91212,0.0
91214,2.0
91219,8.0
91221,2.5
91222,4.0
91225,2.0
91228,2.0
91233,2.5
91235,1.0
91236,1.0
91237,0.0
91240,0.0
91247,1.0
91248,1.6666666666666667
91250,4.0
91253,4.0
91256,1.0
91257,0.0
91258,7.0
91259,1.0
91261,1.0
91262,1.0
91263,1.0
91266,4.0
91270,4.0
91273,1.0
91275,8.0
91283,1.3333333333333333
91284,2.125
91285,1.6666666666666667
91287,3.5
91290,3.5
91298,4.5
91301,4.0
91302,8.0
91304,4.5
91305,4.5
91306,1.0
91307,2.0
91312,4.5
91313,3.3333333333333335
91320,2.0
91322,2.0
91323,0.0
91325,0.0
91326,1.5
91327,3.3333333333333335
91332,1.0
91334,1.0
91336,3.0
91343,1.0
91346,0.0
91349,2.0
91350,3.0
91355,1.0
91357,2.6666666666666665
91358,2.3333333333333335
91359,1.5
91361,2.0
91367,7.0
91372,2.0
91373,2.0
91376,2.0
91377,2.0
91384,1.0
91387,2.0
91390,2.0
91391,1.3333333333333333
91392,2.6666666666666665
91394,2.0
91406,2.6666666666666665
91410,2.5
91414,2.0
91419,3.0
91420,2.5
91422,3.5
91425,1.0
91436,2.0
91440,2.0
91441,3.0
91442,3.0
91447,5.5
91451,3.0
91455,2.0
91457,2.0
91461,6.0
91465,2.0
91467,0.0
91471,2.3333333333333335
91475,5.0
91479,4.0
91481,1.0
91484,2.0
91488,1.0
91491,5.0
91492,1.0
91495,2.5
91499,1.0
91503,3.0
91508,0.0
91509,0.0
91510,2.0
91511,1.3333333333333333
91512,1.0
91513,2.5
91515,2.5
91516,4.0
91518,4.0
91524,1.0
91527,0.0
91528,2.0
91536,3.5
91540,1.0
91546,3.0
91551,2.0
91558,2.0
91562,2.0
91565,5.0
91567,5.5
91569,1.25
91571,1.3333333333333333
91576,12.0
91579,0.0
91582,7.0
91588,1.5
91596,1.6666666666666667
91598,3.5
91599,1.0
91600,2.0
91602,1.5
91604,1.3333333333333333
91606,0.0
91608,1.5
91610,1.0
91613,2.5
91614,4.0
91617,3.0
91618,0.0
91620,1.5
91623,1.0
91628,6.666666666666667
91630,1.3333333333333333
91633,0.0
91634,0.0
91637,4.5
91641,4.0
91642,0.0
91645,2.0
91646,2.0
91650,7.5
91651,2.0
91653,1.25
91656,1.0
91658,2.0
91660,1.0
91663,1.0
91664,1.0
91666,3.3333333333333335
91667,0.0
91668,0.0
91669,0.0
91670,1.0
91673,2.0
91679,0.0
91681,1.0
91687,0.0
91689,0.0
91694,2.0
91697,1.0
91700,0.0
91703,2.0
91709,0.0
91713,3.0
91715,0.0
91722,0.0
91727,4.0
91728,3.5
91734,3.5
91737,1.6666666666666667
91740,1.5
91743,2.5
91744,1.0
91751,4.0
91755,0.0
91756,3.0
91764,1.5
91765,3.0
91766,0.0
91767,1.0
91770,3.0
91774,1.75
91778,1.3333333333333333
91779,0.0
91781,2.0
91784,3.5
91786,1.0
91789,3.5
91790,1.0
91791,1.0
91797,2.0
91800,1.0
91801,0.0
91802,1.0
91808,1.0
91812,0.0
91817,2.6666666666666665
91818,2.0
91820,3.0
91831,1.0
91832,5.0
91834,3.5
91841,8.0
91844,1.0
91845,0.0
91847,3.0
91850,2.0
91852,2.0
91856,1.0
91861,4.0
91862,0.0
91863,2.0
91864,2.0
91865,3.3333333333333335
91866,4.0
91868,0.0
91870,2.0
91871,0.0
91873,0.0
91887,2.0
91890,3.0
91891,2.5
91893,0.0
91894,3.0
91898,1.0
91901,2.5
91904,2.0
91905,1.6666666666666667
91907,1.5
91916,2.0
91929,1.0
91932,3.0
91933,2.0
91934,2.0
91936,1.5
91939,5.0
91943,1.0
91945,1.0
91949,0.0
91951,0.0
91955,3.0
91958,0.0
91959,5.0
91960,5.0
91963,1.5
91964,0.0
91965,1.5
91968,1.0
91969,2.0
91973,3.0
91981,2.8
91985,2.5
91987,3.0
91992,2.0
91993,1.5
91994,2.0
91997,2.0
92000,3.0
92003,2.0
92008,1.3333333333333333
92017,3.5
92021,2.0
92023,0.0
92027,4.5
92029,2.0
92030,1.5
92031,1.3333333333333333
92034,4.333333333333333
92035,4.333333333333333
92036,1.0
92037,4.0
92038,3.0
92041,2.0
92042,1.0
92043,1.0
92045,2.0
92049,3.5
92054,2.5
92063,3.0
92066,2.0
92069,2.6666666666666665
92070,2.5
92074,2.0
92081,3.0
92084,1.0
92089,1.0
92091,3.0
92093,1.0
92095,4.0
92098,0.0
92103,4.0
92104,1.0
92105,2.5
92107,1.0
92108,1.0
92110,0.0
92115,2.0
92117,1.5
92118,2.0
92121,1.5
92122,2.0
92123,1.6666666666666667
92124,2.0
92128,2.0
92130,5.0
92134,2.0
92135,2.3333333333333335
92140,0.0
92146,1.6666666666666667
92148,1.0
92149,1.0
92153,1.0
92164,2.5
92165,3.0
92170,3.0
92173,1.0
92175,1.0
92176,1.0
92177,4.333333333333333
92180,1.5
92183,1.0
92186,3.0
92187,0.0
92188,1.0
92191,4.0
92193,4.0
92194,4.0
92196,1.0
92197,2.0
92198,1.3333333333333333
92200,2.0
92201,0.0
92202,3.0
92203,1.0
92204,1.0
92210,2.5
92211,1.0
92217,9.0
92218,2.0
92222,2.0
92223,2.0
92225,3.3333333333333335
92228,4.0
92229,1.0
92230,0.0
92233,2.0
92235,2.0
92237,3.5
92241,3.3333333333333335
92242,3.3333333333333335
92243,2.3333333333333335
92244,1.5
92251,6.0
92256,1.0
92262,3.0
92263,0.0
92264,1.75
92266,1.0
92270,3.3333333333333335
92276,1.5
92282,2.0
92284,0.0
92287,4.0
92291,1.0
92292,3.3333333333333335
92294,1.0
92303,3.0
92305,1.0
92306,3.5
92307,4.5
92310,6.5
92317,1.0
92319,1.0
92325,1.0
92331,1.0
92338,2.0
92341,3.0
92343,0.0
92348,2.0
92349,12.333333333333334
92350,1.5
92353,1.3333333333333333
92355,0.0
92357,2.6666666666666665
92362,2.5
92364,3.0
92365,2.3333333333333335
92366,3.0
92375,2.0
92376,2.0
92381,1.0
92385,2.0
92387,1.0
92391,2.0
92395,3.0
92396,1.5
92397,2.0
92398,2.0
92400,2.0
92403,1.6666666666666667
92404,2.0
92408,0.0
92409,0.0
92411,0.0
92412,2.0
92416,3.5
92417,5.0
92418,5.0
92422,1.0
92429,2.5
92430,3.0
92432,1.5
92434,3.0
92436,3.5
92439,1.5
92445,0.0
92449,2.5
92450,3.0
92455,1.3333333333333333
92461,1.0
92462,3.5
92467,8.5
92472,2.0
92474,1.0
92475,0.0
92477,0.0
92479,0.0
92481,4.0
92486,4.0
92490,1.0
92493,3.0
92496,2.5
92500,2.0
92501,7.0
92502,2.0
92504,3.0
92507,5.0
92509,2.0
92510,3.0
92517,1.0
92520,2.0
92527,1.5
92528,2.0
92531,2.5
92533,3.5
92543,3.5
92544,2.5
92546,1.0
92555,2.0
92556,0.0
92558,2.0
92563,0.0
92566,2.5
92568,1.6666666666666667
92570,2.5
92577,3.0
92579,1.6666666666666667
92580,2.0
92581,4.0
92586,2.0
92592,2.6666666666666665
92594,0.0
92598,7.5
92605,1.0
92610,0.0
92614,3.0
92615,1.0
92621,5.5
92624,1.5
92625,2.0
92634,1.5
92636,1.6666666666666667
92637,1.6666666666666667
92638,0.0
92643,2.0
92644,4.333333333333333
92647,1.0
92649,3.0
92651,3.0
92652,0.0
92654,3.0
92655,2.0
92658,4.0
92659,4.0
92662,2.0
92665,0.0
92666,0.0
92667,3.6666666666666665
92668,0.0
92671,3.0
92673,2.0
92677,1.5
92681,6.0
92682,5.5
92684,0.0
92690,1.0
92692,1.5
92697,2.5
92698,4.5
92706,2.0
92707,2.5
92710,1.5
92711,5.0
92716,5.0
92717,4.5
92719,3.6666666666666665
92726,2.5
92737,4.5
92738,1.0
92740,1.0
92747,1.0
92754,4.0
92760,2.6666666666666665
92768,1.0
92770,1.5
92772,2.5
92777,2.0
92780,2.0
92781,3.5
92784,3.5
92786,0.0
92788,3.0
92791,3.5
92796,2.0
92800,4.5
92802,4.5
92803,3.5
92804,4.0
92805,1.0
92809,2.0
92810,2.0
92811,0.0
92812,2.0
92814,2.0
92818,2.0
92822,5.5
92823,3.5
92827,1.0
92829,0.0
92831,1.0
92840,2.0
92841,2.5
92847,1.75
92849,3.0
92850,1.75
92851,2.5
92852,3.0
92856,0.0
92860,3.0
92861,2.6666666666666665
92862,3.0
92867,4.0
92869,0.0
92873,1.0
92878,1.5
92882,2.0
92883,3.0
92898,2.5
92903,0.0
92904,2.0
92906,2.0
92908,1.0
92909,2.6666666666666665
92914,1.0
92915,1.3333333333333333
92916,2.5
92927,2.0
92929,2.0
92930,1.5
92934,2.5
92936,2.0
92937,4.0
92938,0.0
92947,2.3333333333333335
92948,1.5
92950,1.5
92953,2.3333333333333335
92955,1.5
92956,1.5
92957,3.0
92958,3.0
92962,0.0
92963,2.0
92966,1.5
92969,2.3333333333333335
92972,0.0
92974,2.0
92976,0.0
92980,0.0
92982,0.0
92985,2.5
92988,2.0
92989,0.0
92990,2.0
92991,2.0
92993,2.0
92994,9.5
92996,0.0
92997,2.0
92999,2.5
93005,1.0
93006,1.0
93011,2.5
93012,0.0
93013,5.0
93017,7.0
93019,1.0
93020,3.5
93022,4.0
93024,3.0
93026,2.3333333333333335
93029,2.5
93032,1.0
93033,2.3333333333333335
93035,0.0
93039,0.0
93049,0.0
93054,2.5
93055,1.0
93057,1.3333333333333333
93062,4.0
93071,2.5
93073,2.0
93075,0.0
93079,2.5
93083,2.0
93084,2.0
93088,2.6666666666666665
93103,1.5
93105,3.0
93107,3.0
93109,1.0
93110,1.0
93111,2.0
93112,1.6666666666666667
93113,1.5
93115,2.0
93116,2.0
93119,1.0
93122,1.0
93123,1.0
93125,2.5
93127,3.0
93128,3.0
93130,1.0
93134,2.3333333333333335
93135,1.0
93136,2.5
93149,3.5
93152,6.0
93158,1.5
93160,1.5
93166,1.0
93171,2.0
93173,2.0
93175,5.0
93176,5.0
93178,2.5
93179,2.0
93183,1.6666666666666667
93184,2.5
93185,0.0
93190,0.0
93191,3.5
93194,0.0
93195,1.0
93196,3.0
93197,1.0
93198,0.0
93199,1.0
93203,3.0
93204,2.5
93205,2.5
93210,1.0
93212,1.0
93213,1.0
93216,2.5
93217,2.0
93220,2.0
93230,2.0
93231,2.5
93234,1.5
93235,2.6666666666666665
93238,1.5
93239,2.0
93240,3.6
93241,1.0
93242,2.6666666666666665
93244,4.0
93251,1.0
93260,2.0
93272,3.3333333333333335
93273,7.0
93274,2.0
93276,2.5
93277,1.0
93278,3.0
93279,2.0
93280,2.0
93281,1.5
93283,2.0
93294,3.0
93298,1.5
93299,2.0
93301,2.0
93303,2.0
93304,4.0
93308,4.0
93313,4.0
93315,3.3333333333333335
93316,5.5
93319,9.0
93320,1.0
93321,5.0
93322,1.0
93323,3.5
93331,2.0
93332,1.5
93338,4.0
93340,1.0
93342,4.0
93353,9.5
93354,9.5
93357,2.5
93362,1.0
93363,1.5
93364,3.0
93366,8.0
93375,1.3333333333333333
93384,1.0
93391,3.0
93393,5.666666666666667
93399,1.5
93401,1.0
93405,5.0
93410,2.3333333333333335
93413,3.0
93414,1.0
93415,1.0
93416,1.0
93423,0.0
93429,2.0
93436,2.6666666666666665
93437,3.0
93445,1.5
93450,2.0
93451,3.5
93452,1.0
93453,1.0
93455,2.5
93456,5.0
93457,3.5
93460,1.6666666666666667
93461,2.0
93466,2.0
93468,1.5
93470,2.0
93472,3.0
93479,2.0
93483,0.0
93484,2.5
93485,5.0
93486,1.5
93487,1.0
93489,1.0
93493,2.0
93494,1.6666666666666667
93496,0.0
93497,1.0
93498,1.0
93499,1.5
93501,4.333333333333333
93507,0.0
93508,0.0
93515,3.0
93518,4.0
93523,1.0
93525,1.0
93528,2.0
93532,6.0
93536,2.0
93538,1.0
93539,2.0
93541,2.0
93544,0.0
93546,3.0
93547,1.0
93550,2.0
93571,3.0
93572,3.0
93578,3.0
93580,2.0
93581,0.0
93590,0.0
93597,2.0
93600,6.0
93601,4.0
93602,0.0
93603,5.5
93604,3.0
93605,0.0
93606,2.0
93608,3.0
93610,1.0
93622,1.5
93624,3.0
93626,1.5
93628,3.0
93631,2.6666666666666665
93633,1.5
93637,2.0
93638,2.0
93649,1.0
93651,0.0
93653,2.0
93654,5.0
93661,1.0
93663,1.5
93665,3.0
93668,3.25
93670,5.0
93672,0.0
93674,2.0
93680,4.333333333333333
93683,1.5
93684,1.5
93688,4.0
93689,6.0
93690,3.5
93692,1.0
93694,3.0
93698,2.5
93701,4.0
93704,2.0
93705,2.0
93708,0.0
93710,2.0
93715,1.5
93716,3.0
93718,1.0
93719,1.0
93721,2.0
93723,4.0
93726,2.0
93728,2.0
93729,0.0
93730,3.0
93731,4.0
93732,4.0
93735,2.0
93739,4.0
93742,2.5
93743,2.5
93744,2.5
93751,4.0
93755,1.0
93758,1.0
93763,1.6666666666666667
93764,2.5
93769,2.3333333333333335
93772,2.0
93775,1.5
93777,1.0
93780,3.0
93781,1.0
93783,1.5
93788,2.3333333333333335
93789,2.0
93790,5.0
93791,2.0
93793,2.0
93797,4.0
93798,1.0
93802,2.5
93803,4.0
93811,3.0
93812,3.0
93819,2.0
93820,2.0
93830,3.0
93835,14.0
93836,14.0
93839,2.0
93840,2.0
93841,5.0
93846,3.0
93848,3.0
93849,6.0
93851,2.3333333333333335
93857,1.0
93858,1.3333333333333333
93859,1.0
93862,1.5
93865,1.5
93869,4.0
93874,5.0
93875,4.0
93876,2.0
93878,1.0
93879,2.5
93881,0.0
93882,1.0
93883,0.0
93884,2.0
93889,5.0
93890,1.0
93895,0.0
93896,3.0
93897,0.0
93901,2.0
93903,1.5
93904,1.0
93907,0.0
93908,6.0
93909,6.0
93910,0.0
93912,0.0
93913,1.5
93917,2.0
93918,3.0
93919,2.0
93921,9.0
93928,2.6666666666666665
93930,3.0
93931,4.0
93932,2.0
93938,4.0
93939,1.0
93942,1.0
93944,1.0
93946,0.0
93952,2.6666666666666665
93954,1.5
93957,0.0
93959,2.0
93960,2.0
93964,1.0
93977,1.0
93981,3.5
93984,3.0
93989,2.0
93990,1.5
93996,3.0
94002,2.0
94004,1.0
94006,3.0
94007,1.0
94012,1.0
94017,4.5
94022,2.0
94024,2.0
94025,3.0
94026,3.0
94029,2.0
94031,4.0
94035,2.0
94037,2.0
94040,2.0
94047,0.0
94050,3.0
94051,2.3333333333333335
94059,1.5
94061,1.0
94063,2.5
94064,3.0
94065,2.3333333333333335
94071,3.0
94074,2.5
94075,3.0
94076,1.6666666666666667
94077,2.5
94080,0.0
94081,3.0
94087,1.0
94094,1.0
94097,1.0
94098,3.0
94104,0.0
94107,3.0
94111,1.5
94112,2.0
94113,2.6666666666666665
94115,0.0
94119,2.0
94120,2.6666666666666665
94121,2.0
94122,1.5
94123,4.0
94130,3.5
94131,4.0
94136,1.0
94137,2.0
94138,1.0
94139,1.0
94142,1.0
94144,1.0
94145,2.0
94146,2.0
94147,2.3333333333333335
94151,1.0
94153,1.5
94155,1.0
94157,0.0
94158,4.0
94166,2.0
94167,0.0
94169,0.0
94173,3.25
94175,1.0
94183,2.0
94185,1.0
94186,1.0
94192,1.0
94193,1.0
94194,1.0
94196,1.0
94197,3.0
94198,3.0
94203,3.0
94206,0.0
94207,1.5
94208,1.0
94211,0.0
94213,4.0
94214,2.5
94215,0.0
94217,2.0
94224,6.0
94228,2.0
94230,5.5
94232,0.0
94234,2.25
94235,1.3333333333333333
94239,1.5
94242,1.6666666666666667
94243,2.0
94248,1.5
94256,1.0
94258,0.0
94272,6.0
94273,2.0
94275,2.0
94276,4.5
94278,1.0
94279,3.0
94284,4.0
94289,3.4
94296,3.5
94300,1.5
94303,0.0
94304,1.5
94305,0.0
94310,2.0
94315,2.0
94320,2.3333333333333335
94323,1.0
94325,0.0
94342,1.0
94346,3.0
94347,1.5
94348,2.6666666666666665
94349,1.0
94356,2.5
94367,3.0
94368,6.0
94370,1.5
94374,5.0
94378,2.0
94379,1.0
94385,3.0
94386,2.5
94402,3.0
94405,3.5
94410,1.0
94416,2.0
94419,2.5
94420,2.5
94421,2.0
94422,1.0
94423,2.0
94427,0.0
94433,1.0
94434,2.5
94435,2.5
94438,1.0
94441,6.0
94442,3.0
94443,3.0
94445,1.0
94446,2.5
94448,0.0
94460,1.0
94463,1.5
94466,1.0
94467,1.5
94468,2.0
94469,3.0
94470,2.3333333333333335
94473,0.0
94476,2.0
94482,13.0
94483,20.0
94484,2.0
94487,1.3333333333333333
94489,5.0
94492,3.0
94493,2.5
94494,2.5
94495,2.5
94497,1.0
94500,2.0
94504,3.5
94506,0.0
94507,0.0
94511,2.5
94513,1.0
94523,4.0
94526,0.0
94535,5.0
94544,0.0
94548,1.0
94549,1.0
94553,1.0
94555,1.0
94558,2.0
94559,1.0
94560,4.0
94561,0.0
94562,3.0
94569,3.0
94572,3.3333333333333335
94573,1.0
94582,0.0
94588,1.0
94594,2.0
94597,1.3333333333333333
94600,0.0
94602,2.0
94603,2.0
94607,2.0
94611,13.0
94612,9.333333333333334
94615,0.0
94620,5.25
94622,7.0
94626,4.0
94627,4.333333333333333
94628,1.0
94629,1.0
94630,1.0
94635,2.5
94639,3.0
94646,6.0
94650,5.0
94654,2.0
94658,1.5
94662,0.0
94663,2.0
94665,0.0
94666,1.0
94667,2.0
94668,0.0
94677,4.5
94678,4.0
94681,1.0
94686,3.5
94688,5.0
94691,3.5
94693,4.666666666666667
94698,2.0
94701,3.25
94705,1.0
94707,2.0
94711,5.0
94712,3.0
94713,3.0
94717,2.3333333333333335
94718,0.0
94720,1.0
94722,2.0
94725,0.0
94726,3.0
94727,1.0
94734,3.0
94739,5.0
94745,4.0
94748,10.666666666666666
94758,2.5
94761,2.0
94766,1.0
94769,1.0
94774,5.0
94779,7.0
94782,5.0
94783,4.0
94784,0.0
94786,1.6666666666666667
94787,2.6666666666666665
94791,0.0
94795,0.0
94797,2.0
94798,2.5
94805,1.5
94810,3.0
94818,2.0
94828,2.6666666666666665
94835,4.5
94837,0.0
94838,2.5
94840,11.0
94841,4.0
94842,8.0
94843,3.0
94846,1.5
94849,2.0
94854,3.0
94858,0.0
94860,2.0
94861,1.5
94862,1.6666666666666667
94863,1.0
94864,1.3333333333333333
94867,5.333333333333333
94868,3.5
94870,0.0
94871,10.0
94873,2.5
94874,1.0
94878,2.0
94880,1.0
94883,4.0
94885,0.0
94887,2.0
94892,0.0
94897,1.0
94899,4.0
94902,3.0
94903,3.5
94907,3.0
94908,4.0
94910,3.0
94912,3.0
94913,2.0
94917,1.5
94920,0.0
94924,1.5
94928,1.0
94929,1.6666666666666667
94930,1.0
94934,1.0
94938,0.0
94947,1.0
94949,0.0
94950,1.6666666666666667
94957,3.0
94958,3.0
94959,1.0
94960,1.0
94964,0.0
94967,1.0
94968,1.5
94971,0.0
94974,3.0
94988,1.0
94993,0.0
94998,2.3333333333333335
95001,3.0
95006,1.0
95007,3.5
95008,1.0
95010,5.0
95012,5.0
95013,3.5
95015,1.5
95017,1.0
95021,0.0
95030,1.0
95035,5.0
95045,0.0
95046,1.0
95047,1.0
95048,1.0
95050,4.0
95052,4.0
95056,0.0
95057,5.0
95060,3.0
95065,0.0
95069,4.5
95074,3.0
95075,2.0
95076,1.0
95077,2.3333333333333335
95079,3.0
95082,4.5
95084,3.6
95088,2.0
95089,4.0
95094,0.0
95096,1.6666666666666667
95099,4.0
95101,1.0
95105,1.5
95108,3.0
95109,3.5
95110,1.3333333333333333
95114,1.0
95117,1.0
95119,2.3333333333333335
95120,3.0
95122,4.0
95124,1.0
95126,1.5
95127,2.0
95129,0.0
95132,2.0
95138,2.0
95140,1.0
95141,1.0
95142,2.0
95144,2.5
95145,1.0
95150,3.0
95154,0.0
95160,2.0
95161,1.0
95166,0.0
95172,1.0
95173,0.0
95178,1.0
95182,0.0
95187,1.0
95192,1.0
95193,0.0
95199,2.0
95200,0.0
95201,1.3333333333333333
95209,1.5
95215,2.0
95216,2.0
95223,2.0
95225,1.0
95226,0.0
95228,2.0
95232,2.0
95235,5.0
95241,1.0
95242,1.0
95244,2.0
95251,1.0
95252,1.0
95253,0.0
95255,2.0
95257,1.5
95258,0.0
95259,1.5
95264,4.5
95265,4.333333333333333
95268,0.0
95269,1.0
95270,1.0
95272,4.0
95275,0.0
95278,0.0
95282,2.5
95283,3.5
95286,0.0
95289,1.3333333333333333
95290,1.3333333333333333
95294,1.5
95295,1.5
95298,1.0
95302,2.0
95303,1.0
95308,0.0
95309,4.0
95310,4.0
95316,3.0
95318,0.0
95319,0.0
95323,1.0
95326,1.0
95329,2.5
95330,0.0
95335,3.0
95346,0.0
95347,1.0
95349,1.6666666666666667
95360,3.0
95364,4.0
95366,1.0
95367,4.0
95370,2.0
95372,0.0
95373,1.0
95375,0.0
95378,1.0
95381,5.0
95385,1.0
95386,1.0
95388,1.0
95391,0.0
95394,2.0
95395,5.0
95409,2.5
95416,0.0
95420,2.0
95422,0.0
95425,1.0
95429,1.0
95430,1.0
95432,0.0
95434,2.0
95438,1.0
95445,3.0
95447,1.5
95448,2.0
95453,0.0
95456,0.0
95461,3.5
95463,5.5
95466,1.5
95467,0.0
95470,1.0
95471,0.0
95473,0.0
95478,2.6666666666666665
95483,0.0
95489,1.5
95493,1.0
95498,3.0
95499,0.0
95508,1.3333333333333333
95511,1.5
95513,5.5
95517,0.0
95518,2.0
95521,1.0
95522,2.6666666666666665
95525,2.6666666666666665
95531,1.0
95537,4.0
95539,2.5
95540,3.0
95541,0.0
95544,2.5
95547,1.6666666666666667
95548,2.0
95550,1.5
95551,3.0
95552,3.0
95554,4.5
95557,5.0
95559,5.0
95571,4.666666666666667
95573,0.0
95575,1.5
95581,1.0
95591,3.0
95595,3.0
95596,4.0
95606,2.0
95611,1.0
95613,2.5
95616,2.0
95619,2.0
95622,2.0
95627,3.0
95630,3.5
95632,0.0
95638,1.0
95646,6.0
95647,1.0
95648,2.0
95650,3.0
95656,3.0
95659,0.0
95661,3.0
95666,5.0
95668,1.0
95669,3.5
95686,0.0
95687,3.0
95688,3.0
95690,4.0
95691,1.0
95694,2.0
95697,4.0
95698,7.0
95700,1.0
95702,5.0
95704,0.0
95723,1.0
95728,0.0
95730,1.0
95734,2.0
95736,4.0
95742,2.0
95744,1.5
95746,1.5
95747,0.0
95748,0.0
95749,5.0
95750,5.0
95751,5.0
95753,3.5
95754,4.0
95756,4.0
95759,2.6666666666666665
95761,3.0
95764,1.0
95765,0.0
95779,1.6666666666666667
95780,0.0
95782,2.5
95785,1.5
95786,1.5
95789,4.0
95790,4.0
95794,3.5
95796,4.0
95799,0.0
95803,4.0
95807,2.0
95818,0.0
95819,2.0
95825,2.0
95827,5.0
95828,2.25
95832,1.0
95834,0.0
95837,3.0
95838,3.0
95840,1.0
95849,0.0
95850,2.0
95851,3.0
95856,2.0
95858,0.0
95861,2.0
95862,0.0
95868,2.0
95871,1.0
95873,2.0
95880,2.0
95883,1.0
95884,1.0
95886,5.0
95887,0.0
95888,3.0
95889,10.0
95890,5.5
95893,2.0
95898,2.6666666666666665
95900,0.0
95901,7.0
95903,7.0
95907,2.0
95911,1.0
95912,2.0
95913,0.0
95914,2.0
95916,6.0
95918,2.3333333333333335
95921,1.0
95924,5.0
95927,3.3333333333333335
95928,0.0
95930,4.0
95933,0.0
95934,4.0
95937,0.0
95941,1.0
95942,2.0
95943,8.0
95947,3.0
95954,0.0
95957,1.5
95958,4.666666666666667
95959,4.0
95961,1.5
95964,1.0
95966,3.3333333333333335
95970,0.0
95971,0.0
95976,1.0
95978,0.0
95980,3.0
95983,4.0
95984,1.6666666666666667
95990,2.0
95997,1.0
96000,1.0
96003,3.5
96004,2.0
96009,1.3333333333333333
96010,3.0
96011,1.0
96014,1.5
96015,0.0
96017,5.0
96024,0.0
96027,1.0
96029,0.0
96031,1.0
96034,0.0
96035,3.0
96038,1.0
96042,2.0
96044,5.5
96045,0.0
96046,6.0
96047,0.0
96050,1.0
96053,2.3333333333333335
96054,5.0
96056,1.0
96059,1.0
96060,2.0
96062,1.5
96065,8.0
96073,3.0
96074,4.5
96075,5.333333333333333
96080,2.0
96081,4.0
96085,2.0
96086,1.0
96091,2.0
96094,0.0
96095,3.0
96096,1.0
96097,0.0
96100,2.0
96102,2.0
96103,1.6666666666666667
96107,0.0
96108,2.0
96109,2.0
96111,1.0
96114,2.0
96116,1.0
96118,1.5
96119,2.0
96120,1.6666666666666667
96124,1.0
96126,5.333333333333333
96129,2.5
96136,2.0
96137,3.0
96138,1.0
96143,2.0
96153,6.0
96157,2.0
96160,2.5
96167,2.0
96172,2.0
96180,2.0
96183,5.0
96184,4.333333333333333
96188,7.5
96191,2.5
96192,1.0
96194,2.0
96201,2.0
96202,5.0
96203,4.0
96204,2.3333333333333335
96205,1.6666666666666667
96206,2.3333333333333335
96207,2.0
96220,3.6666666666666665
96224,1.0
96228,4.0
96230,1.0
96231,3.0
96232,3.0
96233,0.0
96237,3.0
96244,2.4
96246,2.6666666666666665
96248,2.0
96257,0.0
96259,6.5
96260,0.0
96261,1.0
96265,1.0
96272,2.0
96274,1.6666666666666667
96278,2.5
96286,3.0
96287,2.0
96292,2.0
96299,0.0
96300,1.0
96301,2.5
96305,1.0
96307,1.0
96313,1.5
96314,1.6666666666666667
96317,2.0
96319,2.5
96324,17.0
96325,10.0
96330,1.0
96331,0.0
96333,1.0
96336,1.5
96338,2.0
96343,2.0
96345,1.5
96346,0.0
96347,0.0
96350,0.0
96352,1.0
96354,10.0
96360,0.0
96363,1.6666666666666667
96370,2.0
96371,2.3333333333333335
96372,1.6666666666666667
96374,2.0
96375,1.0
96376,1.6666666666666667
96388,3.0
96390,1.0
96402,4.0
96404,8.5
96407,2.0
96411,4.0
96413,1.0
96415,2.0
96416,1.0
96418,6.0
96421,10.0
96422,6.0
96423,4.333333333333333
96425,0.0
96428,1.0
96436,0.0
96438,3.0
96446,1.5
96455,2.3333333333333335
96457,4.0
96459,0.0
96463,0.0
96476,4.0
96482,2.3333333333333335
96490,1.0
96492,1.0
96497,1.3333333333333333
96498,1.5
96499,1.0
96500,1.0
96507,3.0
96508,3.0
96515,6.0
96517,1.0
96519,3.0
96520,3.3333333333333335
96521,4.5
96523,3.5
96524,3.0
96532,2.0
96533,2.0
96534,3.3333333333333335
96535,1.0
96538,0.0
96541,1.0
96542,1.0
96544,5.0
96547,0.0
96551,0.0
96557,2.0
96558,2.0
96568,0.0
96570,2.0
96589,0.0
96591,2.0
96592,0.0
96595,2.5
96596,3.0
96602,2.5
96606,2.6666666666666665
96607,1.5
96608,1.0
96612,2.0
96617,4.0
96619,2.0
96622,0.0
96626,3.0
96627,2.0
96635,3.5
96650,2.6666666666666665
96651,3.0
96653,2.5
96654,5.0
96659,3.0
96660,0.0
96661,0.0
96662,1.0
96663,3.5
96668,5.0
96673,0.0
96674,1.0
96675,3.0
96680,1.0
96684,1.0
96686,5.5
96688,3.0
96689,5.5
96690,0.0
96697,5.0
96699,2.3333333333333335
96709,3.0
96711,1.5
96714,0.0
96719,0.0
96720,2.0
96722,1.0
96723,4.0
96726,5.0
96730,4.0
96733,4.0
96738,3.0
96739,2.75
96745,9.0
96750,1.0
96752,4.666666666666667
96756,1.0
96758,2.5
96759,3.0
96765,2.0
96766,1.6666666666666667
96769,2.0
96770,2.0
96772,4.333333333333333
96777,3.0
96779,2.0
96784,1.0
96789,2.0
96794,3.0
96796,2.0
96797,3.6666666666666665
96798,0.0
96803,1.0
96808,1.5
96811,4.0
96814,2.3333333333333335
96815,2.3333333333333335
96820,3.0
96823,4.0
96824,3.0
96826,3.5
96831,2.5
96835,0.0
96837,3.0
96840,1.5
96841,0.0
96844,1.0
96848,2.3333333333333335
96849,3.5
96850,3.5
96851,1.3333333333333333
96861,4.0
96872,4.0
96873,2.5
96875,4.0
96878,3.0
96879,3.6666666666666665
96885,2.5
96888,4.5
96892,3.0
96899,0.0
96900,3.3333333333333335
96909,4.5
96910,5.5
96913,1.0
96914,5.0
96917,0.0
96918,3.0
96920,1.0
96921,2.6666666666666665
96931,2.0
96933,2.0
96935,2.0
96940,2.3333333333333335
96944,10.0
96945,3.0
96946,2.0
96947,4.0
96952,2.0
96953,0.0
96955,2.0
96957,1.0
96958,0.0
96961,2.0
96963,6.0
96968,3.0
96974,0.0
96975,2.0
96981,2.3333333333333335
96982,2.0
96985,1.0
96988,3.0
96989,4.333333333333333
96991,0.0
96992,0.0
97000,0.0
97001,3.0
97006,1.5
97007,0.0
97008,1.0
97009,1.5
97012,3.5
97015,2.0
97016,1.5
97020,2.5
97021,2.6666666666666665
97026,2.0
97032,6.0
97035,5.0
97036,7.0
97042,2.0
97045,1.0
97048,3.0
97050,0.0
97056,3.5
97057,4.0
97061,1.5
97063,0.0
97064,0.0
97065,3.0
97066,2.0
97068,1.0
97070,2.0
97071,2.0
97073,2.5
97074,2.0
97075,2.5
97076,1.5
97078,3.0
97079,5.0
97084,3.0
97087,2.0
97088,2.0
97089,2.0
97091,1.0
97096,3.0
97099,0.0
97100,3.5
97103,2.0
97108,0.0
97113,0.0
97114,2.0
97117,1.5
97119,2.0
97120,2.0
97123,0.0
97124,2.0
97125,1.5
97126,1.0
97132,1.5
97133,1.0
97135,0.0
97137,1.5
97138,1.0
97145,1.0
97146,1.0
97150,1.0
97151,2.6666666666666665
97153,2.0
97154,11.0
97158,2.0
97161,8.0
97164,5.0
97166,2.0
97167,1.0
97171,4.0
97172,7.0
97174,2.0
97177,1.0
97184,1.5
97197,4.0
97202,0.0
97203,0.0
97205,3.5
97209,9.0
97210,3.0
97217,2.5
97218,4.0
97221,1.0
97224,1.0
97232,0.0
97246,0.0
97247,1.6666666666666667
97248,2.0
97250,1.0
97252,1.0
97255,3.0
97256,1.0
97257,2.0
97261,1.0
97262,1.5
97267,3.0
97269,1.0
97276,2.0
97277,4.666666666666667
97280,2.6666666666666665
97282,3.3333333333333335
97284,1.5
97289,1.0
97292,0.0
97302,4.666666666666667
97306,1.0
97310,0.0
97316,5.5
97317,7.0
97321,3.0
97322,3.0
97326,2.0
97331,2.0
97333,1.6666666666666667
97334,2.0
97336,3.0
97337,1.0
97346,2.5
97351,4.0
97352,6.0
97353,5.0
97354,2.0
97356,3.0
97357,3.0
97358,4.666666666666667
97361,4.333333333333333
97362,4.0
97363,3.0
97367,4.666666666666667
97371,2.25
97372,1.0
97373,1.0
97374,10.5
97377,7.0
97378,1.0
97381,1.5
97386,2.0
97387,2.0
97394,3.0
97400,2.0
97413,4.0
97414,2.0
97415,0.0
97422,1.0
97430,2.3333333333333335
97434,3.0
97440,3.0
97441,1.0
97442,3.5
97444,1.0
97449,1.0
97452,1.5
97454,6.0
97457,4.0
97463,1.0
97464,1.0
97466,1.0
97467,0.0
97468,2.5
97469,4.0
97471,0.0
97472,1.5
97477,3.0
97484,0.0
97485,0.0
97489,1.0
97492,1.0
97493,2.0
97495,2.6666666666666665
97500,6.0
97502,2.0
97504,3.0
97505,0.0
97508,2.0
97511,2.5
97513,4.0
97514,0.0
97515,3.5
97517,3.0
97522,0.0
97523,6.0
97527,1.5
97534,1.0
97540,0.0
97542,0.0
97543,1.5
97545,1.0
97547,3.0
97550,1.0
97551,2.0
97552,2.0
97559,2.0
97561,4.0
97568,2.0
97575,1.0
97583,2.0
97586,3.0
97590,0.0
97598,1.5
97602,0.0
97603,5.0
97606,2.0
97613,3.0
97615,2.5
97616,0.0
97617,1.3333333333333333
97618,2.0
97620,1.0
97622,1.3333333333333333
97623,1.0
97625,1.6666666666666667
97626,1.6666666666666667
97628,3.0
97629,1.2
97631,2.5
97632,2.0
97633,2.0
97635,2.5
97639,0.0
97641,1.0
97642,1.0
97643,1.0
97645,3.0
97647,1.6666666666666667
97650,0.0
97651,4.0
97658,2.0
97659,3.5
97661,0.0
97665,2.5
97669,3.0
97673,2.0
97677,3.3333333333333335
97678,0.0
97679,2.0
97687,5.5
97688,1.0
97691,2.0
97692,0.0
97695,2.3333333333333335
97696,3.0
97701,0.0
97705,6.0
97706,4.0
97711,6.0
97712,1.5
97718,3.0
97721,1.5
97727,5.0
97733,1.0
97738,1.5
97739,1.5
97740,3.0
97741,3.0
97742,3.0
97743,3.0
97744,1.0
97745,0.0
97749,2.0
97753,3.5
97754,2.0
97755,3.6666666666666665
97757,4.0
97758,4.0
97759,1.0
97762,2.0
97763,2.0
97767,0.0
97770,3.6666666666666665
97773,2.0
97779,2.0
97782,1.0
97784,5.0
97787,7.0
97789,0.0
97791,3.0
97794,1.0
97796,1.0
97800,5.0
97802,3.0
97803,1.0
97805,1.5
97806,3.0
97808,2.5
97809,3.0
97814,0.0
97817,0.0
97818,1.5
97819,1.0
97820,3.0
97823,3.5
97824,4.5
97825,10.0
97826,1.6666666666666667
97832,0.0
97834,3.0
97835,5.5
97837,1.6666666666666667
97844,6.0
97846,1.75
97852,1.0
97853,1.0
97859,5.0
97863,1.0
97872,1.5
97877,2.0
97878,2.0
97880,1.0
97884,1.0
97897,4.0
97898,3.0
97900,4.0
97901,4.0
97902,3.0
97903,3.0
97904,2.3333333333333335
97905,1.6666666666666667
97906,2.25
97909,0.0
97914,7.0
97916,4.0
97918,1.0
97921,4.0
97926,1.0
97928,0.0
97931,1.0
97932,0.0
97934,6.0
97935,2.0
97943,1.0
97944,1.5
97945,2.5
97946,3.0
97947,5.0
97950,1.0
97951,2.0
97953,3.5
97955,4.0
97956,1.0
97957,2.0
97968,2.0
97972,1.0
97976,2.0
97979,1.0
97982,3.3333333333333335
97983,1.0
97987,1.0
97989,2.0
97990,2.5
97997,3.6666666666666665
98000,0.0
98008,1.0
98014,3.0
98021,2.0
98026,2.75
98027,3.0
98028,3.0
98029,3.0
98034,1.0
98038,0.0
98042,2.0
98046,1.0
98048,2.5
98049,0.0
98050,3.0
98051,2.5
98052,5.0
98054,1.0
98055,2.0
98056,3.0
98057,2.0
98066,4.0
98070,2.6666666666666665
98073,5.0
98074,2.0
98076,1.0
98078,3.5
98080,3.0
98081,1.0
98082,1.3333333333333333
98085,1.0
98090,4.0
98092,0.0
98100,3.0
98108,6.0
98112,1.0
98114,3.0
98119,3.0
98137,0.0
98138,0.0
98143,2.0
98147,0.0
98148,0.0
98149,2.5
98152,2.0
98153,1.5
98156,1.0
98161,2.0
98162,1.0
98166,3.0
98167,2.0
98170,4.0
98171,2.3333333333333335
98173,2.0
98175,1.0
98178,4.5
98179,0.0
98182,2.0
98183,1.6666666666666667
98185,2.0
98194,2.0
98196,2.0
98200,1.0
98202,2.0
98207,1.0
98209,0.0
98210,0.0
98211,3.0
98220,2.0
98222,2.5
98224,3.6666666666666665
98226,1.0
98229,3.3333333333333335
98231,9.0
98232,2.0
98237,8.0
98238,0.0
98239,3.0
98240,2.0
98241,1.5
98243,1.25
98244,1.0
98248,1.0
98252,1.0
98255,0.0
98259,2.0
98260,1.3333333333333333
98265,1.3333333333333333
98266,2.0
98273,0.0
98278,4.0
98285,2.0
98294,1.3333333333333333
98296,2.0
98297,3.0
98306,4.0
98314,2.5
98321,1.6666666666666667
98325,1.0
98328,1.0
98330,5.666666666666667
98332,1.0
98335,3.6666666666666665
98337,0.0
98339,9.0
98341,2.0
98342,1.0
98343,1.0
98346,1.0
98348,2.0
98350,4.0
98355,2.5
98364,1.0
98365,1.0
98366,1.0
98367,1.5
98368,0.0
98373,5.5
98376,2.5
98382,1.0
98386,1.0
98388,2.0
98390,3.0
98391,0.0
98402,1.0
98404,2.0
98406,0.0
98409,2.6666666666666665
98415,1.0
98416,0.0
98420,1.0
98422,6.0
98425,1.5
98431,1.5
98432,1.0
98438,2.3333333333333335
98440,1.0
98443,1.5
98444,0.0
98446,0.0
98451,2.0
98452,1.0
98453,3.0
98460,1.0
98461,1.0
98467,4.0
98469,1.0
98470,6.5
98482,1.5
98485,8.0
98490,2.0
98493,2.0
98500,6.0
98501,0.0
98513,6.5
98514,3.5
98517,3.5
98521,2.5
98523,2.5
98528,3.0
98529,1.5
98539,2.5
98541,1.0
98542,1.6666666666666667
98545,2.0
98546,3.0
98556,1.3333333333333333
98560,2.0
98562,3.5
98564,3.0
98565,3.0
98568,1.0
98570,2.0
98574,1.0
98575,0.0
98576,1.0
98577,2.0
98590,4.0
98591,3.0
98593,2.0
98595,3.0
98599,4.0
98603,2.5
98605,0.0
98610,3.5
98611,1.0
98612,1.0
98613,0.0
98616,2.0
98618,2.25
98622,0.0
98624,0.0
98627,1.0
98629,5.0
98632,3.6
98633,2.0
98635,1.0
98639,2.3333333333333335
98650,1.5
98653,2.0
98658,2.0
98660,3.3333333333333335
98663,3.5
98670,1.0
98671,1.0
98674,2.0
98678,0.0
98679,0.0
98680,2.6666666666666665
98681,3.5
98684,0.0
98687,3.5
98689,5.0
98696,2.0
98700,2.3333333333333335
98702,3.0
98703,1.6666666666666667
98708,8.0
98710,1.0
98712,2.0
98713,2.0
98714,1.0
98717,1.0
98723,6.0
98724,0.0
98733,4.0
98735,1.5
98736,2.6666666666666665
98740,0.0
98742,5.0
98745,1.0
98747,3.0
98749,3.0
98751,1.0
98752,3.0
98754,1.0
98763,4.0
98765,1.0
98767,1.0
98768,1.0
98770,4.0
98771,4.666666666666667
98776,7.0
98778,3.5
98780,6.0
98781,2.5
98784,2.5
98787,1.0
98788,1.0
98791,1.6666666666666667
98795,1.5
98796,2.0
98798,1.0
98799,2.0
98802,4.666666666666667
98803,2.5
98807,2.5
98808,4.0
98809,1.5
98811,5.0
98813,3.5
98819,2.0
98822,1.3333333333333333
98824,3.5
98827,4.333333333333333
98828,5.5
98829,3.5
98833,2.0
98837,6.0
98838,2.0
98839,2.0
98843,5.0
98845,1.0
98847,0.0
98850,2.0
98852,3.0
98854,0.0
98859,4.333333333333333
98862,2.5
98863,1.0
98865,1.0
98867,0.0
98868,0.0
98869,4.0
98871,4.5
98876,5.0
98877,3.5
98878,3.0
98879,3.0
98882,1.5
98885,2.5
98886,1.0
98887,1.0
98890,1.0
98898,5.0
98901,4.5
98908,3.0
98909,3.0
98914,1.5
98917,3.0
98920,1.3333333333333333
98922,1.0
98923,1.6
98926,2.0
98928,5.0
98929,1.0
98935,1.3333333333333333
98936,1.0
98937,1.0
98943,1.0
98946,1.5
98949,0.0
98950,1.0
98951,1.5
98953,2.6666666666666665
98954,2.0
98957,4.0
98959,3.0
98964,3.5
98967,2.0
98968,3.0
98971,1.5
98973,2.0
98976,3.0
98977,3.5
98978,4.0
98982,3.0
98987,3.3333333333333335
98990,1.5
98992,0.0
98994,0.0
99005,7.0
99007,3.0
99008,1.0
99011,5.0
99012,0.0
99016,4.0
99022,1.0
99023,2.5
99024,3.5
99027,5.5
99028,1.0
99038,2.0
99040,5.0
99045,2.5
99055,1.0
99060,0.0
99061,2.25
99064,2.3333333333333335
99065,4.0
99068,1.0
99069,2.0
99072,2.0
99073,2.3333333333333335
99074,4.0
99083,2.0
99084,1.0
99085,2.0
99086,2.0
99087,1.6666666666666667
99092,1.0
99093,1.5
99096,1.0
99105,1.5
99106,8.333333333333334
99111,3.0
99113,3.0
99114,2.0
99118,4.5
99119,5.0
99120,4.0
99121,0.0
99123,2.0
99132,1.0
99134,2.3333333333333335
99139,0.0
99143,3.3333333333333335
99144,5.0
99146,0.0
99147,1.0
99148,1.5
99149,1.5
99155,1.5
99156,2.0
99158,0.0
99161,0.0
99162,2.5
99170,1.0
99171,2.0
99172,1.0
99173,1.0
99177,4.0
99178,1.5
99180,3.0
99189,0.0
99192,1.0
99194,3.0
99198,1.0
99205,1.0
99209,4.0
99210,3.0
99223,2.3333333333333335
99225,1.0
99228,1.4
99232,2.0
99238,2.3333333333333335
99244,2.5
99249,3.0
99251,0.0
99253,1.5
99258,0.0
99261,3.0
99262,2.0
99267,4.0
99268,0.0
99269,6.0
99270,0.0
99275,1.0
99277,2.5
99279,1.5
99282,2.0
99288,1.0
99289,1.0
99290,0.0
99294,1.5
99296,1.5
99310,5.5
99313,0.0
99314,3.0
99321,3.0
99322,4.5
99324,1.75
99327,1.0
99335,2.5
99336,2.5
99339,0.0
99340,1.0
99341,1.5
99346,1.0
99349,1.3333333333333333
99351,3.5
99353,1.0
99355,4.5
99356,5.5
99358,6.0
99363,2.0
99364,2.0
99365,1.5
99366,3.0
99372,2.0
99375,0.0
99376,3.0
99381,0.0
99382,3.0
99383,3.0
99386,2.5
99389,1.3333333333333333
99392,1.6666666666666667
99393,2.0
99398,1.0
99401,1.0
99405,1.5
99406,4.333333333333333
99410,6.0
99413,3.0
99419,1.5
99421,1.0
99422,2.0
99425,1.5
99426,1.5
99427,1.5
99432,1.0
99440,3.0
99442,2.5
99443,2.0
99447,2.0
99453,1.0
99454,0.0
99464,2.0
99469,2.0
99470,0.0
99473,1.5
99479,1.0
99483,2.0
99484,0.0
99486,1.0
99487,3.0
99500,2.0
99505,0.0
99507,3.0
99508,3.0
99515,1.6666666666666667
99516,2.3333333333333335
99521,0.0
99524,3.0
99525,3.0
99527,0.0
99528,1.6666666666666667
99529,2.5
99530,2.5
99535,2.0
99557,1.0
99562,1.0
99566,2.0
99567,3.0
99568,0.0
99570,1.5
99571,1.3333333333333333
99574,0.0
99575,2.0
99581,1.0
99584,4.0
99585,6.666666666666667
99589,5.0
99591,5.666666666666667
99593,4.666666666666667
99594,4.666666666666667
99595,3.6666666666666665
99603,0.0
99604,6.0
99607,1.0
99608,2.0
99613,1.3333333333333333
99622,1.0
99624,1.6666666666666667
99625,2.0
99631,2.0
99634,6.0
99635,0.0
99636,3.5
99637,0.0
99642,1.0
99648,0.0
99651,4.0
99652,3.0
99654,2.0
99661,4.333333333333333
99665,6.0
99667,6.0
99671,0.0
99673,1.0
99680,1.0
99682,4.0
99684,4.0
99685,4.0
99689,1.0
99690,3.0
99691,2.0
99693,3.0
99695,0.0
99699,2.0
99702,2.0
99705,1.0
99706,0.0
99707,9.0
99709,9.0
99711,2.0
99717,4.0
99719,2.5
99732,7.5
99735,2.0
99737,2.0
99738,1.0
99742,3.0
99743,3.0
99751,5.0
99757,1.0
99759,1.5
99761,2.0
99765,2.0
99774,2.5
99780,2.0
99781,1.5
99782,3.0
99784,2.5
99785,3.0
99796,1.0
99798,2.0
99800,6.0
99801,0.0
99802,5.5
99803,5.5
99805,4.5
99806,5.333333333333333
99808,1.0
99809,2.0
99817,2.3333333333333335
99823,0.0
99829,0.0
99832,6.0
99835,0.0
99837,2.0
99840,2.0
99845,1.5
99846,1.5
99848,2.0
99852,1.0
99857,0.0
99862,0.0
99863,1.0
99872,0.0
99875,1.0
99878,1.0
99879,4.75
99881,3.6666666666666665
99882,1.0
99887,1.3333333333333333
99897,4.666666666666667
99899,7.0
99900,4.0
99902,3.5
99904,2.0
99905,2.0
99906,0.0
99908,2.5
99909,2.0
99913,1.0
99916,2.0
99919,1.0
99920,2.0
99922,4.0
99924,2.6666666666666665
99926,0.0
99927,0.0
99928,2.0
99933,0.0
99934,3.0
99935,4.0
99943,3.0
99944,3.0
99946,1.6666666666666667
99949,11.0
99952,3.0
99961,8.0
99966,4.0
99967,7.0
99984,1.6666666666666667
99990,2.0
99992,1.6666666666666667
99994,7.0
99995,1.6666666666666667
99996,3.0
99998,4.0
99999,3.5
100000,3.5
100001,2.0
100003,0.0
100009,2.6666666666666665
100013,2.0
100014,1.0
100015,1.0
100016,0.0
100017,2.0
100019,1.0
100025,0.0
100031,1.0
100032,1.0
100033,0.0
100044,5.0
100046,1.0
100052,1.0
100054,10.0
100056,3.5
100061,5.0
100064,1.0
100076,3.5
100078,1.0
100081,1.0
100083,3.25
100084,1.5
100087,0.0
100089,2.0
100092,1.5
100096,3.0
100098,2.5
100104,2.5
100109,0.0
100115,0.0
100119,0.0
100121,1.5
100124,2.0
100125,0.0
100127,2.0
100135,0.0
100141,1.0
100144,3.0
100147,5.0
100151,1.0
100156,0.0
100157,0.0
100160,2.0
100161,0.0
100162,0.0
100164,3.0
100170,3.0
100178,0.0
100180,0.0
100185,1.0
100187,0.0
100188,0.0
100191,4.666666666666667
100193,6.5
100198,2.5
100199,2.0
100203,1.0
100205,2.5
100208,2.0
100214,3.0
100219,2.0
100224,3.0
100225,2.0
100229,3.0
100230,3.75
100239,2.0
100243,1.5
100244,5.5
100247,3.0
100249,1.0
100252,1.0
100253,2.3333333333333335
100256,2.0
100257,3.0
100259,0.0
100262,1.0
100263,1.5
100265,0.0
100269,1.0
100271,2.0
100275,2.5
100277,2.0
100278,3.5
100279,4.0
100283,2.5
100285,2.3333333333333335
100286,3.0
100290,3.3333333333333335
100291,4.0
100294,2.0
100295,2.0
100296,1.0
100300,2.5
100301,2.5
100302,3.0
100304,1.0
100306,3.0
100308,0.0
100312,1.0
100313,0.0
100314,1.6666666666666667
100322,2.5
100325,4.0
100326,3.0
100331,6.0
100332,1.0
100333,0.0
100334,4.0
100335,0.0
100337,0.0
100338,0.0
100339,2.5
100347,2.0
100348,1.5
100352,1.5
100353,4.0
100356,3.0
100357,2.5
100358,1.5
100359,4.0
100360,0.0
100363,0.0
100365,0.0
100368,2.0
100371,3.0
100372,2.0
100377,3.3333333333333335
100378,4.5
100381,2.0
100382,1.5
100384,2.0
100388,5.0
100392,1.3333333333333333
100395,1.0
100397,1.0
100403,3.0
100404,3.0
100405,1.0
100407,2.3333333333333335
100410,1.5
100411,3.0
100417,1.5
100421,2.3333333333333335
100426,3.5
100429,1.5
100436,4.0
100443,2.3333333333333335
100445,3.5
100447,2.0
100452,2.5
100455,3.0
100456,2.6666666666666665
100457,1.5
100459,2.0
100460,2.0
100461,1.0
100462,1.0
100463,3.3333333333333335
100467,1.0
100468,1.0
100478,1.0
100480,3.5
100482,0.0
100484,3.0
100485,3.0
100489,2.0
100497,1.5
100498,4.0
100499,1.3333333333333333
100501,0.0
100502,2.0
100503,2.0
100504,0.0
100505,1.0
100510,2.5
100513,6.333333333333333
100516,0.0
100519,1.0
100521,3.0
100524,3.0
100525,3.0
100526,4.0
100528,3.0
100529,3.0
100531,9.0
100537,9.0
100538,7.0
100542,2.0
100552,0.0
100555,6.0
100557,2.0
100558,2.6666666666666665
100559,0.0
100560,1.0
100566,9.0
100572,1.6666666666666667
100577,3.0
100582,3.0
100585,2.0
100587,2.5
100588,2.0
100589,2.5
100591,2.0
100592,3.6666666666666665
100594,3.5
100600,0.0
100601,2.0
100602,3.0
100604,2.0
100609,1.0
100615,0.0
100623,2.0
100625,1.0
100632,5.0
100635,1.0
100639,2.3333333333333335
100640,1.5
100642,1.5
100643,2.5
100644,2.0
100653,5.5
100654,4.5
100655,0.0
100657,2.3333333333333335
100661,0.0
100666,4.666666666666667
100668,5.0
100670,7.5
100673,5.25
100674,6.0
100682,5.0
100683,5.0
100686,7.5
100687,4.75
100688,9.0
100691,2.0
100696,1.0
100699,1.0
100701,1.0
100707,1.0
100711,1.0
100716,2.0
100718,2.3333333333333335
100719,0.0
100723,2.0
100724,3.0
100727,2.0
100730,0.0
100731,4.0
100732,3.5
100734,8.5
100735,2.0
100740,1.0
100743,6.0
100744,5.0
100747,1.0
100751,1.0
100754,1.0
100755,2.0
100756,3.0
100760,2.0
100766,0.0
100774,2.0
100775,2.6666666666666665
100776,0.0
100778,2.0
100782,0.0
100783,1.0
100785,2.0
100788,2.0
100789,1.5
100796,2.3333333333333335
100799,1.0
100801,1.5
100805,13.0
100811,1.0
100813,0.0
100814,1.5
100815,0.0
100816,4.5
100823,1.0
100824,1.5
100827,4.0
100829,4.5
100830,1.0
100833,5.0
100839,2.0
100843,2.0
100848,2.3333333333333335
100853,4.0
100854,2.0
100856,1.0
100858,1.0
100861,7.5
100872,0.0
100879,1.0
100880,1.0
100882,2.0
100883,2.3333333333333335
100887,1.0
100890,1.0
100891,1.0
100892,1.0
100893,1.0
100897,0.0
100901,2.3333333333333335
100904,2.0
100905,2.5
100906,1.0
100912,0.0
100914,1.0
100917,1.0
100918,1.0
100922,1.0
100924,0.0
100928,1.0
100944,4.0
100950,4.5
100952,2.0
100953,2.0
100955,4.25
100957,3.0
100958,3.0
100959,4.666666666666667
100962,2.0
100963,4.0
100967,7.0
100978,1.0
100982,1.0
100988,0.0
100990,2.0
100994,2.0
101001,1.0
101008,3.5
101009,3.0
101010,4.0
101015,4.0
101021,2.0
101026,1.0
101029,3.0
101038,0.0
101041,1.6666666666666667
101049,1.5
101052,1.0
101054,1.5
101056,1.0
101059,1.5
101060,0.0
101061,1.0
101064,1.0
101071,1.0
101076,0.0
101089,4.0
101091,0.0
101092,2.3333333333333335
101093,2.0
101095,1.0
101096,2.0
101101,0.0
101111,1.0
101113,1.0
101116,2.0
101118,2.0
101121,1.3333333333333333
101122,1.0
101127,1.0
101128,2.3333333333333335
101131,3.5
101138,1.0
101141,2.0
101144,3.5
101147,0.0
101148,3.0
101149,1.5
101151,2.0
101152,2.6666666666666665
101153,2.3333333333333335
101154,1.6666666666666667
101158,3.6666666666666665
101159,3.6666666666666665
101163,4.5
101164,2.0
101165,2.0
101171,1.0
101175,2.0
101183,2.0
101186,1.0
101187,1.5
101188,2.0
101189,2.0
101198,0.0
101200,0.0
101203,1.0
101206,2.0
101209,2.0
101211,1.0
101216,1.0
101217,1.5
101218,0.0
101224,0.0
101229,1.6666666666666667
101230,1.0
101235,1.0
101238,1.0
101240,1.0
101247,0.0
101251,2.0
101253,3.0
101257,1.0
101261,3.0
101265,3.5
101267,3.5
101270,4.0
101272,1.5
101277,3.5
101283,1.0
101287,2.0
101288,1.5
101298,3.0
101302,2.0
101305,2.0
101306,2.25
101308,2.6666666666666665
101312,3.0
101335,6.0
101339,1.0
101344,0.0
101348,2.3333333333333335
101354,1.0
101358,4.0
101361,1.5
101362,4.0
101363,3.0
101365,2.5
101366,2.0
101369,3.0
101374,1.0
101377,1.0
101380,1.0
101386,1.0
101394,2.0
101398,1.75
101403,5.0
101405,5.5
101406,3.5
101413,0.0
101414,2.6666666666666665
101420,2.0
101421,2.3333333333333335
101425,1.0
101430,13.5
101432,4.0
101434,5.0
101435,3.0
101438,0.0
101440,4.0
101443,1.5
101445,1.5
101448,0.0
101449,2.0
101457,0.0
101459,3.0
101468,1.0
101476,2.5
101477,4.0
101481,3.5
101487,5.0
101490,5.0
101494,2.0
101496,2.0
101498,1.0
101499,1.0
101503,4.0
101504,4.0
101515,1.0
101516,1.0
101518,2.0
101519,5.0
101531,2.0
101534,2.0
101537,2.0
101538,0.0
101540,2.5
101543,0.0
101550,1.0
101552,7.0
101557,1.0
101558,2.0
101560,2.0
101564,3.0
101565,3.0
101567,1.0
101572,2.5
101574,5.5
101576,0.0
101584,1.6666666666666667
101585,1.5
101587,0.0
101593,3.0
101598,4.5
101601,4.5
101602,4.0
101603,4.0
101608,2.0
101609,2.0
101614,1.0
101616,4.0
101620,4.0
101622,2.0
101626,0.0
101627,0.0
101628,4.0
101629,4.0
101631,2.6
101633,0.0
101638,2.0
101642,2.0
101643,1.6666666666666667
101653,2.5
101654,0.0
101657,3.0
101658,2.0
101659,1.0
101663,0.0
101669,1.0
101675,6.333333333333333
101676,2.0
101686,3.0
101687,0.0
101689,0.0
101690,3.3333333333333335
101695,0.0
101697,1.5
101698,1.5
101701,0.0
101706,5.0
101707,3.0
101710,1.6666666666666667
101712,1.6666666666666667
101716,1.5
101719,1.0
101720,1.0
101723,1.0
101724,2.0
101725,2.0
101727,1.0
101732,4.0
101734,1.0
101736,1.0
101739,3.0
101741,0.0
101743,3.0
101744,1.5
101745,3.0
101762,9.0
101774,1.0
101778,0.0
101783,1.0
101787,3.0
101793,4.25
101796,3.0
101797,3.0
101798,3.0
101799,3.0
101800,3.0
101805,0.0
101806,1.0
101815,4.0
101817,4.0
101822,1.6666666666666667
101825,1.5
101830,1.6666666666666667
101835,4.0
101838,1.0
101840,3.0
101844,3.0
101847,1.3333333333333333
101848,1.5
101850,3.0
101855,2.0
101865,0.0
101866,1.0
101872,0.0
101873,0.0
101883,0.0
101885,3.3333333333333335
101890,2.0
101892,1.0
101900,3.3333333333333335
101901,1.0
101902,0.0
101905,0.0
101906,5.0
101910,1.0
101912,1.0
101914,3.0
101917,2.0
101918,2.0
101919,2.0
101920,1.0
101921,3.0
101923,3.5
101926,5.0
101930,2.0
101931,6.5
101934,2.3333333333333335
101936,1.5
101938,1.0
101941,2.0
101945,2.0
101950,2.3333333333333335
101951,2.0
101952,3.3333333333333335
101958,5.5
101962,3.0
101965,1.0
101966,4.5
101967,4.25
101971,3.6666666666666665
101972,4.0
101973,3.0
101975,2.0
101977,0.0
101978,3.0
101979,3.0
101980,0.0
101981,0.0
101982,7.0
101983,1.5
101984,8.0
101986,0.0
101989,5.333333333333333
101990,5.333333333333333
101992,0.0
101993,5.5
101994,9.0
101995,4.0
101999,0.0
102001,10.0
102005,4.5
102011,3.0
102012,5.0
102014,3.5
102015,3.0
102016,4.0
102019,5.0
102026,2.5
102029,3.0
102030,3.3333333333333335
102031,0.0
102033,1.25
102037,3.0
102041,1.0
102043,3.0
102048,1.0
102049,0.0
102053,0.0
102054,3.5
102055,3.0
102059,3.5
102061,1.5
102074,0.0
102075,3.3333333333333335
102078,1.5
102079,1.0
102082,2.0
102085,1.0
102086,1.0
102087,2.0
102088,3.0
102089,2.0
102092,4.0
102093,4.0
102095,1.0
102096,3.0
102103,4.666666666666667
102104,4.0
102108,3.0
102113,5.333333333333333
102115,0.0
102121,0.0
102124,2.5
102127,0.0
102128,0.0
102129,0.0
102134,1.0
102137,3.0
102139,0.0
102143,5.666666666666667
102148,1.0
102151,2.25
102152,0.0
102153,2.0
102155,2.0
102156,1.3333333333333333
102158,2.0
102162,2.5
102164,1.0
102169,0.0
102171,1.0
102173,2.0
102175,2.0
102177,1.0
102180,2.0
102183,4.0
102187,2.0
102193,2.0
102194,2.5
102197,3.0
102199,3.0
102200,2.0
102202,3.0
102205,4.0
102206,3.3333333333333335
102207,3.3333333333333335
102208,0.0
102209,1.0
102211,1.0
102214,1.5
102215,0.0
102216,0.0
102220,3.0
102225,7.0
102226,1.0
102227,1.5
102231,1.0
102233,1.0
102235,1.6666666666666667
102241,0.0
102244,2.0
102245,0.0
102246,3.0
102249,2.5
102260,0.0
102261,2.5
102267,3.0
102271,1.0
102273,3.0
102275,3.0
102277,3.0
102280,0.0
102281,3.0
102283,2.0
102286,6.5
102288,3.6666666666666665
102293,1.0
102296,2.75
102297,0.0
102303,1.3333333333333333
102306,0.0
102311,2.0
102313,3.0
102314,3.5
102317,0.0
102323,2.6666666666666665
102324,6.0
102325,1.0
102326,2.0
102329,1.0
102338,1.5
102339,1.0
102341,2.0
102344,2.0
102349,1.0
102350,1.6666666666666667
102354,0.0
102355,2.0
102358,4.0
102369,2.0
102370,1.0
102374,2.0
102380,1.0
102384,1.0
102385,1.5
102388,4.0
102394,3.0
102397,2.0
102398,2.0
102400,4.5
102402,2.0
102404,2.0
102405,0.0
102409,2.0
102415,4.25
102416,3.6666666666666665
102417,2.8
102419,2.0
102426,1.0
102429,4.666666666666667
102432,2.3333333333333335
102436,3.0
102439,2.0
102442,1.0
102448,4.0
102449,2.0
102450,0.0
102454,2.0
102458,2.0
102460,1.5
102470,9.0
102472,8.0
102474,0.0
102476,6.0
102477,10.0
102478,1.5
102479,1.5
102486,1.0
102487,3.0
102496,2.5
102498,5.0
102499,2.0
102505,1.0
102506,1.0
102507,3.0
102508,2.0
102510,0.0
102512,5.0
102513,2.0
102523,2.0
102531,0.0
102534,1.0
102538,5.0
102539,3.0
102543,0.0
102546,4.0
102548,1.0
102552,2.0
102554,2.0
102559,4.0
102560,1.0
102562,4.0
102563,0.0
102566,1.0
102569,2.0
102571,3.0
102574,0.0
102579,2.0
102580,1.6666666666666667
102582,2.0
102583,1.0
102591,0.0
102593,2.0
102594,2.0
102596,3.0
102597,2.0
102601,10.0
102609,1.0
102610,5.333333333333333
102611,3.5
102614,6.0
102615,2.0
102616,0.0
102618,0.0
102620,1.5
102621,0.0
102622,1.5
102623,1.0
102635,2.0
102638,3.0
102639,3.0
102640,1.0
102641,2.6666666666666665
102643,2.25
102644,3.0
102652,5.0
102654,2.0
102662,2.0
102666,1.5
102671,0.0
102672,1.5
102673,4.5
102677,0.0
102678,4.5
102680,0.0
102681,0.0
102682,0.0
102686,3.0
102687,1.0
102688,1.6666666666666667
102691,3.0
102692,2.0
102695,2.5
102696,2.6666666666666665
102697,0.0
102698,1.0
102701,3.5
102702,3.5
102703,3.0
102706,1.0
102713,3.0
102717,0.0
102725,2.0
102726,2.0
102728,3.0
102735,1.0
102742,1.0
102743,1.0
102753,3.5
102754,3.5
102760,0.0
102761,2.0
102763,2.3333333333333335
102767,2.0
102770,6.333333333333333
102771,6.5
102775,7.0
102776,6.5
102778,1.5
102779,0.0
102781,1.5
102783,1.0
102784,0.0
102787,2.0
102788,2.0
102789,2.0
102790,1.5
102797,0.0
102799,4.0
102804,3.0
102805,4.0
102812,0.0
102815,3.5
102819,3.0
102820,3.0
102821,0.0
102822,0.0
102823,2.0
102824,2.0
102832,1.0
102833,0.0
102837,1.0
102840,3.0
102843,4.0
102850,0.0
102854,3.0
102858,3.0
102861,3.75
102865,1.0
102868,1.0
102872,1.0
102873,4.0
102874,3.0
102875,1.0
102879,1.5
102881,2.0
102883,3.0
102884,1.0
102889,1.5
102890,1.3333333333333333
102892,5.0
102893,3.0
102894,1.0
102902,0.0
102907,1.0
102908,1.4
102917,4.333333333333333
102919,0.0
102920,1.3333333333333333
102921,1.5
102927,0.0
102930,2.0
102940,4.0
102941,3.0
102946,3.6666666666666665
102950,2.0
102955,2.0
102957,2.5
102958,1.0
102961,2.0
102970,0.0
102972,0.0
102978,4.0
102981,2.0
102987,17.0
102989,3.3333333333333335
102991,3.0
102994,6.0
102998,1.0
103000,4.0
103001,1.5
103003,1.0
103006,4.0
103007,4.0
103009,5.5
103010,2.0
103015,4.5
103018,3.0
103020,1.0
103024,0.0
103025,1.0
103027,1.0
103029,0.0
103031,1.0
103032,2.2
103038,1.0
103040,0.0
103045,1.5
103047,3.5
103055,9.0
103057,0.0
103060,2.5
103061,6.0
103062,1.0
103068,3.0
103075,2.0
103077,2.5
103078,3.0
103080,4.0
103082,2.0
103084,0.0
103096,0.0
103097,6.5
103098,3.0
103100,2.0
103106,0.0
103107,2.0
103112,7.0
103113,0.0
103126,1.3333333333333333
103131,3.3333333333333335
103135,3.0
103145,2.3333333333333335
103151,3.0
103154,4.5
103157,1.0
103158,0.0
103161,2.5
103178,2.0
103180,0.0
103186,2.0
103188,1.0
103189,7.0
103196,2.0
103199,3.0
103200,2.6666666666666665
103201,3.0
103202,6.0
103204,6.666666666666667
103206,6.0
103209,3.0
103210,1.0
103211,1.0
103212,1.0
103214,1.5
103220,1.0
103221,3.0
103224,1.0
103227,3.0
103230,3.3333333333333335
103234,2.0
103236,1.0
103245,4.0
103246,3.0
103248,3.0
103249,2.3333333333333335
103251,1.0
103256,3.5
103261,3.6666666666666665
103263,9.0
103266,1.5
103268,6.0
103269,2.75
103270,0.0
103274,1.0
103276,1.0
103283,4.333333333333333
103297,1.0
103302,1.0
103305,1.25
103307,0.0
103309,4.0
103311,0.0
103313,1.5
103314,2.0
103316,0.0
103321,0.0
103323,1.0
103329,5.5
103334,0.0
103337,1.3333333333333333
103338,2.0
103344,4.0
103347,1.6666666666666667
103348,1.25
103353,1.0
103355,0.0
103371,1.0
103372,1.0
103373,1.5
103375,3.0
103383,1.0
103388,1.0
103389,0.0
103392,1.0
103393,1.0
103396,2.0
103397,3.0
103398,2.0
103399,0.0
103401,1.0
103402,1.0
103404,4.0
103405,3.0
103406,3.0
103412,0.0
103414,2.0
103421,1.0
103422,2.0
103424,1.6666666666666667
103425,1.6666666666666667
103430,2.0
103432,1.5
103434,1.0
103438,3.0
103440,3.0
103443,3.0
103444,1.5
103452,0.0
103453,1.0
103454,2.0
103458,8.0
103460,6.333333333333333
103468,3.0
103474,6.0
103480,3.0
103482,1.0
103485,1.5
103487,2.0
103488,1.0
103492,3.0
103495,2.25
103500,2.0
103501,2.0
103506,1.5
103508,1.5
103511,2.0
103512,4.0
103513,5.0
103514,2.0
103519,0.0
103521,0.0
103523,1.0
103525,3.5
103526,5.0
103530,1.0
103531,2.0
103534,3.0
103535,3.0
103536,0.0
103537,1.5
103545,1.5
103549,3.5
103551,4.0
103558,1.25
103559,1.6666666666666667
103565,1.5
103567,1.0
103569,2.5
103572,1.5
103573,4.0
103578,3.0
103581,1.6666666666666667
103582,1.0
103583,1.0
103585,0.0
103586,1.75
103595,4.0
103596,3.0
103597,2.5
103598,4.0
103602,3.3333333333333335
103607,4.0
103610,4.0
103613,4.0
103614,0.0
103615,1.0
103619,1.0
103622,3.0
103623,1.0
103624,1.0
103632,2.0
103635,2.0
103641,1.0
103646,1.5
103648,2.0
103651,0.0
103654,0.0
103656,0.0
103657,10.0
103658,4.5
103663,4.0
103665,4.5
103667,0.0
103668,4.0
103669,3.6666666666666665
103673,0.0
103677,6.5
103680,2.0
103681,1.5
103685,1.0
103689,2.5
103690,1.0
103691,1.25
103693,1.3333333333333333
103697,2.0
103698,2.0
103699,3.0
103702,3.5
103704,0.0
103707,2.0
103709,1.0
103710,0.0
103711,5.0
103718,2.0
103719,0.0
103723,3.0
103730,2.0
103738,3.0
103740,4.0
103743,4.0
103744,5.5
103750,3.5
103753,1.0
103759,1.0
103760,2.25
103761,2.6666666666666665
103765,3.0
103766,1.6666666666666667
103777,4.0
103779,3.0
103780,1.0
103785,5.0
103786,1.5
103789,3.0
103795,0.0
103800,3.0
103804,2.0
103809,0.0
103813,0.0
103815,1.0
103816,1.5
103820,1.3333333333333333
103821,1.0
103827,2.5
103834,2.0
103835,0.0
103840,1.5
103841,2.3333333333333335
103843,1.5
103846,3.0
103847,3.5
103848,2.0
103863,4.0
103867,1.0
103869,2.6666666666666665
103870,0.0
103872,1.0
103873,1.0
103874,1.0
103879,6.0
103880,2.3333333333333335
103881,3.0
103882,0.0
103889,3.0
103891,2.0
103893,2.5
103895,5.0
103896,2.0
103897,0.0
103900,0.0
103904,0.0
103905,1.0
103907,1.0
103909,2.5
103917,0.0
103919,3.0
103925,3.0
103927,1.0
103928,4.5
103929,2.5
103930,2.0
103933,0.0
103934,0.0
103935,0.0
103936,1.0
103937,2.5
103948,0.0
103951,1.0
103960,2.5
103965,2.0
103970,1.5
103971,1.6666666666666667
103973,1.0
103977,4.666666666666667
103978,5.333333333333333
103993,4.0
103994,2.0
103998,1.5
103999,2.0
104000,2.0
104004,4.0
104013,3.6666666666666665
104015,0.0
104019,0.0
104021,1.6666666666666667
104022,1.0
104023,1.6666666666666667
104024,2.0
104027,2.3333333333333335
104031,1.5
104032,1.6666666666666667
104042,1.0
104046,1.3333333333333333
104047,1.75
104048,2.0
104050,1.3333333333333333
104052,0.0
104060,3.0
104061,2.3333333333333335
104062,3.0
104063,3.0
104064,1.0
104066,2.0
104068,4.5
104074,2.0
104077,0.0
104080,3.3333333333333335
104083,0.0
104086,0.0
104087,0.0
104088,3.0
104094,1.5
104095,0.0
104112,1.5
104115,3.0
104118,2.5
104119,3.0
104120,1.5
104122,1.0
104123,1.5
104126,2.0
104133,2.0
104138,1.0
104140,1.0
104141,1.0
104142,3.0
104144,3.0
104148,1.0
104151,3.0
104156,9.0
104157,2.6666666666666665
104159,5.0
104161,2.25
104164,0.0
104167,3.0
104169,1.6666666666666667
104171,2.0
104180,1.5
104182,2.0
104183,2.0
104184,0.0
104188,2.0
104190,2.5
104191,1.75
104192,3.0
104195,4.0
104197,2.0
104199,0.0
104214,1.0
104216,3.5
104217,2.6666666666666665
104222,2.0
104223,3.0
104226,0.0
104232,4.333333333333333
104233,2.0
104238,0.0
104239,2.0
104240,1.5
104242,0.0
104243,1.5
104248,2.0
104249,2.5
104255,1.5
104259,2.0
104260,0.0
104266,0.0
104270,5.0
104271,2.0
104272,2.0
104275,3.0
104276,3.5
104281,7.5
104282,0.0
104284,1.75
104286,1.0
104287,0.0
104295,2.0
104297,2.0
104309,3.0
104310,2.0
104311,1.5
104312,2.5
104313,2.5
104314,1.0
104316,2.0
104317,2.0
104318,1.0
104319,0.0
104320,3.0
104326,2.0
104332,1.0
104333,1.0
104334,1.5
104340,0.0
104344,0.0
104347,5.0
104348,5.0
104350,1.0
104352,3.0
104354,3.0
104356,0.0
104357,1.3333333333333333
104360,2.0
104361,2.3333333333333335
104365,1.0
104369,4.0
104370,5.0
104371,3.0
104374,4.0
104376,4.0
104385,4.0
104386,1.5
104389,4.0
104390,4.0
104391,2.0
104395,1.0
104397,1.0
104399,1.0
104400,1.0
104407,1.5
104410,0.0
104414,2.0
104416,2.0
104419,1.6666666666666667
104425,0.0
104430,1.0
104432,0.0
104435,0.0
104436,2.0
104437,3.0
104438,1.5
104448,3.0
104450,1.0
104454,0.0
104463,1.5
104464,8.0
104469,2.0
104470,2.5
104472,2.0
104481,1.5
104484,2.0
104485,1.0
104489,5.0
104491,6.0
104493,4.0
104502,1.0
104508,1.0
104516,2.0
104518,2.5
104519,5.0
104520,3.0
104521,1.0
104523,3.5
104527,4.0
104531,0.0
104533,0.0
104534,0.0
104535,2.0
104536,0.0
104540,0.0
104541,2.0
104542,3.0
104543,2.3333333333333335
104545,4.0
104546,4.5
104547,2.0
104550,3.0
104553,2.0
104556,6.5
104557,4.5
104558,5.0
104561,8.666666666666666
104565,3.0
104566,10.0
104567,2.0
104568,2.0
104570,3.0
104571,2.0
104572,1.5
104573,1.5
104574,2.6666666666666665
104580,0.0
104582,0.0
104586,1.0
104589,2.0
104596,5.0
104598,3.5
104604,1.3333333333333333
104605,2.0
104606,2.0
104610,2.0
104611,2.3333333333333335
104613,0.0
104616,5.333333333333333
104619,1.0
104628,5.333333333333333
104630,1.0
104632,0.0
104634,1.0
104635,0.0
104639,3.0
104643,1.0
104647,2.0
104651,1.0
104653,2.0
104657,4.0
104658,4.0
104660,2.0
104661,3.0
104665,3.5
104666,2.0
104667,2.6666666666666665
104677,0.0
104678,1.0
104681,3.3333333333333335
104683,1.5
104684,3.0
104685,1.6666666666666667
104686,1.5
104691,0.0
104694,3.0
104697,3.0
104703,1.0
104708,1.0
104714,5.5
104715,1.0
104720,1.0
104722,1.0
104723,2.0
104725,1.5
104727,1.5
104731,1.0
104734,2.5
104740,3.5
104741,2.0
104744,1.0
104748,2.5
104761,1.6666666666666667
104762,1.75
104763,1.5
104764,2.0
104765,2.0
104766,1.5
104769,2.0
104775,1.0
104777,0.0
104784,2.0
104785,1.0
104788,1.0
104789,3.3333333333333335
104791,2.5
104793,4.0
104797,1.5
104801,1.0
104803,1.0
104805,3.0
104808,1.5
104814,1.5
104815,0.0
104828,2.0
104834,3.0
104837,0.0
104841,4.0
104842,0.0
104843,1.0
104845,3.0
104848,1.0
104850,2.5
104852,4.0
104855,1.0
104856,0.0
104857,0.0
104859,1.0
104862,3.6666666666666665
104865,1.5
104867,2.0
104868,2.0
104870,4.0
104875,1.0
104877,6.0
104883,0.0
104887,6.0
104893,0.0
104894,6.0
104897,2.0
104898,1.0
104900,2.0
104901,3.0
104902,2.0
104905,4.0
104906,3.5
104909,2.3333333333333335
104910,1.75
104911,3.0
104917,7.25
104919,6.5
104920,7.25
104921,8.0
104922,7.0
104926,1.5
104929,1.5
104932,0.0
104938,1.0
104940,2.0
104941,3.0
104942,2.3333333333333335
104950,1.3333333333333333
104951,1.5
104954,11.75
104955,23.0
104956,15.666666666666666
104959,2.0
104976,0.0
104982,4.5
104985,0.0
104988,1.0
104994,0.0
105005,1.0
105006,0.0
105007,0.0
105008,2.0
105015,0.0
105021,0.0
105023,0.0
105029,0.0
105037,4.5
105038,2.0
105042,2.0
105043,3.0
105044,2.6666666666666665
105045,2.3333333333333335
105047,2.0
105048,2.0
105056,2.3333333333333335
105057,2.5
105064,2.5
105066,4.0
105067,1.0
105068,0.0
105071,1.0
105072,2.0
105073,1.0
105074,2.0
105075,0.0
105078,0.0
105079,5.0
105080,6.0
105082,3.5
105085,2.5
105086,4.0
105091,1.5
105094,0.0
105096,1.0
105098,2.0
105099,1.0
105102,1.5
105103,0.0
105104,0.0
105106,1.5
105109,0.0
105110,0.0
105111,0.0
105113,0.0
105114,0.0
105118,1.0
105119,4.0
105121,3.0
105123,2.6666666666666665
105126,6.0
105128,0.0
105131,3.0
105133,0.0
105135,1.0
105139,0.0
105149,3.0
105158,3.0
105162,1.0
105163,1.0
105168,4.5
105172,0.0
105173,0.0
105181,3.0
105182,0.0
105188,1.0
105203,5.0
105204,1.0
105208,0.0
105211,2.0
105218,2.6666666666666665
105220,5.5
105229,1.3333333333333333
105230,4.5
105232,2.0
105234,2.0
105235,1.6666666666666667
105237,2.0
105245,2.0
105246,4.5
105248,4.0
105250,1.0
105258,8.0
105265,2.0
105269,5.0
105272,3.0
105274,3.0
105279,1.5
105282,4.0
105283,2.0
105285,2.3333333333333335
105288,2.0
105290,2.0
105292,2.6666666666666665
105296,2.0
105297,2.0
105299,1.0
105303,1.6666666666666667
105305,1.0
105308,0.0
105310,2.0
105313,1.5
105318,2.0
105319,2.5
105321,2.5
105326,2.3333333333333335
105329,3.0
105334,0.0
105335,2.0
105337,2.6666666666666665
105339,0.0
105340,1.0
105343,3.0
105350,1.0
105353,4.0
105354,0.0
105356,0.0
105362,1.0
105365,2.0
105368,1.5
105375,2.0
105379,3.6666666666666665
105380,7.0
105383,5.0
105384,5.0
105385,3.0
105387,1.0
105389,3.0
105390,1.5
105391,6.0
105396,0.0
105406,1.0
105408,1.0
105410,5.0
105412,3.5
105413,4.333333333333333
105415,2.0
105417,4.0
105428,1.0
105433,3.0
105447,2.0
105449,1.5
105452,5.0
105464,1.5
105465,1.0
105466,0.0
105468,0.0
105476,1.0
105477,1.0
105485,7.0
105486,0.0
105487,3.0
105489,1.0
105493,2.5
105497,1.5
105498,1.5
105500,2.0
105504,3.0
105507,1.5
105508,0.0
105511,6.0
105513,0.0
105517,3.5
105519,3.0
105528,5.0
105532,2.6666666666666665
105533,1.5
105539,3.0
105543,2.0
105546,3.0
105547,2.3333333333333335
105550,0.0
105551,4.0
105552,1.0
105556,1.5
105557,2.0
105559,5.0
105564,3.0
105568,1.5
105570,3.5
105571,0.0
105572,2.3333333333333335
105577,1.0
105581,1.0
105583,1.0
105586,1.0
105593,1.0
105596,2.0
105599,1.5
105604,0.0
105606,1.0
105610,0.0
105611,0.0
105614,2.0
105618,1.5
105620,1.6666666666666667
105621,1.25
105627,0.0
105629,3.5
105632,3.5
105634,4.0
105637,2.5
105638,0.0
105639,2.0
105640,1.0
105649,1.0
105653,2.6666666666666665
105654,5.333333333333333
105657,1.0
105661,2.0
105663,0.0
105668,0.0
105671,1.0
105682,2.3333333333333335
105687,3.25
105691,4.0
105693,1.0
105696,2.5
105698,2.5
105699,3.5
105704,3.0
105705,2.0
105708,3.0
105713,0.0
105717,5.0
105718,4.5
105725,3.0
105728,5.0
105729,3.0
105730,3.5
105739,1.3333333333333333
105740,1.75
105745,6.0
105751,1.5
105753,3.0
105754,1.0
105755,1.0
105759,1.5
105763,1.0
105765,2.0
105767,2.5
105770,2.5
105774,1.5
105777,0.0
105778,3.0
105779,5.0
105782,1.5
105784,0.0
105785,0.0
105788,2.25
105790,1.5
105792,1.0
105795,2.0
105797,1.0
105802,3.0
105804,1.0
105809,2.0
105816,3.0
105821,4.5
105823,4.0
105826,3.5
105827,3.75
105828,4.333333333333333
105829,4.5
105834,3.0
105840,3.0
105842,2.5
105843,2.5
105846,1.0
105848,0.0
105855,3.0
105856,3.0
105857,2.5
105859,1.0
105860,2.5
105861,6.5
105862,2.5
105865,4.0
105866,0.0
105867,1.5
105870,2.25
105876,4.5
105878,2.3333333333333335
105881,2.5
105887,1.0
105888,2.0
105893,1.0
105894,1.0
105896,4.5
105897,1.0
105900,1.0
105902,0.0
105905,2.5
105906,1.0
105917,1.0
105918,2.0
105920,2.3333333333333335
105921,1.0
105925,3.0
105926,2.5
105928,6.5
105935,3.0
105938,2.3333333333333335
105947,0.0
105948,0.0
105951,1.0
105953,2.6666666666666665
105954,2.0
105959,2.0
105966,3.25
105970,0.0
105971,4.0
105974,0.0
105975,0.0
105976,1.0
105978,4.0
105988,2.0
105989,1.6666666666666667
105993,1.0
105998,3.0
106002,1.5
106006,3.0
106008,2.5
106009,3.0
106011,1.3333333333333333
106014,3.6666666666666665
106017,2.0
106021,1.5
106022,2.5
106027,2.0
106029,0.0
106031,2.0
106033,0.0
106036,5.0
106039,3.3333333333333335
106043,2.0
106053,2.5
106055,2.0
106056,3.0
106060,2.0
106064,2.0
106065,1.6666666666666667
106067,3.0
106068,1.25
106070,0.0
106074,3.0
106079,2.0
106080,0.0
106082,0.0
106084,2.0
106086,2.0
106087,0.0
106093,0.0
106096,0.0
106097,0.0
106100,1.0
106102,3.0
106104,3.0
106109,4.0
106110,3.0
106112,1.0
106117,2.0
106118,1.0
106130,1.0
106132,1.5
106135,3.0
106136,3.0
106137,1.3333333333333333
106139,2.0
106141,4.0
106142,0.0
106143,1.0
106146,2.6666666666666665
106155,0.0
106157,1.5
106164,1.0
106165,1.0
106168,0.0
106169,1.6666666666666667
106170,1.5
106171,2.0
106172,4.0
106180,2.6666666666666665
106182,1.0
106184,1.0
106185,2.0
106186,0.0
106188,0.0
106189,0.0
106196,3.5
106197,0.0
106202,1.0
106204,6.5
106212,4.5
106219,5.0
106220,3.0
106224,2.0
106227,4.0
106230,0.0
106235,4.0
106237,2.0
106242,2.0
106244,0.0
106245,1.5
106247,1.5
106249,3.0
106252,2.0
106253,2.0
106256,3.0
106261,2.0
106264,0.0
106272,3.0
106279,2.0
106280,3.5
106282,1.5
106286,0.0
106294,4.0
106295,4.0
106296,3.5
106297,1.0
106299,2.0
106300,1.0
106304,2.0
106305,2.5
106310,3.25
106312,0.0
106313,0.0
106314,2.0
106317,2.0
106318,1.0
106325,1.6666666666666667
106331,0.0
106332,0.0
106334,2.0
106338,2.3333333333333335
106339,3.0
106340,2.5
106349,4.5
106358,1.0
106360,1.0
106362,1.6666666666666667
106367,5.0
106374,2.0
106386,1.0
106387,1.0
106388,3.5
106391,1.5
106395,3.5
106398,4.0
106403,3.0
106406,3.0
106409,7.0
106413,0.0
106415,3.0
106416,3.0
106418,1.0
106419,1.0
106422,5.0
106425,3.0
106429,3.5
106435,2.0
106436,1.0
106440,1.0
106441,1.5
106442,1.0
106445,2.0
106446,2.5
106448,2.0
106449,1.6666666666666667
106450,1.0
106454,5.0
106455,4.666666666666667
106457,2.0
106460,5.0
106465,1.3333333333333333
106469,2.5
106472,2.0
106481,3.5
106487,2.0
106495,1.5
106496,2.0
106504,0.0
106506,0.0
106507,1.5
106508,2.0
106512,4.5
106513,2.0
106515,1.75
106516,0.0
106522,1.0
106523,3.0
106524,3.0
106526,2.0
106533,0.0
106537,2.0
106545,2.0
106548,3.0
106550,1.6666666666666667
106551,1.5
106557,7.666666666666667
106558,5.666666666666667
106560,2.0
106561,0.0
106563,1.0
106564,4.0
106565,3.5
106567,2.5
106568,0.0
106570,0.0
106571,1.0
106574,2.0
106576,0.0
106580,2.0
106583,2.5
106585,2.5
106586,6.0
106590,1.0
106591,0.0
106600,9.0
106604,1.0
106608,2.0
106609,4.5
106610,0.0
106626,1.0
106628,2.6666666666666665
106631,0.0
106636,1.0
106637,2.0
106641,5.0
106643,0.0
106645,0.0
106646,0.0
106653,3.0
106654,5.666666666666667
106656,4.0
106659,8.5
106660,8.5
106661,4.0
106663,1.0
106665,1.0
106668,0.0
106670,3.0
106673,1.0
106674,2.5
106675,1.5
106691,1.5
106698,1.0
106705,1.0
106711,2.0
106714,0.0
106716,0.0
106717,4.0
106723,3.0
106725,1.5
106729,0.0
106730,1.0
106734,1.5
106735,2.0
106736,1.5
106738,1.5
106742,2.0
106743,2.0
106744,0.0
106749,4.0
106757,4.0
106758,3.0
106764,3.0
106765,1.0
106766,3.0
106767,1.0
106771,1.0
106777,3.5
106784,2.3333333333333335
106787,2.3333333333333335
106788,3.0
106791,5.0
106796,2.0
106799,0.0
106803,3.0
106808,3.0
106817,2.0
106819,0.0
106820,0.0
106824,1.0
106830,3.0
106832,2.0
106833,2.0
106838,3.5
106841,0.0
106842,0.0
106844,3.0
106846,2.0
106847,2.0
106849,2.0
106850,1.0
106856,2.5
106858,2.5
106859,2.5
106860,2.3333333333333335
106861,3.0
106864,0.0
106866,3.0
106871,4.0
106875,2.0
106877,2.0
106880,2.5
106881,2.5
106882,2.3333333333333335
106884,2.6666666666666665
106902,4.0
106903,2.6666666666666665
106907,2.5
106912,1.0
106913,2.0
106916,1.0
106917,1.0
106921,5.0
106924,2.5
106927,5.5
106928,2.0
106931,0.0
106935,2.25
106936,2.0
106941,1.0
106943,3.0
106947,3.0
106958,2.5
106960,3.0
106966,2.0
106969,2.0
106974,0.0
106977,0.0
106984,2.0
106986,1.6666666666666667
106995,3.0
106996,1.5
107000,1.0
107004,1.0
107008,1.0
107011,1.0
107015,1.5
107017,0.0
107018,0.0
107022,1.5
107030,0.0
107031,1.0
107033,3.0
107035,2.6666666666666665
107040,3.3333333333333335
107044,3.0
107045,4.0
107048,4.5
107051,1.5
107053,1.0
107054,2.5
107059,2.0
107062,1.0
107067,4.0
107073,2.5
107075,3.0
107079,2.0
107080,0.0
107081,3.3333333333333335
107083,0.0
107085,1.0
107087,1.0
107092,1.0
107093,2.0
107094,1.5
107095,1.0
107097,3.0
107098,2.3333333333333335
107105,2.0
107106,6.0
107107,1.75
107108,6.0
107110,8.0
107111,2.6666666666666665
107113,1.0
107115,0.0
107118,0.0
107119,1.0
107126,0.0
107127,0.0
107128,0.0
107131,2.0
107134,2.0
107135,2.5
107144,2.0
107145,4.0
107146,2.0
107148,2.3333333333333335
107151,3.0
107154,4.0
107156,1.5
107159,2.0
107160,0.0
107161,1.0
107168,2.0
107171,0.0
107173,2.5
107185,1.0
107186,1.0
107188,2.5
107191,6.0
107193,2.0
107196,1.5
107198,2.0
107201,1.0
107202,0.0
107204,1.0
107208,3.5
107209,3.0
107210,2.0
107212,3.0
107216,2.6666666666666665
107217,2.5
107223,5.0
107231,2.0
107232,2.0
107234,3.0
107237,5.0
107240,3.0
107241,1.0
107244,2.0
107246,2.5
107249,3.0
107250,3.0
107254,6.0
107256,6.0
107261,1.6666666666666667
107262,0.0
107269,0.0
107272,2.5
107282,2.0
107284,6.0
107287,2.0
107288,5.5
107298,3.3333333333333335
107301,0.0
107303,1.0
107304,2.0
107305,1.5
107308,0.0
107309,1.0
107312,2.0
107313,2.0
107315,0.0
107317,1.5
107322,0.0
107326,1.0
107330,0.0
107331,0.0
107336,1.0
107339,2.5
107341,0.0
107343,1.0
107345,1.0
107357,1.0
107358,1.0
107363,0.0
107365,0.0
107376,2.0
107379,5.0
107383,4.0
107384,4.0
107387,0.0
107392,2.0
107394,2.0
107396,1.6666666666666667
107398,1.5
107401,2.0
107410,1.0
107411,2.0
107415,0.0
107417,2.0
107419,2.5
107423,1.3333333333333333
107424,1.0
107427,0.0
107428,1.3333333333333333
107430,2.0
107432,2.0
107435,0.0
107438,2.0
107441,1.5
107445,1.0
107446,3.0
107454,2.5
107458,9.0
107462,7.333333333333333
107466,6.666666666666667
107468,3.6666666666666665
107472,1.5
107482,3.5
107484,0.0
107488,2.0
107491,2.0
107492,0.0
107495,0.0
107497,6.0
107501,2.0
107502,2.0
107505,1.3333333333333333
107508,2.0
107509,3.0
107516,5.0
107518,0.0
107521,1.0
107522,3.0
107527,0.0
107528,1.0
107531,0.0
107532,2.0
107533,3.0
107534,0.0
107536,1.0
107538,2.0
107540,0.0
107547,4.0
107550,5.0
107551,3.0
107556,2.0
107564,1.0
107566,2.0
107569,1.0
107574,4.0
107575,4.0
107577,4.0
107582,3.0
107583,2.5
107584,0.0
107590,2.0
107593,3.0
107599,1.0
107600,1.0
107606,2.6666666666666665
107607,1.0
107608,3.0
107610,2.0
107616,1.0
107619,2.0
107620,8.5
107627,2.0
107628,0.0
107638,0.0
107640,2.0
107643,3.5
107645,0.0
107651,2.0
107657,2.0
107658,2.0
107659,1.0
107660,2.0
107665,3.0
107669,2.0
107670,3.0
107673,2.0
107676,4.0
107677,2.0
107678,1.0
107679,2.5
107680,1.5
107683,1.0
107686,1.0
107688,2.5
107690,0.0
107691,1.0
107692,4.0
107696,2.6666666666666665
107702,2.5
107705,0.0
107706,2.0
107707,0.0
107716,2.0
107721,4.0
107722,2.5
107723,0.0
107725,1.0
107726,2.0
107728,0.0
107729,2.0
107735,1.0
107736,0.0
107739,0.0
107741,0.0
107744,2.5
107745,1.0
107751,2.0
107752,1.0
107755,0.0
107756,1.5
107757,1.0
107758,0.0
107759,7.0
107763,1.0
107768,5.5
107774,2.5
107775,2.0
107780,2.0
107783,1.0
107787,5.0
107788,5.0
107793,1.5
107795,2.0
107797,2.5
107798,0.0
107799,3.0
107802,3.0
107803,2.3333333333333335
107804,2.6666666666666665
107808,1.0
107809,0.0
107810,1.0
107812,5.0
107813,1.0
107814,1.0
107821,0.0
107822,1.0
107828,3.3333333333333335
107829,4.5
107837,6.0
107838,3.6666666666666665
107842,0.0
107845,0.0
107848,3.0
107851,6.0
107855,1.0
107856,1.0
107859,5.0
107862,1.0
107864,1.0
107865,2.0
107867,3.5
107868,4.5
107871,2.5
107873,2.5
107875,3.0
107877,0.0
107879,3.0
107880,2.0
107887,2.0
107893,3.0
107894,3.5
107895,0.0
107898,3.0
107899,2.5
107902,5.0
107906,2.0
107907,1.0
107917,1.0
107919,13.0
107921,2.0
107922,3.0
107923,0.0
107926,3.0
107927,2.5
107935,0.0
107936,4.0
107937,4.0
107941,3.5
107943,2.0
107951,1.0
107953,0.0
107957,3.0
107960,1.6666666666666667
107971,2.0
107975,2.0
107976,0.0
107978,2.0
107980,0.0
107985,3.5
107989,1.0
107990,3.0
107992,3.0
107993,4.0
107996,1.5
107999,3.5
108000,0.0
108005,1.5
108007,3.5
108010,0.0
108019,0.0
108021,0.0
108022,1.0
108024,9.0
108026,8.5
108029,3.5
108030,2.5
108031,2.5
108035,0.0
108037,4.5
108039,4.0
108041,0.0
108042,1.0
108047,1.3333333333333333
108048,4.0
108056,0.0
108058,3.0
108059,4.0
108063,1.0
108064,2.5
108067,2.0
108068,2.5
108071,1.0
108075,2.5
108082,3.0
108084,0.0
108085,2.0
108090,2.0
108092,3.0
108103,1.0
108106,4.0
108107,1.0
108109,5.0
108110,2.0
108112,1.0
108114,0.0
108118,1.3333333333333333
108119,0.0
108121,2.5
108124,0.0
108129,0.0
108133,2.0
108137,3.0
108138,4.5
108139,4.5
108140,4.5
108143,3.3333333333333335
108144,1.0
108146,1.6666666666666667
108157,1.3333333333333333
108164,1.0
108165,0.0
108166,2.0
108168,2.0
108169,2.3333333333333335
108171,2.0
108176,2.0
108181,1.6666666666666667
108190,2.5
108192,3.0
108193,3.0
108202,3.0
108210,2.0
108212,3.0
108219,4.5
108220,2.0
108221,2.0
108225,0.0
108227,2.0
108229,1.5
108230,1.5
108232,7.0
108234,3.5
108236,3.0
108239,2.5
108242,0.0
108244,0.0
108246,3.3333333333333335
108251,0.0
108255,1.6666666666666667
108259,1.0
108260,2.0
108262,2.5
108267,4.0
108270,0.0
108271,4.5
108272,4.5
108275,1.0
108277,2.3333333333333335
108287,0.0
108289,2.5
108291,2.0
108292,1.0
108293,3.5
108295,1.0
108296,3.0
108299,2.0
108302,1.0
108306,5.666666666666667
108307,7.0
108309,1.0
108310,2.0
108313,2.6666666666666665
108316,1.0
108317,0.0
108318,2.0
108326,3.6666666666666665
108329,1.0
108330,2.0
108333,2.5
108334,3.0
108335,1.0
108339,3.0
108347,2.0
108348,0.0
108350,1.0
108361,2.5
108364,2.0
108373,3.0
108375,1.5
108380,2.0
108385,4.5
108388,4.0
108390,3.5
108392,5.0
108394,3.0
108397,1.0
108402,2.6666666666666665
108404,4.333333333333333
108413,1.0
108415,2.0
108421,0.0
108427,1.0
108429,2.3333333333333335
108434,3.6666666666666665
108442,1.0
108446,1.5
108449,0.0
108450,2.0
108451,8.0
108453,0.0
108456,5.0
108457,1.3333333333333333
108460,1.6666666666666667
108461,1.6666666666666667
108464,1.0
108465,1.0
108466,1.0
108467,0.0
108469,0.0
108475,0.0
108482,2.0
108484,1.0
108489,1.0
108495,2.3333333333333335
108496,3.0
108498,1.0
108501,1.0
108502,1.0
108503,0.0
108507,2.0
108508,2.0
108509,2.0
108510,4.0
108512,1.0
108513,2.0
108514,1.5
108515,2.5
108516,2.0
108523,3.0
108524,3.0
108525,11.0
108526,17.0
108528,4.0
108535,4.5
108542,2.5
108544,4.0
108549,0.0
108552,1.0
108554,7.0
108555,1.0
108556,2.0
108557,1.0
108560,1.5
108561,0.0
108562,2.5
108563,3.0
108568,2.5
108570,0.0
108571,2.0
108572,2.0
108576,5.0
108578,2.0
108580,3.4
108581,2.5
108582,4.0
108583,1.6666666666666667
108586,3.0
108590,3.5
108595,1.0
108598,4.0
108601,1.2
108604,1.0
108606,1.0
108607,0.0
108609,1.5
108610,2.5
108613,2.0
108615,0.0
108616,3.5
108617,3.5
108619,7.0
108627,1.0
108629,8.0
108633,3.0
108634,1.5
108635,1.0
108638,3.5
108641,2.0
108643,1.0
108644,0.0
108646,2.5
108648,0.0
108650,1.0
108651,1.0
108654,4.5
108656,4.5
108660,1.0
108668,2.0
108674,2.0
108676,1.5
108678,2.0
108682,1.0
108683,1.0
108695,0.0
108699,0.0
108705,3.0
108708,0.0
108712,1.0
108722,1.0
108725,1.0
108734,2.0
108735,2.0
108743,3.0
108745,4.0
108748,6.0
108751,5.0
108759,3.0
108761,4.0
108763,1.0
108764,3.3333333333333335
108768,2.0
108769,3.0
108773,2.5
108777,1.5
108788,2.5
108789,2.5
108790,6.0
108791,5.0
108793,3.0
108795,0.0
108798,1.5
108799,1.0
108809,3.0
108810,1.5
108822,0.0
108824,5.5
108825,4.0
108826,0.0
108827,2.5
108828,1.0
108829,2.5
108836,1.0
108839,1.0
108850,0.0
108851,2.0
108852,1.0
108853,1.0
108855,4.5
108858,0.0
108861,1.0
108863,2.5
108876,0.0
108877,0.0
108878,4.0
108880,1.0
108883,3.6666666666666665
108886,4.333333333333333
108887,4.333333333333333
108890,3.0
108892,2.5
108894,4.5
108895,4.333333333333333
108896,1.0
108898,1.3333333333333333
108900,3.0
108901,6.5
108905,1.0
108906,1.5
108914,0.0
108925,0.0
108926,2.0
108927,0.0
108928,0.0
108929,1.0
108930,4.0
108933,1.0
108937,3.5
108943,3.0
108946,3.0
108949,2.5
108950,3.3333333333333335
108953,2.0
108958,4.0
108970,1.6666666666666667
108974,2.0
108978,0.0
108979,1.0
108982,7.0
108985,1.0
108988,7.0
108990,3.0
108995,2.5
108996,3.0
108998,2.5
109005,2.3333333333333335
109007,3.0
109008,3.0
109011,4.0
109013,5.333333333333333
109018,2.5
109020,2.0
109022,0.0
109024,3.5
109025,3.5
109031,3.0
109033,2.0
109037,4.0
109038,2.3333333333333335
109039,2.5
109041,4.0
109045,2.5
109048,1.0
109053,1.0
109062,2.0
109065,0.0
109067,0.0
109071,1.0
109072,0.0
109079,2.0
109081,3.0
109082,1.0
109086,5.0
109090,4.5
109095,2.0
109096,2.0
109099,2.0
109102,5.0
109105,1.0
109109,2.0
109116,2.0
109118,1.0
109121,5.5
109124,0.0
109130,3.5
109135,2.0
109139,3.6666666666666665
109140,2.0
109142,2.0
109144,4.0
109145,0.0
109147,0.0
109155,2.5
109157,3.3333333333333335
109158,3.3333333333333335
109159,1.0
109160,2.3333333333333335
109162,1.0
109164,0.0
109167,2.0
109180,1.5
109182,4.0
109183,6.666666666666667
109187,2.0
109188,4.5
109190,2.6
109193,1.6666666666666667
109197,1.0
109198,1.3333333333333333
109199,1.0
109200,8.5
109201,8.5
109202,6.0
109210,3.5
109211,4.0
109213,4.0
109222,1.3333333333333333
109223,1.0
109228,2.5
109229,2.0
109232,4.666666666666667
109233,4.0
109236,1.0
109237,6.0
109238,0.0
109241,0.0
109245,1.6666666666666667
109247,0.0
109248,0.0
109249,0.0
109255,0.0
109257,0.0
109259,1.5
109261,3.0
109264,2.5
109265,4.0
109267,1.0
109268,3.5
109273,2.5
109277,6.0
109280,0.0
109282,0.0
109285,2.5
109287,0.0
109290,1.0
109294,8.0
109299,1.0
109303,4.0
109305,2.3333333333333335
109308,2.0
109310,4.333333333333333
109312,0.0
109323,6.0
109325,3.0
109332,3.0
109337,1.0
109341,2.0
109343,0.0
109344,2.5
109345,1.3333333333333333
109347,1.0
109349,7.0
109350,0.0
109352,9.0
109355,1.0
109358,5.0
109359,2.0
109360,2.0
109361,2.0
109364,1.0
109365,0.0
109367,4.0
109368,4.0
109370,0.0
109373,1.0
109382,2.0
109385,2.0
109388,2.0
109390,1.5
109392,1.0
109393,1.0
109395,4.0
109396,1.5
109402,4.0
109403,3.0
109404,3.0
109405,4.0
109409,1.0
109411,0.0
109413,1.0
109420,4.666666666666667
109421,1.5
109422,4.666666666666667
109423,2.0
109426,2.5
109427,1.6666666666666667
109428,2.0
109430,2.5
109433,3.0
109435,3.5
109439,0.0
109444,2.0
109445,2.0
109446,2.6666666666666665
109450,1.5
109451,2.0
109452,3.0
109454,1.0
109455,2.0
109456,2.0
109460,5.0
109466,2.5
109467,2.0
109477,1.0
109479,4.0
109480,1.0
109483,1.0
109488,0.0
109491,4.0
109495,0.0
109498,2.0
109500,1.0
109502,3.5
109505,1.3333333333333333
109506,1.0
109507,1.0
109508,1.5
109509,1.0
109510,0.0
109511,2.0
109513,0.0
109517,1.0
109519,2.5
109521,1.6666666666666667
109523,3.5
109526,2.0
109530,1.5
109531,0.0
109536,2.0
109539,3.0
109544,1.5
109547,2.0
109548,9.0
109550,3.0
109552,3.0
109554,2.5
109562,1.0
109563,6.0
109564,6.0
109567,1.0
109568,1.0
109574,1.0
109576,2.0
109577,2.5
109584,5.0
109585,0.0
109586,1.5
109591,1.0
109594,0.0
109596,4.666666666666667
109602,3.0
109604,3.0
109611,9.0
109613,1.1666666666666667
109615,1.5
109617,1.0
109620,3.0
109621,0.0
109623,1.0
109625,2.6666666666666665
109631,1.0
109640,2.0
109643,1.0
109644,4.0
109649,2.0
109650,1.0
109652,2.0
109655,1.0
109657,1.0
109660,1.0
109664,1.0
109666,3.0
109669,3.0
109672,2.0
109673,0.0
109674,1.0
109675,4.0
109680,1.5
109689,1.0
109690,8.0
109692,0.0
109697,1.5
109698,2.3333333333333335
109700,5.0
109701,5.0
109709,2.0
109711,0.0
109713,2.0
109715,1.0
109729,2.0
109732,1.5
109741,0.0
109742,2.0
109746,1.6666666666666667
109747,6.0
109748,2.5
109751,0.0
109752,0.0
109756,1.5
109761,2.5
109764,1.0
109765,0.0
109781,6.5
109782,1.5
109785,1.0
109786,3.0
109788,2.0
109789,0.0
109790,1.0
109792,2.5
109800,3.0
109812,4.0
109813,6.0
109818,0.0
109820,3.0
109822,2.0
109823,3.0
109827,3.0
109829,3.0
109830,0.0
109831,2.0
109834,0.0
109836,2.5
109837,2.0
109838,2.0
109845,6.0
109846,10.5
109847,1.5
109850,3.0
109851,4.0
109854,3.0
109860,3.0
109862,2.5
109863,5.666666666666667
109866,1.0
109871,4.0
109872,1.0
109874,2.5
109875,1.0
109880,2.0
109882,1.5
109883,3.0
109884,1.0
109888,1.0
109890,1.0
109904,3.0
109907,0.0
109913,2.5
109922,2.0
109926,1.0
109935,1.0
109936,1.0
109937,0.0
109946,4.0
109951,2.0
109952,1.5
109953,2.0
109955,5.0
109959,0.0
109960,2.0
109961,2.0
109963,2.0
109965,2.0
109967,0.0
109969,2.0
109971,1.0
109974,3.3333333333333335
109975,4.666666666666667
109978,3.0
109980,1.0
109984,1.0
109991,2.3333333333333335
109992,2.3333333333333335
109996,2.0
110000,2.3333333333333335
110003,2.0
110007,3.5
110010,3.5
110011,1.3333333333333333
110015,2.0
110016,2.0
110019,0.0
110022,0.0
110024,0.0
110025,1.6666666666666667
110028,2.5
110029,2.0
110030,1.3333333333333333
110032,2.5
110034,2.5
110035,1.75
110042,2.0
110044,2.0
110050,1.0
110052,1.0
110057,2.6666666666666665
110061,1.0
110064,4.0
110066,3.6666666666666665
110070,0.0
110072,3.0
110074,7.5
110077,2.0
110078,2.0
110080,3.3333333333333335
110083,3.0
110087,0.0
110088,0.0
110095,0.0
110096,0.0
110097,2.0
110105,0.0
110107,2.0
110110,5.5
110113,3.0
110117,1.0
110119,3.0
110121,2.0
110125,2.6666666666666665
110127,3.0
110129,0.0
110139,0.0
110142,0.0
110148,0.0
110150,0.0
110151,1.5
110152,1.5
110156,1.5
110172,5.5
110175,2.5
110183,1.0
110187,1.5
110192,1.0
110194,1.0
110196,1.5
110200,4.0
110205,2.0
110208,1.0
110210,3.6666666666666665
110211,3.6666666666666665
110213,3.0
110214,1.5
110220,0.0
110221,1.0
110222,0.0
110224,4.0
110226,3.5
110227,5.0
110229,0.0
110230,5.0
110232,1.6666666666666667
110238,0.0
110239,0.0
110241,3.0
110246,0.0
110252,1.0
110253,0.0
110254,9.0
110256,1.5
110257,1.5
110266,1.0
110267,1.0
110271,6.0
110276,0.0
110279,3.0
110283,2.0
110284,0.0
110285,5.0
110287,2.0
110289,1.5
110291,0.0
110293,1.6666666666666667
110296,1.5
110298,2.0
110302,2.0
110305,1.0
110308,3.0
110310,5.0
110318,0.0
110322,3.0
110323,2.0
110328,1.0
110329,2.0
110334,2.5
110336,1.5
110338,2.0
110341,4.0
110344,4.0
110346,0.0
110353,3.0
110356,1.0
110357,1.0
110360,1.0
110363,4.5
110364,2.0
110366,2.0
110372,2.0
110376,0.0
110378,2.0
110382,2.0
110386,3.0
110389,6.0
110391,1.5
110398,8.0
110401,1.3333333333333333
110406,1.0
110409,0.0
110410,3.0
110413,0.0
110415,2.0
110416,1.3333333333333333
110417,1.0
110419,4.666666666666667
110421,1.6666666666666667
110423,1.0
110427,2.0
110428,3.0
110433,1.0
110436,1.0
110443,1.0
110454,4.0
110455,2.0
110457,4.0
110460,2.0
110461,3.0
110463,3.0
110464,2.5
110466,0.0
110469,0.0
110470,0.0
110473,3.0
110486,4.0
110490,3.0
110496,1.0
110497,1.0
110507,2.0
110509,9.0
110511,2.5
110513,2.0
110518,1.0
110526,1.5
110527,2.0
110528,2.5
110529,7.0
110531,2.0
110534,4.0
110547,2.0
110548,2.0
110549,2.0
110551,2.5
110556,2.3333333333333335
110558,3.5
110559,3.6666666666666665
110566,3.5
110570,1.0
110571,1.0
110572,5.0
110573,0.0
110575,1.0
110576,1.5
110585,2.0
110590,2.0
110594,2.0
110595,2.0
110596,1.5
110601,2.0
110603,2.0
110604,2.0
110606,2.0
110608,1.6666666666666667
110610,1.0
110611,2.0
110617,0.0
110619,3.3333333333333335
110624,1.0
110627,1.0
110629,0.0
110631,0.0
110632,2.5
110633,4.0
110634,0.0
110638,0.0
110644,1.0
110646,2.0
110647,3.5
110648,3.0
110652,2.0
110653,1.0
110656,1.6666666666666667
110657,4.0
110658,6.0
110662,0.0
110664,1.0
110668,0.0
110669,1.0
110671,1.0
110672,4.5
110675,1.0
110681,0.0
110683,0.0
110688,2.0
110697,1.5
110701,3.0
110702,1.5
110706,3.0
110708,3.6666666666666665
110709,2.5
110711,4.0
110717,0.0
110718,4.0
110721,4.0
110723,1.0
110724,1.0
110728,2.0
110738,1.0
110741,0.0
110745,0.0
110759,1.0
110761,3.0
110770,0.0
110771,5.0
110776,1.5
110778,1.0
110783,1.0
110784,1.0
110789,0.0
110793,0.0
110798,1.5
110801,0.0
110805,1.0
110807,5.0
110808,1.0
110812,5.0
110813,5.0
110816,4.0
110817,4.0
110819,2.0
110822,1.5
110826,2.0
110828,1.5
110833,3.5
110835,3.5
110837,3.0
110839,2.0
110841,2.0
110843,5.5
110847,3.0
110851,1.5
110852,1.0
110856,2.5
110857,0.0
110861,1.0
110867,2.5
110868,4.0
110869,3.0
110871,3.0
110873,3.0
110874,3.0
110877,0.0
110879,1.0
110880,1.0
110881,1.0
110887,9.0
110891,0.0
110892,2.0
110895,2.0
110905,3.0
110909,2.0
110914,1.0
110915,1.0
110918,1.5
110920,0.0
110922,10.0
110927,1.5
110929,1.0
110934,3.0
110941,3.5
110942,2.6666666666666665
110944,1.5
110948,1.6666666666666667
110950,2.5
110951,1.5
110952,4.0
110955,0.0
110958,1.0
110961,1.5
110964,0.0
110968,1.0
110969,0.0
110970,0.0
110976,3.0
110980,0.0
110984,4.0
110988,1.3333333333333333
110989,2.3333333333333335
110993,6.5
110994,1.5
110997,4.0
110999,2.5
111002,6.0
111003,1.0
111005,0.0
111010,1.0
111018,0.0
111021,0.0
111024,1.0
111025,4.666666666666667
111031,2.3333333333333335
111034,3.0
111035,2.3333333333333335
111036,3.0
111037,3.5
111038,3.5
111043,0.0
111047,2.0
111049,0.0
111050,1.0
111051,2.0
111052,0.0
111054,1.0
111057,1.0
111060,2.0
111061,2.0
111063,4.0
111067,1.0
111068,7.333333333333333
111069,10.5
111081,2.0
111087,1.0
111090,2.0
111091,1.0
111093,1.0
111095,1.0
111098,5.0
111099,6.0
111103,1.0
111108,1.6666666666666667
111115,2.0
111117,1.0
111128,0.0
111131,1.0
111133,1.0
111134,1.0
111136,1.5
111139,0.0
111140,0.0
111147,0.0
111149,2.0
111159,3.0
111161,4.0
111163,1.0
111165,1.0
111166,6.0
111167,0.0
111169,2.5
111178,1.0
111179,1.5
111180,3.0
111182,3.5
111197,0.0
111200,3.0
111201,1.75
111206,2.0
111207,2.0
111208,0.0
111209,8.0
111212,3.5
111217,1.0
111221,2.6666666666666665
111224,1.0
111229,0.0
111232,0.0
111234,1.5
111236,2.5
111244,1.6666666666666667
111251,0.0
111254,2.5
111255,2.5
111256,1.0
111263,2.0
111266,2.6666666666666665
111271,0.0
111273,0.0
111279,1.0
111280,0.0
111284,5.0
111286,3.0
111292,3.0
111293,3.0
111295,0.0
111296,3.3333333333333335
111298,6.0
111304,1.5
111307,1.5
111309,2.0
111310,2.0
111311,6.0
111315,1.0
111318,4.0
111319,3.0
111320,1.5
111321,2.0
111323,1.0
111327,6.333333333333333
111330,2.0
111332,1.0
111334,1.0
111335,0.0
111336,0.0
111337,0.0
111338,6.0
111347,1.0
111355,1.5
111356,3.5
111359,1.5
111363,3.5
111365,0.0
111369,0.0
111372,2.0
111373,10.0
111377,2.0
111378,1.0
111384,1.6666666666666667
111389,0.0
111391,3.0
111392,1.5
111394,2.0
111396,3.3333333333333335
111402,2.5
111412,1.0
111415,0.0
111417,4.5
111420,1.6666666666666667
111421,2.5
111425,5.0
111426,3.0
111427,2.3333333333333335
111428,3.5
111429,0.0
111431,2.0
111432,3.6666666666666665
111438,4.0
111439,2.3333333333333335
111440,0.0
111443,6.0
111444,2.0
111450,0.0
111451,1.6666666666666667
111455,2.0
111466,2.0
111468,1.5
111471,5.0
111473,3.5
111475,4.0
111477,3.0
111478,3.0
111483,0.0
111489,0.0
111490,1.0
111491,2.0
111493,1.5
111499,3.0
111501,1.0
111504,3.0
111506,1.0
111507,3.0
111508,3.0
111509,2.0
111514,3.0
111520,1.0
111522,1.0
111529,2.0
111530,1.6666666666666667
111538,1.0
111545,2.0
111548,3.3333333333333335
111552,0.0
111553,2.6666666666666665
111561,3.0
111563,12.0
111564,0.0
111565,0.0
111566,7.25
111575,3.0
111577,3.0
111578,2.0
111582,1.0
111585,3.0
111587,0.0
111591,4.0
111593,0.0
111594,2.5
111595,1.0
111602,1.0
111604,1.0
111605,1.0
111610,1.0
111611,1.0
111623,2.0
111628,1.0
111631,3.3333333333333335
111636,0.0
111641,1.0
111643,1.0
111645,1.5
111651,5.0
111657,1.0
111664,1.0
111670,1.5
111674,1.5
111677,0.0
111679,1.0
111683,3.0
111684,0.0
111685,0.0
111689,0.0
111693,1.0
111696,1.0
111697,0.0
111698,2.0
111700,0.0
111704,3.5
111709,0.0
111710,4.0
111713,2.5
111714,3.0
111727,3.0
111730,6.5
111734,0.0
111743,1.0
111746,1.0
111747,0.0
111752,1.5
111753,0.0
111754,2.0
111757,3.0
111762,2.0
111763,2.3333333333333335
111773,4.0
111775,1.0
111777,1.0
111779,2.0
111785,0.0
111790,10.0
111791,0.0
111793,2.0
111799,2.0
111804,1.5
111807,1.0
111812,1.0
111813,0.0
111816,1.0
111824,2.5
111828,1.75
111829,2.0
111835,3.0
111837,1.0
111840,3.0
111841,2.0
111843,4.0
111846,2.0
111848,0.0
111851,0.0
111852,4.0
111855,0.0
111859,1.0
111862,2.0
111864,2.5
111866,4.0
111873,6.0
111876,2.0
111877,3.0
111879,1.0
111883,4.0
111884,2.0
111889,0.0
111890,1.75
111891,1.5
111897,0.0
111900,1.0
111902,0.0
111903,3.0
111904,3.3333333333333335
111906,0.0
111907,4.5
111919,7.0
111921,1.5
111922,3.0
111924,1.25
111925,0.0
111927,3.0
111928,1.0
111931,2.0
111932,2.0
111935,1.3333333333333333
111936,9.0
111940,1.0
111942,5.0
111946,1.0
111948,5.333333333333333
111952,2.0
111953,1.5
111955,1.3333333333333333
111956,1.25
111957,1.3333333333333333
111958,2.0
111965,2.0
111966,1.0
111972,1.0
111977,2.5
111981,2.5
111987,2.5
111991,6.0
111997,7.0
112001,0.0
112002,1.0
112003,1.0
112006,2.0
112008,2.0
112010,2.5
112013,2.3333333333333335
112014,1.0
112016,5.0
112017,3.5
112018,1.0
112020,1.0
112023,0.0
112025,4.5
112027,2.25
112028,2.0
112031,2.0
112036,2.0
112037,2.5
112038,2.0
112041,2.0
112046,3.0
112049,2.0
112053,4.0
112059,3.0
112063,1.5
112064,3.3333333333333335
112065,2.0
112066,3.0
112068,4.0
112069,1.0
112071,1.5
112078,1.0
112082,3.0
112086,4.5
112088,1.0
112089,1.0
112095,7.0
112097,7.0
112098,4.0
112101,4.0
112104,4.0
112105,0.0
112106,1.3333333333333333
112107,1.0
112108,0.0
112113,2.0
112115,2.5
112117,0.0
112118,0.0
112120,1.0
112122,3.0
112123,2.0
112125,0.0
112126,1.0
112129,4.0
112130,5.0
112139,1.0
112140,1.75
112141,3.0
112142,2.0
112153,0.0
112160,1.5
112161,2.0
112163,2.0
112166,1.6666666666666667
112169,1.5
112172,2.0
112173,3.3333333333333335
112177,2.0
112184,1.5
112185,0.0
112187,1.0
112189,3.3333333333333335
112191,2.5
112195,4.5
112198,0.0
112199,0.0
112201,0.0
112203,1.3333333333333333
112204,2.0
112211,1.0
112220,6.0
112221,0.0
112222,6.0
112226,2.6666666666666665
112228,1.0
112231,1.0
112237,1.0
112241,1.5
112243,2.0
112247,1.0
112252,0.0
112255,2.0
112257,3.0
112259,1.0
112260,1.0
112261,1.0
112262,1.0
112280,1.0
112284,3.0
112285,3.0
112287,3.0
112289,1.3333333333333333
112291,1.5
112292,3.0
112293,4.5
112297,2.5
112299,1.0
112309,0.0
112310,2.0
112317,3.0
112327,1.6666666666666667
112330,1.5
112334,1.0
112336,4.5
112337,4.333333333333333
112339,3.0
112344,2.0
112345,5.0
112349,1.0
112350,0.0
112360,1.5
112366,3.3333333333333335
112371,2.0
112372,1.6666666666666667
112375,2.0
112376,0.0
112380,4.25
112382,4.0
112387,6.0
112389,0.0
112392,0.0
112393,0.0
112394,6.0
112397,7.0
112409,0.0
112410,0.0
112412,0.0
112413,2.0
112423,5.666666666666667
112426,3.0
112430,4.0
112432,1.0
112433,0.0
112434,0.0
112438,1.0
112446,1.0
112447,3.5
112452,2.0
112455,1.0
112456,2.0
112459,2.0
112462,1.0
112464,2.0
112466,2.0
112468,2.0
112469,2.5
112476,2.0
112477,2.0
112478,1.5
112480,2.0
112481,1.5
112490,2.0
112491,3.3333333333333335
112493,4.0
112494,3.0
112496,0.0
112499,2.0
112504,3.0
112510,0.0
112512,1.0
112514,1.6666666666666667
112518,1.6666666666666667
112524,1.0
112525,0.0
112526,1.0
112528,2.0
112529,4.5
112530,0.0
112536,2.3333333333333335
112537,2.3333333333333335
112540,2.0
112543,4.0
112545,2.0
112547,5.2
112558,1.0
112562,3.0
112570,3.5
112572,3.0
112575,3.0
112581,2.0
112582,2.0
112584,5.0
112587,4.0
112592,3.25
112597,3.0
112598,2.3333333333333335
112602,1.0
112604,3.5
112606,2.0
112607,1.0
112611,3.5
112615,4.0
112618,4.5
112622,5.333333333333333
112627,0.0
112628,2.0
112634,2.5
112639,3.5
112640,4.5
112644,4.0
112646,1.5
112649,0.0
112654,2.0
112657,0.0
112662,2.5
112663,5.0
112666,1.0
112671,1.0
112674,2.0
112675,0.0
112677,2.0
112680,2.0
112684,2.0
112687,4.333333333333333
112688,3.0
112689,0.0
112694,4.0
112695,0.0
112698,1.0
112702,4.0
112704,2.0
112707,2.0
112710,5.0
112713,2.0
112715,3.0
112716,1.0
112719,2.0
112724,2.0
112725,6.0
112727,2.0
112730,6.5
112732,4.0
112739,4.75
112740,4.0
112743,0.0
112747,1.0
112748,0.0
112749,1.0
112757,2.3333333333333335
112761,5.5
112762,5.5
112763,0.0
112765,3.25
112769,1.5
112773,3.0
112782,2.0
112783,3.5
112785,0.0
112795,1.0
112796,1.0
112799,2.0
112801,1.0
112812,3.0
112819,3.0
112826,1.0
112827,2.0
112829,0.0
112833,2.0
112837,2.0
112840,2.5
112841,5.0
112843,3.0
112844,2.0
112847,1.0
112849,0.0
112850,2.0
112852,1.3333333333333333
112855,5.0
112856,1.0
112857,1.0
112860,5.0
112862,1.0
112865,2.0
112867,5.0
112868,2.0
112870,2.5
112872,2.5
112873,0.0
112874,2.6666666666666665
112875,3.0
112877,3.0
112880,1.0
112881,1.0
112882,0.0
112886,2.0
112888,1.5
112892,1.75
112901,0.0
112903,2.5
112904,5.0
112906,4.0
112910,3.5
112914,2.0
112915,1.0
112916,0.0
112919,3.5
112922,1.0
112924,1.0
112930,2.5
112931,2.0
112932,1.0
112937,0.0
112938,2.5
112945,0.0
112946,0.0
112950,3.0
112953,0.0
112958,1.0
112959,1.0
112960,1.5
112961,1.0
112962,1.0
112966,2.6666666666666665
112968,1.5
112970,2.0
112973,3.6666666666666665
112976,4.5
112982,2.0
112985,7.666666666666667
112989,1.0
112990,1.0
113000,1.0
113001,3.0
113002,3.6666666666666665
113004,4.0
113011,1.0
113015,4.0
113017,1.0
113020,1.3333333333333333
113022,2.0
113023,5.0
113028,2.0
113031,3.6666666666666665
113032,4.666666666666667
113039,2.3333333333333335
113042,3.0
113045,4.0
113050,1.3333333333333333
113052,1.0
113054,1.0
113062,2.3333333333333335
113063,2.0
113072,0.0
113075,1.0
113079,1.5
113081,2.0
113083,3.5
113084,2.0
113087,1.0
113092,2.0
113106,1.0
113107,2.0
113112,3.0
113123,2.8
113126,5.666666666666667
113131,3.0
113133,2.0
113135,5.0
113137,4.0
113138,6.0
113144,3.5
113145,5.0
113146,3.6666666666666665
113147,0.0
113152,5.5
113153,1.6666666666666667
113158,1.0
113159,1.0
113160,6.0
113166,1.0
113168,1.0
113170,0.0
113173,1.5
113176,1.5
113179,0.0
113180,1.0
113182,2.0
113184,3.0
113187,1.0
113188,2.0
113194,3.0
113197,2.75
113202,4.5
113206,0.0
113207,1.0
113208,1.0
113209,3.0
113211,3.0
113212,2.0
113214,1.5
113216,3.0
113217,3.0
113218,0.0
113219,0.0
113221,1.0
113228,3.0
113231,0.0
113233,2.0
113234,0.0
113235,2.0
113237,1.0
113242,0.0
113244,2.2
113246,5.0
113249,1.0
113250,1.0
113252,1.0
113254,3.5
113257,2.0
113259,1.0
113264,1.0
113265,2.0
113270,4.0
113277,7.5
113278,7.5
113280,7.5
113287,2.75
113288,6.0
113291,2.5
113292,3.5
113296,2.5
113300,4.0
113301,1.0
113308,1.0
113315,0.0
113320,1.4
113321,0.0
113326,2.6666666666666665
113330,2.0
113331,1.0
113336,1.0
113340,6.0
113345,2.0
113347,5.0
113348,3.0
113349,4.0
113350,0.0
113354,1.0
113355,2.5
113360,0.0
113364,0.0
113365,2.0
113366,3.5
113370,4.0
113374,10.666666666666666
113380,4.0
113381,4.0
113384,2.0
113386,0.0
113387,1.0
113390,2.0
113391,2.0
113402,1.0
113404,5.0
113408,4.5
113414,2.6666666666666665
113416,3.0
113417,5.0
113418,3.0
113426,0.0
113429,3.0
113433,1.0
113435,5.5
113436,3.0
113440,2.0
113445,4.333333333333333
113446,4.0
113447,1.0
113448,1.0
113450,2.0
113454,1.0
113458,1.0
113463,3.0
113464,3.0
113481,1.3333333333333333
113482,1.6666666666666667
113485,1.6666666666666667
113486,3.5
113495,6.0
113497,1.6666666666666667
113505,1.0
113511,5.0
113512,3.5
113515,1.0
113517,4.333333333333333
113520,2.5
113521,2.3333333333333335
113523,4.5
113525,1.0
113529,1.5
113532,0.0
113535,0.0
113538,0.0
113539,0.0
113541,1.0
113542,1.0
113543,1.0
113546,1.0
113555,4.0
113558,4.0
113570,1.0
113571,0.0
113578,2.5
113583,1.0
113584,0.0
113588,8.333333333333334
113589,7.5
113591,5.333333333333333
113594,3.5
113595,2.0
113597,1.5
113601,0.0
113606,1.3333333333333333
113607,1.6666666666666667
113611,0.0
113614,2.6666666666666665
113617,2.5
113620,0.0
113630,1.5
113633,1.0
113637,3.0
113641,4.0
113642,0.0
113644,2.0
113646,2.0
113649,2.0
113654,2.0
113660,2.3333333333333335
113661,1.0
113665,0.0
113667,3.0
113668,1.0
113670,6.0
113674,2.6666666666666665
113676,2.0
113677,3.5
113678,5.0
113679,2.5
113685,2.0
113687,2.0
113688,3.0
113696,1.5
113697,2.5
113698,2.0
113701,0.0
113702,3.0
113704,0.0
113708,3.0
113709,2.0
113713,1.0
113718,0.0
113724,5.5
113725,4.0
113726,0.0
113728,2.0
113734,4.5
113741,0.0
113742,4.5
113746,3.0
113752,1.0
113755,1.0
113757,3.0
113758,1.0
113759,5.0
113761,0.0
113782,2.0
113808,1.3333333333333333
113809,1.5
113810,1.0
113813,1.0
113814,1.5
113815,0.0
113817,1.0
113823,2.6666666666666665
113825,4.0
113826,1.0
113827,1.0
113828,6.0
113829,4.333333333333333
113830,4.0
113837,4.0
113841,2.2
113851,4.0
113856,3.0
113861,1.0
113865,3.0
113870,2.0
113871,2.0
113873,1.0
113874,5.0
113876,7.0
113878,2.5
113879,4.0
113880,5.0
113884,2.5
113890,3.5
113891,1.0
113894,1.5
113895,4.0
113898,0.0
113902,2.75
113907,1.0
113909,3.0
113912,7.0
113918,4.0
113920,2.0
113921,0.0
113927,2.0
113928,0.0
113931,2.5
113933,1.0
113934,2.5
113936,3.0
113937,1.5
113939,2.5
113942,2.3333333333333335
113948,0.0
113954,2.0
113955,3.0
113957,4.0
113959,3.0
113960,3.0
113963,1.0
113965,3.0
113966,3.0
113973,5.25
113974,5.333333333333333
113975,4.0
113978,2.0
113981,1.5
113983,2.75
113985,2.0
114000,0.0
114002,5.0
114006,4.0
114008,2.5
114012,1.5
114015,3.0
114019,1.0
114022,3.3333333333333335
114024,4.0
114027,1.0
114028,2.0
114033,1.6666666666666667
114037,2.0
114038,2.3333333333333335
114042,1.0
114043,0.0
114049,1.0
114056,1.0
114061,3.0
114062,2.0
114063,1.0
114064,3.5
114071,1.0
114075,2.0
114079,3.0
114081,1.0
114082,3.5
114084,2.0
114086,2.5
114096,7.0
114097,1.0
114099,2.0
114100,4.0
114101,1.0
114102,2.0
114106,0.0
114109,2.0
114111,1.0
114113,0.0
114116,2.0
114117,0.0
114127,2.5
114128,2.3333333333333335
114130,2.5
114131,3.0
114135,1.0
114136,2.0
114138,5.0
114139,4.0
114140,1.6666666666666667
114143,2.3333333333333335
114146,5.0
114148,3.0
114151,1.0
114155,0.0
114158,2.0
114161,1.5
114163,3.5
114165,3.0
114167,1.0
114171,1.0
114172,4.0
114174,4.0
114175,3.0
114177,2.5
114185,1.0
114187,3.0
114196,0.0
114198,2.3333333333333335
114199,1.0
114205,5.0
114216,2.0
114218,3.5
114221,1.6666666666666667
114229,3.0
114231,1.5
114236,1.5
114243,2.5
114244,3.0
114247,3.0
114249,1.0
114252,1.5
114254,2.0
114255,2.0
114257,3.0
114260,2.0
114269,2.0
114274,0.0
114276,0.0
114279,1.6666666666666667
114282,2.0
114286,0.0
114288,1.0
114289,3.0
114293,1.5
114295,1.5
114296,6.0
114297,3.5
114298,1.5
114300,4.5
114304,2.0
114305,5.5
114306,4.0
114311,4.666666666666667
114313,2.0
114315,2.5
114316,3.5
114319,2.0
114321,3.0
114324,0.0
114329,2.0
114330,0.0
114340,3.0
114342,0.0
114345,3.0
114346,1.0
114347,1.3333333333333333
114351,3.3333333333333335
114360,2.5
114362,2.0
114363,2.0
114367,2.0
114370,1.0
114376,6.333333333333333
114379,2.0
114383,0.0
114384,8.0
114386,3.0
114387,2.0
114390,4.0
114391,4.0
114394,6.0
114395,5.333333333333333
114397,2.0
114398,2.0
114399,1.6666666666666667
114401,0.0
114403,0.0
114405,3.3333333333333335
114406,3.0
114408,0.0
114413,1.0
114426,0.0
114433,3.6666666666666665
114434,3.0
114436,3.0
114442,2.0
114444,0.0
114447,3.0
114453,1.0
114455,3.6666666666666665
114459,1.0
114461,2.3333333333333335
114462,6.333333333333333
114466,10.0
114473,4.0
114474,1.0
114478,3.0
114484,3.5
114491,1.0
114492,1.0
114493,4.0
114498,1.5
114501,1.0
114504,1.5
114505,2.0
114508,1.5
114511,0.0
114517,2.0
114521,3.5
114523,3.0
114527,0.0
114529,2.5
114536,2.5
114539,1.0
114542,3.0
114543,3.0
114545,3.3333333333333335
114549,0.0
114551,2.0
114562,1.5
114564,0.0
114566,7.0
114569,3.5
114574,1.0
114575,2.0
114576,1.0
114582,1.0
114591,1.0
114592,3.0
114593,3.5
114596,1.0
114597,1.0
114598,1.0
114600,1.0
114602,1.3333333333333333
114608,1.6
114610,1.0
114611,5.5
114616,0.0
114619,1.5
114632,0.0
114634,1.6666666666666667
114636,1.5
114638,2.0
114639,1.5
114641,1.5
114643,1.0
114644,2.5
114646,1.0
114648,0.0
114650,1.5
114652,1.5
114657,1.0
114658,1.0
114661,5.0
114666,2.0
114667,1.0
114670,2.5
114671,2.0
114674,0.0
114676,1.0
114677,0.0
114683,2.0
114686,1.0
114687,2.5
114691,5.333333333333333
114692,1.0
114695,0.0
114697,5.0
114699,8.5
114703,1.5
114707,2.0
114708,2.0
114709,2.0
114710,2.0
114712,2.0
114722,1.5
114724,1.0
114727,1.0
114728,1.0
114730,0.0
114731,2.0
114733,1.0
114734,3.0
114737,2.5
114742,4.0
114747,2.0
114749,0.0
114750,0.0
114755,1.0
114767,2.0
114768,0.0
114772,1.0
114775,0.0
114776,4.5
114781,0.0
114784,3.0
114785,3.0
114793,3.5
114794,3.3333333333333335
114799,0.0
114802,2.0
114803,1.5
114805,11.0
114810,5.0
114815,1.0
114816,4.0
114819,0.0
114821,4.0
114823,4.0
114825,3.0
114828,7.0
114831,2.0
114832,0.0
114835,3.0
114839,2.0
114840,2.0
114841,1.6666666666666667
114860,2.0
114862,0.0
114865,2.0
114866,0.0
114868,3.0
114869,1.5
114874,2.3333333333333335
114876,0.0
114878,1.0
114879,3.5
114880,1.5
114882,2.0
114885,0.0
114886,1.0
114890,1.0
114893,5.5
114894,0.0
114898,3.0
114905,1.0
114907,0.0
114909,10.0
114912,0.0
114914,3.0
114915,1.5
114916,1.0
114920,1.5
114925,4.0
114928,2.0
114935,4.0
114936,1.5
114937,2.0
114939,0.0
114940,3.0
114941,2.6666666666666665
114942,3.0
114943,0.0
114944,1.5
114950,4.5
114951,1.0
114952,1.0
114954,1.0
114959,2.0
114961,2.0
114965,5.0
114976,1.0
114977,1.0
114983,1.6666666666666667
114986,1.0
114996,1.5
114997,3.5
114998,2.6666666666666665
115000,0.0
115002,2.5
115003,3.5
115004,3.0
115007,3.0
115008,3.3333333333333335
115009,1.0
115010,2.0
115012,1.0
115015,2.0
115016,2.5
115017,2.5
115018,1.0
115019,4.75
115029,3.0
115031,0.0
115032,1.3333333333333333
115034,6.5
115037,3.75
115038,6.0
115040,1.6666666666666667
115041,1.75
115044,0.0
115049,2.0
115056,3.0
115059,2.0
115060,4.0
115062,4.0
115066,2.3333333333333335
115067,1.5
115068,0.0
115071,4.0
115072,2.0
115074,3.5
115075,0.0
115078,3.0
115079,0.0
115080,0.0
115083,3.0
115084,7.0
115091,2.0
115098,0.0
115100,1.6666666666666667
115101,1.3333333333333333
115103,1.0
115107,2.0
115114,0.0
115119,0.0
115122,5.0
115136,0.0
115141,4.0
115143,1.3333333333333333
115144,2.0
115145,2.0
115150,2.0
115152,3.5
115153,2.5
115154,1.0
115157,1.0
115159,2.0
115160,3.0
115165,1.0
115167,4.0
115168,2.0
115169,1.5
115171,0.0
115172,1.0
115173,1.0
115174,3.0
115176,4.0
115178,1.0
115180,2.0
115183,2.0
115184,2.0
115185,4.0
115187,3.0
115193,1.5
115198,5.0
115199,6.0
115204,2.5
115205,2.0
115206,2.5
115207,3.5
115209,1.6666666666666667
115216,3.75
115217,3.0
115225,0.0
115232,1.5
115235,2.0
115237,0.0
115240,2.0
115242,4.0
115243,7.0
115244,4.0
115246,3.0
115256,2.0
115257,3.0
115258,3.0
115261,1.3333333333333333
115263,1.5
115264,5.0
115265,0.0
115267,1.5
115271,1.5
115274,1.6666666666666667
115275,1.0
115279,4.0
115281,1.0
115282,3.0
115283,3.6666666666666665
115284,1.0
115285,2.0
115286,1.0
115290,1.0
115292,2.0
115294,2.0
115296,0.0
115297,2.0
115302,3.0
115303,1.5
115304,1.0
115305,4.0
115311,2.0
115313,5.0
115315,1.0
115316,5.333333333333333
115319,5.0
115321,3.0
115326,2.5
115329,1.0
115331,0.0
115335,0.0
115339,1.0
115343,3.0
115344,3.0
115345,1.0
115349,2.5
115350,2.0
115351,1.0
115354,1.0
115357,2.5
115360,3.3333333333333335
115361,3.0
115362,5.25
115363,2.0
115364,2.5
115367,0.0
115369,2.0
115370,4.0
115372,2.3333333333333335
115374,5.0
115383,3.0
115385,0.0
115389,1.0
115393,2.5
115394,3.5
115396,0.0
115404,3.5
115416,2.3333333333333335
115418,2.0
115421,3.5
115422,3.0
115428,6.5
115429,0.0
115430,8.333333333333334
115431,1.0
115432,1.6
115433,1.3333333333333333
115435,0.0
115439,4.0
115440,1.0
115442,0.0
115451,3.0
115455,0.0
115460,1.0
115462,2.0
115464,1.0
115467,1.0
115473,2.0
115475,2.0
115477,1.0
115478,1.5
115479,1.5
115482,1.0
115485,3.5
115486,4.0
115487,1.6666666666666667
115488,3.5
115494,0.0
115497,1.0
115498,0.0
115500,1.0
115502,4.0
115503,0.0
115504,3.0
115516,0.0
115518,0.0
115520,0.0
115530,0.0
115534,1.6666666666666667
115536,3.0
115537,3.0
115539,2.6666666666666665
115542,1.5
115549,4.0
115557,1.5
115558,6.0
115563,0.0
115566,2.0
115575,0.0
115577,0.0
115580,0.0
115586,0.0
115593,3.0
115596,3.0
115598,3.0
115600,2.5
115602,2.0
115612,0.0
115613,1.0
115614,2.0
115615,3.0
115616,0.0
115617,3.0
115619,0.0
115623,4.0
115624,1.0
115625,2.0
115627,2.6666666666666665
115630,3.0
115632,1.5
115639,4.0
115640,4.0
115642,2.0
115649,2.5
115651,2.0
115654,2.0
115657,1.0
115659,2.5
115661,4.0
115663,3.0
115664,3.0
115665,3.5
115666,2.0
115667,0.0
115670,3.0
115672,2.0
115674,4.5
115675,1.0
115678,1.0
115679,1.0
115683,2.0
115686,4.5
115694,0.0
115698,4.0
115706,1.0
115708,3.0
115709,3.0
115713,4.0
115714,2.0
115715,1.0
115722,4.25
115723,1.5
115726,1.0
115728,0.0
115729,2.0
115733,0.0
115734,0.0
115737,2.0
115750,10.333333333333334
115751,0.0
115755,1.0
115757,1.0
115759,0.0
115760,5.0
115762,0.0
115763,0.0
115769,5.5
115773,4.0
115777,0.0
115778,2.0
115779,2.0
115783,1.0
115786,1.3333333333333333
115787,0.0
115789,5.333333333333333
115791,7.0
115793,3.0
115801,7.0
115804,2.0
115805,2.0
115807,2.8
115808,2.0
115813,1.5
115814,0.0
115815,7.5
115817,2.0
115818,2.5
115820,3.0
115824,5.0
115829,3.5
115833,0.0
115834,0.0
115840,3.6666666666666665
115841,4.5
115842,1.0
115843,1.0
115846,0.0
115848,0.0
115853,1.5
115858,2.0
115859,5.5
115860,4.5
115861,1.3333333333333333
115868,2.0
115870,1.0
115872,1.5
115873,3.0
115875,1.5
115877,1.5
115882,3.5
115884,1.0
115886,1.0
115887,1.3333333333333333
115893,2.0
115897,2.5
115902,2.0
115903,2.0
115908,1.5
115910,4.5
115913,1.6666666666666667
115914,2.0
115915,1.0
115916,0.0
115919,2.0
115924,3.0
115925,3.0
115926,2.0
115939,1.0
115940,1.0
115943,2.5
115945,0.0
115946,6.5
115958,0.0
115959,3.0
115961,2.0
115962,2.0
115970,0.0
115971,2.0
115972,0.0
115973,1.0
115975,4.0
115977,6.5
115978,0.0
115983,4.0
115986,4.0
115987,4.5
115988,4.0
115992,6.0
115996,1.5
115998,2.0
116001,4.666666666666667
116005,5.25
116006,5.5
116019,6.0
116025,3.0
116027,1.3333333333333333
116030,2.0
116032,3.0
116035,2.0
116037,1.0
116044,1.0
116048,2.5
116051,3.5
116052,1.0
116053,2.0
116054,0.0
116056,3.6666666666666665
116059,5.0
116064,2.0
116072,2.6666666666666665
116073,2.0
116074,3.0
116075,0.0
116085,3.0
116087,1.0
116093,6.0
116094,1.0
116098,6.0
116100,3.0
116101,3.5
116108,2.0
116109,1.0
116120,2.5
116121,0.0
116128,0.0
116130,0.0
116131,1.0
116132,7.0
116133,8.5
116135,2.0
116137,1.0
116139,4.5
116140,3.0
116142,1.0
116143,3.25
116144,1.0
116145,1.0
116147,2.6666666666666665
116149,3.0
116150,2.0
116157,2.0
116159,0.0
116163,2.0
116165,4.0
116166,0.0
116167,1.0
116169,0.0
116170,1.0
116172,1.0
116175,1.0
116180,2.0
116182,1.0
116183,1.0
116184,4.0
116185,4.0
116189,2.0
116192,2.0
116197,4.333333333333333
116199,6.5
116202,0.0
116211,3.0
116212,1.6666666666666667
116215,0.0
116220,1.5
116221,1.0
116227,1.3333333333333333
116229,2.5
116233,3.5
116234,5.5
116237,1.0
116242,4.0
116244,3.0
116245,1.0
116247,2.0
116248,2.0
116250,2.0
116252,1.6666666666666667
116253,2.0
116256,0.0
116257,4.0
116258,2.5
116259,5.0
116261,2.0
116266,1.0
116269,1.6666666666666667
116271,2.0
116283,1.3333333333333333
116284,3.0
116286,0.0
116287,2.3333333333333335
116290,1.5
116292,2.0
116295,2.0
116298,1.0
116299,1.5
116307,0.0
116318,3.0
116319,0.0
116322,1.6666666666666667
116325,1.0
116331,0.0
116333,3.0
116336,2.0
116341,2.0
116344,3.0
116345,1.0
116351,1.0
116352,3.0
116355,2.0
116359,3.0
116360,2.6666666666666665
116363,2.3333333333333335
116365,1.0
116368,0.0
116369,4.5
116370,3.0
116372,1.0
116379,3.3333333333333335
116382,0.0
116384,2.0
116387,1.6666666666666667
116390,1.5
116395,2.0
116397,0.0
116401,4.0
116406,0.0
116411,1.5
116413,1.0
116419,2.0
116430,0.0
116433,4.0
116436,1.5
116440,1.3333333333333333
116443,2.5
116444,2.6666666666666665
116445,2.0
116447,4.0
116449,4.0
116455,3.0
116457,1.6666666666666667
116459,7.0
116461,1.0
116462,1.0
116467,0.0
116468,8.0
116474,2.5
116476,3.0
116478,0.0
116480,1.4
116481,1.6666666666666667
116483,2.3333333333333335
116486,3.0
116490,4.0
116498,4.0
116499,1.0
116500,3.0
116501,4.0
116509,3.0
116510,1.0
116512,2.0
116515,3.5
116516,1.3333333333333333
116517,1.5
116518,1.0
116523,1.5
116525,1.0
116529,2.0
116530,2.0
116534,3.0
116536,1.0
116538,0.0
116542,1.5
116544,1.3333333333333333
116551,1.0
116552,1.5
116558,2.5
116559,0.0
116563,1.0
116567,4.5
116572,1.6666666666666667
116573,1.5
116578,8.0
116583,2.0
116584,0.0
116586,1.0
116589,5.5
116594,1.5
116597,1.0
116601,2.5
116607,0.0
116611,1.5
116617,1.0
116618,1.0
116620,3.5
116622,1.0
116623,2.0
116629,2.5
116633,5.5
116634,2.0
116637,1.5
116650,0.0
116653,1.5
116656,1.0
116660,0.0
116661,1.0
116664,0.0
116665,2.0
116676,1.0
116677,4.0
116679,1.0
116680,3.0
116688,2.0
116690,2.0
116693,1.0
116699,2.5
116704,5.0
116705,3.5
116708,2.0
116709,2.0
116713,1.0
116714,1.5
116715,2.3333333333333335
116717,4.0
116718,3.6666666666666665
116722,1.5
116724,0.0
116725,1.0
116734,7.0
116735,4.5
116736,4.5
116740,0.0
116742,1.0
116749,3.5
116755,1.6666666666666667
116758,0.0
116761,5.5
116762,1.5
116766,0.0
116768,1.0
116771,3.0
116773,0.0
116775,2.0
116776,3.6666666666666665
116778,2.0
116779,1.0
116782,0.0
116785,0.0
116789,2.0
116791,1.5
116792,1.6666666666666667
116794,2.0
116796,2.0
116800,1.5
116804,5.0
116806,2.0
116808,2.0
116812,3.0
116813,5.0
116817,1.6666666666666667
116818,1.0
116821,2.3333333333333335
116823,5.0
116830,1.0
116832,2.0
116834,4.0
116842,5.333333333333333
116843,2.0
116845,2.5
116850,2.0
116851,3.5
116852,3.5
116853,3.3333333333333335
116858,1.5
116862,6.0
116863,2.0
116865,1.75
116869,4.0
116870,1.0
116871,3.5
116873,3.0
116880,2.0
116885,0.0
116886,3.0
116891,1.0
116895,1.0
116896,5.0
116897,0.0
116899,1.0
116900,1.0
116902,3.5
116905,1.0
116912,4.0
116913,2.5
116914,5.0
116915,5.0
116917,5.0
116918,4.5
116919,1.0
116922,0.0
116923,0.0
116929,0.0
116931,6.0
116938,3.0
116939,5.0
116940,5.0
116944,3.0
116945,1.0
116948,2.6666666666666665
116949,1.0
116953,3.5
116956,2.0
116957,2.0
116958,0.0
116963,2.0
116964,2.3333333333333335
116965,6.0
116966,2.3333333333333335
116967,2.6666666666666665
116968,8.0
116971,1.0
116973,2.0
116976,2.0
116979,0.0
116980,2.0
116982,7.0
116983,0.0
116984,1.0
116985,2.0
116987,0.0
116990,2.6666666666666665
116991,5.333333333333333
116992,5.333333333333333
117000,3.6666666666666665
117006,1.3333333333333333
117007,2.0
117008,0.0
117014,0.0
117016,2.0
117018,2.0
117020,3.5
117022,0.0
117024,3.0
117025,1.0
117027,2.0
117028,1.6666666666666667
117030,0.0
117031,0.0
117036,1.0
117040,1.0
117043,0.0
117044,1.0
117045,1.0
117056,1.5
117058,1.6666666666666667
117059,2.0
117061,1.0
117062,0.0
117064,2.0
117065,0.0
117066,2.5
117070,0.0
117075,3.3333333333333335
117076,1.0
117077,3.0
117079,1.5
117082,0.0
117084,2.0
117087,2.0
117091,1.5
117093,2.0
117095,5.333333333333333
117097,2.0
117098,0.0
117101,1.0
117102,1.0
117105,1.0
117106,3.0
117107,3.0
117108,1.0
117109,2.0
117110,0.0
117112,0.0
117114,1.0
117119,4.0
117120,0.0
117121,2.0
117123,5.0
117128,1.0
117132,2.5
117133,1.3333333333333333
117135,0.0
117136,1.0
117138,1.0
117152,4.5
117158,1.0
117163,2.0
117164,2.3333333333333335
117169,3.0
117171,3.5
117173,0.0
117179,7.0
117180,0.0
117186,1.0
117190,4.0
117195,2.0
117204,3.0
117208,4.0
117211,3.0
117212,1.0
117213,2.5
117217,1.5
117220,3.0
117225,4.0
117229,0.0
117231,0.0
117234,4.0
117237,1.5
117238,2.0
117243,2.5
117247,0.0
117250,1.0
117252,2.0
117254,2.3333333333333335
117256,1.3333333333333333
117260,5.0
117266,1.6666666666666667
117268,2.5
117269,1.0
117270,1.5
117271,1.0
117272,2.0
117276,0.0
117279,0.0
117280,0.0
117285,3.0
117286,4.0
117291,1.3333333333333333
117292,2.0
117293,3.0
117298,1.0
117307,4.0
117310,1.0
117313,0.0
117318,5.0
117320,0.0
117322,2.5
117326,3.0
117327,5.0
117338,2.0
117339,2.0
117340,3.0
117343,0.0
117344,0.0
117346,2.5
117351,2.25
117352,1.0
117353,3.5
117355,3.0
117359,6.0
117361,0.0
117363,2.0
117364,2.0
117368,1.0
117376,0.0
117377,0.0
117380,0.0
117383,7.0
117386,2.0
117389,1.0
117390,2.0
117391,3.0
117396,3.0
117402,4.0
117405,1.0
117408,1.5
117409,2.5
117414,1.0
117416,3.0
117420,13.0
117423,0.0
117424,0.0
117426,0.0
117428,0.0
117429,3.5
117430,5.5
117433,1.5
117439,0.0
117446,2.5
117451,1.5
117452,0.0
117455,1.0
117460,0.0
117463,4.0
117464,1.0
117478,1.5
117481,0.0
117484,1.0
117485,1.0
117486,1.0
117487,2.0
117488,0.0
117489,0.0
117490,1.0
117494,6.5
117497,1.5
117498,2.0
117501,3.0
117503,1.5
117505,2.0
117506,3.0
117511,1.0
117516,1.0
117518,4.0
117529,2.0
117531,2.0
117535,2.0
117536,0.0
117542,3.0
117544,2.6666666666666665
117545,3.5
117546,1.0
117547,0.0
117549,1.0
117550,0.0
117552,0.0
117554,3.0
117557,0.0
117558,1.0
117559,7.5
117560,3.0
117561,4.0
117567,1.0
117571,2.5
117574,3.0
117579,1.5
117584,1.0
117589,1.0
117591,4.0
117592,5.0
117595,1.5
117597,1.0
117600,1.0
117601,1.0
117614,1.0
117615,2.5
117616,5.333333333333333
117618,0.0
117619,2.0
117620,1.0
117623,2.0
117625,2.5
117632,2.5
117636,2.0
117637,2.0
117639,2.0
117640,3.0
117641,4.5
117643,1.0
117648,2.25
117651,2.0
117654,2.0
117668,12.0
117670,1.0
117675,2.5
117677,0.0
117681,2.0
117682,1.0
117683,1.0
117686,1.0
117691,3.0
117692,3.5
117694,0.0
117695,0.0
117697,3.2
117700,5.0
117710,1.0
117712,0.0
117714,0.0
117716,1.0
117718,1.6666666666666667
117719,1.0
117727,0.0
117728,2.5
117729,2.0
117730,0.0
117732,1.5
117733,6.0
117737,2.0
117738,1.5
117739,6.0
117742,3.5
117743,3.5
117746,1.0
117748,5.0
117752,1.5
117755,1.5
117756,3.0
117757,4.5
117762,2.5
117770,1.0
117775,4.5
117777,2.0
117780,0.0
117781,3.0
117783,3.5
117787,2.0
117791,5.0
117795,1.0
117796,1.0
117803,8.0
117804,9.0
117806,8.0
117808,1.5
117809,2.5
117810,4.666666666666667
117811,4.0
117812,3.0
117814,4.5
117816,1.0
117819,1.0
117828,4.0
117832,0.0
117834,0.0
117835,2.75
117838,2.0
117840,0.0
117841,2.5
117844,2.3333333333333335
117852,4.5
117854,0.0
117859,1.0
117861,1.5
117872,4.333333333333333
117874,0.0
117880,3.0
117881,0.0
117882,6.0
117885,3.5
117886,4.5
117892,4.0
117899,2.0
117901,1.0
117906,8.0
117908,4.0
117910,2.0
117914,5.0
117915,2.0
117916,3.0
117920,1.0
117921,0.0
117924,2.0
117925,2.3333333333333335
117929,1.0
117930,0.0
117932,2.0
117937,1.5
117938,2.5
117940,1.5
117942,2.5
117943,2.5
117945,3.5
117953,2.0
117957,2.5
117958,1.5
117963,5.0
117965,1.0
117967,1.5
117971,1.0
117975,1.0
117976,3.5
117978,4.5
117983,3.0
117987,3.0
117996,5.0
117997,3.0
118001,0.0
118008,1.0
118011,1.0
118017,3.5
118022,1.5
118027,0.0
118032,2.0
118034,1.5
118035,1.0
118037,3.0
118043,1.0
118045,2.5
118046,2.5
118048,1.0
118049,4.0
118052,11.0
118056,1.0
118057,0.0
118060,8.0
118062,1.0
118063,1.6666666666666667
118078,3.5
118081,0.0
118082,0.0
118094,5.0
118095,5.0
118096,1.0
118101,2.5
118116,1.5
118118,2.0
118125,1.0
118128,2.0
118136,1.5
118137,2.0
118140,2.5
118148,0.0
118151,6.0
118152,0.0
118153,6.0
118160,1.0
118161,1.0
118162,4.0
118163,0.0
118164,1.0
118166,2.5
118169,3.0
118171,1.5
118176,3.0
118177,2.5
118178,3.0
118181,1.0
118182,4.5
118183,4.5
118185,1.3333333333333333
118191,1.0
118194,2.0
118203,1.5
118207,1.0
118209,2.0
118212,4.0
118222,2.0
118224,2.0
118232,0.0
118235,1.0
118237,4.0
118239,4.0
118242,4.0
118243,2.0
118244,1.0
118245,1.5
118248,1.0
118251,6.0
118252,1.0
118262,1.5
118266,4.0
118271,2.0
118274,0.0
118276,3.0
118277,0.0
118285,0.0
118287,3.0
118291,5.0
118294,5.0
118295,0.0
118297,0.0
118299,2.0
118303,3.6666666666666665
118306,2.0
118307,4.0
118308,2.3333333333333335
118310,2.5
118313,1.0
118314,4.0
118315,3.5
118318,2.3333333333333335
118321,1.6666666666666667
118322,1.0
118328,2.0
118329,2.5
118341,1.5
118344,8.5
118349,0.0
118350,1.0
118351,2.0
118359,3.0
118379,2.0
118380,2.0
118383,1.5
118384,6.0
118387,4.0
118390,6.0
118391,4.0
118392,10.0
118393,0.0
118397,1.0
118400,1.0
118401,2.0
118404,2.0
118405,1.0
118409,4.5
118410,4.5
118412,4.0
118421,4.5
118425,0.0
118431,1.0
118433,2.0
118439,0.0
118440,2.5
118443,0.0
118445,0.0
118449,1.6666666666666667
118452,1.6666666666666667
118460,1.0
118466,0.0
118470,2.0
118473,3.5
118474,3.3333333333333335
118475,3.5
118481,3.5
118486,7.0
118487,2.0
118489,9.0
118493,3.5
118494,1.0
118496,1.5
118503,5.0
118504,3.0
118508,2.0
118509,2.5
118514,2.0
118515,1.3333333333333333
118519,0.0
118524,1.0
118525,0.0
118529,0.0
118530,0.0
118531,6.0
118533,1.0
118536,1.0
118539,1.0
118547,1.5
118555,1.0
118559,3.0
118568,2.6666666666666665
118575,3.5
118576,3.5
118577,1.0
118580,2.0
118581,2.0
118590,1.0
118591,2.5
118592,2.0
118593,3.0
118595,1.5
118598,6.0
118600,1.0
118603,1.0
118604,1.0
118606,2.0
118608,0.0
118609,2.0
118612,1.0
118617,2.0
118621,2.6666666666666665
118622,2.5
118624,0.0
118627,2.25
118629,2.25
118633,2.0
118637,2.6666666666666665
118641,3.5
118642,2.75
118648,3.0
118649,1.0
118651,1.0
118652,3.0
118664,1.0
118665,3.0
118668,1.6
118674,1.5
118676,4.0
118693,2.0
118697,1.0
118698,2.0
118700,2.0
118705,5.0
118715,1.0
118716,1.0
118721,0.0
118724,1.5
118727,3.0
118730,1.0
118734,5.0
118735,1.3333333333333333
118736,1.3333333333333333
118737,2.0
118742,2.0
118743,2.0
118744,2.0
118747,0.0
118748,3.5
118750,2.0
118752,6.5
118755,4.333333333333333
118757,1.25
118758,1.3333333333333333
118765,1.5
118769,2.0
118771,2.0
118772,2.0
118779,5.0
118781,3.5
118782,1.0
118783,1.0
118784,2.0
118785,1.0
118786,0.0
118796,2.5
118800,1.0
118804,3.5
118806,2.5
118807,3.0
118809,3.0
118810,3.5
118813,2.3333333333333335
118815,2.0
118818,3.0
118823,3.0
118824,3.0
118827,3.0
118828,3.0
118835,7.666666666666667
118836,3.6666666666666665
118838,2.0
118844,2.0
118845,2.0
118846,2.0
118847,0.0
118855,6.0
118859,1.0
118864,2.0
118865,1.0
118869,0.0
118872,0.0
118874,2.5
118877,2.5
118878,1.0
118880,3.0
118882,2.5
118888,0.0
118889,1.5
118892,4.0
118894,3.5
118895,5.0
118898,4.0
118900,2.0
118904,1.0
118906,3.0
118911,1.25
118912,3.5
118914,1.0
118917,3.5
118920,0.0
118922,1.0
118925,1.0
118928,4.0
118929,3.0
118930,5.0
118931,3.0
118935,0.0
118937,0.0
118939,0.0
118943,1.0
118946,1.5
118948,3.0
118950,1.0
118952,2.0
118954,2.0
118957,3.0
118959,2.0
118960,3.0
118962,2.0
118963,2.0
118971,3.6666666666666665
118972,1.6666666666666667
118977,2.0
118981,1.5
118984,2.0
118985,2.0
118987,2.0
118989,2.0
118993,1.5
118994,2.5
118995,3.0
118996,2.5
118998,2.6666666666666665
119000,2.0
119002,3.6666666666666665
119003,0.0
119007,1.6666666666666667
119009,3.0
119012,3.0
119014,1.3333333333333333
119022,5.0
119024,2.0
119025,2.5
119035,0.0
119036,0.0
119045,2.3333333333333335
119048,0.0
119054,3.0
119055,3.5
119056,1.3333333333333333
119057,1.5
119059,1.6666666666666667
119061,1.0
119062,2.0
119066,0.0
119067,1.5
119069,0.0
119071,2.5
119072,1.6666666666666667
119077,1.5
119081,1.0
119083,1.0
119086,1.0
119087,6.0
119088,4.0
119090,6.0
119091,6.333333333333333
119093,4.0
119094,1.5
119095,9.0
119096,2.0
119102,0.0
119103,1.0
119104,0.0
119108,3.5
119110,2.5
119112,2.0
119113,3.3333333333333335
119115,2.5
119116,0.0
119117,1.0
119121,0.0
119123,4.0
119124,1.5
119129,5.0
119132,3.75
119136,0.0
119144,1.0
119146,1.0
119148,5.0
119150,2.0
119154,2.0
119156,2.0
119159,1.0
119162,0.0
119163,2.5
119168,0.0
119174,0.0
119175,1.0
119176,1.3333333333333333
119177,1.0
119181,0.0
119183,0.0
119190,6.0
119193,1.6666666666666667
119195,1.0
119196,1.0
119200,1.0
119209,0.0
119213,1.5
119214,0.0
119216,8.0
119218,2.0
119220,5.0
119226,2.0
119227,1.5
119228,0.0
119229,3.0
119230,2.0
119235,2.0
119236,2.0
119237,1.5
119241,1.3333333333333333
119242,5.0
119245,4.0
119247,2.0
119252,4.0
119253,1.5
119256,2.0
119262,1.0
119265,12.5
119273,2.0
119275,1.0
119277,1.0
119284,2.0
119285,1.5
119287,1.0
119289,1.0
119292,1.0
119293,1.5
119294,5.0
119295,0.0
119298,5.0
119304,2.0
119305,3.0
119311,3.5
119314,7.0
119315,2.6666666666666665
119316,2.3333333333333335
119318,0.0
119324,2.0
119326,1.5
119331,4.666666666666667
119332,3.75
119340,2.0
119344,2.0
119346,2.0
119350,2.0
119351,6.5
119352,0.0
119354,3.0
119357,1.6666666666666667
119358,1.0
119362,2.0
119366,2.5
119369,3.0
119371,2.0
119372,2.6666666666666665
119373,4.0
119375,2.0
119382,1.0
119385,1.0
119387,0.0
119389,5.5
119390,5.666666666666667
119395,0.0
119399,1.0
119403,1.0
119404,4.5
119407,3.5
119408,3.0
119409,1.0
119411,2.0
119417,2.5
119420,2.5
119421,0.0
119424,0.0
119428,6.0
119432,1.0
119433,1.0
119434,4.0
119437,1.0
119439,1.0
119440,2.5
119441,1.5
119443,1.5
119444,0.0
119449,0.0
119450,2.0
119455,1.5
119458,2.6666666666666665
119459,2.0
119461,3.0
119464,3.0
119466,2.0
119475,5.0
119476,3.0
119478,2.0
119480,2.0
119481,2.0
119485,1.0
119486,0.0
119487,3.0
119488,3.0
119489,1.0
119492,3.0
119497,2.6666666666666665
119501,1.0
119502,0.0
119505,4.666666666666667
119506,3.0
119512,1.0
119516,4.0
119517,4.0
119519,2.0
119523,2.5
119527,2.3333333333333335
119528,3.0
119531,0.0
119536,0.0
119539,2.0
119541,1.0
119542,0.0
119543,5.0
119544,2.0
119546,3.0
119549,0.0
119550,1.5
119551,1.5
119553,1.0
119557,0.0
119561,1.0
119565,3.6666666666666665
119568,2.5
119569,2.0
119571,1.0
119572,1.0
119573,0.0
119574,2.0
119584,1.0
119590,3.0
119591,2.0
119593,0.0
119599,1.0
119601,2.0
119602,1.0
119604,2.5
119607,0.0
119608,2.6666666666666665
119617,2.5
119618,0.0
119620,1.0
119622,1.0
119626,2.0
119627,2.0
119635,3.5
119637,2.0
119640,4.0
119643,1.5
119644,1.6666666666666667
119645,2.0
119651,3.5
119652,3.5
119653,1.0
119657,5.5
119659,5.5
119660,5.5
119663,0.0
119664,2.0
119667,4.0
119668,6.0
119674,1.0
119675,1.0
119680,0.0
119682,2.6666666666666665
119686,5.0
119687,2.5
119688,0.0
119689,1.0
119691,1.75
119696,1.0
119697,1.5
119698,2.5
119699,2.0
119700,2.0
119705,1.0
119709,1.0
119712,0.0
119714,4.0
119715,1.5
119719,2.5
119721,2.0
119730,2.0
119733,0.0
119736,4.5
119741,3.0
119742,1.5
119743,0.0
119745,2.0
119746,1.5
119750,0.0
119752,3.0
119753,3.0
119755,1.5
119760,3.0
119761,3.0
119767,2.5
119768,2.5
119769,1.6666666666666667
119772,2.0
119775,3.0
119779,2.0
119780,2.0
119781,2.0
119784,1.0
119786,1.0
119795,5.0
119797,6.0
119798,4.5
119799,5.5
119801,2.0
119804,3.0
119806,1.0
119819,2.0
119820,2.0
119823,2.0
119829,9.0
119831,3.5
119832,1.0
119837,6.0
119842,1.0
119845,5.0
119848,3.6666666666666665
119850,2.0
119852,2.0
119853,1.6666666666666667
119854,1.0
119856,1.0
119859,3.5
119860,2.6666666666666665
119861,0.0
119864,5.0
119868,1.0
119869,1.0
119874,4.0
119876,0.0
119878,3.5
119883,1.5
119886,2.0
119887,2.0
119894,0.0
119896,7.0
119899,0.0
119902,0.0
119906,2.5
119909,5.0
119913,0.0
119916,0.0
119917,1.5
119922,2.0
119925,0.0
119929,1.5
119935,1.0
119936,1.0
119941,1.0
119942,3.5
119943,5.0
119948,2.0
119950,0.0
119951,2.0
119953,0.0
119955,4.0
119957,2.6666666666666665
119960,3.5
119963,2.3333333333333335
119964,1.0
119965,2.0
119966,1.0
119968,1.0
119969,1.0
119971,0.0
119974,2.5
119976,1.0
119982,0.0
119983,4.0
119986,1.0
119987,1.0
119989,3.5
119992,1.5
119995,1.0
119999,0.0
120005,2.0
120009,2.3333333333333335
120012,4.0
120014,2.0
120023,1.0
120024,2.0
120025,1.5
120028,3.0
120034,1.0
120035,0.0
120036,1.0
120046,1.0
120047,2.0
120048,2.0
120049,1.0
120054,1.5
120055,4.666666666666667
120063,0.0
120064,2.0
120065,0.0
120066,1.5
120067,1.0
120069,3.0
120077,1.5
120078,0.0
120080,2.0
120082,2.0
120086,2.0
120088,1.0
120091,2.0
120092,1.5
120093,1.3333333333333333
120094,2.0
120099,2.5
120100,2.0
120105,2.5
120109,1.5
120110,2.0
120111,1.0
120116,2.1666666666666665
120117,1.0
120119,4.5
120120,1.0
120125,0.0
120126,1.5
120136,2.0
120143,2.0
120146,1.5
120148,0.0
120149,1.0
120152,1.0
120155,0.0
120159,1.0
120160,1.0
120162,2.0
120163,2.0
120164,2.0
120165,2.5
120168,3.0
120169,2.6666666666666665
120173,1.0
120178,0.0
120184,5.0
120187,3.0
120188,0.0
120189,3.0
120190,2.0
120193,1.0
120195,3.0
120200,0.0
120201,1.0
120207,9.0
120211,2.0
120217,5.0
120218,7.0
120220,2.0
120221,3.5
120222,3.0
120223,1.5
120226,1.3333333333333333
120229,5.666666666666667
120234,7.0
120238,4.0
120240,0.0
120242,9.0
120245,8.5
120248,2.0
120254,2.0
120256,2.0
120262,1.5
120265,0.0
120267,4.0
120270,5.0
120271,3.0
120274,3.0
120276,1.5
120277,3.5
120279,2.5
120282,2.4
120287,1.0
120288,1.5
120291,0.0
120296,6.5
120298,1.5
120299,5.0
120304,2.0
120305,2.0
120306,2.0
120307,4.0
120317,4.0
120318,4.0
120325,0.0
120327,5.0
120328,5.5
120329,1.6666666666666667
120341,3.0
120342,0.0
120345,2.5
120350,1.5
120351,2.5
120358,2.0
120360,4.0
120362,0.0
120364,1.0
120366,2.6666666666666665
120376,2.5
120381,1.0
120383,1.0
120384,2.0
120385,2.0
120394,1.0
120397,0.0
120401,2.0
120403,4.0
120406,2.5
120407,1.5
120409,2.0
120414,2.0
120419,4.0
120422,1.0
120424,1.0
120427,3.0
120429,2.5
120431,2.5
120432,6.0
120435,1.5
120438,2.0
120440,4.0
120444,1.0
120445,6.0
120451,1.0
120453,1.0
120455,1.0
120457,2.0
120461,5.0
120466,1.0
120467,1.0
120469,1.0
120472,4.0
120477,2.5
120483,2.0
120486,1.0
120487,1.0
120490,0.0
120493,4.0
120497,2.0
120501,0.0
120502,2.0
120504,2.0
120506,5.0
120512,2.0
120513,6.0
120515,0.0
120516,0.0
120520,0.0
120521,1.6666666666666667
120529,1.0
120530,1.0
120534,4.0
120537,4.0
120544,3.0
120549,3.0
120550,1.0
120552,2.0
120555,2.0
120556,7.5
120560,0.0
120564,1.0
120574,2.5
120577,4.0
120578,7.0
120580,2.0
120584,3.0
120592,1.0
120594,2.0
120596,1.6666666666666667
120598,2.0
120599,1.0
120601,0.0
120603,2.5
120607,1.3333333333333333
120608,1.5
120610,0.0
120614,3.0
120619,0.0
120621,3.0
120624,0.0
120627,2.0
120628,1.5
120631,4.5
120633,2.0
120635,2.0
120638,4.0
120640,2.0
120641,0.0
120644,0.0
120646,1.5
120649,1.0
120651,4.0
120654,0.0
120656,3.0
120661,4.5
120664,2.0
120665,2.0
120666,0.0
120667,4.0
120671,1.0
120672,2.0
120676,2.0
120680,0.0
120681,3.5
120685,4.5
120688,3.6666666666666665
120689,2.0
120702,0.0
120704,1.0
120707,0.0
120710,1.5
120718,1.0
120719,0.0
120721,4.0
120729,0.0
120730,8.0
120735,2.0
120744,1.0
120745,2.0
120751,6.5
120752,2.5
120753,0.0
120754,0.0
120758,2.0
120759,3.5
120766,0.0
120768,6.0
120775,3.0
120779,2.5
120780,2.6666666666666665
120781,1.5
120782,0.0
120783,0.0
120786,1.0
120788,3.6666666666666665
120794,0.0
120797,1.5
120799,4.0
120806,4.0
120807,2.6666666666666665
120813,3.0
120816,2.0
120817,1.0
120818,2.0
120822,4.0
120823,2.5
120826,2.5
120831,4.0
120833,4.0
120834,4.0
120835,4.0
120841,3.0
120842,2.0
120845,6.0
120846,2.0
120848,0.0
120849,0.0
120851,0.0
120854,1.0
120855,1.5
120858,3.5
120859,1.0
120860,2.0
120875,3.0
120876,4.0
120878,2.0
120880,0.0
120882,1.0
120883,2.0
120891,2.0
120896,6.0
120897,3.3333333333333335
120903,1.5
120914,3.3333333333333335
120915,3.3333333333333335
120923,0.0
120927,0.0
120928,1.3333333333333333
120934,0.0
120938,3.5
120940,1.5
120942,2.0
120946,0.0
120948,4.5
120950,2.6666666666666665
120954,2.0
120960,1.0
120961,3.25
120964,3.25
120968,0.0
120969,1.0
120972,5.666666666666667
120974,2.0
120976,1.5
120978,0.0
120981,4.5
120986,2.5
120988,3.0
120989,0.0
120991,2.0
120992,1.0
120993,2.0
120996,6.333333333333333
120997,4.666666666666667
121002,1.5
121012,6.0
121014,0.0
121018,3.0
121022,1.0
121027,1.0
121029,0.0
121031,2.0
121033,0.0
121034,1.3333333333333333
121035,2.0
121036,0.0
121038,3.0
121041,1.0
121049,2.0
121050,2.0
121054,1.3333333333333333
121057,2.0
121059,0.0
121060,0.0
121062,2.0
121063,1.5
121064,2.0
121068,1.0
121069,3.0
121071,3.0
121072,2.0
121077,1.5
121078,5.5
121079,9.0
121086,0.0
121087,1.0
121092,1.6666666666666667
121095,2.0
121096,4.0
121097,4.0
121099,5.0
121105,3.0
121108,2.0
121112,2.0
121113,1.5
121116,1.6666666666666667
121119,1.6666666666666667
121124,1.5
121128,2.0
121129,0.0
121137,1.5
121139,2.3333333333333335
121141,7.0
121143,1.0
121150,2.0
121156,1.0
121159,0.0
121164,3.0
121165,5.0
121166,3.3333333333333335
121168,4.75
121169,5.75
121170,1.0
121191,1.0
121192,1.0
121199,9.0
121200,3.0
121209,0.0
121213,1.0
121214,1.0
121215,2.0
121219,3.25
121222,3.0
121225,6.0
121227,5.5
121231,4.333333333333333
121232,1.5
121236,0.0
121244,1.0
121248,0.0
121251,0.0
121252,3.0
121253,4.0
121255,1.0
121258,0.0
121259,2.0
121264,3.0
121265,2.6666666666666665
121266,2.0
121267,3.0
121269,3.3333333333333335
121274,2.0
121275,4.0
121278,2.0
121279,2.5
121280,2.5
121281,1.5
121289,2.6666666666666665
121292,1.0
121295,0.0
121298,2.0
121301,1.0
121311,2.0
121315,1.0
121320,1.5
121323,0.0
121324,3.0
121326,1.0
121328,1.0
121330,6.0
121333,1.0
121336,2.0
121337,0.0
121340,0.0
121347,2.0
121352,3.0
121355,1.5
121356,2.0
121358,2.0
121359,3.0
121371,2.0
121373,1.0
121374,1.0
121375,1.0
121376,1.0
121380,2.0
121382,3.5
121383,3.5
121384,3.5
121385,0.0
121391,1.0
121395,0.0
121396,3.0
121402,1.6666666666666667
121404,0.0
121413,0.0
121415,3.0
121416,1.0
121417,3.0
121419,2.6666666666666665
121421,1.0
121424,2.5
121429,0.0
121434,3.3333333333333335
121437,1.0
121439,3.0
121440,2.0
121442,4.666666666666667
121443,4.0
121444,1.0
121445,1.0
121446,0.0
121453,3.0
121454,2.0
121457,3.5
121460,0.0
121466,3.5
121469,4.666666666666667
121470,2.5
121475,1.0
121478,0.0
121482,2.0
121484,1.0
121486,3.5
121494,3.0
121495,4.0
121502,0.0
121503,0.0
121504,4.5
121513,4.75
121514,5.5
121516,4.666666666666667
121517,1.0
121521,4.5
121527,8.0
121529,1.3333333333333333
121530,1.0
121531,3.0
121534,6.666666666666667
121535,0.0
121536,6.0
121538,1.0
121546,1.0
121547,2.25
121548,0.0
121553,1.0
121555,2.0
121557,1.5
121558,1.5
121559,1.0
121561,4.0
121563,1.0
121564,1.6666666666666667
121565,1.3333333333333333
121567,4.5
121568,2.0
121570,3.0
121571,1.0
121575,1.0
121576,1.0
121580,2.5
121582,4.0
121584,1.0
121595,2.0
121597,2.0
121598,1.0
121599,3.0
121602,0.0
121603,0.0
121616,1.0
121621,0.0
121622,1.0
121626,2.0
121627,3.0
121637,2.0
121639,2.0
121641,1.0
121643,1.0
121645,1.0
121648,3.0
121650,3.0
121652,1.0
121654,1.0
121659,1.0
121662,1.0
121663,2.75
121666,1.0
121667,1.5
121675,4.5
121687,4.0
121688,1.5
121689,2.0
121692,1.0
121694,0.0
121695,2.0
121697,2.0
121698,1.5
121715,2.0
121718,7.0
121719,4.0
121720,2.5
121722,2.3333333333333335
121724,2.3333333333333335
121726,3.5
121733,1.25
121735,1.5
121736,1.0
121738,4.5
121742,3.0
121744,1.0
121746,1.0
121750,3.0
121756,1.6666666666666667
121762,0.0
121764,5.0
121772,2.0
121773,4.0
121780,1.0
121781,1.0
121782,1.0
121784,0.0
121787,3.0
121789,0.0
121793,2.0
121794,1.0
121796,0.0
121798,0.0
121803,3.0
121804,2.0
121809,3.0
121810,5.0
121811,3.5
121813,2.3333333333333335
121814,2.0
121815,7.0
121819,4.0
121820,4.0
121823,0.0
121825,1.0
121826,0.0
121830,1.5
121831,1.6666666666666667
121834,1.0
121836,3.0
121837,4.0
121844,4.5
121845,4.0
121846,4.5
121853,2.0
121857,4.0
121858,5.0
121861,1.0
121863,10.0
121866,3.0
121869,0.0
121871,1.5
121875,2.0
121876,3.0
121878,1.0
121879,1.0
121881,2.5
121882,1.0
121883,1.0
121884,3.0
121885,4.0
121886,2.3333333333333335
121888,2.0
121892,7.5
121897,2.0
121899,2.0
121901,2.5
121904,2.0
121907,3.0
121909,3.0
121910,2.0
121915,1.0
121919,0.0
121921,0.0
121927,0.0
121933,2.0
121940,5.0
121945,4.0
121946,2.0
121951,1.5
121953,3.3333333333333335
121954,2.0
121961,2.0
121969,4.0
121973,1.25
121975,3.6666666666666665
121976,3.0
121983,3.5
121985,2.0
121988,1.6666666666666667
121992,2.3333333333333335
121994,1.0
122000,4.333333333333333
122002,2.0
122004,1.0
122006,2.0
122007,2.3333333333333335
122008,1.0
122012,3.0
122014,2.5
122016,0.0
122017,2.0
122018,2.5
122021,1.0
122023,0.0
122026,2.0
122027,2.0
122030,3.0
122032,1.0
122034,4.333333333333333
122036,4.0
122043,3.0
122044,0.0
122045,4.0
122047,4.0
122048,0.0
122050,3.0
122052,2.25
122058,1.5
122068,3.0
122069,2.0
122070,3.6666666666666665
122073,2.0
122075,2.0
122088,2.0
122089,2.0
122093,2.0
122094,2.5
122102,1.0
122105,0.0
122106,0.0
122107,1.5
122108,2.6666666666666665
122110,1.5
122111,3.0
122113,0.0
122120,1.0
122122,2.5
122125,3.0
122128,3.5
122130,3.0
122131,4.0
122132,2.0
122137,2.0
122138,2.5
122139,2.0
122140,1.5
122143,6.5
122146,4.0
122147,1.0
122151,2.0
122156,2.0
122157,2.5
122158,2.0
122165,3.0
122168,3.0
122169,2.0
122175,5.0
122176,5.0
122177,2.5
122178,3.5
122179,1.0
122192,4.0
122196,2.0
122207,2.0
122225,4.0
122227,2.0
122235,1.0
122236,1.0
122239,2.0
122240,1.5
122241,1.3333333333333333
122242,5.5
122243,2.0
122248,1.0
122249,1.5
122250,5.0
122254,2.0
122255,1.0
122260,2.5
122266,2.0
122268,5.0
122272,4.5
122273,6.0
122277,0.0
122282,3.3333333333333335
122283,1.0
122285,1.5
122287,1.0
122293,3.3333333333333335
122294,2.5
122303,1.0
122304,2.5
122310,1.0
122311,2.0
122320,2.0
122325,1.0
122333,4.0
122334,4.0
122335,4.0
122337,3.0
122341,3.5
122342,4.0
122344,2.0
122345,4.0
122350,3.3333333333333335
122356,0.0
122357,0.0
122362,5.0
122367,2.0
122372,2.0
122374,2.0
122376,4.0
122378,3.5
122381,0.0
122384,1.0
122385,1.3333333333333333
122387,3.0
122389,4.0
122390,3.5
122392,5.5
122393,5.0
122396,2.5
122398,3.0
122404,0.0
122405,1.5
122406,7.5
122410,7.5
122412,3.5
122415,2.0
122416,3.0
122418,1.0
122422,2.5
122423,3.0
122426,2.0
122432,0.0
122437,1.0
122439,1.0
122442,2.0
122443,0.0
122444,1.6666666666666667
122445,2.0
122448,0.0
122452,6.0
122454,4.0
122458,2.6666666666666665
122459,0.0
122460,1.0
122468,5.0
122469,2.5
122471,4.0
122479,1.6666666666666667
122480,1.3333333333333333
122481,0.0
122485,5.0
122490,1.3333333333333333
122491,2.0
122492,1.3333333333333333
122493,1.5
122494,1.5
122496,0.0
122499,1.5
122502,2.0
122506,8.333333333333334
122512,0.0
122513,5.0
122517,1.0
122521,2.0
122522,4.5
122525,2.5
122526,2.0
122529,2.0
122530,0.0
122536,0.0
122539,2.0
122548,2.0
122550,4.5
122551,3.0
122554,2.5
122556,3.0
122568,7.0
122569,3.0
122574,3.5
122584,0.0
122593,3.0
122594,2.0
122596,1.0
122599,1.0
122603,0.0
122607,5.0
122608,7.0
122610,4.0
122620,13.0
122624,1.5
122625,0.0
122627,2.5
122634,1.0
122638,1.0
122640,1.6666666666666667
122644,2.0
122645,3.0
122649,0.0
122651,2.3333333333333335
122653,3.0
122654,1.5
122656,1.5
122660,3.0
122661,0.0
122662,4.5
122666,2.0
122668,2.0
122670,11.0
122672,1.0
122673,0.0
122674,6.0
122675,1.0
122681,2.0
122684,4.0
122690,0.0
122701,1.0
122703,0.0
122706,3.0
122708,2.0
122712,5.333333333333333
122717,3.0
122718,2.0
122724,1.0
122726,1.5
122729,1.5
122731,3.0
122743,1.6666666666666667
122744,3.5
122749,1.3333333333333333
122767,5.5
122770,0.0
122773,0.0
122779,0.0
122785,2.0
122790,1.0
122795,1.0
122814,2.0
122815,5.0
122816,4.666666666666667
122818,0.0
122819,2.0
122821,2.25
122823,2.25
122826,2.4
122827,2.6666666666666665
122828,3.0
122829,3.0
122830,2.0
122831,2.0
122832,7.0
122835,7.0
122837,1.5
122840,1.0
122843,4.0
122844,4.0
122846,1.0
122848,1.6666666666666667
122849,0.0
122851,0.0
122859,3.0
122860,0.0
122864,7.0
122877,3.0
122879,0.0
122881,3.0
122885,1.6666666666666667
122888,2.0
122889,2.0
122890,2.0
122891,1.6666666666666667
122892,3.0
122894,1.0
122896,3.5
122897,3.0
122900,4.333333333333333
122902,1.0
122904,1.0
122906,2.0
122909,3.0
122911,1.0
122913,2.5
122915,5.0
122916,0.0
122921,0.0
122925,3.0
122927,0.0
122930,1.0
122931,1.0
122934,1.6666666666666667
122937,1.75
122938,2.0
122948,2.0
122949,2.0
122953,0.0
122956,4.0
122957,6.5
122958,2.0
122959,2.0
122962,2.0
122963,1.0
122971,1.5
122974,5.5
122976,1.6666666666666667
122980,0.0
122981,1.0
122992,0.0
123006,3.0
123007,2.0
123011,1.0
123013,1.0
123018,4.0
123021,2.0
123022,2.0
123023,1.5
123024,1.0
123026,0.0
123027,3.5
123031,1.0
123032,5.333333333333333
123034,1.5
123039,6.0
123041,2.0
123043,1.0
123045,3.0
123046,3.0
123048,2.0
123050,5.0
123053,3.0
123061,3.0
123064,2.0
123065,2.0
123070,2.0
123071,4.0
123072,4.0
123073,3.0
123074,1.0
123075,2.5
123081,3.0
123087,0.0
123090,6.0
123092,6.0
123104,1.0
123105,1.0
123106,0.0
123107,0.0
123111,1.0
123114,1.0
123115,1.0
123118,1.5
123121,1.5
123122,1.5
123124,1.5
123126,8.0
123128,1.6666666666666667
123129,2.0
123131,2.0
123134,4.5
123136,2.25
123137,0.0
123139,2.0
123142,4.0
123144,3.5
123148,3.0
123150,2.0
123153,0.0
123161,3.0
123167,2.5
123169,2.5
123172,4.0
123178,3.0
123184,0.0
123187,1.5
123188,0.0
123189,5.5
123191,4.0
123193,5.0
123194,4.0
123197,3.0
123202,1.0
123206,1.25
123213,0.0
123215,2.0
123216,3.0
123217,1.0
123219,0.0
123222,1.0
123225,1.5
123227,2.0
123229,3.0
123231,7.0
123233,2.0
123234,1.5
123235,1.0
123237,6.0
123240,3.0
123241,3.0
123242,8.0
123249,1.0
123250,0.0
123254,1.5
123255,1.0
123258,1.5
123259,1.5
123261,1.5
123262,1.5
123268,2.0
123271,3.5
123273,3.0
123275,2.0
123277,2.0
123278,0.0
123284,2.0
123293,1.0
123294,1.0
123295,1.5
123297,1.0
123300,1.0
123302,2.0
123306,2.0
123309,1.0
123311,3.0
123312,3.0
123313,2.0
123315,1.5
123316,4.0
123319,3.25
123321,3.6666666666666665
123326,1.0
123335,4.0
123339,2.6666666666666665
123341,1.5
123345,1.0
123346,2.0
123348,1.0
123349,3.0
123350,0.0
123354,3.0
123358,2.0
123359,1.0
123365,1.0
123366,2.0
123368,2.0
123369,3.0
123370,2.0
123373,8.0
123374,1.5
123379,1.5
123380,1.5
123383,3.0
123386,3.0
123392,0.0
123394,0.0
123401,1.0
123411,1.0
123414,4.0
123420,0.0
123421,8.5
123424,1.5
123425,2.0
123427,0.0
123431,4.5
123434,4.5
123437,3.0
123441,3.5
123442,1.0
123447,1.0
123449,1.0
123453,0.0
123454,2.5
123456,0.0
123462,0.0
123477,1.5
123478,1.6666666666666667
123481,0.0
123485,4.0
123486,4.0
123487,3.0
123490,2.0
123491,3.0
123493,1.0
123495,1.0
123498,2.5
123499,3.0
123506,1.5
123507,0.0
123511,0.0
123513,1.6666666666666667
123514,2.0
123519,1.3333333333333333
123520,0.0
123523,3.0
123526,1.0
123528,1.5
123533,1.0
123538,3.0
123541,3.0
123542,3.0
123546,1.0
123548,3.5
123549,5.0
123550,3.5
123554,1.0
123556,3.5
123558,1.0
123559,1.0
123563,0.0
123566,3.0
123567,1.0
123569,1.5
123577,0.0
123578,0.0
123579,2.0
123584,4.5
123585,7.0
123587,2.5
123589,4.0
123595,0.0
123596,4.0
123597,1.0
123598,2.0
123599,2.0
123605,1.0
123606,1.0
123610,3.0
123614,6.0
123618,3.0
123619,1.3333333333333333
123621,1.0
123627,0.0
123628,0.0
123631,0.0
123632,1.5
123635,4.0
123638,4.5
123642,2.3333333333333335
123643,0.0
123645,1.5
123649,1.0
123653,4.5
123656,4.5
123663,0.0
123665,1.5
123673,0.0
123676,0.0
123678,0.0
123679,2.75
123680,1.5
123687,1.5
123688,1.5
123689,3.5
123691,2.5
123697,3.0
123698,0.0
123701,0.0
123702,0.0
123703,1.5
123704,1.5
123706,2.5
123707,4.0
123711,0.0
123719,3.0
123725,8.0
123727,0.0
123729,1.5
123730,1.5
123735,4.0
123737,4.0
123739,0.0
123741,1.5
123745,2.0
123746,4.0
123753,1.5
123755,1.5
123756,2.0
123760,1.0
123764,1.5
123765,1.0
123769,3.0
123771,1.5
123776,2.5
123781,0.0
123782,3.0
123784,3.0
123785,0.0
123788,3.0
123793,1.5
123796,1.0
123798,1.0
123803,1.0
123805,2.0
123807,0.0
123808,2.0
123810,0.0
123811,3.0
123812,2.5
123813,1.0
123818,0.0
123824,1.5
123832,1.5
123833,2.5
123835,3.0
123837,3.0
123840,2.0
123845,2.5
123847,1.0
123851,2.0
123852,2.0
123854,1.0
123856,0.0
123857,1.0
123858,1.0
123863,2.0
123867,6.0
123868,1.0
123871,3.0
123874,3.0
123876,4.0
123877,1.5
123885,2.0
123887,0.0
123892,2.5
123896,0.0
123897,0.0
123900,4.5
123909,6.0
123917,1.0
123919,1.0
123922,1.0
123926,1.0
123930,0.0
123931,2.0
123934,3.0
123938,2.5
123939,3.0
123942,6.5
123945,5.0
123950,4.0
123951,1.0
123956,2.5
123959,8.0
123960,5.5
123961,2.0
123964,11.0
123965,6.0
123966,11.0
123967,4.666666666666667
123976,1.0
123979,2.0
123980,2.0
123990,0.0
124000,2.6666666666666665
124003,3.0
124006,3.0
124015,0.0
124016,2.0
124018,4.0
124019,4.5
124023,3.0
124025,7.0
124027,1.0
124030,1.6666666666666667
124034,2.0
124040,2.0
124041,4.0
124043,3.5
124044,1.6666666666666667
124045,1.0
124046,6.0
124047,1.0
124051,0.0
124052,2.3333333333333335
124058,3.0
124061,4.5
124068,4.0
124069,5.0
124070,3.0
124072,3.0
124073,2.0
124074,1.0
124075,1.0
124076,0.0
124084,0.0
124087,1.0
124089,4.0
124090,2.5
124094,2.0
124097,2.0
124101,2.0
124104,1.6666666666666667
124105,1.6666666666666667
124109,4.0
124110,0.0
124111,3.0
124117,3.0
124118,2.3333333333333335
124120,2.75
124122,4.5
124125,1.0
124126,1.0
124129,0.0
124131,3.0
124135,2.0
124136,4.0
124139,1.0
124143,1.0
124149,1.0
124151,1.0
124153,2.0
124155,3.0
124156,1.0
124157,1.0
124158,1.0
124159,1.0
124164,1.5
124167,0.0
124173,3.0
124174,1.0
124175,1.0
124184,8.0
124185,0.0
124193,4.0
124194,4.5
124199,2.0
124201,4.0
124202,0.0
124206,2.5
124211,2.0
124213,3.0
124219,1.0
124221,8.0
124227,3.0
124228,4.0
124235,1.0
124239,3.3333333333333335
124244,2.0
124246,1.5
124252,2.0
124253,4.0
124254,0.0
124256,4.0
124257,1.0
124258,1.0
124261,1.0
124262,2.5
124267,3.0
124270,2.0
124274,4.5
124275,5.0
124276,1.0
124278,1.0
124279,1.0
124280,7.0
124282,0.0
124285,0.0
124290,1.0
124292,0.0
124302,0.0
124307,3.0
124308,1.0
124309,10.0
124310,2.0
124315,6.5
124316,3.0
124320,3.5
124321,1.0
124322,3.0
124324,5.0
124328,0.0
124329,8.0
124330,2.0
124331,3.5
124336,1.0
124339,2.0
124344,1.0
124348,0.0
124352,0.0
124354,2.5
124356,4.0
124364,0.0
124365,0.0
124366,3.0
124369,5.0
124377,0.0
124381,3.6666666666666665
124383,1.0
124384,1.0
124385,2.3333333333333335
124387,2.3333333333333335
124389,1.75
124404,0.0
124406,0.0
124411,3.0
124413,1.3333333333333333
124414,2.5
124415,2.0
124416,1.0
124417,3.0
124418,2.5
124419,2.0
124420,3.0
124424,1.75
124426,2.0
124432,2.0
124435,1.0
124438,3.0
124441,2.0
124443,2.5
124449,2.6666666666666665
124453,1.0
124462,3.0
124465,3.6666666666666665
124467,3.0
124473,3.3333333333333335
124474,2.0
124477,2.5
124480,4.666666666666667
124481,2.5
124482,4.666666666666667
124485,4.0
124490,2.5
124492,2.5
124493,2.5
124494,0.0
124498,1.0
124499,1.0
124500,1.5
124502,0.0
124504,3.0
124510,2.0
124511,4.0
124517,1.0
124519,0.0
124523,2.3333333333333335
124524,2.0
124526,1.5
124530,2.0
124533,0.0
124534,5.5
124537,2.3333333333333335
124538,3.0
124539,4.5
124540,0.0
124551,0.0
124552,3.5
124553,3.0
124557,0.0
124558,1.0
124559,1.0
124569,1.6666666666666667
124570,1.5
124573,3.0
124574,0.0
124579,3.0
124580,1.0
124584,0.0
124589,2.5
124591,5.0
124593,1.0
124599,1.5
124602,4.0
124605,6.0
124610,1.0
124615,2.0
124619,1.0
124620,0.0
124621,1.0
124623,2.0
124624,3.0
124625,3.3333333333333335
124626,2.0
124629,7.5
124630,4.0
124631,1.0
124632,1.0
124633,1.0
124636,1.0
124637,1.0
124649,3.0
124653,2.0
124657,4.0
124661,2.5
124663,2.0
124664,5.0
124669,4.0
124671,5.5
124674,3.0
124675,5.5
124682,1.5
124684,4.0
124686,1.5
124693,2.5
124694,0.0
124697,5.5
124698,5.5
124699,5.0
124702,4.5
124704,0.0
124705,3.0
124710,0.0
124711,1.5
124712,1.0
124713,2.5
124720,1.0
124721,5.0
124722,2.0
124723,3.0
124724,2.0
124729,0.0
124730,3.0
124733,1.5
124736,2.0
124743,2.0
124744,5.0
124749,2.0
124750,2.5
124751,0.0
124752,1.0
124754,3.5
124756,2.0
124757,1.3333333333333333
124759,4.0
124767,2.0
124769,0.0
124772,1.5
124786,3.0
124787,3.5
124790,2.0
124792,1.0
124795,0.0
124796,1.5
124797,1.0
124798,4.5
124801,4.0
124805,3.25
124806,5.0
124807,2.0
124814,1.3333333333333333
124817,2.0
124820,1.0
124826,2.0
124831,4.0
124837,1.0
124838,1.0
124844,4.0
124845,5.0
124847,4.0
124850,1.0
124853,2.5
124854,1.0
124855,8.0
124861,2.5
124864,2.6666666666666665
124866,2.5
124868,1.0
124873,1.0
124875,1.0
124876,2.0
124879,1.0
124882,2.0
124888,0.0
124893,3.3333333333333335
124899,2.0
124902,1.0
124909,0.0
124913,1.0
124916,1.0
124918,5.0
124922,2.3333333333333335
124923,1.0
124928,4.0
124929,1.5
124933,2.0
124935,3.0
124938,1.5
124941,1.5
124943,4.5
124945,2.0
124951,3.0
124952,1.0
124955,3.5
124958,5.0
124961,1.0
124967,0.0
124969,4.0
124970,2.0
124971,3.0
124972,1.0
124975,0.0
124977,1.0
124983,2.5
124986,3.0
124991,6.5
124992,6.5
124993,4.5
124995,1.0
124997,0.0
125000,2.0
125001,2.0
125004,1.0
125005,4.0
125007,2.0
125009,3.6666666666666665
125013,3.5
125019,2.0
125021,3.0
125031,1.5
125032,2.0
125037,5.0
125041,2.5
125043,0.0
125050,2.0
125052,1.0
125054,0.0
125056,4.0
125060,2.0
125061,0.0
125065,3.0
125070,2.0
125084,1.0
125088,2.0
125091,4.0
125093,0.0
125097,7.0
125098,0.0
125104,1.0
125105,1.0
125107,0.0
125108,5.5
125109,5.5
125116,3.0
125117,4.666666666666667
125126,1.0
125128,4.0
125132,5.0
125133,3.5
125134,1.5
125135,1.5
125136,0.0
125137,0.0
125139,6.0
125146,2.0
125149,5.0
125151,4.5
125153,1.0
125154,1.5
125156,1.0
125157,6.0
125159,2.5
125160,1.5
125168,5.333333333333333
125169,6.5
125171,3.5
125172,6.0
125178,2.0
125180,2.0
125183,3.0
125185,2.0
125186,1.5
125188,2.6666666666666665
125190,1.0
125191,4.0
125197,2.0
125199,1.5
125200,0.0
125202,2.0
125203,2.3333333333333335
125204,2.0
125206,1.0
125209,4.0
125218,3.0
125219,0.0
125224,1.0
125227,1.0
125229,1.3333333333333333
125231,7.5
125232,5.5
125234,3.0
125235,4.0
125240,1.3333333333333333
125245,0.0
125249,1.6666666666666667
125251,1.0
125255,2.0
125256,4.0
125257,3.0
125258,0.0
125271,2.0
125277,1.5
125279,2.5
125282,2.0
125284,4.5
125285,6.0
125286,0.0
125288,5.0
125289,1.0
125290,1.0
125296,1.5
125298,1.0
125305,3.5
125307,3.0
125308,1.3333333333333333
125309,2.3333333333333335
125310,0.0
125311,0.0
125317,0.0
125320,4.333333333333333
125323,1.5
125325,0.0
125327,1.3333333333333333
125333,1.0
125335,1.5
125336,1.5
125343,2.3333333333333335
125352,0.0
125353,1.0
125358,1.5
125359,1.5
125361,3.0
125363,3.0
125371,4.0
125379,5.0
125380,9.0
125381,2.0
125383,1.0
125385,0.0
125386,6.0
125390,0.0
125391,0.0
125392,1.0
125394,1.75
125397,2.0
125398,2.0
125400,4.5
125401,2.3333333333333335
125406,2.0
125408,1.0
125409,1.0
125410,2.0
125412,2.3333333333333335
125413,1.0
125414,4.0
125419,1.6666666666666667
125421,2.0
125423,2.0
125427,3.3333333333333335
125429,3.5
125430,1.5
125435,2.3333333333333335
125437,0.0
125439,2.0
125440,0.0
125443,3.0
125445,3.3333333333333335
125447,0.0
125454,4.0
125465,1.5
125467,2.0
125468,7.5
125469,7.5
125470,3.5
125476,3.5
125477,1.5
125478,0.0
125480,2.5
125481,2.5
125482,0.0
125487,3.0
125488,2.5
125490,2.0
125491,0.0
125497,2.0
125498,2.0
125499,3.0
125500,1.0
125501,3.0
125504,1.0
125505,1.0
125506,1.0
125507,1.0
125509,1.0
125510,2.0
125511,1.0
125513,2.0
125514,1.0
125517,1.5
125520,2.3333333333333335
125521,2.5
125524,2.0
125526,2.0
125528,0.0
125529,1.0
125530,4.0
125532,4.0
125535,7.0
125536,2.0
125537,1.25
125538,3.5
125541,1.3333333333333333
125543,1.5
125545,2.0
125547,1.0
125549,1.0
125551,6.0
125553,1.0
125554,1.0
125558,3.0
125560,0.0
125561,2.0
125564,4.5
125565,3.0
125566,4.0
125570,2.0
125571,1.5
125573,8.5
125574,2.6666666666666665
125582,4.0
125585,3.5
125587,2.0
125590,3.0
125591,2.5
125592,2.5
125601,3.6666666666666665
125602,5.0
125603,1.0
125607,0.0
125608,2.0
125610,1.0
125614,3.5
125619,3.0
125620,1.0
125623,5.666666666666667
125625,5.666666666666667
125631,5.5
125634,0.0
125636,3.0
125637,3.6666666666666665
125639,2.0
125640,2.5
125642,0.0
125645,2.0
125646,2.0
125651,3.6666666666666665
125654,8.0
125658,1.5
125661,1.5
125663,3.0
125667,1.0
125669,3.0
125673,4.0
125677,1.5
125678,2.6666666666666665
125679,7.0
125682,5.0
125684,5.0
125686,2.0
125689,2.3333333333333335
125690,0.0
125692,0.0
125704,10.0
125707,1.0
125712,4.0
125713,3.25
125717,4.5
125720,4.0
125723,0.0
125727,1.0
125730,3.3333333333333335
125731,2.0
125732,2.0
125734,3.0
125735,2.6666666666666665
125737,3.0
125739,1.5
125741,2.0
125742,4.0
125746,1.5
125747,2.0
125749,2.0
125753,0.0
125754,5.0
125765,0.0
125767,0.0
125771,1.5
125773,0.0
125776,2.0
125783,2.0
125785,0.0
125786,2.0
125787,2.0
125792,4.0
125793,1.0
125795,2.0
125797,0.0
125799,1.0
125802,2.5
125808,2.0
125810,2.0
125811,2.3333333333333335
125812,0.0
125814,1.6666666666666667
125815,2.0
125823,1.5
125824,3.0
125830,0.0
125833,4.5
125836,6.0
125838,1.0
125839,0.0
125847,1.0
125848,1.0
125853,2.0
125854,1.5
125856,3.0
125858,5.0
125859,0.0
125861,0.0
125863,4.0
125871,1.0
125873,1.0
125876,1.0
125877,0.0
125879,1.2
125881,4.0
125884,1.0
125890,0.0
125892,5.75
125894,6.0
125895,8.0
125897,6.0
125899,0.0
125900,1.5
125909,3.0
125910,0.0
125914,3.25
125916,2.0
125917,3.0
125921,1.0
125929,5.0
125935,0.0
125939,4.0
125945,0.0
125947,1.5
125949,2.0
125950,1.0
125953,1.0
125963,1.0
125965,1.0
125967,1.5
125968,0.0
125969,3.5
125972,3.0
125974,1.3333333333333333
125976,3.0
125978,2.5
125980,1.0
125983,3.0
125984,2.0
125988,2.5
125992,3.0
125997,1.0
126000,1.3333333333333333
126002,2.0
126003,1.0
126007,1.0
126016,12.0
126019,0.0
126021,3.3333333333333335
126024,1.0
126026,0.0
126030,1.0
126031,0.0
126032,2.0
126045,6.0
126047,5.0
126049,3.0
126050,2.0
126051,1.5
126054,1.3333333333333333
126055,1.0
126056,0.0
126059,0.0
126061,2.75
126062,3.0
126066,0.0
126069,2.6666666666666665
126070,5.0
126073,5.666666666666667
126076,1.0
126082,0.0
126086,0.0
126096,8.0
126098,8.0
126100,8.0
126101,8.0
126102,8.0
126107,1.0
126109,1.3333333333333333
126114,1.0
126115,2.0
126117,1.5
126119,1.0
126121,2.0
126123,0.0
126124,2.0
126126,1.0
126128,3.6666666666666665
126134,0.0
126136,2.0
126140,1.0
126143,1.6666666666666667
126146,3.3333333333333335
126152,4.0
126154,4.0
126156,3.0
126157,1.5
126160,4.0
126168,2.0
126172,2.0
126174,4.0
126175,7.5
126176,3.0
126178,1.0
126181,1.5
126182,0.0
126183,0.0
126189,2.0
126190,2.3333333333333335
126191,1.0
126192,1.5
126195,1.5
126198,1.0
126201,0.0
126202,2.5
126204,2.0
126213,1.0
126216,1.5
126218,1.5
126219,1.0
126221,0.0
126226,4.0
126227,4.5
126228,2.3333333333333335
126233,0.0
126235,0.0
126236,2.5
126237,2.5
126239,1.0
126243,3.25
126244,4.0
126246,4.0
126250,2.0
126251,3.0
126252,2.0
126253,3.0
126254,2.3333333333333335
126255,1.0
126256,3.0
126258,1.0
126262,2.0
126265,5.0
126266,1.0
126267,2.3333333333333335
126270,2.0
126272,3.5
126273,1.0
126274,1.0
126275,2.0
126283,1.6666666666666667
126284,2.0
126285,3.0
126289,2.0
126290,0.0
126292,0.0
126299,2.0
126300,1.0
126314,5.0
126315,8.333333333333334
126319,1.5
126322,4.666666666666667
126326,0.0
126327,3.0
126329,5.0
126331,0.0
126335,3.0
126337,5.0
126343,1.0
126347,2.0
126350,0.0
126353,1.0
126354,3.5
126355,0.0
126356,1.6666666666666667
126359,0.0
126362,2.5
126364,1.0
126367,1.5
126369,3.0
126377,2.0
126381,1.3333333333333333
126382,0.0
126385,1.0
126386,1.5
126388,1.6666666666666667
126393,2.5
126394,3.5
126417,4.0
126420,3.5
126421,3.0
126429,2.0
126432,1.0
126434,1.0
126437,0.0
126439,2.0
126440,4.0
126441,4.0
126443,1.0
126445,3.0
126446,0.0
126447,1.5
126449,1.0
126453,3.0
126454,2.0
126459,1.5
126462,3.75
126469,1.0
126480,2.0
126481,4.0
126483,3.0
126488,1.0
126489,2.5
126490,2.5
126491,2.5
126494,3.0
126496,3.3333333333333335
126500,3.0
126501,3.0
126504,1.5
126507,1.0
126508,1.0
126509,1.0
126511,1.0
126513,1.0
126516,1.0
126521,1.0
126523,4.0
126524,4.0
126528,2.3333333333333335
126530,2.0
126533,0.0
126537,3.0
126543,1.0
126549,0.0
126553,2.5
126554,1.0
126557,2.0
126561,4.0
126562,2.5
126571,1.0
126576,2.3333333333333335
126578,0.0
126579,4.0
126580,0.0
126583,2.0
126585,2.0
126591,1.5
126594,1.0
126600,1.5
126601,1.6666666666666667
126602,2.0
126605,10.0
126606,2.6666666666666665
126607,1.0
126613,3.0
126614,1.0
126616,1.5
126617,0.0
126623,2.5
126624,3.0
126626,1.5
126628,3.0
126630,3.0
126635,2.5
126636,2.5
126640,1.0
126643,0.0
126645,0.0
126648,4.0
126649,1.0
126652,0.0
126653,1.0
126657,1.0
126661,1.0
126663,3.5
126670,1.0
126672,2.0
126678,2.5
126684,1.5
126686,0.0
126687,3.6666666666666665
126691,0.0
126693,2.0
126695,3.5
126702,0.0
126703,0.0
126704,0.0
126707,2.0
126708,3.0
126709,2.0
126711,2.0
126713,3.0
126714,0.0
126715,1.0
126719,0.0
126724,3.0
126726,7.5
126730,5.333333333333333
126735,3.0
126736,3.0
126737,2.5
126739,2.6666666666666665
126743,1.5
126745,5.0
126747,1.0
126755,5.0
126757,3.0
126758,4.0
126761,1.5
126767,0.0
126771,7.5
126773,5.5
126774,4.75
126776,1.0
126778,1.5
126780,1.5
126788,2.5
126795,2.3333333333333335
126799,3.0
126804,1.0
126805,2.0
126810,1.0
126814,1.0
126815,1.0
126817,1.0
126819,1.3333333333333333
126820,0.0
126821,2.0
126824,1.3333333333333333
126825,4.5
126829,1.6666666666666667
126835,1.0
126839,4.0
126841,3.0
126842,5.666666666666667
126846,1.0
126847,1.0
126850,0.0
126852,3.0
126854,1.0
126855,1.5
126856,1.5
126863,4.0
126866,0.0
126869,0.0
126871,0.0
126876,3.0
126881,3.0
126883,3.0
126884,1.0
126886,1.5
126887,2.0
126889,4.0
126890,1.5
126894,1.6666666666666667
126895,1.5
126896,1.5
126898,2.0
126899,3.0
126900,4.5
126903,9.5
126908,3.0
126911,2.0
126912,2.0
126917,3.2
126921,2.0
126932,1.0
126933,2.0
126937,1.0
126939,2.5
126941,2.5
126944,1.3333333333333333
126945,1.5
126947,4.5
126952,2.0
126955,1.5
126963,5.5
126964,3.5
126967,0.0
126968,0.0
126969,0.0
126970,5.0
126979,3.5
126980,2.0
126986,1.3333333333333333
126992,4.0
126993,2.5
127003,3.5
127005,5.0
127008,0.0
127010,3.0
127025,0.0
127030,4.0
127031,3.0
127033,1.0
127036,1.0
127037,1.0
127039,3.0
127040,3.0
127043,1.5
127044,4.5
127051,5.5
127055,4.0
127056,2.0
127063,0.0
127064,2.5
127067,3.6666666666666665
127070,5.0
127074,1.0
127080,1.0
127088,2.0
127089,2.0
127093,2.0
127094,1.6666666666666667
127096,1.0
127097,3.5
127098,3.5
127099,2.6666666666666665
127100,3.5
127101,5.0
127103,5.5
127104,6.5
127107,4.5
127110,1.3333333333333333
127112,1.5
127125,2.0
127126,0.0
127129,0.0
127130,4.0
127131,2.0
127132,3.0
127138,1.0
127140,1.5
127141,2.0
127145,3.0
127146,0.0
127148,2.0
127151,1.6666666666666667
127152,2.0
127153,3.0
127155,1.0
127160,4.5
127164,8.0
127166,2.0
127180,2.0
127181,2.0
127186,2.5
127188,3.5
127190,2.6666666666666665
127193,15.0
127208,4.333333333333333
127213,2.0
127214,3.0
127215,1.0
127219,1.0
127222,1.0
127223,5.333333333333333
127225,3.0
127227,1.0
127228,1.3333333333333333
127235,0.0
127237,3.0
127239,1.0
127245,4.0
127248,3.5
127250,2.5
127265,0.0
127266,3.0
127268,1.0
127269,1.0
127270,2.0
127274,4.0
127276,7.5
127279,3.0
127283,3.0
127285,4.5
127288,1.0
127292,5.0
127296,3.0
127305,4.5
127310,0.0
127312,1.0
127314,4.0
127318,7.0
127321,4.0
127323,2.0
127332,2.0
127333,0.0
127339,4.5
127342,1.0
127346,3.5
127347,5.25
127352,7.5
127354,6.333333333333333
127357,1.5
127359,2.25
127374,1.6666666666666667
127375,1.75
127380,0.0
127381,0.0
127382,2.0
127384,1.0
127385,2.3333333333333335
127386,2.3333333333333335
127393,4.5
127398,2.0
127400,1.5
127401,1.0
127402,1.0
127403,0.0
127407,4.0
127413,1.0
127416,2.0
127417,6.0
127418,2.0
127419,1.0
127422,4.0
127426,0.0
127431,2.0
127432,1.75
127434,1.5
127438,1.0
127452,3.0
127454,2.5
127455,0.0
127457,2.0
127458,1.0
127461,1.0
127462,1.0
127464,1.0
127465,3.0
127467,5.0
127468,2.5
127471,1.5
127475,1.0
127478,5.0
127479,2.5
127488,2.0
127491,0.0
127493,1.0
127495,3.0
127503,1.0
127507,2.0
127508,3.3333333333333335
127515,2.6666666666666665
127516,2.6666666666666665
127517,2.0
127520,1.5
127521,0.0
127522,2.5
127528,1.3333333333333333
127530,2.6666666666666665
127531,0.0
127538,3.5
127541,0.0
127543,4.0
127545,1.5
127546,0.0
127551,2.0
127552,4.0
127557,0.0
127561,1.0
127563,2.0
127568,3.0
127570,6.5
127571,11.0
127574,1.0
127575,1.0
127585,2.0
127586,0.0
127593,2.0
127597,0.0
127598,3.0
127602,1.5
127605,1.0
127606,2.5
127613,8.0
127617,2.5
127623,2.0
127624,1.0
127626,1.0
127627,4.0
127633,0.0
127638,1.0
127640,0.0
127641,1.0
127642,0.0
127645,0.0
127646,10.0
127651,1.0
127653,2.5
127658,4.0
127659,2.0
127661,2.0
127663,4.0
127667,1.0
127668,2.0
127673,4.0
127676,3.0
127680,2.0
127681,3.0
127684,2.0
127685,2.6666666666666665
127689,2.0
127690,1.8
127699,4.0
127701,1.0
127702,4.0
127704,0.0
127706,2.0
127707,1.5
127708,2.0
127709,1.0
127711,1.0
127713,2.0
127715,1.5
127717,3.0
127718,3.0
127721,0.0
127729,3.0
127733,1.0
127735,2.0
127736,1.0
127740,1.6666666666666667
127744,2.0
127746,1.5
127747,1.0
127748,1.0
127749,4.0
127750,4.0
127752,1.0
127753,0.0
127755,0.0
127764,1.0
127769,0.0
127770,4.0
127776,0.0
127779,6.0
127781,2.0
127782,2.0
127784,0.0
127795,3.0
127799,0.0
127800,2.3333333333333335
127802,3.0
127806,2.0
127808,1.0
127809,0.0
127822,3.3333333333333335
127824,3.0
127825,0.0
127826,0.0
127829,3.0
127830,2.3333333333333335
127832,3.0
127834,2.0
127838,1.0
127839,3.0
127840,1.4
127842,2.0
127843,1.0
127846,1.25
127849,2.0
127850,0.0
127855,1.5
127865,1.6666666666666667
127867,1.0
127870,1.0
127874,0.0
127879,1.5
127880,1.0
127881,1.0
127884,2.3333333333333335
127885,2.0
127886,2.0
127887,0.0
127888,3.0
127889,0.0
127892,0.0
127894,0.0
127899,7.5
127901,4.0
127906,2.3333333333333335
127907,2.5
127908,2.5
127918,3.0
127921,3.0
127922,2.0
127924,4.0
127927,3.5
127933,2.0
127934,2.0
127936,0.0
127937,1.3333333333333333
127938,1.5
127945,2.0
127947,4.0
127949,0.0
127950,2.0
127952,2.5
127954,0.0
127955,1.0
127958,1.0
127963,2.0
127967,3.5
127969,6.0
127971,4.0
127974,7.0
127977,1.75
127978,1.3333333333333333
127979,1.5
127980,2.5
127982,1.0
127983,1.3333333333333333
127987,2.5
127988,2.5
127989,1.0
127991,1.0
127997,3.0
128000,1.0
128002,2.5
128004,2.0
128007,1.0
128010,3.0
128015,3.5
128016,2.5
128022,1.0
128025,7.5
128028,1.0
128029,3.0
128031,1.5
128033,1.5
128037,1.0
128038,2.0
128046,3.3333333333333335
128049,1.5
128053,0.0
128057,0.0
128058,0.0
128059,2.0
128060,0.0
128061,1.0
128065,3.0
128067,8.0
128068,1.0
128070,1.0
128071,6.0
128072,2.3333333333333335
128076,0.0
128080,2.0
128083,4.5
128084,4.5
128087,2.0
128089,3.5
128090,3.0
128092,1.2
128095,1.25
128096,1.0
128097,3.0
128098,3.3333333333333335
128099,0.0
128106,4.0
128108,3.5
128111,3.0
128112,4.5
128119,1.0
128121,1.0
128123,5.0
128125,2.0
128128,0.0
128132,0.0
128134,0.0
128138,2.5
128140,1.5
128141,1.5
128150,1.6666666666666667
128152,4.0
128154,6.0
128155,5.0
128158,0.0
128159,4.5
128161,2.0
128162,1.0
128165,2.5
128166,2.3333333333333335
128179,2.0
128181,4.0
128182,4.0
128184,0.0
128187,1.0
128193,2.0
128195,1.0
128199,6.5
128205,3.0
128210,1.0
128211,1.0
128215,4.0
128217,2.0
128220,4.0
128226,1.0
128234,4.666666666666667
128237,3.0
128239,7.5
128241,2.0
128247,2.0
128248,2.0
128249,0.0
128253,2.0
128256,1.0
128257,1.0
128258,3.0
128259,2.0
128260,2.6666666666666665
128273,1.5
128275,1.3333333333333333
128277,2.0
128278,1.5
128281,8.0
128283,3.5
128285,1.0
128291,2.0
128292,3.0
128294,6.5
128296,2.0
128304,2.0
128305,3.0
128306,4.0
128308,4.0
128309,5.666666666666667
128310,1.5
128311,0.0
128318,0.0
128324,4.0
128326,1.6666666666666667
128331,2.0
128333,0.0
128334,2.0
128339,3.5
128340,4.5
128342,2.6666666666666665
128347,1.0
128348,1.0
128349,1.0
128350,2.8
128352,2.0
128356,0.0
128358,2.5
128359,0.0
128361,2.0
128365,2.0
128366,2.0
128367,4.5
128370,2.0
128372,7.0
128373,1.0
128376,0.0
128377,0.0
128381,1.0
128382,0.0
128387,2.0
128390,1.5
128398,9.0
128400,1.0
128403,0.0
128404,1.0
128406,1.0
128411,0.0
128418,0.0
128423,1.6666666666666667
128424,1.0
128426,1.0
128430,0.0
128431,1.0
128434,2.0
128439,2.5
128441,2.0
128442,2.0
128444,2.0
128446,3.0
128447,1.0
128449,1.25
128450,1.5
128453,3.0
128454,5.5
128455,6.0
128465,0.0
128466,1.0
128467,0.0
128468,0.0
128469,0.0
128470,1.0
128472,6.0
128478,5.5
128480,2.0
128489,3.0
128490,2.0
128492,3.0
128497,1.0
128498,0.0
128499,3.0
128505,1.5
128509,4.0
128511,7.0
128516,1.5
128525,4.0
128528,1.0
128529,1.0
128535,1.0
128537,9.0
128540,0.0
128543,2.5
128544,5.0
128545,5.5
128553,0.0
128556,1.6666666666666667
128558,1.0
128563,2.0
128564,2.0
128572,1.0
128575,1.0
128577,4.0
128578,3.3333333333333335
128579,3.3333333333333335
128585,5.0
128586,4.0
128588,4.0
128589,3.0
128590,2.5
128591,4.0
128593,2.5
128595,2.0
128596,3.0
128597,1.0
128603,3.5
128604,1.0
128606,0.0
128607,3.0
128608,1.3333333333333333
128609,2.3333333333333335
128611,2.5
128612,2.5
128614,0.0
128619,0.0
128620,0.0
128628,2.0
128632,0.0
128634,1.0
128635,0.0
128638,4.0
128639,5.0
128641,3.0
128642,3.0
128645,1.0
128648,3.5
128652,0.0
128656,2.0
128657,1.0
128660,1.0
128662,2.0
128663,3.0
128669,3.5
128670,0.0
128678,1.0
128681,1.5
128683,1.0
128684,1.0
128686,0.0
128695,2.0
128699,0.0
128701,1.0
128702,1.0
128704,3.0
128710,2.0
128712,0.0
128715,5.0
128716,2.5
128717,4.0
128720,2.0
128722,2.5
128723,3.0
128725,2.0
128728,0.0
128733,2.0
128739,3.0
128744,2.3333333333333335
128746,2.5
128748,1.0
128749,1.5
128752,2.5
128755,3.0
128757,1.3333333333333333
128761,2.5
128765,0.0
128767,2.0
128770,1.0
128775,3.5
128776,0.0
128780,6.0
128782,2.6666666666666665
128784,0.0
128786,2.0
128792,4.333333333333333
128795,6.5
128797,1.0
128803,0.0
128804,0.0
128807,2.0
128808,0.0
128810,1.5
128812,4.0
128815,3.0
128817,3.0
128823,3.0
128829,3.0
128831,3.5
128832,2.6666666666666665
128840,1.5
128842,1.0
128843,3.0
128844,5.666666666666667
128850,1.3333333333333333
128852,3.5
128853,3.5
128856,0.0
128859,1.0
128861,2.5
128868,2.6666666666666665
128869,0.0
128873,1.0
128880,1.0
128882,0.0
128889,3.0
128892,5.5
128893,3.3333333333333335
128895,1.5
128899,3.0
128904,2.0
128906,1.0
128915,3.0
128918,1.0
128919,4.0
128927,2.5
128929,3.5
128932,2.5
128934,1.0
128943,1.5
128945,1.0
128946,1.0
128948,3.0
128949,0.0
128951,1.0
128956,1.0
128959,2.0
128966,2.0
128970,7.0
128974,1.0
128983,2.0
128987,2.0
128988,4.0
128991,3.0
128992,4.0
128995,1.0
128997,5.0
129000,0.0
129001,3.5
129002,2.5
129004,2.0
129007,2.0
129008,0.0
129009,0.0
129011,3.5
129012,3.5
129017,4.5
129020,2.0
129024,5.0
129029,2.0
129030,2.0
129034,1.5
129036,5.0
129037,3.3333333333333335
129040,4.0
129041,4.0
129047,3.5
129048,1.0
129050,2.0
129051,1.0
129053,0.0
129054,4.0
129057,4.0
129058,4.5
129061,2.5
129062,2.0
129064,1.0
129067,2.0
129070,1.5
129071,2.0
129072,1.3333333333333333
129075,2.0
129078,1.0
129083,2.0
129085,2.3333333333333335
129087,4.333333333333333
129088,1.0
129089,1.0
129092,1.0
129095,1.0
129096,1.5
129103,3.5
129104,0.0
129107,4.0
129112,1.0
129114,1.0
129115,1.0
129117,4.0
129119,1.5
129124,2.6666666666666665
129126,1.0
129127,3.0
129128,1.6666666666666667
129129,3.0
129130,3.0
129132,3.0
129138,3.0
129139,2.0
129145,0.0
129147,1.0
129151,4.5
129153,4.0
129157,0.0
129159,4.0
129164,1.5
129167,4.0
129169,4.0
129172,4.0
129173,3.5
129175,3.5
129178,1.0
129186,2.6666666666666665
129191,4.0
129198,8.0
129200,4.5
129201,5.666666666666667
129204,2.5
129205,4.0
129206,1.5
129207,3.0
129208,3.6666666666666665
129212,2.0
129213,0.0
129216,2.0
129219,2.0
129223,5.5
129224,1.5
129225,4.0
129228,1.5
129230,0.0
129234,1.0
129236,3.0
129242,8.0
129244,0.0
129245,1.0
129246,4.0
129249,2.0
129251,2.0
129252,1.0
129255,1.0
129257,12.0
129258,5.0
129259,3.6666666666666665
129261,3.0
129264,0.0
129270,3.0
129271,1.0
129274,2.0
129276,1.0
129277,2.5
129280,3.5
129282,2.0
129285,4.0
129291,2.3333333333333335
129299,0.0
129301,0.0
129305,2.0
129309,3.0
129312,2.0
129319,0.0
129321,1.0
129323,0.0
129326,2.0
129332,2.0
129334,1.5
129336,3.0
129337,2.0
129339,3.0
129341,4.0
129344,1.5
129346,1.0
129347,1.0
129349,0.0
129350,0.0
129353,6.5
129354,3.0
129359,1.0
129361,2.0
129362,2.5
129363,1.0
129365,0.0
129366,4.666666666666667
129367,5.0
129369,2.75
129371,2.5
129372,1.0
129373,2.0
129375,2.0
129378,1.6666666666666667
129381,3.3333333333333335
129384,3.0
129388,2.5
129391,0.0
129393,2.6666666666666665
129397,2.0
129398,5.0
129404,6.0
129406,0.0
129407,8.0
129411,7.0
129413,7.0
129415,4.5
129421,3.6666666666666665
129425,6.333333333333333
129429,3.6666666666666665
129431,0.0
129434,1.0
129435,1.0
129436,1.6666666666666667
129440,3.0
129441,1.0
129444,2.0
129449,0.0
129450,3.0
129455,1.0
129462,1.0
129469,2.0
129470,0.0
129473,2.5
129476,3.0
129478,2.0
129481,1.0
129483,5.0
129489,2.6666666666666665
129504,1.0
129507,3.5
129516,0.0
129518,0.0
129527,2.6666666666666665
129528,5.0
129531,0.0
129542,4.75
129543,2.5
129549,1.0
129555,2.0
129557,1.0
129560,1.3333333333333333
129563,2.0
129564,1.5
129565,1.5
129568,8.0
129569,0.0
129571,0.0
129572,2.0
129574,1.0
129576,1.5
129580,2.0
129581,4.0
129582,4.0
129583,1.0
129584,4.333333333333333
129590,2.6666666666666665
129591,3.0
129595,2.0
129601,1.0
129607,2.0
129608,2.6666666666666665
129611,1.0
129613,4.0
129621,1.5
129622,2.0
129623,0.0
129624,1.0
129626,0.0
129627,2.0
129629,4.0
129632,2.0
129638,1.5
129642,4.0
129643,1.0
129648,2.5
129654,1.0
129655,2.0
129658,2.0
129662,0.0
129663,1.6666666666666667
129675,0.0
129677,1.5
129685,3.0
129687,0.0
129691,4.0
129692,3.5
129693,5.0
129694,2.0
129702,0.0
129716,0.0
129717,3.5
129719,2.0
129721,1.0
129724,2.3333333333333335
129733,0.0
129735,3.5
129738,0.0
129742,7.0
129754,2.5
129755,2.5
129756,2.5
129757,1.0
129761,2.0
129763,1.0
129764,1.0
129765,1.5
129771,3.5
129787,3.0
129789,5.0
129791,1.0
129794,7.5
129796,2.5
129797,1.5
129799,0.0
129803,3.0
129809,1.0
129811,4.0
129813,1.0
129816,3.0
129821,2.0
129823,2.0
129825,1.0
129826,1.0
129836,1.0
129837,1.0
129839,0.0
129840,2.0
129841,3.5
129845,0.0
129852,2.0
129853,0.0
129855,2.0
129856,0.0
129858,0.0
129859,0.0
129860,1.0
129865,2.5
129866,1.0
129867,1.0
129879,0.0
129880,1.0
129882,3.0
129884,3.0
129888,4.0
129892,2.0
129894,1.5
129897,3.5
129903,2.5
129904,1.6666666666666667
129907,3.0
129908,3.5
129917,0.0
129919,1.5
129922,2.0
129923,2.3333333333333335
129927,0.0
129930,3.0
129937,5.0
129939,0.0
129941,0.0
129943,0.0
129947,0.0
129957,2.6666666666666665
129958,1.0
129961,1.0
129963,9.0
129968,1.6666666666666667
129969,2.0
129971,2.5
129972,1.6
129974,3.0
129978,4.0
129980,3.0
129984,2.3333333333333335
129986,3.0
129988,3.0
129989,2.6666666666666665
129995,0.0
129997,1.0
129999,0.0
130001,2.75
130002,8.0
130003,10.0
130004,1.0
130006,2.0
130024,6.333333333333333
130025,3.0
130026,1.5
130028,4.0
130037,4.5
130045,3.0
130047,4.5
130048,4.5
130050,6.0
130051,4.5
130052,1.5
130054,1.5
130056,2.0
130061,1.0
130063,1.0
130064,1.0
130068,2.0
130080,5.0
130082,6.0
130083,3.0
130085,6.5
130087,0.0
130089,3.0
130093,1.0
130095,2.0
130096,3.0
130097,2.0
130098,4.0
130103,1.0
130104,3.6666666666666665
130108,2.0
130113,2.5
130115,1.0
130119,2.5
130120,2.5
130124,5.5
130126,0.0
130130,3.0
130133,12.0
130135,1.3333333333333333
130140,4.0
130141,1.5
130143,2.0
130147,2.0
130148,4.0
130155,0.0
130156,3.5
130157,2.0
130160,3.0
130163,1.0
130164,2.0
130166,1.0
130172,3.0
130179,2.0
130183,2.0
130184,2.0
130186,3.3333333333333335
130196,1.75
130199,4.0
130204,1.5
130205,1.0
130208,2.5
130212,4.0
130227,2.0
130228,3.0
130241,3.5
130242,4.0
130243,2.0
130246,1.0
130248,1.0
130249,2.5
130258,3.0
130259,3.5
130261,3.0
130262,5.0
130263,2.0
130265,2.5
130269,4.5
130270,3.5
130272,3.0
130275,4.5
130276,4.5
130279,1.6666666666666667
130282,1.0
130290,2.5
130292,2.0
130293,3.0
130295,3.0
130300,1.5
130301,2.0
130303,2.0
130304,2.0
130306,2.0
130308,1.3333333333333333
130311,7.5
130320,1.0
130331,4.0
130332,2.0
130333,0.0
130334,1.5
130335,1.0
130344,3.0
130349,2.0
130351,3.0
130353,10.0
130358,0.0
130359,4.0
130360,5.0
130363,4.0
130365,2.0
130369,2.0
130370,2.0
130372,0.0
130374,3.0
130377,2.0
130380,7.0
130381,2.0
130385,4.0
130387,4.0
130393,2.0
130397,3.0
130399,1.0
130400,3.0
130401,2.0
130410,3.5
130412,0.0
130421,2.5
130424,5.0
130432,2.0
130445,3.0
130446,6.0
130450,2.5
130461,4.0
130462,3.0
130463,1.0
130467,4.0
130469,4.0
130475,4.5
130486,0.0
130487,8.0
130490,1.0
130491,1.0
130493,2.0
130494,2.0
130500,2.0
130501,2.0
130502,1.0
130510,3.0
130517,1.0
130524,1.5
130525,2.0
130527,1.0
130528,4.5
130529,5.5
130533,3.0
130537,1.0
130538,3.0
130541,1.3333333333333333
130547,1.0
130548,5.5
130549,3.0
130552,2.6666666666666665
130558,1.6666666666666667
130561,0.0
130562,2.0
130563,1.5
130564,0.0
130565,1.0
130566,1.0
130568,0.0
130571,2.0
130573,1.3333333333333333
130575,2.0
130580,1.0
130584,1.0
130585,1.5
130590,3.0
130606,4.0
130608,2.0
130610,1.5
130611,5.0
130613,1.0
130619,2.0
130620,10.0
130624,1.0
130625,4.0
130627,4.0
130633,2.0
130638,7.5
130640,4.5
130641,5.0
130642,1.6666666666666667
130647,3.3333333333333335
130650,4.5
130651,4.0
130653,2.3333333333333335
130656,0.0
130661,2.5
130662,4.0
130667,2.5
130669,2.6666666666666665
130675,0.0
130676,2.0
130680,1.5
130681,2.6666666666666665
130682,2.6666666666666665
130683,5.0
130684,6.0
130688,4.0
130691,2.0
130692,3.0
130694,0.0
130696,6.0
130697,1.0
130698,3.0
130707,4.0
130709,1.5
130711,1.6666666666666667
130715,1.6666666666666667
130718,0.0
130719,0.0
130724,0.0
130726,0.0
130729,3.0
130730,0.0
130732,2.6666666666666665
130736,0.0
130739,3.5
130743,0.0
130752,2.0
130756,3.6666666666666665
130757,2.0
130761,5.5
130763,5.5
130768,2.0
130773,8.333333333333334
130775,14.0
130778,1.0
130780,4.0
130787,2.0
130788,2.0
130790,2.0
130791,1.5
130796,1.0
130797,1.6666666666666667
130800,3.0
130803,3.3333333333333335
130804,5.0
130806,5.0
130808,4.0
130810,3.5
130819,1.0
130820,1.0
130821,1.0
130826,0.0
130830,2.6666666666666665
130835,4.0
130836,2.0
130837,4.0
130840,2.0
130843,2.0
130848,6.0
130851,8.0
130854,0.0
130855,4.0
130858,4.0
130859,1.0
130867,0.0
130868,1.0
130869,0.0
130870,2.0
130874,2.5
130880,3.5
130881,1.0
130884,1.0
130886,3.0
130887,2.0
130888,3.0
130889,5.5
130890,5.5
130892,2.0
130894,4.5
130895,2.0
130898,3.3333333333333335
130901,2.0
130903,2.5
130904,2.0
130905,0.0
130906,2.0
130908,1.0
130911,1.0
130912,1.5
130915,1.6666666666666667
130917,2.0
130919,1.0
130923,0.0
130926,4.5
130931,0.0
130934,2.5
130939,2.0
130940,1.0
130949,2.0
130952,1.0
130953,3.0
130960,1.0
130962,6.0
130964,1.0
130965,2.0
130967,4.5
130971,5.5
130974,8.0
130975,3.0
130978,2.0
130980,2.0
130981,2.0
130989,3.3333333333333335
130991,1.0
130994,0.0
130996,3.0
131000,1.0
131003,2.0
131006,2.0
131007,2.0
131011,1.0
131015,1.0
131018,2.0
131019,3.5
131020,2.0
131021,1.5
131023,1.0
131024,1.0
131025,1.0
131028,2.0
131029,3.0
131030,4.5
131032,2.0
131034,4.333333333333333
131035,3.3333333333333335
131039,5.0
131041,3.0
131042,3.0
131044,1.0
131047,3.0
131048,1.0
131050,2.0
131052,3.0
131053,3.0
131057,1.5
131058,2.5
131067,0.0
131069,2.0
131070,2.0
131075,2.0
131077,2.0
131079,2.0
131083,2.0
131085,1.0
131090,2.0
131091,3.0
131093,2.0
131095,0.0
131096,8.0
131098,2.5
131100,1.0
131104,1.5
131110,2.0
131115,2.5
131116,2.0
131118,2.5
131121,1.0
131122,1.6666666666666667
131123,1.5
131132,2.0
131133,2.0
131134,1.0
131137,3.0
131138,4.333333333333333
131141,3.0
131142,3.0
131148,1.5
131151,1.3333333333333333
131152,2.0
131164,2.3333333333333335
131167,3.0
131170,0.0
131173,4.0
131174,4.0
131175,3.5
131177,0.0
131180,1.0
131183,1.0
131190,5.0
131194,2.0
131196,3.0
131207,2.0
131210,1.0
131213,0.0
131214,0.0
131217,1.5
131218,2.0
131219,1.0
131220,0.0
131222,1.5
131224,1.5
131226,0.0
131227,2.0
131232,0.0
131234,3.5
131239,1.0
131240,1.0
131241,7.0
131243,0.0
131244,7.0
131247,1.0
131250,4.0
131253,8.5
131259,2.0
131266,4.5
131268,5.333333333333333
131274,2.0
131284,3.3333333333333335
131286,1.5
131287,1.3333333333333333
131293,3.0
131301,1.0
131305,2.0
131306,1.0
131307,2.0
131309,1.0
131312,8.0
131315,3.5
131317,1.0
131318,1.0
131321,2.5
131322,3.0
131323,1.0
131324,1.5
131327,4.0
131331,1.0
131333,2.0
131336,0.0
131338,1.0
131342,2.0
131343,0.0
131345,3.0
131346,3.0
131348,2.0
131349,1.0
131350,2.5
131351,2.0
131352,2.0
131356,1.0
131358,1.0
131360,1.0
131363,1.5
131367,1.0
131368,2.0
131369,3.0
131371,2.6666666666666665
131377,2.6666666666666665
131379,0.0
131384,0.0
131393,1.6666666666666667
131394,2.0
131395,1.0
131397,3.3333333333333335
131398,0.0
131401,2.0
131407,2.3333333333333335
131413,0.0
131414,0.0
131415,0.0
131416,2.0
131417,2.0
131418,2.0
131421,2.0
131429,3.0
131430,4.666666666666667
131432,2.8
131436,4.0
131441,5.0
131442,5.0
131443,2.0
131444,5.0
131447,4.0
131449,0.0
131452,2.0
131456,2.6666666666666665
131457,3.0
131459,4.0
131464,1.5
131465,2.0
131466,1.0
131467,0.0
131468,4.0
131469,3.5
131472,5.5
131474,5.5
131475,4.0
131477,4.5
131480,3.5
131482,2.5
131484,2.5
131489,3.0
131491,2.6666666666666665
131494,2.25
131495,6.0
131496,6.0
131509,6.0
131513,5.0
131520,2.0
131525,1.0
131529,2.0
131532,3.0
131536,3.6666666666666665
131538,1.0
131539,2.5
131549,3.0
131550,5.0
131551,0.0
131552,2.0
131553,2.0
131556,2.0
131561,0.0
131565,2.0
131566,3.0
131571,1.0
131573,5.0
131574,2.6666666666666665
131576,0.0
131578,1.5
131582,2.5
131583,1.0
131587,4.0
131589,0.0
131590,2.0
131592,3.0
131597,1.5
131600,1.0
131601,1.0
131602,1.0
131603,1.6666666666666667
131605,3.0
131609,2.0
131611,2.0
131612,1.5
131614,3.0
131617,2.0
131626,6.5
131627,3.0
131628,1.0
131629,3.0
131634,2.5
131636,4.5
131638,6.333333333333333
131642,0.0
131644,3.5
131645,2.0
131646,2.0
131651,4.0
131653,3.5
131656,0.0
131660,1.0
131663,1.5
131666,2.0
131667,1.5
131668,3.0
131669,0.0
131671,3.0
131675,2.0
131680,2.5
131681,1.0
131683,0.0
131694,2.6666666666666665
131696,2.0
131700,1.6666666666666667
131701,4.0
131704,2.0
131712,1.3333333333333333
131715,2.0
131717,0.0
131721,6.0
131724,2.5
131726,0.0
131727,1.0
131729,3.0
131734,4.5
131737,1.0
131738,1.6666666666666667
131739,1.0
131741,2.0
131742,1.0
131746,1.5
131751,9.0
131753,2.3333333333333335
131755,2.5
131759,2.0
131761,0.0
131766,1.0
131768,2.0
131770,0.0
131772,1.0
131775,1.0
131779,0.0
131788,2.5
131789,2.25
131790,0.0
131794,3.0
131795,3.0
131798,1.0
131800,1.0
131802,0.0
131806,2.0
131815,1.0
131818,3.0
131820,2.3333333333333335
131822,2.5
131826,6.0
131841,1.5
131843,1.0
131845,0.0
131846,2.0
131848,2.0
131849,2.0
131854,0.0
131856,1.0
131857,0.0
131860,0.0
131867,4.0
131872,1.0
131874,2.5
131876,0.0
131883,1.3333333333333333
131886,3.0
131891,3.0
131895,4.0
131904,1.0
131912,0.0
131915,1.3333333333333333
131916,2.0
131917,0.0
131920,6.5
131926,1.0
131928,2.0
131930,7.0
131932,3.0
131933,2.3333333333333335
131934,2.3333333333333335
131937,2.6666666666666665
131939,3.0
131947,1.0
131949,1.0
131951,3.0
131952,3.6666666666666665
131960,3.5
131964,2.3333333333333335
131966,2.0
131973,0.0
131974,3.0
131979,4.0
131981,7.0
131997,2.0
131999,2.0
132000,1.0
132001,9.0
132006,1.0
132007,4.0
132015,3.5
132016,2.0
132019,2.3333333333333335
132023,3.0
132024,2.5
132025,2.0
132027,1.0
132031,2.0
132033,0.0
132034,2.5
132037,3.5
132040,7.0
132041,0.0
132044,5.5
132045,0.0
132070,3.0
132071,2.0
132072,2.5
132077,14.0
132079,5.333333333333333
132080,3.5
132081,2.5
132082,8.0
132085,2.0
132087,3.0
132091,2.5
132092,2.5
132102,1.0
132103,3.0
132104,3.0
132107,1.0
132110,3.5
132113,2.3333333333333335
132115,2.0
132118,3.5
132119,1.0
132120,4.0
132121,0.0
132127,0.0
132128,2.0
132130,2.0
132133,1.0
132134,1.0
132138,2.0
132140,0.0
132145,3.3333333333333335
132148,1.0
132150,4.0
132155,0.0
132163,0.0
132165,2.0
132167,3.6666666666666665
132170,0.0
132171,2.0
132172,5.0
132179,1.0
132180,1.0
132182,1.0
132184,0.0
132188,1.25
132189,1.0
132190,0.0
132192,4.0
132193,4.0
132194,2.0
132197,0.0
132199,4.333333333333333
132201,2.5
132207,2.0
132211,3.0
132217,0.0
132224,0.0
132225,0.0
132226,1.0
132232,1.5
132233,5.0
132237,5.0
132238,0.0
132240,4.0
132242,4.0
132247,2.0
132250,1.5
132253,3.0
132254,2.0
132255,2.0
132257,2.5
132270,0.0
132275,2.3333333333333335
132278,2.5
132279,0.0
132281,6.5
132283,0.0
132284,0.0
132294,0.0
132296,0.0
132299,3.3333333333333335
132304,1.0
132309,0.0
132310,2.0
132312,0.0
132314,2.0
132316,1.0
132319,5.0
132322,2.6666666666666665
132325,1.0
132326,1.0
132328,3.0
132331,3.3333333333333335
132332,6.0
132336,4.0
132346,1.5
132348,1.5
132350,1.0
132351,2.3333333333333335
132352,5.0
132353,4.5
132354,1.0
132359,3.0
132361,2.6666666666666665
132368,4.0
132371,1.5
132372,3.3333333333333335
132375,1.0
132376,1.0
132377,0.0
132378,1.6666666666666667
132381,3.5
132382,5.0
132384,0.0
132386,3.5
132390,4.5
132392,2.0
132394,1.0
132395,2.0
132396,2.0
132398,0.0
132400,0.0
132401,1.0
132406,1.0
132416,2.0
132418,1.0
132419,3.0
132421,0.0
132423,3.3333333333333335
132425,2.0
132426,2.5
132427,1.0
132435,2.5
132436,1.0
132439,4.0
132443,0.0
132445,0.0
132447,2.0
132448,4.0
132449,2.6666666666666665
132453,2.0
132454,2.5
132457,4.0
132458,2.5
132466,6.0
132467,2.6666666666666665
132468,2.0
132471,0.0
132475,3.0
132479,2.5
132480,1.0
132482,0.0
132486,0.0
132487,2.0
132488,2.0
132491,1.0
132492,2.3333333333333335
132493,1.5
132494,1.5
132498,1.0
132499,1.0
132501,2.0
132503,1.5
132504,1.0
132505,0.0
132506,3.0
132510,4.0
132511,3.0
132513,1.0
132520,1.5
132522,2.5
132525,1.5
132528,2.6666666666666665
132529,0.0
132536,1.6666666666666667
132537,1.6666666666666667
132540,1.5
132541,4.0
132543,4.0
132555,0.0
132559,0.0
132560,4.0
132564,1.0
132568,1.0
132570,2.0
132571,2.5
132572,1.0
132574,2.0
132575,2.0
132590,1.5
132592,0.0
132596,0.0
132597,1.0
132600,2.0
132602,1.0
132603,6.0
132605,3.0
132606,3.0
132609,1.0
132615,2.0
132617,2.0
132621,0.0
132625,2.0
132626,3.0
132630,2.0
132635,2.0
132637,4.0
132642,1.5
132645,0.0
132650,2.5
132651,3.0
132654,3.0
132657,1.0
132660,1.0
132661,2.5
132663,1.0
132680,5.0
132683,1.0
132687,3.5
132690,3.0
132695,3.0
132697,1.5
132699,9.0
132700,5.0
132701,5.0
132703,0.0
132705,1.0
132712,2.0
132716,5.0
132717,5.0
132722,4.5
132724,0.0
132725,1.6666666666666667
132730,2.6666666666666665
132736,4.0
132737,2.0
132741,1.5
132744,2.0
132747,1.0
132748,1.0
132749,2.0
132751,5.5
132756,6.0
132758,6.0
132759,5.5
132760,0.0
132761,0.0
132767,1.5
132773,0.0
132774,1.0
132775,2.5
132776,1.0
132778,0.0
132780,1.0
132782,1.0
132784,3.0
132785,3.0
132786,7.0
132787,2.0
132788,4.0
132789,4.5
132790,4.0
132793,2.0
132796,0.0
132799,1.3333333333333333
132802,0.0
132804,2.3333333333333335
132814,3.0
132817,7.0
132818,6.0
132821,0.0
132826,1.0
132827,3.0
132828,0.0
132835,2.3333333333333335
132837,6.0
132838,2.0
132839,2.0
132840,1.0
132843,1.0
132844,2.0
132845,0.0
132846,2.0
132848,1.5
132850,2.0
132853,0.0
132855,0.0
132856,2.5
132858,2.0
132859,0.0
132860,0.0
132861,0.0
132862,3.5
132863,2.0
132866,6.0
132869,2.0
132870,0.0
132872,2.0
132874,1.5
132879,3.0
132881,0.0
132883,1.0
132886,0.0
132887,2.0
132890,1.2
132891,1.25
132894,2.0
132898,0.0
132899,1.0
132900,0.0
132904,0.0
132908,3.3333333333333335
132909,1.5
132910,1.5
132911,2.5
132920,1.0
132926,2.0
132931,2.3333333333333335
132934,6.0
132938,2.0
132940,2.0
132941,6.0
132943,0.0
132946,5.5
132958,1.0
132961,4.0
132962,2.5
132965,2.0
132967,1.0
132968,4.333333333333333
132969,4.0
132973,5.0
132978,1.3333333333333333
132981,6.0
132983,2.0
132987,1.0
132989,1.5
132994,0.0
132997,3.0
132999,2.0
133002,2.5
133004,2.3333333333333335
133009,1.0
133011,1.5
133013,0.0
133015,2.0
133017,2.0
133025,2.0
133026,4.0
133032,2.6666666666666665
133035,1.0
133036,1.5
133037,1.0
133041,0.0
133043,6.0
133050,3.0
133051,2.0
133052,3.0
133055,1.0
133066,3.0
133067,3.0
133068,2.0
133069,4.0
133072,4.0
133075,4.0
133076,2.3333333333333335
133078,2.0
133079,1.0
133080,3.5
133082,1.6666666666666667
133087,9.5
133090,7.0
133091,4.0
133093,0.0
133094,0.0
133095,1.0
133101,4.0
133104,2.0
133106,1.0
133108,2.5
133116,2.5
133118,1.0
133119,3.0
133121,2.3333333333333335
133124,2.0
133127,3.0
133128,6.0
133129,4.5
133137,2.0
133147,5.5
133148,2.0
133151,6.0
133152,1.5
133155,1.5
133156,2.0
133158,1.5
133159,1.5
133160,1.75
133169,2.5
133174,2.3333333333333335
133177,0.0
133178,3.0
133179,0.0
133181,1.0
133182,2.5
133185,2.5
133186,3.5
133191,2.0
133193,2.0
133194,1.5
133197,5.5
133199,5.333333333333333
133201,5.5
133203,0.0
133210,1.0
133212,2.0
133213,2.0
133214,3.0
133216,1.0
133219,3.0
133224,1.0
133228,0.0
133229,6.0
133232,0.0
133235,0.0
133240,3.0
133246,4.0
133250,1.5
133258,5.5
133259,1.0
133266,2.0
133267,1.5
133269,2.5
133271,3.0
133276,2.0
133283,1.0
133289,0.0
133304,3.5
133305,7.0
133306,0.0
133307,4.0
133309,1.0
133311,3.5
133312,0.0
133315,1.0
133316,0.0
133319,2.0
133325,5.0
133326,3.0
133328,2.0
133330,1.0
133332,2.0
133333,1.5
133334,1.5
133335,2.6666666666666665
133337,1.0
133341,2.0
133347,1.0
133351,2.0
133352,2.3333333333333335
133353,0.0
133356,0.0
133361,0.0
133364,2.0
133365,6.0
133375,1.0
133376,3.0
133381,0.0
133388,3.0
133390,3.0
133397,2.6666666666666665
133403,2.0
133407,0.0
133408,7.5
133412,2.5
133415,0.0
133419,2.0
133421,3.0
133423,3.0
133425,2.5
133435,2.0
133439,2.0
133441,4.0
133442,0.0
133443,3.0
133449,2.5
133450,1.0
133454,1.0
133457,0.0
133459,2.0
133460,1.0
133462,1.5
133463,2.0
133465,3.0
133469,2.5
133470,0.0
133471,0.0
133474,3.3333333333333335
133481,1.3333333333333333
133483,2.0
133486,3.5
133487,1.5
133490,5.5
133491,6.0
133492,3.5
133493,3.0
133494,5.0
133495,4.0
133496,2.0
133498,2.0
133500,2.3333333333333335
133502,1.0
133503,3.0
133513,1.0
133518,1.0
133519,2.0
133523,2.3333333333333335
133527,6.5
133528,3.5
133530,2.3333333333333335
133532,2.0
133537,3.0
133542,1.0
133544,3.0
133546,0.0
133547,2.0
133552,1.0
133555,2.3333333333333335
133560,4.5
133565,1.0
133566,2.0
133567,1.0
133568,2.0
133572,2.6666666666666665
133574,0.0
133580,0.0
133581,0.0
133583,0.0
133585,6.0
133586,0.0
133587,3.0
133588,2.5
133595,1.0
133597,1.0
133598,1.0
133599,0.0
133609,1.3333333333333333
133614,3.5
133618,2.0
133619,1.0
133626,2.0
133629,2.5
133630,3.5
133631,3.5
133633,0.0
133634,0.0
133637,3.0
133639,1.0
133647,1.0
133648,4.0
133654,0.0
133657,4.0
133659,2.0
133663,1.0
133664,1.0
133668,4.0
133673,1.5
133674,1.5
133680,3.0
133683,3.0
133685,4.25
133687,2.0
133688,2.25
133689,1.0
133690,1.5
133692,1.0
133694,1.5
133695,1.0
133701,0.0
133702,2.0
133707,1.5
133710,4.0
133711,1.0
133715,1.0
133718,2.0
133719,1.0
133724,2.0
133730,2.0
133739,5.0
133744,3.0
133745,5.0
133746,5.333333333333333
133750,2.0
133755,1.0
133760,0.0
133761,1.0
133763,0.0
133764,3.0
133766,2.0
133767,3.5
133772,0.0
133773,10.0
133781,0.0
133784,1.0
133788,0.0
133789,2.0
133792,1.5
133800,7.0
133804,0.0
133805,0.0
133808,4.0
133810,2.75
133811,5.5
133822,1.5
133824,1.3333333333333333
133825,1.0
133829,0.0
133835,3.3333333333333335
133839,3.0
133840,1.0
133841,0.0
133844,2.5
133848,2.0
133849,0.0
133850,2.0
133853,3.0
133855,1.0
133856,1.0
133860,2.6666666666666665
133862,1.5
133867,0.0
133872,2.0
133879,2.0
133880,1.0
133881,1.0
133884,9.0
133886,1.0
133889,1.0
133891,7.0
133894,1.0
133895,1.0
133902,5.0
133905,2.0
133910,1.0
133912,3.0
133918,1.0
133919,0.0
133920,2.3333333333333335
133921,1.0
133923,1.0
133924,3.5
133925,5.5
133928,2.0
133932,4.0
133933,1.0
133935,1.5
133937,3.0
133938,2.0
133939,1.0
133941,3.0
133942,2.0
133944,2.0
133945,2.0
133947,1.5
133955,0.0
133967,3.0
133970,1.0
133975,0.0
133978,2.0
133980,1.0
133981,3.0
133986,2.5
133987,3.0
133993,7.0
134003,1.6666666666666667
134007,3.3333333333333335
134017,0.0
134018,3.0
134019,2.0
134026,1.5
134027,3.0
134028,2.5
134030,2.0
134035,1.0
134039,5.0
134041,6.5
134044,6.0
134049,1.0
134050,2.0
134053,0.0
134056,0.0
134057,1.5
134061,3.0
134064,5.333333333333333
134067,6.0
134068,1.3333333333333333
134074,2.6666666666666665
134075,3.5
134076,1.0
134078,2.0
134085,1.0
134088,0.0
134090,0.0
134091,3.6666666666666665
134093,2.5
134094,0.0
134095,1.0
134096,0.0
134103,0.0
134106,3.0
134108,2.0
134117,2.5
134122,3.0
134126,3.5
134130,1.0
134132,1.0
134134,2.3333333333333335
134140,1.5
134148,7.5
134151,4.0
134154,2.6666666666666665
134156,4.0
134157,4.0
134159,4.0
134164,5.0
134165,6.0
134173,1.6666666666666667
134174,1.5
134175,2.0
134179,1.0
134181,0.0
134183,3.3333333333333335
134185,2.0
134192,8.0
134193,0.0
134195,3.0
134196,5.5
134197,0.0
134198,0.0
134199,2.0
134200,0.0
134201,3.0
134202,1.5
134204,1.0
134212,2.0
134215,4.0
134219,2.0
134222,1.5
134223,0.0
134226,2.5
134232,4.0
134233,4.0
134234,1.0
134235,4.0
134241,2.5
134244,0.0
134246,2.0
134247,2.0
134252,3.5
134253,1.3333333333333333
134256,3.0
134258,4.0
134259,4.0
134261,1.0
134262,4.0
134265,4.0
134269,1.0
134270,0.0
134275,3.0
134282,1.0
134284,1.0
134290,3.0
134291,1.5
134293,4.0
134300,0.0
134302,1.0
134303,1.5
134304,1.0
134308,1.0
134310,2.0
134315,0.0
134318,0.0
134320,3.0
134323,3.0
134327,2.0
134333,3.0
134336,1.0
134339,1.5
134340,0.0
134341,1.0
134351,2.0
134353,2.5
134355,3.0
134365,0.0
134369,3.5
134377,1.5
134378,3.0
134381,1.5
134385,0.0
134387,0.0
134391,1.0
134392,1.0
134395,2.0
134402,2.0
134404,2.5
134405,1.5
134407,2.0
134408,5.0
134412,3.0
134413,3.0
134416,0.0
134419,2.0
134420,1.0
134426,1.0
134432,2.0
134435,6.0
134442,3.3333333333333335
134444,0.0
134445,0.0
134447,1.5
134451,3.0
134453,3.5
134454,2.0
134465,1.0
134466,3.0
134470,0.0
134471,1.5
134476,6.0
134484,4.5
134488,1.5
134492,1.5
134496,1.5
134504,1.3333333333333333
134507,0.0
134510,2.5
134511,3.0
134517,3.25
134523,2.0
134525,2.5
134527,1.0
134531,0.0
134532,1.0
134533,0.0
134534,2.5
134541,1.5
134542,0.0
134544,6.0
134549,2.0
134553,1.0
134554,0.0
134555,0.0
134560,1.0
134561,1.0
134562,5.0
134566,3.0
134573,0.0
134579,2.5
134583,2.5
134590,0.0
134595,3.0
134597,1.5
134600,1.0
134601,3.0
134604,1.0
134607,1.6666666666666667
134608,2.0
134611,2.0
134617,1.6666666666666667
134618,2.0
134622,5.0
134623,2.0
134627,0.0
134631,3.5
134632,3.5
134633,3.0
134635,3.0
134640,1.0
134642,1.0
134648,3.0
134654,1.0
134659,2.5
134661,0.0
134662,3.0
134666,0.0
134670,2.0
134673,4.0
134675,1.3333333333333333
134676,0.0
134679,2.6666666666666665
134687,1.0
134689,1.3333333333333333
134701,2.0
134702,0.0
134706,1.0
134708,0.0
134713,0.0
134715,3.0
134717,0.0
134720,4.0
134724,10.0
134725,1.0
134727,3.0
134729,1.0
134730,1.0
134731,1.0
134733,0.0
134739,3.0
134751,0.0
134752,1.0
134760,2.0
134762,1.6666666666666667
134763,3.0
134766,1.0
134773,1.0
134774,1.0
134779,1.5
134780,1.3333333333333333
134790,0.0
134791,2.0
134795,1.0
134799,0.0
134800,1.5
134801,2.0
134802,1.5
134806,3.0
134808,3.0
134809,0.0
134810,3.0
134812,3.0
134813,3.5
134814,5.0
134817,5.0
134821,3.5
134822,2.6666666666666665
134825,4.5
134828,3.0
134829,1.0
134830,0.0
134834,1.6666666666666667
134835,1.5
134841,0.0
134843,2.3333333333333335
134844,2.3333333333333335
134856,2.6666666666666665
134857,2.0
134861,2.0
134865,4.5
134867,2.0
134879,2.0
134890,2.0
134891,5.5
134895,3.0
134896,0.0
134897,0.0
134898,5.0
134899,1.6666666666666667
134914,2.3333333333333335
134916,1.0
134919,2.0
134920,0.0
134922,2.5
134938,5.0
134939,0.0
134944,2.0
134945,2.6666666666666665
134947,2.0
134950,4.0
134951,2.0
134952,1.3333333333333333
134953,4.0
134956,2.5
134957,2.5
134958,2.5
134959,2.5
134962,1.0
134964,2.0
134967,0.0
134970,5.5
134971,12.0
134972,8.0
134973,0.0
134975,1.0
134976,1.0
134978,3.3333333333333335
134979,1.5
134980,1.0
134984,3.0
134987,2.6666666666666665
134994,3.6
134995,1.5
134996,5.333333333333333
134997,2.5
134999,2.0
135004,0.0
135006,3.0
135007,1.6666666666666667
135010,0.0
135022,3.3333333333333335
135025,2.0
135028,1.5
135029,1.0
135032,1.0
135034,1.25
135035,2.0
135036,1.0
135041,0.0
135042,3.0
135051,1.0
135052,0.0
135058,2.0
135065,5.5
135066,2.0
135069,0.0
135072,1.0
135074,2.0
135084,1.5
135087,2.0
135089,1.5
135092,1.5
135096,0.0
135099,1.0
135101,3.0
135104,0.0
135108,1.0
135113,1.0
135115,1.0
135119,0.0
135120,4.0
135126,3.0
135132,1.0
135134,4.0
135135,3.0
135138,1.0
135149,0.0
135151,0.0
135155,1.0
135164,2.0
135168,2.0
135170,2.3333333333333335
135171,0.0
135175,1.5
135181,3.5
135184,0.0
135189,2.0
135191,2.3333333333333335
135200,3.5
135203,6.0
135206,5.0
135215,4.0
135218,0.0
135219,2.0
135220,1.0
135222,3.5
135224,2.0
135225,3.0
135228,1.0
135229,2.0
135232,3.3333333333333335
135240,2.0
135243,0.0
135245,3.0
135251,1.0
135253,1.0
135254,3.6666666666666665
135255,4.5
135258,2.0
135262,3.0
135263,3.0
135267,2.0
135275,0.0
135278,4.666666666666667
135281,4.0
135282,1.0
135284,0.0
135286,2.0
135287,2.0
135299,0.0
135304,2.5
135305,3.5
135308,0.0
135311,3.0
135315,1.75
135318,0.0
135321,1.5
135324,2.5
135326,0.0
135327,2.3333333333333335
135329,2.5
135332,2.0
135333,2.0
135336,0.0
135343,4.0
135349,1.5
135350,1.0
135354,1.6666666666666667
135355,0.0
135356,0.0
135362,0.0
135364,1.0
135367,3.0
135374,9.5
135375,0.0
135377,0.0
135378,3.6666666666666665
135379,1.5
135380,0.0
135381,1.0
135395,1.0
135396,4.0
135398,3.5714285714285716
135402,6.333333333333333
135409,1.5
135425,5.5
135426,1.0
135434,1.0
135440,0.0
135442,9.0
135456,1.0
135457,0.0
135462,1.0
135463,3.0
135467,1.0
135468,1.0
135469,1.0
135472,2.0
135474,4.0
135479,2.0
135481,1.5
135482,1.0
135483,4.0
135486,2.0
135488,1.0
135489,2.0
135493,0.0
135494,1.0
135498,1.0
135502,2.5
135504,1.0
135508,4.5
135509,0.0
135511,2.0
135512,5.0
135515,3.0
135522,2.0
135523,3.0
135527,1.5
135528,1.0
135530,5.5
135532,1.5
135533,11.5
135535,1.5
135542,2.0
135544,4.0
135545,4.0
135546,3.5
135547,3.5
135548,3.5
135549,3.0
135551,2.0
135552,1.6666666666666667
135553,2.0
135555,2.0
135556,3.0
135557,0.0
135558,3.0
135559,3.0
135561,2.0
135563,2.0
135575,1.5
135581,0.0
135583,1.0
135585,2.0
135586,2.0
135587,1.5
135594,2.0
135595,1.0
135596,0.0
135598,2.0
135600,1.75
135601,1.0
135602,0.0
135604,2.0
135609,2.0
135611,2.0
135612,2.0
135613,1.5
135614,0.0
135617,3.0
135623,1.0
135624,4.0
135628,1.5
135629,3.5
135640,1.0
135642,2.0
135643,2.0
135646,1.0
135647,3.0
135648,1.0
135652,1.0
135653,2.0
135655,2.0
135656,2.0
135657,3.0
135665,1.0
135673,1.5
135678,0.0
135679,1.5
135683,5.0
135684,1.5
135690,2.5
135692,2.0
135694,1.6666666666666667
135697,0.0
135700,2.5
135701,4.0
135705,4.0
135707,3.0
135709,0.0
135713,2.0
135714,0.0
135718,1.0
135722,0.0
135724,0.0
135727,2.0
135737,1.0
135742,1.75
135745,2.6666666666666665
135749,1.0
135752,1.0
135753,1.0
135755,2.5
135756,8.0
135762,1.0
135764,1.0
135765,1.0
135766,4.0
135771,1.3333333333333333
135776,1.3333333333333333
135778,2.0
135779,3.5
135780,2.0
135787,7.5
135788,6.0
135794,3.0
135795,5.0
135801,1.0
135802,7.666666666666667
135804,1.5
135806,1.5
135807,1.0
135808,1.0
135812,3.0
135814,2.0
135815,1.0
135817,5.0
135818,4.0
135820,2.5
135824,2.0
135832,2.0
135834,0.0
135836,0.0
135840,6.0
135845,2.0
135847,1.5
135852,1.0
135856,2.0
135857,1.0
135862,2.0
135865,0.0
135869,10.25
135871,0.0
135872,4.666666666666667
135878,3.0
135884,2.0
135885,3.5
135889,3.0
135892,3.0
135893,0.0
135897,0.0
135900,2.0
135901,2.0
135905,2.0
135907,2.5
135909,2.5
135910,1.0
135911,2.0
135913,1.0
135916,0.0
135917,0.0
135918,1.0
135921,5.0
135922,0.0
135926,0.0
135928,0.0
135931,1.0
135934,3.0
135940,3.0
135944,1.0
135945,5.0
135947,5.0
135948,5.0
135949,1.0
135952,0.0
135955,1.0
135959,3.0
135961,2.5
135966,2.6666666666666665
135967,3.0
135970,6.0
135974,3.0
135975,2.5
135976,3.0
135978,1.3333333333333333
135980,0.0
135981,1.6666666666666667
135983,1.5
135984,2.0
135985,1.0
135989,2.0
135991,2.0
135993,1.6666666666666667
135994,2.0
135996,2.0
135999,6.666666666666667
136010,1.0
136011,1.0
136012,1.0
136014,4.5
136015,3.0
136016,3.6666666666666665
136021,1.0
136022,0.0
136026,1.0
136027,1.5
136031,1.5
136033,3.5
136035,3.0
136037,1.0
136038,1.0
136040,1.0
136041,3.0
136042,1.3333333333333333
136045,2.0
136046,1.5
136048,2.0
136049,0.0
136059,1.0
136066,3.0
136068,2.0
136069,0.0
136070,3.0
136071,3.5
136076,0.0
136078,2.5
136080,3.0
136081,2.5
136082,2.3333333333333335
136086,1.0
136091,4.0
136097,1.0
136098,3.5
136103,3.5
136104,3.0
136105,1.0
136106,1.0
136107,1.25
136112,2.0
136120,2.0
136123,3.0
136124,2.5
136125,1.0
136130,2.5
136133,0.0
136134,0.0
136141,5.0
136143,2.0
136145,2.0
136147,7.0
136148,2.0
136152,2.0
136156,5.666666666666667
136164,2.0
136169,2.5
136171,0.0
136176,1.0
136180,3.5
136188,6.0
136189,7.333333333333333
136195,5.0
136198,1.0
136199,2.0
136203,2.5
136204,3.6666666666666665
136208,1.5
136210,4.0
136211,3.3333333333333335
136216,4.5
136226,4.0
136227,2.0
136228,2.5
136231,1.75
136232,2.5
136233,2.5
136236,0.0
136244,2.5
136247,3.3333333333333335
136250,6.0
136252,4.0
136253,2.0
136254,1.0
136255,0.0
136257,1.0
136262,0.0
136263,1.0
136265,4.0
136267,4.0
136268,4.0
136269,2.0
136271,2.0
136272,1.0
136273,1.5
136275,1.0
136277,1.0
136278,1.0
136280,2.5
136281,0.0
136284,2.0
136285,1.0
136287,1.0
136291,3.0
136292,2.3333333333333335
136294,2.6666666666666665
136297,1.0
136303,3.0
136307,3.0
136319,3.0
136320,2.0
136335,1.0
136338,3.0
136339,3.0
136342,2.0
136343,2.0
136346,2.0
136348,0.0
136349,1.0
136350,1.0
136359,4.5
136363,4.0
136364,1.0
136367,5.0
136371,3.0
136372,0.0
136373,3.0
136381,0.0
136383,2.0
136384,1.0
136385,1.0
136387,4.0
136388,4.0
136391,1.0
136394,1.0
136395,1.0
136402,2.0
136403,1.6666666666666667
136405,0.0
136408,1.0
136410,3.5
136418,0.0
136421,1.0
136422,1.0
136427,3.5
136432,0.0
136434,3.5
136444,1.0
136449,2.0
136450,2.0
136451,5.0
136454,2.75
136461,6.5
136462,7.333333333333333
136466,0.0
136468,0.0
136469,0.0
136470,0.0
136474,0.0
136475,1.0
136479,2.0
136482,3.5
136484,2.5
136487,2.6666666666666665
136488,2.6666666666666665
136490,3.0
136494,6.0
136500,0.0
136501,6.0
136504,1.6666666666666667
136505,5.0
136508,2.5
136510,1.0
136512,2.0
136517,2.0
136520,2.0
136526,3.5
136528,2.0
136530,4.0
136531,4.5
136532,1.0
136534,5.666666666666667
136535,1.0
136540,0.0
136541,1.3333333333333333
136547,2.0
136553,2.0
136555,2.5
136558,0.0
136560,0.0
136565,0.0
136567,1.0
136568,1.0
136569,6.0
136571,2.0
136572,4.0
136574,1.0
136577,3.0
136583,1.0
136585,2.0
136590,2.5
136593,1.0
136595,4.5
136599,0.0
136604,2.0
136605,5.0
136616,2.0
136619,2.5
136624,8.0
136629,0.0
136631,3.3333333333333335
136632,2.0
136641,4.0
136644,2.5
136645,3.5
136647,2.0
136648,3.5
136650,3.5
136652,3.0
136654,3.3333333333333335
136657,3.0
136659,0.0
136663,0.0
136667,1.0
136669,1.0
136671,2.5
136673,1.0
136677,0.0
136678,2.0
136680,1.5
136682,4.0
136688,1.0
136689,1.0
136691,1.3333333333333333
136692,3.0
136694,2.0
136695,1.5
136700,0.0
136702,0.0
136703,3.0
136706,2.0
136707,1.0
136708,1.5
136710,7.5
136715,4.666666666666667
136717,3.3333333333333335
136726,1.0
136730,2.3333333333333335
136740,2.0
136741,1.5
136744,0.0
136747,2.0
136749,7.666666666666667
136750,7.0
136751,5.0
136758,2.0
136760,0.0
136762,2.5
136763,3.0
136767,4.0
136770,0.0
136771,1.0
136782,3.0
136785,1.5
136786,4.0
136787,1.0
136789,3.0
136790,13.0
136793,1.0
136795,1.0
136800,1.0
136803,1.0
136804,0.0
136805,2.0
136808,0.0
136812,3.0
136817,1.3333333333333333
136818,0.0
136821,2.5
136823,1.0
136824,2.0
136826,2.3333333333333335
136828,1.0
136829,0.0
136830,5.0
136831,2.3333333333333335
136834,4.0
136837,3.0
136842,1.5
136844,2.0
136845,1.5
136846,3.0
136849,2.5
136850,2.0
136852,4.333333333333333
136854,0.0
136855,1.5
136857,5.0
136859,7.0
136860,3.0
136862,1.0
136864,2.0
136868,2.5
136870,1.0
136871,2.0
136872,1.0
136873,1.0
136881,2.0
136883,2.0
136887,1.5
136891,4.0
136892,2.5
136911,2.5
136912,3.5
136913,3.0
136914,4.333333333333333
136915,5.0
136916,1.3333333333333333
136919,0.0
136921,1.0
136922,0.0
136924,3.3333333333333335
136931,0.0
136935,5.0
136936,5.0
136939,2.5
136942,3.0
136943,4.666666666666667
136945,3.6666666666666665
136947,0.0
136948,3.0
136949,0.0
136950,4.0
136956,0.0
136957,2.0
136958,1.5
136959,5.666666666666667
136964,3.0
136966,4.0
136967,1.0
136968,2.0
136971,2.3333333333333335
136977,1.0
136980,2.6666666666666665
136982,0.0
136984,1.0
136986,2.0
136988,1.0
136993,2.0
136995,2.0
136998,2.0
136999,1.0
137005,2.5
137011,4.666666666666667
137014,1.0
137015,1.0
137019,3.6666666666666665
137021,9.0
137022,6.0
137027,4.333333333333333
137034,0.0
137035,0.0
137037,1.5
137038,1.6666666666666667
137043,2.0
137045,3.0
137049,1.6666666666666667
137050,1.0
137051,3.5
137053,3.0
137057,1.0
137058,1.5
137059,2.0
137060,2.0
137061,3.0
137062,1.0
137063,0.0
137064,2.0
137065,2.5
137068,0.0
137073,5.0
137074,2.0
137077,0.0
137081,1.0
137082,0.0
137094,10.5
137098,1.5
137101,1.3333333333333333
137102,2.5
137104,2.0
137108,6.0
137111,1.0
137112,0.0
137114,7.0
137127,3.0
137132,0.0
137133,1.0
137134,4.0
137135,1.5
137137,2.0
137139,1.5
137142,1.0
137148,1.0
137152,1.0
137154,2.0
137157,0.0
137159,1.0
137160,3.3333333333333335
137163,2.0
137165,2.6666666666666665
137167,7.0
137169,5.0
137176,1.0
137177,2.5
137184,0.0
137190,0.0
137191,0.0
137194,3.0
137196,4.0
137204,1.25
137207,4.0
137209,1.5
137210,1.0
137224,1.0
137225,0.0
137231,1.6666666666666667
137233,0.0
137234,2.3333333333333335
137235,2.0
137238,3.0
137245,1.0
137248,6.5
137249,4.0
137254,3.0
137259,3.0
137268,5.0
137271,3.0
137273,2.0
137274,0.0
137276,2.5
137278,2.5
137279,3.6666666666666665
137280,1.0
137285,3.0
137292,2.0
137296,7.0
137297,3.0
137304,0.0
137306,3.5
137309,1.0
137310,0.0
137317,0.0
137318,3.5
137319,2.0
137321,1.0
137323,2.0
137324,3.5
137332,6.333333333333333
137333,2.5
137340,8.0
137343,1.3333333333333333
137351,1.0
137352,1.0
137354,0.0
137358,0.0
137359,0.0
137362,0.0
137365,2.0
137366,1.0
137367,4.75
137369,4.0
137371,0.0
137373,3.0
137374,2.0
137377,0.0
137393,2.0
137395,0.0
137397,0.0
137398,5.5
137399,5.0
137401,0.0
137404,1.0
137405,4.0
137407,1.0
137409,1.0
137412,2.5
137416,0.0
137419,2.0
137420,4.0
137421,4.0
137423,2.0
137425,3.0
137427,0.0
137428,0.0
137429,0.0
137430,2.0
137433,2.5
137438,2.0
137441,2.5
137442,0.0
137444,2.25
137447,4.0
137448,4.0
137449,2.5
137452,1.0
137455,3.5
137457,2.6666666666666665
137466,2.0
137468,3.5
137470,0.0
137472,0.0
137474,3.0
137475,7.666666666666667
137479,1.5
137483,2.5
137484,1.0
137486,1.0
137487,0.0
137488,3.0
137489,3.0
137490,4.0
137491,1.5
137493,5.333333333333333
137494,4.5
137496,2.6666666666666665
137497,1.3333333333333333
137498,1.5
137503,1.0
137505,1.0
137506,1.0
137508,4.0
137509,1.0
137519,2.5
137526,1.0
137527,0.0
137536,4.333333333333333
137538,4.0
137539,2.0
137542,4.0
137543,4.0
137544,1.0
137545,0.0
137556,2.0
137557,1.5
137559,1.5
137561,4.0
137563,3.0
137564,1.0
137571,5.0
137574,7.0
137577,1.0
137581,2.0
137582,1.0
137584,3.5
137585,4.5
137586,12.0
137587,0.0
137591,4.0
137592,5.0
137594,0.0
137595,0.0
137596,0.0
137598,4.0
137599,2.5
137600,3.0
137610,3.5
137613,1.0
137618,0.0
137623,3.0
137626,7.0
137629,1.0
137630,1.0
137632,4.0
137634,2.0
137637,2.6666666666666665
137639,2.0
137640,1.0
137642,4.0
137643,3.3333333333333335
137646,0.0
137651,2.0
137653,2.6666666666666665
137654,1.0
137656,1.0
137665,0.0
137672,1.0
137675,1.0
137676,1.0
137677,3.0
137678,1.0
137679,2.3333333333333335
137680,4.0
137683,0.0
137687,0.0
137689,2.5
137693,0.0
137694,2.0
137695,1.0
137702,0.0
137703,0.0
137704,1.5
137706,1.5
137707,6.0
137709,1.0
137713,3.0
137715,3.5
137716,3.0
137718,2.5
137720,2.0
137723,1.0
137728,0.0
137733,2.0
137738,0.0
137742,1.5
137758,1.0
137760,0.0
137767,0.0
137768,1.0
137774,14.0
137775,8.0
137777,0.0
137783,3.0
137784,2.6666666666666665
137802,12.0
137804,2.0
137805,1.5
137806,1.0
137812,1.0
137813,1.0
137814,1.0
137820,4.5
137822,4.0
137823,2.5
137824,4.0
137825,2.25
137833,2.0
137834,0.0
137836,4.0
137838,0.0
137845,1.0
137846,2.0
137854,4.0
137859,2.0
137865,2.0
137869,2.25
137874,2.0
137875,1.5
137881,4.5
137885,0.0
137888,2.0
137890,1.0
137892,2.0
137895,2.5
137897,1.0
137898,3.5
137900,4.0
137901,4.0
137909,1.0
137916,1.5
137922,2.5
137923,1.0
137924,1.0
137925,1.0
137930,1.0
137932,1.0
137935,3.0
137940,3.0
137945,1.0
137953,1.0
137955,4.0
137960,3.0
137962,0.0
137964,2.0
137970,3.6666666666666665
137971,2.0
137973,2.0
137975,1.0
137977,0.0
137978,1.0
137981,2.0
137988,3.0
137989,4.666666666666667
137992,1.3333333333333333
137998,1.0
138000,4.5
138002,3.5
138003,3.5
138012,3.5
138016,4.75
138025,3.5
138028,0.0
138029,1.0
138030,1.5
138033,6.666666666666667
138036,3.0
138037,4.0
138039,3.5
138040,6.0
138041,1.0
138044,0.0
138045,2.5
138048,2.0
138050,3.0
138051,3.0
138053,1.3333333333333333
138056,1.0
138058,1.0
138060,1.0
138065,12.0
138067,9.333333333333334
138068,1.0
138070,0.0
138076,3.0
138077,2.0
138078,1.0
138081,3.2
138087,4.0
138088,2.5
138091,4.0
138093,2.5
138108,2.5
138109,2.0
138110,2.0
138115,3.0
138116,3.0
138118,8.0
138119,5.0
138120,2.5
138122,3.0
138123,3.0
138124,4.0
138125,5.0
138129,2.0
138134,1.5
138135,3.0
138138,5.0
138139,0.0
138140,1.0
138143,2.0
138144,4.0
138149,1.0
138152,1.0
138153,0.0
138156,1.0
138157,0.0
138159,2.5
138161,1.6666666666666667
138163,0.0
138164,0.0
138174,2.0
138179,1.0
138181,3.0
138188,2.0
138192,0.0
138194,3.5
138198,4.0
138207,0.0
138209,2.0
138211,2.0
138214,3.0
138216,1.0
138219,0.0
138221,5.5
138227,0.0
138237,0.0
138238,0.0
138243,1.0
138245,3.0
138252,3.0
138256,1.0
138257,2.0
138258,4.0
138265,0.0
138268,0.0
138278,0.0
138279,1.3333333333333333
138280,0.0
138283,5.0
138289,1.5
138291,2.0
138294,1.3333333333333333
138296,1.0
138299,5.0
138301,2.6666666666666665
138304,1.0
138307,1.3333333333333333
138308,0.0
138319,2.0
138322,4.0
138324,1.6666666666666667
138325,2.0
138326,2.0
138327,6.0
138333,3.6666666666666665
138335,3.0
138338,2.0
138340,2.0
138348,2.0
138349,0.0
138351,1.5
138352,2.0
138362,0.0
138371,1.0
138374,2.3333333333333335
138375,2.0
138378,1.0
138380,3.0
138383,1.6666666666666667
138385,2.0
138393,8.0
138394,16.0
138395,9.666666666666666
138400,2.0
138401,1.0
138407,5.0
138408,5.0
138412,1.5
138413,0.0
138414,2.25
138416,2.5
138422,0.0
138426,3.0
138427,4.0
138434,1.0
138436,4.5
138438,3.5
138440,1.0
138442,0.0
138444,4.0
138448,1.0
138462,3.5
138463,4.666666666666667
138467,0.0
138469,0.0
138470,2.5
138472,3.0
138474,1.0
138478,2.0
138479,0.0
138487,1.0
138490,1.6666666666666667
138491,1.6666666666666667
138498,0.0
138502,1.0
138504,1.0
138508,3.5
138513,1.0
138514,5.333333333333333
138520,2.0
138523,2.6666666666666665
138533,2.0
138534,1.5
138542,1.5
138545,2.0
138551,2.0
138553,3.0
138558,2.0
138559,2.0
138562,3.0
138565,2.0
138569,2.0
138570,2.0
138572,4.5
138573,0.0
138574,1.0
138575,6.0
138576,0.0
138577,5.75
138578,1.0
138579,4.5
138584,2.25
138585,1.0
138586,6.5
138588,4.0
138590,0.0
138591,1.0
138594,2.0
138595,1.0
138596,1.0
138599,1.0
138603,0.0
138613,3.0
138615,0.0
138616,1.0
138619,2.0
138623,3.0
138625,2.5
138628,2.0
138632,0.0
138634,0.0
138636,2.5
138638,3.0
138640,1.0
138641,3.5
138646,0.0
138650,5.333333333333333
138651,1.0
138653,1.0
138654,3.0
138658,1.3333333333333333
138662,0.0
138670,6.0
138671,1.5
138675,0.0
138677,1.0
138678,1.5
138680,1.0
138690,3.0
138691,1.0
138697,1.6666666666666667
138699,2.0
138701,3.0
138704,2.5
138705,0.0
138708,1.0
138709,8.0
138713,2.0
138718,2.0
138722,1.6666666666666667
138723,2.5
138726,2.3333333333333335
138732,0.0
138734,0.0
138735,1.5
138738,0.0
138739,1.0
138741,0.0
138743,3.0
138747,0.0
138749,1.6666666666666667
138752,1.0
138754,0.0
138756,2.0
138758,1.6666666666666667
138759,1.6666666666666667
138760,1.0
138761,2.0
138762,1.5
138765,0.0
138768,1.5
138770,9.0
138771,8.666666666666666
138772,5.5
138773,2.0
138774,2.0
138775,2.0
138778,1.0
138780,1.0
138783,1.0
138786,1.5
138791,3.0
138795,1.0
138802,1.0
138805,0.0
138817,1.5
138818,5.0
138819,5.0
138821,2.6666666666666665
138822,1.0
138826,3.0
138829,3.0
138838,2.0
138840,4.0
138843,2.0
138844,2.0
138849,3.0
138857,1.5
138860,1.0
138863,5.0
138865,1.0
138868,1.3333333333333333
138873,9.5
138875,2.0
138876,1.5
138877,1.0
138884,0.0
138885,2.0
138887,2.0
138891,4.0
138892,4.0
138893,3.0
138895,1.0
138899,3.0
138906,3.0
138908,2.3333333333333335
138915,1.0
138916,2.5
138917,1.0
138920,0.0
138924,0.0
138930,1.6666666666666667
138931,1.6666666666666667
138933,2.6666666666666665
138936,1.5
138938,2.0
138940,2.5
138941,0.0
138944,1.5
138945,1.0
138948,4.0
138953,3.0
138955,0.0
138956,0.0
138964,3.0
138966,1.5
138967,1.5
138969,7.5
138971,1.0
138972,6.666666666666667
138973,1.3333333333333333
138974,1.0
138977,0.0
138978,3.5
138980,2.0
138983,2.0
138984,0.0
138987,1.0
138989,4.0
138992,0.0
138993,1.0
138996,0.0
138998,1.0
139000,3.0
139001,3.0
139016,2.0
139024,1.0
139027,0.0
139040,2.0
139042,0.0
139043,3.0
139044,2.0
139045,1.3333333333333333
139048,2.0
139055,2.0
139056,1.6666666666666667
139057,3.3333333333333335
139065,4.0
139066,2.0
139069,1.0
139070,2.0
139072,1.5
139075,1.5
139078,0.0
139080,0.0
139081,4.0
139082,3.6666666666666665
139083,1.0
139084,0.0
139088,3.0
139090,2.5
139091,3.0
139093,3.0
139094,2.3333333333333335
139098,4.0
139102,3.0
139105,1.0
139106,1.0
139109,4.0
139110,4.0
139112,2.0
139114,1.5
139116,2.0
139117,4.0
139119,2.0
139124,2.5
139127,1.0
139130,0.0
139131,2.5
139135,2.3333333333333335
139136,2.5
139137,4.666666666666667
139139,1.5
139148,1.0
139149,3.0
139152,2.5
139153,2.0
139160,1.0
139162,4.0
139165,3.3333333333333335
139167,1.0
139169,0.0
139170,2.0
139171,2.3333333333333335
139172,0.0
139176,1.0
139180,1.0
139182,0.0
139185,2.0
139188,1.5
139189,1.0
139191,1.0
139193,2.0
139195,2.0
139197,2.0
139198,1.0
139203,3.0
139206,1.5
139208,1.5
139211,7.0
139218,1.0
139219,1.5
139220,1.5
139222,4.0
139228,1.0
139229,2.0
139235,1.5
139237,0.0
139240,3.0
139243,1.0
139251,2.0
139252,1.0
139255,1.5
139257,2.0
139262,4.0
139263,1.0
139265,1.0
139267,3.0
139269,2.0
139271,3.0
139274,0.0
139280,2.5
139286,1.0
139287,1.0
139288,1.0
139289,1.0
139290,2.0
139291,0.0
139295,2.0
139296,10.0
139304,2.0
139310,1.0
139311,0.0
139313,2.0
139314,0.0
139316,2.0
139317,2.5
139318,3.0
139321,2.0
139330,1.0
139332,1.0
139337,1.0
139338,2.0
139340,4.0
139344,0.0
139346,0.0
139347,6.0
139351,6.666666666666667
139352,6.666666666666667
139355,2.0
139356,1.6666666666666667
139358,1.0
139362,1.5
139365,2.5
139367,2.0
139369,3.0
139371,2.0
139383,2.6666666666666665
139385,1.6666666666666667
139386,2.0
139391,0.0
139396,1.0
139398,2.6666666666666665
139400,2.0
139401,1.0
139405,2.0
139408,4.0
139410,8.5
139411,4.5
139413,2.3333333333333335
139415,1.0
139416,1.0
139417,2.0
139418,1.6666666666666667
139423,1.5
139427,1.3333333333333333
139430,1.0
139434,1.0
139436,3.6666666666666665
139443,2.0
139444,0.0
139445,1.0
139447,2.0
139452,2.0
139454,1.0
139457,1.0
139461,4.333333333333333
139462,5.0
139465,4.666666666666667
139466,0.0
139472,3.0
139476,2.5
139478,2.5
139483,2.3333333333333335
139484,2.75
139485,4.0
139489,1.3333333333333333
139495,4.0
139496,4.0
139497,1.0
139501,1.0
139502,0.0
139503,3.0
139504,1.0
139505,1.0
139508,1.5
139512,1.6666666666666667
139517,0.0
139522,7.0
139527,0.0
139530,1.0
139532,1.0
139534,6.0
139535,4.0
139539,0.0
139542,3.3333333333333335
139545,0.0
139551,2.5
139557,2.0
139562,1.0
139565,6.0
139567,0.0
139572,1.0
139578,2.0
139580,2.0
139581,2.5
139582,2.0
139583,1.0
139586,0.0
139588,1.0
139593,2.0
139594,3.0
139597,1.0
139598,0.0
139601,0.0
139603,8.0
139605,0.0
139606,2.0
139607,1.0
139609,1.0
139615,3.0
139623,1.0
139624,2.0
139626,4.0
139627,2.0
139628,2.0
139632,2.0
139636,0.0
139639,1.0
139640,0.0
139644,0.0
139648,1.0
139649,1.0
139650,9.0
139655,0.0
139659,4.0
139662,2.5
139663,3.5
139664,1.0
139666,1.6666666666666667
139671,2.0
139673,0.0
139677,4.5
139678,4.5
139682,0.0
139685,1.5
139686,2.0
139688,6.5
139689,4.0
139694,1.0
139698,4.0
139700,6.0
139703,6.5
139705,4.0
139707,1.5
139710,0.0
139715,1.6666666666666667
139716,1.5
139720,2.0
139724,1.0
139725,1.3333333333333333
139727,3.0
139728,2.3333333333333335
139729,2.5
139730,2.5
139731,3.0
139736,0.0
139744,1.5
139747,1.0
139748,0.0
139752,2.0
139760,2.0
139761,1.0
139763,2.0
139766,2.0
139767,1.0
139768,2.5
139772,2.0
139775,4.0
139776,1.5
139779,1.0
139781,1.0
139783,2.0
139785,3.0
139786,0.0
139789,1.5
139792,3.5
139795,2.0
139798,3.6666666666666665
139803,3.6666666666666665
139804,3.25
139805,2.0
139806,3.0
139811,1.5
139814,1.0
139821,2.0
139832,5.0
139835,1.6666666666666667
139845,4.0
139846,0.0
139847,4.25
139848,7.0
139849,5.0
139851,2.6666666666666665
139852,14.0
139856,2.0
139858,1.0
139861,6.666666666666667
139862,0.0
139864,3.6666666666666665
139865,3.5
139866,2.0
139868,6.0
139872,1.5
139877,3.0
139882,1.0
139887,1.0
139894,3.3333333333333335
139896,1.3333333333333333
139898,1.0
139899,1.3333333333333333
139906,5.0
139907,5.0
139910,1.0
139912,1.0
139914,1.0
139916,2.0
139919,2.0
139933,0.0
139937,0.0
139939,2.0
139947,5.0
139948,6.0
139951,0.0
139952,2.5
139959,1.4
139962,3.6666666666666665
139965,2.0
139974,3.0
139981,0.0
139983,1.5
139985,1.6666666666666667
139990,3.0
139991,1.0
139992,1.0
139993,1.0
139995,1.0
139999,2.5
140002,3.0
140007,1.5
140008,3.0
140011,2.0
140012,1.0
140013,1.0
140015,10.0
140017,1.5
140021,2.0
140023,1.0
140027,2.3333333333333335
140028,2.0
140030,1.0
140032,1.5
140033,1.0
140035,1.5
140039,0.0
140041,1.0
140042,2.0
140045,2.0
140055,0.0
140057,2.0
140059,2.5
140060,3.0
140066,0.0
140069,0.0
140073,1.0
140078,1.0
140086,2.6666666666666665
140088,1.3333333333333333
140090,1.0
140093,2.3333333333333335
140098,3.0
140102,2.0
140105,3.0
140110,2.0
140112,1.0
140113,3.0
140114,4.0
140115,1.0
140118,1.0
140120,1.0
140122,2.5
140133,3.0
140134,3.0
140135,2.0
140137,0.0
140138,2.5
140142,4.333333333333333
140143,1.0
140146,1.5
140147,1.6666666666666667
140150,2.5
140152,0.0
140156,1.0
140157,3.5
140165,2.0
140166,2.0
140171,0.0
140172,0.0
140173,1.0
140174,2.0
140175,1.6666666666666667
140185,0.0
140188,2.0
140191,6.0
140193,4.0
140198,6.0
140199,1.5
140211,6.5
140213,3.0
140215,2.0
140218,1.5
140225,11.0
140231,3.0
140233,0.0
140235,5.0
140238,0.0
140247,1.6666666666666667
140255,0.0
140258,1.0
140267,4.0
140269,3.0
140270,2.0
140275,2.0
140284,0.0
140285,2.0
140296,1.5
140297,2.5
140300,4.0
140303,2.0
140304,1.0
140310,3.5
140313,2.5
140315,3.75
140318,2.25
140321,3.0
140324,1.0
140327,2.0
140328,1.5
140331,2.5
140334,1.0
140335,3.0
140340,0.0
140346,3.0
140349,3.0
140351,2.5
140352,3.0
140353,4.0
140361,0.0
140363,1.0
140367,3.5
140368,4.0
140369,2.0
140374,0.0
140379,0.0
140381,0.0
140383,2.75
140386,1.0
140389,2.0
140394,1.5
140396,3.0
140399,1.0
140400,2.0
140402,2.0
140405,6.0
140407,1.0
140408,1.0
140411,3.0
140412,2.5
140413,2.5
140420,1.6666666666666667
140422,1.5
140424,1.5
140425,4.0
140426,2.0
140429,5.0
140431,1.3333333333333333
140433,1.5
140434,2.0
140435,2.0
140437,2.3333333333333335
140440,3.0
140442,3.0
140446,5.0
140448,0.0
140450,3.0
140452,1.0
140453,1.6666666666666667
140454,0.0
140457,2.0
140463,2.5
140466,0.0
140467,1.0
140468,2.5
140469,1.0
140470,8.0
140474,1.0
140475,2.0
140478,1.0
140484,2.0
140489,0.0
140495,2.0
140498,2.0
140511,1.0
140512,0.0
140514,4.0
140518,2.0
140520,1.0
140524,1.0
140525,4.0
140528,4.0
140533,3.0
140535,1.0
140540,2.0
140543,1.0
140544,3.5
140549,1.0
140551,3.6666666666666665
140557,2.0
140565,3.0
140573,2.5
140574,1.0
140577,5.0
140589,2.0
140591,4.0
140592,1.0
140593,2.0
140595,3.3333333333333335
140596,1.5
140602,2.5
140603,2.5
140604,1.0
140605,1.0
140606,1.6666666666666667
140608,2.0
140609,3.0
140610,2.0
140612,1.0
140615,0.0
140620,2.0
140625,2.0
140628,3.0
140634,0.0
140636,3.5
140638,1.5
140645,1.0
140649,1.0
140650,1.0
140651,1.3333333333333333
140654,6.0
140664,2.0
140672,2.6666666666666665
140677,0.0
140680,1.0
140681,1.0
140684,1.0
140687,0.0
140691,1.0
140692,0.0
140693,2.3333333333333335
140696,4.0
140697,1.0
140699,0.0
140703,1.0
140705,1.0
140710,3.0
140712,2.5
140714,2.5
140715,2.5
140716,2.0
140717,0.0
140718,0.0
140719,4.0
140722,2.5
140724,3.0
140727,1.0
140729,2.0
140740,0.0
140742,4.5
140743,1.0
140749,2.0
140758,1.5
140760,2.0
140762,1.0
140764,5.0
140767,1.0
140768,0.0
140769,2.0
140771,1.5
140773,1.5
140776,1.6666666666666667
140778,3.0
140791,1.0
140794,2.0
140797,1.0
140802,1.0
140803,1.0
140804,1.0
140805,0.0
140808,0.0
140809,2.0
140810,0.0
140811,2.5
140815,1.6666666666666667
140819,0.0
140822,0.0
140823,3.0
140829,1.0
140832,1.0
140833,1.0
140835,1.6666666666666667
140836,5.0
140837,0.0
140840,2.5
140842,2.0
140844,2.0
140847,0.0
140849,2.0
140850,4.5
140852,3.0
140854,1.0
140855,0.0
140856,1.5
140859,3.0
140861,1.0
140862,1.5
140863,1.0
140867,3.0
140870,2.0
140874,3.0
140878,1.5
140879,1.5
140880,1.0
140886,3.3333333333333335
140887,4.666666666666667
140890,1.0
140893,2.0
140897,3.0
140900,1.0
140905,2.3333333333333335
140906,3.0
140909,2.0
140911,1.0
140914,4.333333333333333
140915,1.0
140925,2.6666666666666665
140926,3.0
140929,4.0
140932,2.0
140934,2.5
140935,4.0
140937,3.0
140938,9.0
140943,5.5
140944,2.6666666666666665
140945,5.5
140949,2.5
140950,2.0
140952,5.0
140963,2.5
140966,7.5
140967,1.5
140970,8.0
140972,2.0
140974,0.0
140978,5.0
140983,3.0
140984,4.5
140985,0.0
140986,1.0
140987,1.0
140988,1.0
140991,1.5
140993,1.5
140994,3.3333333333333335
140995,5.0
140996,4.333333333333333
140997,4.5
140999,7.0
141010,0.0
141011,1.3333333333333333
141012,1.3333333333333333
141017,4.0
141020,4.0
141024,3.0
141028,2.5
141030,1.0
141031,4.0
141036,4.0
141040,0.0
141042,2.0
141044,2.0
141050,3.5
141051,3.0
141055,3.0
141060,0.0
141062,2.0
141063,2.5
141065,3.5
141066,2.0
141072,2.0
141074,1.0
141076,1.5
141078,1.0
141079,4.0
141080,3.5
141083,3.5
141084,3.5
141087,10.0
141090,0.0
141092,2.0
141093,4.0
141094,1.6666666666666667
141097,3.0
141102,1.0
141103,1.0
141106,1.0
141107,3.0
141108,0.0
141109,2.0
141115,2.0
141116,1.5
141117,2.0
141119,2.0
141121,1.5
141125,1.0
141126,3.0
141127,3.0
141129,5.0
141144,0.0
141145,1.0
141147,0.0
141148,1.0
141150,1.0
141151,1.0
141152,3.0
141153,1.0
141158,1.0
141161,2.5
141173,0.0
141180,1.5
141182,0.0
141185,3.0
141188,3.0
141192,2.0
141194,4.0
141199,0.0
141209,4.333333333333333
141211,2.3333333333333335
141212,2.0
141214,1.5
141216,2.0
141219,1.0
141223,2.0
141224,0.0
141226,8.0
141229,2.5
141230,1.5
141232,1.6666666666666667
141236,3.5
141239,3.3333333333333335
141241,3.0
141244,1.0
141246,1.0
141248,1.5
141250,3.0
141256,1.0
141257,1.0
141258,1.5
141265,3.0
141267,3.0
141268,1.5
141271,2.0
141274,1.0
141276,1.0
141280,6.0
141282,2.0
141284,2.5
141285,1.75
141287,2.0
141291,5.0
141293,3.0
141297,2.0
141298,1.0
141300,2.0
141303,0.0
141305,2.0
141308,0.0
141309,0.0
141312,2.5
141318,4.0
141320,1.5
141322,3.0
141328,1.3333333333333333
141333,1.5
141335,2.0
141337,0.0
141339,2.0
141341,3.0
141342,2.0
141349,2.5
141354,7.0
141355,0.0
141356,2.0
141359,3.5
141360,0.0
141363,3.5
141364,1.3333333333333333
141368,3.5
141374,1.6666666666666667
141376,1.6666666666666667
141379,3.0
141382,2.5
141389,0.0
141390,3.5
141392,1.5
141393,0.0
141396,1.0
141397,1.0
141398,1.0
141399,3.0
141400,4.0
141401,4.5
141403,3.0
141404,4.666666666666667
141406,1.25
141409,1.0
141411,2.5
141412,1.0
141414,1.0
141417,2.0
141421,6.0
141423,3.0
141424,3.0
141426,11.0
141430,2.0
141431,4.0
141432,3.5
141434,2.5
141435,2.0
141437,0.0
141443,3.0
141445,1.0
141450,0.0
141455,5.0
141456,5.0
141461,0.0
141462,4.0
141468,0.0
141473,1.0
141479,1.0
141484,4.0
141486,2.0
141489,2.0
141491,6.0
141494,3.0
141496,2.0
141499,1.0
141500,2.0
141504,7.0
141508,5.0
141511,1.0
141512,3.0
141515,2.0
141521,0.0
141522,1.0
141523,1.5
141526,4.5
141527,1.0
141528,2.0
141536,2.0
141539,1.0
141540,1.3333333333333333
141542,1.0
141543,1.0
141545,0.0
141547,4.0
141548,2.0
141549,2.0
141551,1.3333333333333333
141552,3.6666666666666665
141555,3.5
141556,3.5
141561,1.6666666666666667
141564,3.5
141565,4.0
141567,4.0
141568,4.0
141569,1.0
141577,0.0
141582,0.0
141589,9.0
141591,1.0
141592,3.0
141593,2.0
141598,2.5
141601,2.0
141605,4.666666666666667
141609,2.3333333333333335
141611,1.0
141614,1.0
141617,0.0
141620,4.0
141626,0.0
141628,1.0
141631,3.0
141632,3.5
141636,3.3333333333333335
141643,3.0
141646,0.0
141647,0.0
141652,2.0
141658,4.0
141661,1.5
141670,3.0
141671,2.0
141673,1.0
141674,2.0
141675,1.5
141676,0.0
141686,4.0
141692,3.5
141705,1.6666666666666667
141706,2.5
141707,2.5
141719,2.0
141720,2.0
141723,1.0
141724,0.0
141728,1.0
141729,1.0
141737,4.5
141738,1.5
141740,2.3333333333333335
141742,0.0
141753,3.0
141755,1.0
141760,3.5
141764,1.0
141765,1.0
141767,1.0
141771,3.5
141780,0.0
141781,0.0
141784,5.5
141786,0.0
141792,2.0
141798,1.6666666666666667
141803,0.0
141806,4.0
141807,4.0
141813,2.0
141817,1.0
141822,2.0
141824,2.3333333333333335
141826,1.0
141828,0.0
141833,3.0
141836,1.5
141839,1.0
141840,4.75
141842,1.0
141843,0.0
141846,3.5
141847,5.0
141849,6.0
141857,2.0
141858,2.5
141864,3.5
141867,3.0
141868,3.0
141871,7.0
141874,3.0
141875,4.333333333333333
141877,0.0
141879,5.0
141883,1.0
141885,6.0
141895,2.3333333333333335
141898,0.0
141899,1.0
141905,0.0
141915,9.0
141916,3.0
141921,4.0
141922,2.5
141923,2.5
141925,1.0
141926,5.0
141927,1.0
141930,1.0
141933,1.3333333333333333
141937,10.0
141940,0.0
141944,3.0
141947,2.5
141949,2.0
141958,3.6666666666666665
141960,1.25
141962,3.3333333333333335
141966,2.0
141970,0.0
141977,4.0
141982,1.0
141985,1.0
141986,2.5
141987,1.0
141988,9.5
141990,1.0
141991,2.5
141992,5.0
141993,5.5
141995,1.0
141997,0.0
141999,1.0
142001,3.6666666666666665
142002,3.25
142003,4.0
142010,2.5
142011,2.0
142012,1.0
142014,4.0
142015,2.0
142017,1.5
142022,1.0
142028,2.0
142030,1.0
142032,0.0
142034,9.75
142035,7.0
142039,1.5
142042,3.0
142044,6.0
142047,1.0
142049,4.0
142052,1.0
142053,1.5
142055,0.0
142057,0.0
142060,4.0
142062,4.75
142067,1.5
142068,1.5
142075,4.0
142079,2.0
142080,3.0
142081,3.0
142082,3.0
142083,0.0
142090,5.0
142092,2.0
142093,2.0
142095,0.0
142100,1.0
142101,3.0
142105,2.6666666666666665
142107,2.0
142109,1.6666666666666667
142111,1.3333333333333333
142114,0.0
142115,0.0
142126,4.5
142127,0.0
142128,0.0
142130,3.0
142141,2.0
142142,2.5
142147,5.5
142156,1.0
142160,1.0
142161,2.0
142163,9.0
142166,0.0
142167,4.0
142170,2.0
142171,2.0
142173,2.0
142174,3.0
142175,3.0
142176,0.0
142179,2.0
142181,2.0
142184,2.0
142188,1.0
142190,3.0
142191,2.0
142192,0.0
142200,1.0
142201,0.0
142204,0.0
142207,0.0
142208,0.0
142211,1.0
142212,2.0
142213,3.0
142214,1.0
142216,1.0
142222,6.0
142228,3.0
142229,2.5
142230,5.0
142233,6.5
142239,4.0
142244,0.0
142245,2.5
142251,1.0
142254,0.0
142259,3.5
142263,0.0
142269,2.3333333333333335
142271,3.0
142272,6.0
142276,3.0
142277,3.0
142279,2.0
142281,1.3333333333333333
142284,2.0
142285,1.0
142291,1.0
142292,2.0
142294,1.0
142295,1.6666666666666667
142297,1.0
142301,0.0
142302,3.0
142304,1.5
142305,4.5
142309,2.0
142311,3.0
142316,1.0
142317,1.0
142318,1.0
142319,2.3333333333333335
142323,1.0
142325,2.5
142329,1.0
142330,1.0
142336,3.0
142339,3.0
142340,1.0
142351,2.0
142352,1.0
142357,3.0
142362,4.5
142368,1.0
142372,4.0
142374,2.0
142385,1.0
142389,2.0
142390,0.0
142394,2.0
142395,5.0
142396,2.6666666666666665
142397,2.0
142402,5.0
142403,0.0
142406,2.0
142408,0.0
142410,4.0
142412,6.0
142416,2.0
142420,1.5
142424,2.0
142430,1.0
142443,2.3333333333333335
142445,2.3333333333333335
142446,3.5
142450,2.0
142453,4.0
142455,3.0
142456,1.5
142458,1.0
142461,2.0
142463,1.6666666666666667
142464,0.0
142470,0.0
142476,6.0
142478,0.0
142486,1.0
142488,4.0
142489,2.0
142491,4.0
142492,1.0
142495,4.0
142497,7.0
142498,2.5
142500,3.0
142503,2.0
142504,4.0
142508,2.0
142511,9.0
142518,2.6666666666666665
142520,3.0
142524,2.0
142529,0.0
142530,1.0
142532,4.0
142533,5.0
142539,3.0
142546,0.0
142556,1.0
142560,0.0
142563,0.0
142564,4.0
142568,2.5
142569,0.0
142575,0.0
142578,2.5
142582,2.0
142587,2.5
142594,1.0
142595,1.0
142599,2.6666666666666665
142600,7.0
142603,2.0
142606,3.0
142617,1.0
142618,3.0
142622,1.0
142624,3.0
142629,3.3333333333333335
142632,4.5
142636,3.0
142637,6.0
142638,0.0
142641,2.5
142642,2.5
142644,0.0
142645,2.0
142651,0.0
142653,2.0
142654,5.0
142657,1.0
142669,1.0
142675,1.5
142676,2.5
142680,3.3333333333333335
142684,4.0
142685,6.0
142689,0.0
142696,2.0
142700,3.5
142701,6.0
142702,2.0
142705,2.6666666666666665
142706,3.5
142709,2.0
142711,2.0
142712,0.0
142717,1.0
142719,5.0
142722,2.3333333333333335
142724,4.0
142725,1.0
142733,0.0
142734,0.0
142738,1.0
142741,1.0
142742,1.3333333333333333
142744,1.3333333333333333
142748,2.5
142752,1.75
142753,3.5
142764,0.0
142765,1.0
142768,2.0
142771,1.5
142777,4.0
142778,3.0
142780,2.0
142781,6.0
142787,2.25
142790,4.333333333333333
142795,1.0
142798,2.0
142803,2.0
142805,3.0
142807,1.0
142808,4.5
142809,4.5
142810,2.0
142812,0.0
142814,1.0
142817,1.0
142819,1.75
142820,1.75
142822,4.0
142825,0.0
142829,2.0
142835,2.0
142838,1.6666666666666667
142841,1.0
142843,2.0
142846,1.0
142848,1.0
142850,1.0
142851,1.0
142853,2.0
142857,3.3333333333333335
142858,1.0
142864,1.0
142870,3.5
142871,1.0
142882,3.0
142885,2.0
142886,1.75
142893,3.5
142900,6.0
142901,2.0
142902,0.0
142909,3.0
142910,4.0
142911,3.5
142920,2.0
142924,2.5
142927,1.5
142930,0.0
142941,1.0
142942,1.5
142943,3.5
142946,3.0
142948,2.0
142949,4.0
142953,1.0
142956,3.5
142961,1.5
142971,3.5
142976,2.5
142980,2.5
142981,4.0
142984,0.0
142988,2.0
142989,2.5
142991,1.0
142994,5.666666666666667
142996,6.0
142998,3.0
143005,3.5
143006,5.0
143020,3.0
143022,1.0
143023,2.0
143024,2.0
143026,0.0
143027,2.0
143028,3.0
143030,1.3333333333333333
143035,1.5
143039,1.5
143042,1.0
143049,6.5
143062,3.6666666666666665
143064,3.0
143065,4.0
143066,4.0
143068,5.0
143072,4.0
143073,7.0
143076,0.0
143077,4.0
143078,3.6666666666666665
143081,5.0
143084,3.0
143088,1.0
143091,2.0
143092,0.0
143093,5.0
143103,0.0
143109,4.666666666666667
143113,0.0
143114,1.0
143117,1.6666666666666667
143118,1.5
143130,1.0
143131,1.0
143137,0.0
143138,1.3333333333333333
143140,2.25
143145,1.5
143146,2.5
143149,0.0
143152,1.0
143156,6.0
143163,1.0
143164,0.0
143165,0.0
143173,0.0
143174,5.0
143175,5.0
143177,2.0
143179,0.0
143182,3.5
143184,3.5
143186,1.0
143191,3.5
143192,3.0
143195,2.0
143197,2.3333333333333335
143199,2.5
143200,2.5
143204,4.0
143205,2.5
143206,1.0
143208,0.0
143209,2.0
143218,2.5
143219,3.0
143222,3.0
143223,1.5
143224,4.0
143225,2.5
143226,4.0
143227,4.0
143230,2.0
143231,2.0
143233,1.0
143235,0.0
143237,1.0
143241,3.0
143243,0.0
143246,6.0
143247,8.0
143249,4.0
143251,3.0
143254,4.333333333333333
143255,1.5
143257,0.0
143259,2.5
143263,2.0
143266,1.0
143267,1.5
143270,16.0
143278,3.6666666666666665
143285,2.0
143295,4.0
143300,2.0
143301,1.5
143303,1.0
143312,1.0
143313,3.0
143316,0.0
143319,5.0
143321,5.0
143323,1.0
143327,1.0
143329,1.3333333333333333
143330,1.5
143335,1.0
143340,2.0
143343,3.0
143347,1.0
143349,1.3333333333333333
143351,3.0
143352,2.5
143353,2.0
143354,2.3333333333333335
143355,1.0
143358,1.0
143361,2.0
143365,2.3333333333333335
143367,1.6666666666666667
143370,4.0
143373,3.0
143374,3.0
143375,1.5
143376,0.0
143379,1.0
143380,1.0
143384,1.5
143385,1.5
143388,2.0
143390,2.0
143392,2.0
143396,0.0
143400,3.0
143402,4.0
143403,0.0
143406,3.0
143407,2.0
143409,3.5
143411,1.6666666666666667
143418,1.0
143420,0.0
143421,0.0
143423,2.0
143425,0.0
143428,0.0
143430,0.0
143434,2.3333333333333335
143436,2.6666666666666665
143439,1.5
143440,2.5
143443,1.5
143447,1.5
143450,0.0
143451,2.0
143454,1.5
143455,1.0
143458,1.6666666666666667
143462,2.5
143464,3.3333333333333335
143465,4.0
143470,2.5
143471,4.0
143472,3.0
143473,2.5
143474,2.25
143478,2.0
143479,1.0
143480,2.0
143481,2.0
143485,6.5
143487,2.0
143489,0.0
143491,1.0
143494,3.5
143498,1.0
143502,11.0
143504,1.6666666666666667
143507,0.0
143509,5.0
143510,2.0
143512,3.5
143518,2.5
143520,0.0
143522,1.5
143524,2.0
143531,2.0
143535,2.5
143541,1.0
143544,2.5
143549,1.0
143553,0.0
143555,2.3333333333333335
143559,1.6666666666666667
143567,0.0
143571,2.0
143573,2.3333333333333335
143574,3.5
143575,1.5
143577,1.0
143581,0.0
143584,5.5
143594,2.0
143597,4.666666666666667
143600,3.0
143603,0.0
143610,6.0
143613,4.0
143623,1.0
143629,1.0
143633,2.5
143636,3.0
143637,0.0
143640,0.0
143641,0.0
143644,1.5
143652,3.0
143654,7.0
143661,3.0
143667,0.0
143669,5.5
143671,1.0
143672,3.0
143675,2.0
143679,3.0
143683,0.0
143684,4.5
143686,0.0
143696,0.0
143697,0.0
143699,7.0
143701,2.5
143703,1.0
143710,6.0
143720,4.5
143723,1.0
143725,2.0
143728,1.0
143732,1.0
143733,1.5
143738,1.0
143740,0.0
143741,4.0
143745,2.5
143746,2.5
143747,2.5
143748,3.0
143755,1.0
143758,2.0
143759,4.0
143769,3.0
143773,0.0
143778,5.5
143780,5.0
143783,1.0
143786,1.0
143790,6.0
143791,1.5
143803,3.5
143805,2.5
143807,1.0
143808,2.0
143810,1.0
143814,4.25
143815,2.5
143817,3.0
143818,2.6666666666666665
143821,0.0
143826,2.5
143831,0.0
143833,1.0
143834,1.3333333333333333
143838,3.3333333333333335
143848,1.0
143849,5.0
143851,1.0
143852,5.333333333333333
143855,2.5
143860,0.0
143864,1.6666666666666667
143870,5.0
143871,3.0
143873,3.0
143874,0.0
143875,3.0
143889,2.0
143891,1.5
143892,2.0
143894,5.0
143906,1.0
143907,1.5
143909,3.0
143910,4.0
143912,2.0
143916,1.0
143923,5.666666666666667
143924,0.0
143925,2.0
143926,4.5
143928,4.0
143929,2.0
143931,4.0
143932,1.0
143934,3.0
143935,2.0
143947,0.0
143948,0.0
143951,1.5
143953,8.0
143957,4.0
143962,2.0
143970,1.5
143971,2.0
143976,2.75
143979,2.0
143981,6.0
143987,4.0
143991,4.0
143992,5.0
143993,2.0
144004,6.0
144005,1.0
144020,2.6666666666666665
144021,2.0
144024,1.0
144030,2.5
144032,2.0
144037,2.5
144039,2.0
144041,1.0
144046,2.0
144052,0.0
144053,2.0
144055,3.0
144060,4.0
144066,3.0
144067,2.5
144071,3.5
144075,3.0
144078,3.0
144080,4.5
144083,3.0
144088,2.0
144090,0.0
144091,0.0
144096,2.0
144097,1.0
144100,3.0
144101,6.0
144102,0.0
144108,7.0
144115,2.3333333333333335
144119,1.0
144121,1.0
144122,3.0
144124,4.0
144132,3.0
144133,2.6666666666666665
144136,4.666666666666667
144138,0.0
144145,0.0
144149,0.0
144159,0.0
144160,5.0
144161,1.0
144163,5.0
144167,5.0
144168,0.0
144170,1.6666666666666667
144173,2.0
144175,1.0
144176,0.0
144179,2.0
144183,0.0
144187,3.0
144188,0.0
144189,2.0
144190,2.5
144192,2.0
144194,1.0
144198,4.0
144199,2.0
144200,2.0
144202,3.0
144204,3.0
144205,2.5
144207,0.0
144209,1.0
144211,0.0
144212,2.0
144214,2.0
144219,0.0
144222,1.5
144223,5.5
144228,1.0
144230,2.0
144242,3.5
144243,0.0
144245,2.0
144246,0.0
144248,4.0
144249,5.0
144251,2.5
144254,0.0
144256,2.0
144258,1.0
144264,4.0
144265,2.0
144267,4.0
144268,4.0
144272,0.0
144274,0.0
144276,3.0
144281,6.666666666666667
144290,2.0
144291,2.5
144295,1.0
144297,3.6666666666666665
144298,5.0
144299,1.0
144300,1.0
144301,2.0
144307,3.5
144308,4.0
144315,1.0
144317,2.5
144319,4.0
144323,1.0
144325,1.0
144331,2.0
144340,0.0
144347,2.75
144348,8.0
144352,2.5
144353,2.3333333333333335
144357,2.0
144358,2.0
144359,1.0
144361,7.5
144369,2.0
144370,1.0
144378,3.0
144384,1.5
144385,1.0
144387,0.0
144388,2.0
144391,2.6666666666666665
144396,2.5
144397,1.0
144398,12.0
144400,5.0
144405,3.0
144414,4.0
144416,4.5
144418,3.5
144426,1.0
144428,2.0
144432,0.0
144436,4.0
144440,5.0
144441,2.0
144449,2.5
144451,2.5
144452,2.25
144455,2.5
144456,2.5
144459,0.0
144462,0.0
144464,3.4
144465,4.0
144467,0.0
144469,0.0
144472,1.5
144475,4.0
144479,1.5
144480,1.0
144481,1.5
144482,0.0
144486,1.75
144496,2.0
144497,1.0
144505,1.0
144507,4.0
144510,4.5
144513,0.0
144518,2.0
144519,1.0
144521,2.0
144522,2.0
144523,2.0
144526,2.6666666666666665
144527,3.5
144535,4.0
144540,0.0
144543,2.0
144545,4.0
144547,1.5
144553,2.0
144556,1.3333333333333333
144558,2.0
144561,1.5
144564,0.0
144566,5.0
144568,2.0
144569,2.0
144570,2.0
144572,2.0
144575,1.5
144578,1.0
144579,1.5
144582,2.0
144586,3.0
144589,1.0
144598,1.0
144599,1.3333333333333333
144602,1.0
144604,5.333333333333333
144605,1.0
144608,1.0
144619,2.0
144620,2.0
144622,0.0
144624,1.0
144626,1.0
144627,1.0
144636,1.0
144637,1.0
144638,1.0
144646,1.0
144651,3.0
144654,2.0
144657,1.3333333333333333
144661,2.5
144663,2.0
144664,2.0
144665,0.0
144670,0.0
144673,2.0
144676,3.5
144678,0.0
144679,2.0
144680,0.0
144681,15.0
144683,2.5
144688,2.0
144692,8.0
144695,3.0
144697,0.0
144698,3.0
144703,5.0
144717,2.5
144721,2.0
144725,2.0
144727,1.0
144733,0.0
144739,0.0
144743,2.0
144744,0.0
144746,2.0
144750,0.0
144755,2.0
144756,0.0
144757,5.5
144762,6.0
144764,1.5
144765,3.0
144779,1.5
144781,0.0
144784,5.5
144789,8.0
144790,3.5
144796,1.6666666666666667
144799,2.0
144801,1.0
144804,3.0
144808,2.0
144820,3.0
144823,4.0
144826,2.0
144831,0.0
144832,1.6666666666666667
144835,1.0
144836,3.0
144839,2.3333333333333335
144841,4.0
144844,1.0
144853,1.0
144855,2.0
144858,2.0
144859,2.0
144863,0.0
144866,1.5
144867,1.0
144871,1.5
144872,4.0
144876,3.5
144888,1.0
144892,2.0
144893,4.0
144897,1.0
144900,10.5
144901,0.0
144902,2.0
144904,0.0
144908,3.0
144923,5.0
144924,0.0
144937,4.0
144939,2.0
144943,3.3333333333333335
144944,3.0
144947,2.0
144948,5.0
144950,6.0
144951,5.666666666666667
144952,6.0
144956,6.0
144957,5.0
144961,1.0
144963,0.0
144965,2.0
144969,2.6666666666666665
144981,3.0
144982,1.0
144983,0.0
144991,3.0
144996,2.0
145005,1.0
145012,1.0
145013,0.0
145015,5.0
145017,5.0
145018,3.0
145019,3.0
145022,1.0
145026,3.0
145032,2.0
145033,2.0
145040,2.0
145043,1.0
145044,1.5
145045,3.0
145052,2.0
145055,0.0
145063,2.0
145064,2.0
145065,6.0
145066,1.0
145071,2.0
145073,3.0
145074,4.0
145076,1.0
145083,4.0
145084,2.5
145087,1.0
145090,3.5
145092,3.5
145094,7.0
145097,3.0
145103,5.0
145109,2.0
145113,1.5
145114,4.0
145128,1.0
145129,2.0
145130,2.5
145133,1.0
145135,3.5
145144,0.0
145146,6.0
145147,0.0
145151,1.5
145153,1.0
145164,1.0
145165,1.0
145166,4.0
145169,2.5
145171,2.0
145173,2.5
145175,1.0
145179,4.0
145182,2.3333333333333335
145184,4.0
145186,1.75
145188,3.0
145190,2.3333333333333335
145192,2.0
145194,3.5
145195,2.5
145199,1.0
145201,4.0
145202,4.0
145207,3.0
145210,2.0
145213,0.0
145215,2.5
145217,3.0
145219,0.0
145222,1.0
145226,1.6666666666666667
145227,2.6666666666666665
145237,1.0
145238,2.0
145240,1.5
145241,2.0
145242,2.0
145243,3.6666666666666665
145244,2.0
145245,0.0
145250,3.0
145251,3.0
145253,1.0
145256,2.5
145262,0.0
145263,2.0
145268,1.0
145269,3.0
145271,1.0
145288,1.5
145289,1.0
145293,0.0
145294,3.0
145298,1.0
145304,4.0
145310,1.0
145311,1.0
145314,0.0
145317,1.0
145318,2.0
145319,1.0
145320,1.0
145325,8.0
145327,2.5
145331,1.0
145336,4.5
145338,5.0
145340,0.0
145348,3.0
145357,3.0
145358,1.0
145361,2.5
145366,1.5
145370,0.0
145373,3.0
145377,1.5
145381,6.0
145382,6.0
145386,0.0
145389,2.0
145391,0.0
145393,1.0
145394,3.0
145395,3.0
145396,3.0
145399,2.5
145400,1.0
145401,3.0
145403,1.5
145404,0.0
145412,2.0
145415,1.6666666666666667
145416,1.0
145418,1.3333333333333333
145419,2.0
145422,5.0
145424,0.0
145427,1.0
145428,1.0
145431,7.0
145433,2.0
145440,4.333333333333333
145443,4.5
145447,3.5
145450,5.5
145453,4.666666666666667
145455,3.0
145456,3.0
145462,3.0
145464,2.5
145468,2.0
145469,2.0
145471,1.5
145481,3.0
145490,1.0
145492,2.0
145494,2.3333333333333335
145495,0.0
145496,2.0
145499,3.0
145503,1.0
145504,3.0
145507,3.0
145508,1.0
145510,1.0
145511,1.5
145513,1.0
145520,0.0
145523,1.0
145525,1.0
145530,3.0
145532,9.0
145535,0.0
145536,3.6666666666666665
145537,1.0
145539,4.0
145541,0.0
145542,3.0
145543,2.0
145544,3.0
145547,2.0
145550,0.0
145554,5.333333333333333
145555,6.333333333333333
145557,1.5
145560,2.75
145561,2.5
145563,2.0
145564,2.0
145566,3.0
145568,0.0
145570,1.0
145572,2.0
145573,3.0
145576,2.0
145583,3.0
145585,3.0
145586,11.0
145593,2.0
145598,1.0
145600,4.0
145601,2.0
145602,0.0
145611,6.5
145612,2.0
145613,2.0
145618,5.0
145619,1.6666666666666667
145627,2.3333333333333335
145630,1.0
145632,1.0
145634,1.0
145637,2.0
145638,2.0
145647,1.5
145648,2.5
145650,3.5
145654,1.0
145656,2.5
145658,1.5
145659,1.5
145661,2.0
145664,2.0
145665,0.0
145671,2.0
145673,0.0
145675,1.6666666666666667
145678,6.0
145680,1.0
145681,0.0
145684,2.5
145685,3.3333333333333335
145692,2.0
145693,2.0
145697,2.5
145702,5.0
145703,5.0
145705,1.0
145707,0.0
145708,2.0
145715,3.0
145722,2.3333333333333335
145723,1.0
145726,2.0
145730,2.0
145732,2.0
145733,2.0
145734,2.0
145736,2.3333333333333335
145737,0.0
145739,1.5
145744,1.5
145749,3.0
145751,1.5
145754,3.75
145756,7.0
145757,0.0
145759,1.0
145760,1.0
145761,4.5
145763,5.0
145768,7.0
145769,1.0
145771,3.0
145772,1.0
145782,5.0
145783,1.0
145784,1.0
145786,0.0
145792,1.0
145793,0.0
145795,1.0
145796,1.0
145798,1.0
145808,1.0
145809,0.0
145824,3.0
145825,2.0
145826,0.0
145828,0.0
145829,1.0
145836,4.0
145839,9.0
145848,0.0
145854,2.5
145863,1.5
145866,2.0
145868,1.0
145876,0.0
145880,8.0
145881,2.0
145882,2.0
145883,2.0
145885,0.0
145891,7.0
145893,1.5
145896,4.0
145897,3.0
145899,3.0
145900,0.0
145907,1.5
145908,1.0
145909,1.0
145910,0.0
145918,1.0
145923,4.0
145929,0.0
145930,1.0
145934,3.5
145935,6.0
145939,5.333333333333333
145941,2.0
145945,2.0
145947,2.0
145951,3.0
145961,1.0
145962,1.0
145965,2.0
145966,3.0
145967,2.0
145969,3.0
145974,1.6666666666666667
145975,1.0
145977,1.5
145978,1.0
145980,0.0
145986,1.0
145987,0.0
145988,0.0
145990,0.0
145992,3.5
145993,1.0
145995,2.5
145996,3.0
145998,2.5
146004,3.3333333333333335
146005,0.0
146009,3.0
146017,1.5
146018,2.0
146019,3.0
146022,2.0
146023,1.5
146025,1.5
146028,6.0
146030,0.0
146033,2.0
146036,3.0
146045,2.0
146047,1.0
146050,1.0
146051,2.0
146052,2.0
146055,0.0
146058,2.0
146069,2.0
146072,3.0
146077,4.0
146079,0.0
146081,1.3333333333333333
146082,0.0
146083,2.5
146085,1.0
146087,4.0
146089,1.0
146092,0.0
146094,2.0
146095,3.25
146096,0.0
146100,1.0
146101,2.5
146104,2.0
146107,0.0
146108,1.0
146109,0.0
146112,1.0
146113,1.3333333333333333
146115,5.0
146117,2.0
146120,3.0
146121,2.6666666666666665
146125,2.5
146130,5.25
146135,1.0
146136,8.0
146139,0.0
146140,4.0
146142,2.0
146144,0.0
146147,2.0
146150,1.0
146151,8.333333333333334
146152,4.0
146157,2.0
146160,0.0
146167,2.0
146169,1.0
146170,0.0
146172,1.0
146176,2.6666666666666665
146178,8.5
146179,5.0
146182,1.6666666666666667
146183,3.0
146190,2.0
146192,1.0
146193,1.5
146195,1.0
146197,3.0
146200,2.0
146204,1.5
146211,3.0
146215,1.0
146217,2.5
146219,4.0
146221,3.75
146223,3.0
146224,2.0
146225,1.0
146227,1.0
146231,2.0
146232,1.0
146234,1.0
146236,6.0
146244,6.5
146245,3.0
146249,2.0
146254,4.5
146256,3.0
146257,2.5
146260,1.0
146262,2.0
146263,0.0
146265,1.5
146269,1.5
146271,2.3333333333333335
146279,0.0
146281,0.0
146282,4.0
146283,3.0
146284,2.0
146287,0.0
146290,1.6666666666666667
146300,0.0
146301,1.5
146302,1.0
146305,3.0
146306,3.0
146307,1.6666666666666667
146313,3.0
146314,2.5
146315,2.6666666666666665
146317,0.0
146319,3.5
146321,5.0
146322,3.6666666666666665
146323,3.6666666666666665
146329,8.0
146330,5.0
146334,0.0
146338,2.0
146339,3.0
146340,5.5
146342,3.5
146347,1.0
146352,1.5
146354,0.0
146359,3.0
146360,2.0
146361,5.5
146364,1.0
146367,3.0
146370,1.0
146372,1.0
146376,1.0
146377,2.0
146378,0.0
146379,2.0
146380,2.0
146381,1.0
146382,2.0
146385,1.0
146392,0.0
146394,0.0
146396,2.0
146400,1.5
146405,2.0
146410,8.5
146412,2.0
146415,1.6666666666666667
146416,1.0
146418,0.0
146423,3.3333333333333335
146426,3.0
146427,1.5
146428,3.0
146429,2.0
146431,0.0
146434,3.5
146436,1.0
146438,0.0
146447,0.0
146449,1.5
146451,1.5
146457,2.0
146460,2.0
146462,6.0
146469,1.6666666666666667
146472,0.0
146478,1.0
146481,3.0
146482,2.3333333333333335
146485,1.5
146489,0.0
146490,0.0
146491,1.0
146492,1.5
146493,1.0
146494,5.0
146495,2.5
146502,3.0
146505,4.0
146506,3.3333333333333335
146507,3.5
146511,0.0
146514,2.0
146518,1.0
146519,1.5
146520,2.3333333333333335
146521,2.3333333333333335
146522,5.333333333333333
146525,1.0
146526,2.5
146527,4.0
146535,2.5
146536,5.0
146538,6.0
146545,2.0
146549,2.3333333333333335
146560,0.0
146561,0.0
146563,2.0
146565,2.0
146573,0.0
146576,1.0
146582,1.0
146584,2.5
146586,1.0
146587,1.0
146589,6.0
146593,0.0
146595,2.5
146597,2.0
146598,1.0
146604,4.0
146605,0.0
146606,2.0
146607,2.0
146613,2.0
146614,3.0
146615,3.0
146616,1.5
146618,0.0
146619,1.0
146624,3.0
146627,2.0
146632,2.5
146639,7.0
146640,2.0
146642,3.0
146644,3.0
146646,2.0
146648,1.0
146655,1.6666666666666667
146661,1.3333333333333333
146664,0.0
146668,1.0
146672,2.5
146673,3.0
146674,3.0
146680,4.0
146681,5.0
146686,3.5
146689,3.0
146691,2.6666666666666665
146695,1.0
146696,2.0
146698,2.0
146702,0.0
146705,2.5
146706,2.6666666666666665
146713,2.0
146717,1.0
146718,4.0
146727,4.0
146729,3.0
146731,1.0
146733,1.5
146735,0.0
146737,2.0
146742,10.5
146743,11.0
146745,0.0
146747,4.0
146751,2.0
146757,2.0
146758,1.0
146763,3.3333333333333335
146764,0.0
146766,3.0
146767,5.0
146768,5.0
146771,2.5
146772,3.5
146773,3.3333333333333335
146774,2.0
146775,1.0
146779,1.6666666666666667
146780,2.5
146787,1.6666666666666667
146788,8.666666666666666
146794,2.75
146796,5.0
146802,3.5
146804,3.0
146806,2.0
146807,0.0
146808,2.0
146815,2.0
146822,0.0
146823,2.0
146826,1.75
146833,0.0
146835,3.0
146836,4.0
146846,1.0
146847,1.6666666666666667
146849,0.0
146850,2.5
146855,0.0
146860,2.3333333333333335
146864,3.5
146867,3.0
146870,2.5
146876,2.0
146879,1.0
146880,1.0
146881,1.0
146894,2.0
146896,2.0
146897,0.0
146899,1.5
146900,2.3333333333333335
146905,4.0
146906,1.0
146909,6.0
146911,0.0
146912,2.0
146913,2.0
146915,1.0
146916,3.0
146918,3.0
146923,0.0
146924,4.0
146925,7.0
146926,2.5
146931,2.0
146938,3.0
146941,2.75
146943,0.0
146945,2.0
146946,2.0
146948,1.5
146952,1.0
146961,1.75
146968,2.0
146971,2.0
146974,1.5
146975,3.75
146977,3.2
146981,2.0
146983,6.0
146984,4.25
146985,3.0
146991,2.0
146992,1.0
146996,2.0
146999,2.5
147001,1.0
147003,6.0
147006,2.3333333333333335
147007,1.3333333333333333
147021,1.0
147023,1.0
147024,2.0
147025,1.0
147027,0.0
147032,2.0
147033,2.0
147034,1.0
147040,6.0
147041,1.0
147043,1.0
147044,3.5
147050,2.0
147051,2.0
147052,2.0
147054,3.0
147056,1.0
147059,3.0
147060,0.0
147061,1.0
147062,3.3333333333333335
147064,4.5
147065,1.0
147070,1.0
147071,2.0
147074,1.0
147077,3.0
147078,3.0
147079,3.0
147083,2.5
147084,0.0
147092,7.0
147093,5.0
147102,2.3333333333333335
147109,2.5
147111,0.0
147112,2.0
147113,2.5
147117,2.3333333333333335
147121,0.0
147126,3.0
147133,2.0
147135,1.5
147138,1.0
147143,1.0
147146,3.0
147147,1.0
147154,1.0
147161,3.0
147164,5.666666666666667
147172,2.5
147180,1.0
147184,2.0
147185,2.0
147186,2.0
147193,4.666666666666667
147195,4.0
147197,5.666666666666667
147205,2.5
147208,2.0
147210,1.0
147214,1.0
147216,2.5
147227,10.5
147230,2.0
147235,1.0
147237,0.0
147240,3.0
147241,6.0
147243,1.0
147247,2.3333333333333335
147248,1.0
147249,2.0
147253,1.5
147256,2.0
147258,1.5
147260,1.5
147261,1.0
147262,4.5
147263,2.5
147264,4.0
147267,1.0
147271,2.0
147272,2.0
147273,2.5
147274,2.5
147276,1.0
147280,7.0
147290,3.0
147294,2.6666666666666665
147296,2.5
147300,1.0
147301,1.0
147308,4.0
147309,4.0
147313,4.0
147317,2.6666666666666665
147318,2.6666666666666665
147322,2.0
147323,1.3333333333333333
147324,3.0
147328,4.5
147332,7.0
147333,5.333333333333333
147337,2.0
147346,0.0
147351,0.0
147356,2.5
147357,2.5
147358,2.0
147360,1.0
147362,2.0
147366,2.0
147368,5.333333333333333
147370,1.5
147371,1.5
147373,2.0
147379,2.5
147381,2.0
147383,2.0
147396,3.0
147402,2.0
147403,2.0
147404,2.0
147405,2.0
147406,1.0
147407,1.3333333333333333
147410,2.0
147411,0.0
147417,1.6666666666666667
147418,2.0
147419,1.0
147421,1.5
147422,2.0
147425,1.3333333333333333
147433,1.0
147437,3.0
147442,7.0
147445,2.0
147449,1.0
147450,3.0
147451,4.5
147452,5.0
147453,3.3333333333333335
147454,2.0
147455,2.0
147457,5.5
147458,5.5
147459,2.0
147463,3.5
147465,1.5
147468,1.5
147474,3.0
147475,1.2
147477,2.0
147488,2.0
147498,1.0
147502,2.5
147504,1.0
147505,2.5
147506,1.5
147507,3.0
147508,0.0
147509,3.0
147511,2.0
147512,1.5
147513,0.0
147517,2.5
147518,1.5
147521,2.6666666666666665
147524,3.5
147530,0.0
147538,4.5
147539,2.0
147544,0.0
147545,0.0
147548,3.0
147549,3.0
147555,4.0
147558,4.0
147560,1.75
147562,1.0
147563,3.0
147564,7.0
147565,0.0
147571,1.5
147574,2.0
147575,1.0
147578,2.0
147581,1.0
147589,0.0
147591,1.0
147593,4.0
147596,2.0
147598,4.0
147604,3.3333333333333335
147608,4.0
147614,3.25
147628,2.0
147630,3.0
147631,5.0
147635,1.6666666666666667
147636,1.5
147637,2.6
147638,1.0
147640,1.0
147641,1.3333333333333333
147642,1.0
147643,1.5
147644,2.0
147647,2.0
147648,1.0
147653,2.3333333333333335
147663,1.0
147667,0.0
147669,1.0
147675,3.5
147676,5.0
147679,1.5
147680,1.0
147683,3.0
147686,2.0
147693,2.0
147694,1.3333333333333333
147697,1.5
147705,3.5
147707,1.0
147709,1.0
147713,0.0
147714,2.5
147715,2.5
147717,3.0
147718,3.0
147722,1.0
147726,5.0
147731,1.5
147733,0.0
147741,3.5
147742,5.0
147745,1.0
147746,1.0
147748,1.0
147756,1.0
147759,2.0
147767,2.5
147768,3.5
147769,0.0
147772,3.5
147773,3.0
147778,0.0
147783,1.0
147791,1.0
147802,1.0
147803,1.6666666666666667
147808,2.3333333333333335
147809,3.0
147810,0.0
147811,3.0
147814,3.5
147821,1.6666666666666667
147824,0.0
147826,2.3333333333333335
147827,1.0
147828,1.0
147829,4.0
147832,1.0
147844,1.5
147854,1.0
147856,4.0
147857,3.5
147858,2.0
147865,6.0
147867,1.5
147874,0.0
147875,5.0
147879,3.0
147880,2.3333333333333335
147885,1.0
147890,3.3333333333333335
147893,1.0
147897,4.0
147902,3.5
147904,1.0
147906,4.333333333333333
147907,5.0
147909,2.5
147911,1.0
147913,2.5
147921,2.0
147925,1.5
147930,1.0
147932,2.5
147934,1.0
147936,3.0
147938,3.0
147940,4.0
147941,1.0
147942,1.0
147944,2.0
147946,3.0
147947,2.5
147950,0.0
147954,6.0
147956,0.0
147957,0.0
147958,0.0
147959,0.0
147960,2.0
147961,1.0
147963,1.5
147966,1.5
147968,2.3333333333333335
147974,1.0
147977,0.0
147979,1.3333333333333333
147982,1.0
147987,2.0
147988,1.0
147991,3.5
147993,2.0
147999,2.5
148002,3.0
148008,4.0
148009,4.0
148011,5.0
148013,3.3333333333333335
148020,3.3333333333333335
148023,1.5
148026,2.5
148029,1.6
148030,1.5
148036,1.6666666666666667
148043,2.0
148044,1.0
148046,4.5
148050,5.0
148051,6.0
148057,3.5
148058,1.0
148059,2.0
148061,4.0
148063,6.0
148067,2.0
148073,4.333333333333333
148076,1.0
148079,2.0
148082,2.0
148084,0.0
148085,2.0
148087,1.0
148090,2.0
148092,3.5
148097,4.0
148101,1.5
148102,1.5
148104,0.0
148106,0.0
148108,3.5
148110,4.0
148111,6.0
148115,0.0
148116,0.0
148123,1.5
148124,3.5
148126,2.5
148132,0.0
148133,1.5
148135,3.3333333333333335
148136,1.0
148138,1.0
148140,3.0
148143,4.0
148144,7.0
148145,4.5
148149,1.5
148150,3.0
148152,6.5
148157,0.0
148160,6.0
148162,2.6666666666666665
148165,3.0
148166,0.0
148173,2.0
148174,2.0
148175,2.0
148176,2.0
148179,0.0
148181,5.5
148184,0.0
148189,3.0
148193,0.0
148201,2.5
148202,2.0
148203,1.0
148205,2.0
148211,0.0
148214,0.0
148215,1.0
148217,2.0
148219,5.0
148220,5.5
148222,4.0
148233,3.5
148235,4.0
148238,2.5
148244,4.0
148245,0.0
148246,2.0
148247,3.5
148250,0.0
148255,1.0
148258,1.0
148260,1.0
148261,2.3333333333333335
148265,1.3333333333333333
148267,1.3333333333333333
148268,1.0
148272,1.0
148276,8.0
148278,2.0
148279,4.0
148282,2.5
148283,3.0
148286,2.0
148288,0.0
148289,4.0
148292,1.0
148297,2.0
148309,2.5
148314,1.75
148315,2.5
148316,1.0
148324,0.0
148327,2.0
148328,0.0
148332,1.0
148335,1.5
148348,2.0
148350,2.5
148352,1.0
148359,4.0
148360,3.5
148365,2.6666666666666665
148369,2.0
148370,1.0
148371,3.3333333333333335
148373,2.0
148378,3.5
148381,1.0
148388,3.0
148390,3.3333333333333335
148395,4.0
148396,1.0
148405,2.5
148406,2.5
148409,1.5
148411,2.0
148412,0.0
148422,1.0
148423,5.5
148427,3.0
148429,1.0
148430,3.0
148432,3.0
148433,0.0
148434,2.0
148436,1.5
148438,1.0
148440,5.0
148447,1.0
148451,1.6666666666666667
148458,3.3333333333333335
148463,1.0
148465,5.0
148466,3.5
148471,1.0
148472,0.0
148478,1.0
148483,2.0
148488,3.5
148493,2.0
148494,1.5
148506,0.0
148510,3.0
148511,0.0
148514,1.0
148515,4.0
148517,2.0
148518,2.0
148521,3.0
148523,1.0
148526,2.0
148529,1.6666666666666667
148531,1.2
148532,1.0
148533,1.0
148548,2.5
148549,1.0
148551,4.5
148553,0.0
148562,1.0
148564,2.0
148566,4.5
148568,0.0
148572,0.0
148578,1.5
148579,5.0
148580,3.0
148582,1.5
148583,1.0
148588,1.0
148589,1.0
148597,1.0
148598,2.6666666666666665
148599,1.0
148604,3.5
148610,5.0
148611,1.0
148619,1.5
148621,3.0
148625,3.0
148626,10.0
148630,0.0
148632,3.0
148633,1.0
148635,1.0
148637,3.0
148638,1.0
148641,1.0
148642,1.0
148653,2.0
148655,0.0
148661,1.0
148666,1.0
148667,1.5
148668,4.5
148670,3.0
148671,2.0
148672,4.5
148674,2.0
148675,1.0
148676,3.0
148677,0.0
148679,0.0
148683,1.0
148685,2.0
148689,2.0
148694,4.0
148698,7.5
148699,6.0
148700,2.25
148702,0.0
148713,0.0
148735,20.0
148736,3.5
148737,0.0
148741,8.0
148742,10.0
148744,1.0
148746,3.0
148747,1.0
148748,2.3333333333333335
148749,3.0
148751,2.0
148752,1.0
148755,1.5
148758,2.5
148759,3.5
148764,2.6666666666666665
148766,1.5
148769,2.0
148771,0.0
148772,3.0
148773,3.75
148777,6.0
148780,2.5
148782,0.0
148790,0.0
148791,1.5
148792,2.5
148793,1.0
148794,1.0
148795,2.0
148800,2.0
148807,4.0
148809,1.0
148816,1.5
148818,2.0
148827,0.0
148828,1.5
148830,1.0
148831,1.0
148835,1.0
148839,3.0
148849,0.0
148850,1.0
148851,1.5
148853,4.0
148854,2.3333333333333335
148858,3.0
148861,1.0
148863,4.0
148868,1.0
148869,1.0
148870,3.0
148872,0.0
148873,3.6666666666666665
148880,0.0
148881,3.5
148882,1.0
148883,1.0
148890,5.5
148901,3.0
148906,0.0
148908,4.0
148909,1.0
148912,6.5
148923,1.0
148925,1.0
148926,1.0
148930,2.6666666666666665
148932,2.6666666666666665
148933,2.0
148935,2.5
148939,1.6666666666666667
148941,3.0
148942,3.0
148943,2.0
148944,2.0
148945,3.0
148946,1.5
148950,1.0
148953,1.0
148955,2.0
148957,3.5
148958,2.0
148962,3.0
148967,7.5
148968,2.0
148972,2.5
148973,1.0
148974,5.5
148981,4.0
148985,2.0
148987,2.0
148990,1.5
148991,6.0
148993,4.0
148994,1.0
148995,0.0
148997,1.0
149006,0.0
149008,5.0
149012,0.0
149013,1.5
149017,2.0
149019,1.0
149020,2.5
149023,0.0
149027,3.0
149028,2.0
149035,3.0
149038,1.0
149042,2.0
149045,4.0
149049,1.0
149051,1.0
149058,1.0
149062,1.0
149071,2.0
149072,1.0
149081,4.0
149085,7.0
149086,8.0
149089,1.5
149092,2.3333333333333335
149094,3.0
149096,1.3333333333333333
149099,1.0
149100,2.0
149103,5.0
149109,0.0
149116,2.0
149120,4.0
149124,0.0
149128,4.0
149131,2.5
149136,5.5
149143,3.0
149145,3.0
149147,2.0
149150,2.0
149155,2.0
149157,3.5
149158,0.0
149159,0.0
149160,2.0
149164,2.0
149168,0.0
149190,1.0
149191,0.0
149193,2.6666666666666665
149196,2.0
149202,2.0
149204,1.0
149206,1.5
149212,2.0
149213,2.0
149218,2.0
149221,4.0
149228,2.0
149235,1.5
149236,1.0
149241,3.5
149243,1.6666666666666667
149245,1.0
149246,4.0
149254,3.6666666666666665
149257,5.0
149258,4.0
149261,1.0
149262,1.0
149270,1.0
149272,1.0
149274,0.0
149275,2.0
149276,1.0
149277,0.0
149280,2.0
149282,1.6666666666666667
149284,2.0
149289,2.0
149293,2.0
149303,4.0
149306,0.0
149311,0.0
149315,1.0
149316,1.0
149325,3.0
149326,1.5
149327,2.0
149331,1.0
149332,1.0
149334,1.0
149337,2.5
149338,2.0
149339,2.5
149341,4.0
149344,2.5
149347,2.0
149356,1.3333333333333333
149357,2.0
149360,6.0
149364,2.0
149367,3.3333333333333335
149368,2.5
149374,3.3333333333333335
149382,5.0
149383,4.5
149386,2.0
149387,0.0
149394,4.5
149395,1.0
149401,2.5
149407,2.0
149408,1.5
149413,0.0
149416,2.0
149417,0.0
149418,1.0
149420,0.0
149421,4.0
149422,9.5
149427,4.0
149431,0.0
149432,2.0
149439,0.0
149442,2.4
149445,3.0
149446,0.0
149449,2.0
149456,1.6666666666666667
149459,0.0
149461,2.0
149467,2.0
149472,1.0
149475,1.5
149477,0.0
149484,2.5
149485,3.0
149493,0.0
149494,2.0
149495,1.0
149502,1.3333333333333333
149505,0.0
149507,3.0
149508,1.0
149509,0.0
149513,4.0
149515,1.5
149517,2.0
149524,1.0
149526,0.0
149530,0.0
149533,5.0
149534,6.5
149542,4.0
149547,0.0
149553,2.3333333333333335
149554,0.0
149558,0.0
149559,0.0
149566,2.0
149569,2.0
149575,3.0
149577,2.1666666666666665
149578,1.5
149579,4.5
149580,4.0
149583,2.3333333333333335
149584,1.0
149585,2.0
149588,4.0
149589,2.0
149590,3.0
149599,8.0
149603,3.0
149604,3.0
149606,1.3333333333333333
149608,1.0
149615,3.5
149616,1.3333333333333333
149617,6.5
149625,6.0
149627,1.5
149632,1.3333333333333333
149636,5.0
149641,2.5
149647,7.333333333333333
149648,2.0
149649,0.0
149651,1.0
149653,2.0
149654,2.5
149655,0.0
149656,2.0
149664,3.0
149665,3.5
149669,1.0
149672,1.0
149674,1.5
149691,5.0
149693,2.75
149694,1.0
149697,1.0
149698,1.6666666666666667
149703,1.5
149706,6.0
149708,0.0
149709,0.0
149711,1.5
149713,1.0
149714,0.0
149716,1.0
149717,5.5
149718,5.0
149719,1.0
149721,2.0
149722,2.3333333333333335
149723,1.5
149724,2.6666666666666665
149731,1.0
149739,2.3333333333333335
149746,4.0
149748,3.5
149751,4.0
149752,4.0
149755,1.5
149759,2.0
149760,2.3333333333333335
149763,1.0
149767,0.0
149768,2.3333333333333335
149769,2.0
149771,2.5
149775,1.0
149776,2.5
149782,4.5
149785,1.0
149786,1.0
149787,2.0
149790,4.0
149791,2.5
149796,1.0
149800,1.5
149801,0.0
149805,5.0
149807,4.0
149816,4.5
149819,2.0
149825,1.0
149826,1.0
149829,3.0
149832,1.0
149835,1.0
149836,2.3333333333333335
149837,3.0
149840,5.0
149846,0.0
149848,2.5
149850,2.5
149855,0.0
149863,2.0
149864,2.5
149865,2.5
149867,2.5
149868,2.0
149873,2.0
149879,3.3333333333333335
149880,7.0
149881,2.75
149888,1.0
149889,0.0
149893,1.0
149895,1.0
149900,0.0
149902,2.0
149905,1.0
149906,2.0
149908,0.0
149909,9.0
149914,2.6666666666666665
149915,1.5
149922,0.0
149923,1.5
149926,1.0
149933,2.6666666666666665
149934,2.6666666666666665
149937,3.5
149938,1.0
149939,1.0
149940,0.0
149941,2.0
149942,2.0
149944,2.5
149947,3.0
149951,0.0
149954,3.0
149957,2.0
149958,2.0
149959,2.0
149961,1.0
149966,3.5
149967,2.0
149974,4.5
149976,4.0
149979,2.0
149981,1.0
149983,1.5
149984,1.3333333333333333
149990,1.5
149991,2.0
149996,2.0
150000,4.0
150001,0.0
150006,2.5
150013,3.0
150014,2.5
150016,2.25
150018,1.0
150028,1.5
150031,0.0
150036,5.0
150038,1.0
150040,1.5
150044,1.0
150045,1.5
150047,1.0
150049,2.0
150051,6.5
150054,2.0
150055,0.0
150057,0.0
150063,4.0
150067,2.5
150069,1.0
150075,0.0
150076,6.0
150077,0.0
150081,3.0
150087,2.0
150088,5.0
150091,3.5
150099,1.0
150106,2.5
150108,1.3333333333333333
150109,1.0
150113,2.5
150120,1.0
150128,0.0
150132,2.0
150140,1.0
150144,3.0
150145,0.0
150149,5.0
150151,1.0
150153,1.0
150159,2.0
150161,2.0
150163,0.0
150165,6.0
150172,2.0
150174,2.0
150178,2.3333333333333335
150183,2.0
150186,1.5
150187,5.0
150193,1.5
150195,2.0
150196,4.0
150197,0.0
150200,1.0
150207,1.6666666666666667
150210,1.5
150212,2.0
150215,2.75
150219,3.0
150220,0.0
150222,3.0
150225,2.0
150226,0.0
150230,1.5
150232,1.5
150233,1.0
150235,2.0
150238,1.0
150241,0.0
150242,0.0
150243,1.5
150244,1.5
150248,5.333333333333333
150250,5.0
150254,1.0
150255,2.0
150256,6.0
150258,2.0
150259,0.0
150261,5.0
150266,8.5
150268,3.3333333333333335
150269,0.0
150271,1.0
150275,1.0
150276,1.6666666666666667
150282,0.0
150288,4.0
150290,0.0
150292,0.0
150294,4.0
150302,5.0
150311,0.0
150312,2.0
150314,0.0
150316,0.0
150317,3.0
150318,2.0
150319,4.0
150321,4.0
150322,4.0
150328,0.0
150331,0.0
150333,0.0
150334,0.0
150336,1.0
150337,0.0
150338,4.0
150341,2.5
150343,2.0
150351,4.0
150358,5.5
150359,2.6666666666666665
150361,2.6666666666666665
150362,2.0
150366,1.5
150370,1.0
150371,4.0
150377,3.0
150386,3.0
150389,0.0
150392,6.5
150399,3.0
150400,2.0
150403,1.0
150406,1.0
150407,1.5
150409,1.0
150411,2.0
150418,3.5
150419,0.0
150422,1.5
150424,7.0
150431,3.5
150438,4.333333333333333
150440,4.0
150442,0.0
150443,5.75
150447,2.0
150450,3.0
150453,3.0
150454,3.5
150455,0.0
150456,3.0
150459,1.0
150462,1.0
150464,1.5
150469,3.0
150471,0.0
150472,1.0
150476,0.0
150479,2.6666666666666665
150481,0.0
150485,0.0
150486,2.0
150491,0.0
150492,2.0
150495,2.0
150499,4.0
150500,2.5
150506,1.5
150508,0.0
150510,0.0
150514,2.0
150515,1.0
150516,3.0
150518,1.0
150519,1.0
150520,5.0
150527,2.0
150528,4.0
150530,1.6666666666666667
150531,0.0
150534,2.3333333333333335
150537,0.0
150543,1.5
150544,2.0
150551,1.5
150559,1.5
150562,3.0
150567,3.0
150568,0.0
150582,3.0
150588,2.0
150593,5.0
150594,2.5
150598,1.0
150601,4.666666666666667
150604,0.0
150606,2.0
150607,5.0
150612,1.0
150614,1.6666666666666667
150626,5.5
150627,5.0
150629,1.0
150634,3.0
150637,1.0
150639,2.0
150641,1.0
150644,3.6666666666666665
150648,1.0
150650,1.5
150657,2.0
150658,0.0
150659,1.6666666666666667
150662,4.0
150663,3.0
150668,3.6666666666666665
150673,1.0
150679,2.0
150682,1.6666666666666667
150683,2.5
150684,2.5
150691,2.5
150692,1.0
150694,4.0
150696,7.0
150699,1.5
150702,2.0
150703,2.0
150704,2.0
150705,0.0
150706,1.0
150707,2.0
150710,2.0
150719,1.6666666666666667
150723,3.0
150729,0.0
150735,0.0
150740,3.0
150741,2.0
150742,3.0
150751,3.0
150754,11.0
150756,0.0
150757,2.0
150759,2.0
150762,3.0
150764,1.0
150772,1.0
150779,2.0
150784,2.75
150786,1.0
150789,1.0
150790,0.0
150791,3.0
150793,0.0
150794,6.5
150795,5.333333333333333
150800,1.0
150801,1.0
150802,2.5
150805,3.75
150806,4.333333333333333
150807,6.666666666666667
150818,4.0
150819,1.0
150820,4.333333333333333
150821,5.0
150823,5.5
150829,1.0
150832,5.0
150833,1.0
150834,1.5
150836,0.0
150838,2.0
150839,3.0
150842,4.0
150843,1.0
150848,2.0
150850,0.0
150851,2.0
150853,0.0
150866,0.0
150867,2.6666666666666665
150868,0.0
150872,1.6666666666666667
150873,1.6666666666666667
150874,1.3333333333333333
150876,2.0
150877,6.5
150880,3.5
150883,2.0
150885,2.0
150886,2.0
150889,2.0
150890,3.5
150891,3.0
150892,1.5
150893,2.5
150899,4.0
150907,1.0
150909,3.6666666666666665
150917,3.0
150919,1.0
150920,1.0
150926,1.0
150930,1.0
150931,0.0
150936,2.0
150943,2.0
150949,2.0
150963,0.0
150967,1.3333333333333333
150968,0.0
150971,1.0
150972,1.0
150982,3.3333333333333335
150985,0.0
150996,3.0
151001,0.0
151002,2.5
151004,3.0
151005,4.0
151009,0.0
151024,1.0
151025,4.0
151028,1.0
151031,4.0
151033,1.6666666666666667
151036,5.0
151037,0.0
151042,0.0
151047,0.0
151049,1.0
151051,2.0
151052,1.0
151059,2.0
151062,0.0
151065,1.5
151068,3.0
151070,4.5
151075,5.0
151077,1.0
151078,1.0
151080,1.0
151083,2.3333333333333335
151087,2.0
151088,1.0
151089,1.0
151093,3.0
151096,2.0
151097,0.0
151101,4.5
151104,1.6666666666666667
151106,0.0
151107,1.5
151110,2.0
151114,2.0
151115,5.0
151116,3.6666666666666665
151118,0.0
151127,3.3333333333333335
151129,0.0
151131,2.5
151132,1.6666666666666667
151134,4.0
151136,1.5
151142,2.0
151144,1.6666666666666667
151145,1.5
151146,1.0
151147,8.0
151149,3.0
151151,2.5
151153,3.0
151156,1.5
151157,1.0
151158,5.5
151159,2.3333333333333335
151162,2.5
151167,0.0
151170,1.0
151175,0.0
151177,1.0
151178,2.0
151185,2.6666666666666665
151186,2.0
151191,2.0
151192,2.0
151199,1.75
151200,0.0
151207,1.5
151209,5.5
151214,2.0
151215,0.0
151217,2.0
151220,2.0
151222,1.0
151225,1.25
151226,1.0
151228,6.5
151229,1.0
151231,2.0
151232,2.6666666666666665
151234,2.0
151242,4.0
151243,2.0
151250,2.0
151253,3.0
151256,2.0
151258,0.0
151262,3.5
151263,3.0
151264,2.0
151265,2.0
151268,1.0
151271,4.0
151272,4.0
151277,0.0
151278,4.0
151279,2.5
151283,0.0
151297,8.5
151298,5.5
151303,2.0
151305,3.3333333333333335
151306,2.5
151313,3.0
151316,4.0
151320,3.5
151321,5.0
151322,10.0
151323,2.3333333333333335
151332,0.0
151335,1.0
151341,2.0
151343,2.0
151345,0.0
151354,1.5
151356,1.0
151360,2.0
151364,3.6666666666666665
151369,0.0
151370,2.0
151372,2.5
151378,2.0
151379,2.0
151380,2.0
151383,0.0
151387,3.0
151394,1.6
151395,1.5
151396,1.5
151399,2.0
151400,0.0
151401,1.0
151412,0.0
151413,0.0
151419,3.0
151421,2.0
151423,4.0
151426,3.0
151429,0.0
151434,2.0
151436,1.5
151437,6.0
151439,0.0
151440,2.5
151446,3.0
151447,5.5
151451,1.6666666666666667
151452,1.0
151456,3.3333333333333335
151461,3.0
151463,5.0
151465,0.0
151466,2.5
151467,6.0
151468,1.0
151474,2.3333333333333335
151476,1.0
151478,5.0
151482,1.6666666666666667
151487,4.0
151495,2.5
151498,2.5
151499,3.5
151501,3.0
151503,8.0
151507,2.0
151515,1.0
151525,0.0
151528,3.5
151530,6.0
151535,0.0
151539,1.5
151541,2.0
151542,0.0
151544,2.0
151545,4.0
151548,2.5
151550,0.0
151559,3.5
151561,4.0
151564,4.0
151569,0.0
151570,1.0
151573,2.3333333333333335
151575,1.0
151576,2.0
151579,0.0
151581,2.5
151582,2.0
151585,1.5
151586,2.0
151588,3.0
151593,1.0
151594,0.0
151597,0.0
151605,1.6666666666666667
151606,4.0
151607,3.0
151609,1.0
151612,1.0
151613,2.0
151615,2.0
151617,1.0
151618,2.0
151626,3.0
151627,3.0
151634,0.0
151637,1.0
151641,2.0
151644,2.3333333333333335
151646,2.0
151647,2.0
151650,0.0
151657,4.5
151658,2.0
151659,2.5
151661,6.0
151662,1.0
151663,1.0
151666,0.0
151667,4.0
151669,0.0
151676,0.0
151678,2.3333333333333335
151680,0.0
151684,2.5
151687,6.0
151689,3.0
151691,0.0
151692,3.0
151693,1.5
151695,2.0
151699,1.0
151701,1.5
151705,2.0
151706,1.0
151708,0.0
151709,2.0
151710,2.0
151711,1.0
151714,1.5
151715,1.0
151717,0.0
151718,2.3333333333333335
151729,0.0
151730,0.0
151732,5.0
151733,0.0
151734,2.5
151736,0.0
151740,3.0
151742,3.0
151745,2.0
151748,0.0
151749,1.0
151752,3.0
151753,2.0
151755,4.0
151756,3.0
151757,2.0
151765,1.0
151766,2.0
151768,1.0
151769,1.5
151770,3.0
151773,1.6666666666666667
151776,3.0
151777,1.0
151779,1.0
151782,1.5
151785,2.5
151788,0.0
151789,6.0
151793,2.0
151796,0.0
151798,1.5
151799,3.0
151805,5.0
151807,4.0
151809,1.0
151814,1.5
151817,3.5
151819,1.5
151822,4.0
151825,1.0
151830,1.5
151831,1.0
151835,1.0
151841,1.0
151848,3.5
151850,9.5
151853,6.75
151856,4.5
151858,6.0
151863,0.0
151864,1.0
151868,2.0
151871,2.5
151872,1.0
151874,1.3333333333333333
151875,1.3333333333333333
151879,1.25
151880,1.3333333333333333
151883,8.0
151885,1.0
151888,2.5
151889,1.5
151890,2.0
151893,2.0
151894,1.0
151897,2.5
151898,1.6666666666666667
151900,0.0
151901,2.5
151902,0.0
151904,2.0
151906,2.5
151907,0.0
151911,3.0
151912,3.0
151914,3.0
151915,3.0
151916,3.0
151922,1.5
151925,4.0
151926,5.0
151929,1.0
151930,5.0
151931,1.0
151934,2.5
151941,0.0
151946,1.0
151947,1.5
151951,1.0
151966,1.75
151968,3.0
151971,0.0
151974,1.0
151979,2.0
151986,1.0
151988,4.0
151994,2.0
151995,4.0
152003,1.0
152004,2.0
152005,1.0
152006,1.0
152007,2.5
152014,2.0
152019,2.0
152026,2.0
152027,3.0
152028,1.0
152029,1.0
152030,1.5
152032,1.0
152034,1.3333333333333333
152037,1.6666666666666667
152038,5.0
152042,0.0
152044,10.0
152055,2.3333333333333335
152056,1.0
152063,2.75
152064,3.0
152065,5.0
152068,2.0
152084,1.5
152088,2.0
152092,1.0
152098,0.0
152099,3.5
152103,2.0
152104,3.5
152112,1.0
152113,1.0
152115,2.0
152118,1.5
152119,2.3333333333333335
152121,0.0
152122,0.0
152125,1.0
152133,6.0
152140,3.0
152141,4.0
152146,1.5
152148,1.0
152150,1.6666666666666667
152151,2.0
152153,7.0
152154,0.0
152155,7.0
152160,12.666666666666666
152165,0.0
152167,3.5
152168,6.666666666666667
152170,2.5
152171,1.5
152174,3.0
152175,0.0
152177,0.0
152180,2.0
152182,1.0
152183,1.5
152185,0.0
152187,3.0
152189,2.3333333333333335
152190,3.0
152191,1.0
152193,0.0
152194,5.0
152198,1.0
152200,3.0
152202,2.0
152205,0.0
152208,1.0
152213,0.0
152222,3.0
152225,3.5
152226,3.0
152227,3.0
152231,1.5
152232,1.0
152242,2.0
152243,1.5
152244,0.0
152253,1.0
152254,1.0
152257,2.0
152260,1.3333333333333333
152261,0.0
152266,3.5
152270,2.0
152273,6.666666666666667
152278,4.0
152279,2.5
152280,1.0
152281,2.5
152282,2.0
152283,0.0
152284,3.3333333333333335
152287,2.3333333333333335
152288,2.0
152290,1.6666666666666667
152291,1.5
152296,1.0
152300,0.0
152306,2.0
152314,3.0
152315,10.0
152318,3.0
152319,2.6666666666666665
152324,1.5
152325,0.0
152332,0.0
152336,3.5
152338,2.0
152339,1.6666666666666667
152347,0.0
152352,2.0
152356,2.0
152357,6.5
152359,11.0
152364,2.0
152368,1.0
152369,1.0
152372,0.0
152375,1.0
152380,3.6666666666666665
152381,2.0
152385,4.0
152388,3.5
152389,4.0
152393,0.0
152398,3.0
152400,5.5
152404,1.5
152405,0.0
152407,2.0
152409,2.5
152412,6.666666666666667
152413,4.0
152414,3.0
152416,4.333333333333333
152418,0.0
152423,2.0
152424,0.0
152427,7.0
152428,2.0
152429,7.0
152430,3.0
152438,2.5
152443,2.0
152444,10.0
152453,0.0
152454,0.0
152456,3.0
152457,2.0
152463,2.0
152464,1.0
152467,1.0
152468,1.0
152472,1.0
152473,2.5
152474,2.6666666666666665
152476,2.0
152480,1.5
152487,1.0
152491,1.0
152492,2.0
152493,1.0
152495,1.3333333333333333
152502,2.6666666666666665
152506,2.0
152509,3.0
152510,1.0
152511,4.666666666666667
152512,4.666666666666667
152514,1.0
152518,2.0
152519,6.0
152522,4.5
152523,4.5
152528,5.0
152529,1.5
152531,3.0
152537,11.0
152538,0.0
152539,0.0
152543,0.0
152544,1.5
152545,2.0
152547,1.0
152548,1.0
152549,1.5
152554,1.6666666666666667
152569,1.0
152571,1.0
152573,1.0
152574,4.0
152575,2.5
152582,4.0
152585,4.0
152591,3.0
152596,1.6666666666666667
152597,2.5
152598,1.0
152599,2.0
152607,1.5
152608,2.0
152610,1.3333333333333333
152614,3.3333333333333335
152616,2.5
152621,1.3333333333333333
152628,1.0
152630,1.5
152631,1.0
152634,1.6666666666666667
152637,2.25
152638,1.8
152639,3.0
152643,1.0
152650,1.0
152652,1.0
152659,1.0
152664,0.0
152666,1.0
152669,2.0
152672,2.0
152676,1.0
152678,1.0
152679,0.0
152681,2.0
152686,0.0
152687,4.0
152691,3.0
152692,4.0
152694,0.0
152695,1.0
152699,1.5
152701,2.0
152702,5.0
152704,4.0
152713,2.0
152720,1.0
152721,1.3333333333333333
152722,2.5
152725,1.0
152727,0.0
152729,0.0
152734,2.5
152735,2.0
152737,4.0
152740,3.0
152741,0.0
152742,6.5
152743,2.0
152746,2.0
152750,0.0
152757,0.0
152758,1.0
152760,5.0
152763,2.0
152766,1.0
152769,6.0
152771,1.0
152772,3.0
152777,2.0
152779,3.0
152781,3.0
152783,2.0
152787,5.5
152789,3.25
152792,2.0
152793,2.0
152796,1.0
152797,1.5
152799,1.0
152803,2.0
152806,1.0
152807,3.0
152808,3.0
152811,1.0
152812,0.0
152816,4.0
152818,5.0
152830,4.0
152832,2.5
152833,1.0
152835,1.0
152836,0.0
152841,1.5
152843,8.0
152849,0.0
152854,1.5
152855,1.0
152856,0.0
152860,2.0
152861,2.0
152864,3.0
152867,1.3333333333333333
152868,1.0
152871,2.0
152878,1.6666666666666667
152880,2.5
152882,2.3333333333333335
152883,1.0
152886,2.6666666666666665
152889,2.6666666666666665
152892,3.5
152893,3.0
152900,4.0
152902,2.0
152903,3.0
152905,2.0
152908,1.5
152910,2.6666666666666665
152911,6.0
152912,2.0
152913,1.5
152914,4.0
152918,1.0
152923,3.5
152925,3.3333333333333335
152928,1.5
152931,2.0
152936,1.6666666666666667
152938,1.0
152940,0.0
152941,0.0
152942,1.5
152944,2.0
152947,2.0
152949,4.333333333333333
152962,2.0
152965,1.5
152967,3.6666666666666665
152970,0.0
152971,1.0
152972,4.5
152980,4.0
152987,0.0
152988,2.0
152992,2.0
152997,1.0
153003,3.5
153006,3.0
153011,7.0
153012,2.0
153014,2.0
153016,3.5
153017,0.0
153018,1.0
153023,1.5
153027,2.0
153031,1.6666666666666667
153033,3.0
153038,4.5
153039,0.0
153043,0.0
153050,0.0
153051,0.0
153052,1.0
153053,1.0
153055,2.0
153056,0.0
153057,2.0
153059,4.666666666666667
153060,3.0
153063,2.5
153064,2.0
153066,0.0
153068,3.5
153069,6.0
153072,1.5
153073,2.5
153074,1.3333333333333333
153082,1.0
153086,3.0
153087,1.5
153088,1.5
153095,2.5
153097,2.5
153101,4.0
153105,1.0
153106,1.0
153107,1.0
153109,1.0
153113,2.0
153114,3.0
153116,1.3333333333333333
153117,0.0
153120,0.0
153122,4.0
153134,1.5
153136,3.0
153143,1.0
153146,1.5
153149,1.0
153153,1.0
153162,5.0
153170,2.0
153176,2.5
153177,1.0
153179,3.0
153181,2.5
153184,4.5
153186,0.0
153193,2.0
153198,1.0
153199,1.0
153204,0.0
153208,3.0
153218,2.5
153220,1.0
153223,1.0
153226,1.4
153227,1.0
153229,3.5
153231,3.5
153234,1.0
153245,5.5
153246,2.0
153248,1.6666666666666667
153257,5.0
153260,3.0
153261,0.0
153262,1.0
153265,4.5
153266,4.25
153269,1.25
153270,1.3333333333333333
153271,3.0
153280,1.0
153287,4.0
153289,5.0
153290,1.0
153301,2.5
153307,4.0
153308,4.0
153312,1.0
153313,0.0
153317,1.0
153322,2.5
153326,2.6666666666666665
153333,1.5
153335,1.5
153336,1.5
153338,2.0
153346,1.6666666666666667
153348,2.0
153352,0.0
153353,2.0
153354,2.5
153356,3.0
153357,1.0
153358,0.0
153360,1.5
153361,1.0
153368,5.0
153370,4.0
153372,2.0
153373,2.0
153376,2.0
153377,2.0
153383,1.0
153390,4.5
153392,1.0
153407,4.0
153410,2.0
153415,1.0
153417,2.0
153420,6.0
153425,0.0
153426,1.5
153428,1.0
153433,2.0
153436,4.0
153437,2.0
153439,2.0
153445,1.0
153449,2.5
153453,1.5
153457,3.0
153458,2.5
153460,1.5
153463,1.0
153465,2.5
153467,3.0
153469,4.333333333333333
153470,0.0
153473,3.0
153477,4.0
153480,2.5
153483,4.0
153484,0.0
153485,0.0
153490,4.0
153500,0.0
153504,3.0
153508,5.0
153512,0.0
153515,4.5
153517,8.0
153520,0.0
153523,0.0
153526,2.0
153534,8.666666666666666
153537,3.0
153539,0.0
153542,1.0
153552,1.6666666666666667
153554,1.6666666666666667
153555,1.3333333333333333
153556,3.25
153557,1.5
153558,1.0
153561,5.0
153564,1.0
153565,2.6666666666666665
153566,2.0
153568,2.0
153572,7.5
153573,3.0
153576,3.0
153577,6.0
153586,4.666666666666667
153597,3.5
153599,2.0
153602,2.0
153604,2.5
153608,2.0
153611,1.6666666666666667
153613,2.0
153614,2.0
153615,2.5
153619,0.0
153621,7.0
153624,2.5
153628,1.0
153631,2.5
153635,2.0
153636,1.0
153641,3.6666666666666665
153643,2.0
153652,1.0
153661,3.0
153663,5.0
153664,4.0
153666,1.3333333333333333
153667,0.0
153669,2.0
153670,1.5
153678,2.0
153685,3.0
153686,2.0
153688,1.0
153689,1.5
153691,1.5
153692,3.2
153693,1.0
153696,2.0
153700,2.0
153701,1.0
153702,1.0
153706,2.0
153708,1.0
153710,4.0
153712,0.0
153714,4.0
153718,2.0
153719,1.0
153723,1.0
153727,3.0
153737,3.0
153742,1.0
153744,0.0
153747,5.0
153749,3.5
153756,4.0
153760,2.3333333333333335
153765,1.0
153766,1.0
153767,0.0
153771,0.0
153774,2.0
153785,1.5
153787,7.5
153789,0.0
153790,3.0
153791,2.0
153798,0.0
153801,2.0
153804,2.5
153806,5.0
153808,2.0
153811,3.5
153818,2.5
153819,2.0
153820,1.0
153823,1.5
153829,2.0
153830,2.0
153837,1.0
153840,1.0
153841,1.0
153847,2.0
153848,2.0
153850,2.0
153851,1.5
153857,0.0
153858,1.0
153860,1.0
153862,1.5
153865,0.0
153867,2.5
153868,0.0
153871,2.0
153874,3.5
153875,3.6666666666666665
153877,1.0
153880,1.3333333333333333
153881,1.5
153882,1.5
153884,1.3333333333333333
153890,2.0
153893,1.0
153897,0.0
153901,2.0
153903,1.5
153910,4.666666666666667
153911,2.0
153912,2.5
153913,1.0
153917,6.5
153919,1.0
153922,1.0
153925,5.0
153929,0.0
153936,2.6666666666666665
153937,3.0
153941,4.0
153943,1.0
153945,4.0
153951,0.0
153954,1.3333333333333333
153965,1.0
153966,1.0
153970,4.5
153971,2.6666666666666665
153973,1.0
153975,0.0
153978,2.0
153979,2.5
153981,1.5
153982,4.0
153990,1.0
153995,0.0
153996,5.0
153998,1.0
154000,2.0
154001,2.0
154002,2.5
154007,3.3333333333333335
154011,0.0
154013,0.0
154014,4.0
154015,7.0
154021,0.0
154027,1.5
154035,5.0
154036,3.6666666666666665
154042,3.5
154046,0.0
154048,0.0
154049,0.0
154052,0.0
154059,1.0
154060,1.0
154066,4.5
154072,3.0
154073,3.0
154076,4.5
154084,1.0
154087,1.0
154088,0.0
154092,2.0
154095,5.666666666666667
154096,2.5
154100,3.5
154102,4.0
154103,3.0
154106,3.3333333333333335
154108,6.5
154109,6.5
154110,5.333333333333333
154112,1.0
154113,0.0
154115,1.0
154116,5.0
154117,8.0
154119,0.0
154121,3.0
154124,0.0
154125,4.0
154129,2.5
154132,0.0
154134,4.0
154137,2.5
154142,2.0
154150,4.0
154151,5.0
154155,1.0
154157,2.5
154162,2.75
154164,2.6666666666666665
154172,1.0
154173,2.6666666666666665
154175,2.0
154177,1.0
154179,4.0
154182,1.6666666666666667
154185,2.3333333333333335
154189,0.0
154193,0.0
154194,2.0
154195,1.0
154196,3.5
154198,3.0
154199,0.0
154202,2.75
154205,3.0
154206,4.0
154208,2.0
154209,1.5
154215,0.0
154219,5.0
154221,0.0
154232,3.5
154233,2.5
154236,3.0
154247,1.0
154249,1.0
154263,1.0
154267,0.0
154268,2.0
154269,0.0
154272,4.0
154274,0.0
154279,3.0
154283,4.0
154291,2.5
154299,5.0
154301,3.5
154302,0.0
154307,3.5
154311,2.5
154315,1.5
154317,1.5
154324,3.5
154327,2.0
154328,4.0
154331,3.0
154333,1.75
154336,4.25
154347,2.6666666666666665
154349,0.0
154353,4.0
154354,0.0
154355,6.0
154366,3.0
154372,2.0
154373,2.0
154375,1.0
154381,2.0
154387,0.0
154389,4.0
154395,4.0
154398,0.0
154399,4.5
154402,0.0
154406,2.5
154407,1.75
154409,2.0
154415,3.6666666666666665
154420,3.0
154421,1.0
154422,2.0
154426,2.5
154429,1.0
154431,2.0
154432,3.0
154433,3.0
154439,2.0
154444,2.0
154448,2.0
154450,1.0
154453,1.0
154461,2.0
154462,0.0
154463,0.0
154465,2.0
154467,3.3333333333333335
154468,3.0
154470,1.0
154472,4.0
154474,2.5
154479,2.0
154480,3.0
154484,3.5
154492,0.0
154494,1.0
154495,3.6666666666666665
154497,3.5
154498,2.5
154499,2.5
154502,3.0
154504,0.0
154505,1.0
154513,4.0
154518,0.0
154522,0.0
154523,0.0
154524,2.3333333333333335
154542,0.0
154544,1.0
154547,1.0
154551,1.5
154553,2.5
154554,3.0
154559,2.0
154563,4.0
154566,2.0
154571,3.5
154577,1.0
154580,1.5
154583,1.6666666666666667
154584,2.0
154585,11.333333333333334
154586,0.0
154587,2.5
154593,2.5
154594,0.0
154595,3.0
154598,1.0
154601,1.0
154607,1.0
154609,2.6666666666666665
154612,1.0
154613,3.0
154619,3.0
154620,2.6666666666666665
154623,1.0
154630,1.0
154633,0.0
154634,3.5
154635,1.0
154647,2.0
154649,2.0
154651,3.5
154652,1.3333333333333333
154655,2.0
154659,0.0
154665,2.0
154669,1.0
154670,3.0
154671,2.5
154672,3.0
154675,4.0
154678,5.333333333333333
154681,1.0
154683,0.0
154684,0.0
154686,1.0
154689,3.0
154690,1.5
154697,1.5
154700,2.0
154703,1.0
154710,2.0
154714,1.5
154716,2.5
154721,1.0
154722,1.0
154723,2.0
154724,3.5
154727,2.0
154731,3.0
154734,1.5
154740,2.3333333333333335
154742,3.5
154747,3.0
154752,0.0
154753,2.5
154756,4.0
154759,1.5
154761,3.0
154770,1.0
154773,0.0
154774,0.0
154776,0.0
154787,3.0
154792,2.0
154793,2.5
154802,1.0
154804,0.0
154807,3.0
154808,5.0
154809,1.0
154818,3.0
154819,7.0
154820,5.0
154822,4.0
154823,0.0
154824,2.0
154826,1.0
154829,3.0
154832,2.0
154833,1.5
154836,1.0
154837,6.0
154838,1.3333333333333333
154842,3.0
154843,3.0
154844,1.0
154850,1.0
154852,1.0
154855,1.0
154856,8.5
154857,8.0
154860,4.0
154862,5.0
154864,0.0
154867,3.0
154869,1.0
154874,1.0
154880,0.0
154884,1.0
154886,0.0
154887,1.5
154888,1.0
154891,4.0
154895,2.0
154901,3.0
154907,2.0
154909,2.0
154910,1.0
154911,2.25
154913,2.0
154917,0.0
154919,2.5
154923,0.0
154924,1.0
154925,5.0
154927,0.0
154929,2.0
154931,2.0
154934,2.0
154937,3.0
154938,2.0
154939,2.0
154940,1.0
154942,4.0
154943,3.5
154945,3.0
154946,3.0
154948,2.6666666666666665
154950,0.0
154953,4.25
154954,4.25
154955,1.0
154956,3.0
154957,1.0
154958,0.0
154962,7.0
154966,0.0
154971,0.0
154972,2.5
154975,0.0
154976,3.0
154977,1.5
154979,0.0
154980,0.0
154981,2.0
154987,2.0
154990,0.0
154991,1.0
154994,1.0
155007,1.0
155009,0.0
155010,1.0
155013,1.5
155014,5.0
155016,3.0
155017,0.0
155018,3.0
155021,0.0
155024,3.0
155025,2.0
155031,1.75
155036,1.6666666666666667
155039,2.3333333333333335
155042,2.0
155043,3.6666666666666665
155053,2.0
155057,4.0
155058,3.0
155060,7.5
155071,1.3333333333333333
155073,2.0
155074,1.0
155079,6.0
155083,2.0
155084,0.0
155087,0.0
155088,0.0
155090,2.0
155092,0.0
155095,5.0
155097,1.3333333333333333
155100,5.0
155101,1.5
155102,1.25
155104,1.0
155105,1.0
155106,0.0
155108,1.0
155111,1.5
155124,3.3333333333333335
155125,3.0
155126,3.0
155129,2.0
155132,3.5
155134,1.0
155147,1.0
155149,2.0
155166,4.333333333333333
155169,3.0
155170,3.0
155175,3.0
155177,2.0
155180,2.0
155181,2.0
155191,3.0
155196,1.6666666666666667
155199,6.0
155206,0.0
155207,1.0
155209,1.0
155213,2.5
155217,3.0
155220,1.0
155221,1.0
155223,1.0
155228,1.0
155229,1.5
155233,0.0
155235,2.0
155236,1.5
155238,2.0
155248,10.0
155249,2.0
155254,1.6666666666666667
155255,4.0
155257,1.0
155269,1.0
155273,4.0
155276,1.0
155277,2.5
155279,3.6666666666666665
155281,3.0
155283,1.6666666666666667
155288,1.0
155290,3.0
155292,1.0
155296,1.0
155301,0.0
155306,2.0
155307,1.0
155308,1.0
155309,1.0
155311,1.0
155316,2.0
155317,0.0
155318,2.0
155320,1.0
155322,1.6666666666666667
155330,0.0
155334,2.0
155335,2.0
155339,3.5
155342,2.5
155343,2.0
155345,2.0
155352,2.5
155355,3.5
155360,3.0
155364,1.0
155370,4.0
155372,1.0
155376,5.0
155385,2.0
155391,0.0
155395,1.0
155396,1.0
155400,1.0
155402,2.0
155403,1.0
155407,3.0
155408,1.0
155410,2.5
155412,3.5
155414,5.0
155415,5.0
155416,5.0
155418,2.5
155420,2.5
155421,2.0
155422,0.0
155425,4.333333333333333
155431,2.3333333333333335
155432,0.0
155433,5.5
155438,4.0
155439,0.0
155442,3.5
155444,3.0
155445,4.0
155446,4.0
155448,2.0
155449,2.0
155451,1.0
155452,1.5
155453,2.0
155454,5.0
155455,1.0
155456,6.0
155459,6.0
155460,1.3333333333333333
155461,2.0
155471,3.0
155473,2.0
155476,0.0
155478,1.3333333333333333
155483,5.0
155484,1.5
155490,2.5
155492,3.0
155496,6.5
155498,0.0
155502,1.0
155514,1.6666666666666667
155518,2.0
155521,2.3333333333333335
155522,2.0
155524,1.5
155525,1.5
155526,0.0
155529,1.0
155531,1.0
155537,2.0
155541,5.0
155543,5.333333333333333
155544,1.5
155549,1.5
155554,2.5
155556,4.0
155557,1.6666666666666667
155560,2.0
155561,2.5
155562,2.0
155563,2.0
155565,2.0
155570,1.0
155575,1.6666666666666667
155576,3.0
155577,2.0
155580,0.0
155584,2.0
155585,0.0
155586,0.0
155590,2.5
155592,6.0
155594,2.0
155596,3.0
155597,1.0
155598,2.0
155603,1.0
155604,1.0
155605,0.0
155610,2.3333333333333335
155614,0.0
155616,1.5
155622,2.0
155627,3.3333333333333335
155628,3.0
155639,2.5
155640,1.0
155641,2.3333333333333335
155644,1.5
155646,2.0
155647,1.5
155648,7.0
155649,3.5
155651,4.0
155653,2.5
155657,2.0
155666,7.0
155667,7.666666666666667
155672,3.3333333333333335
155673,4.0
155675,3.5
155676,0.0
155679,5.0
155680,1.5
155686,3.5
155689,0.0
155690,0.0
155692,1.0
155695,0.0
155696,2.0
155702,1.5
155705,2.0
155706,10.5
155708,0.0
155711,1.0
155713,1.0
155715,4.0
155718,2.0
155719,2.5
155720,3.0
155729,2.0
155731,2.0
155737,3.3333333333333335
155738,3.3333333333333335
155739,0.0
155740,2.0
155741,4.5
155746,2.0
155747,1.0
155751,2.0
155753,4.0
155754,2.0
155765,1.0
155771,0.0
155772,0.0
155773,1.0
155779,4.0
155780,2.0
155784,1.0
155786,2.5
155789,2.5
155790,4.0
155794,2.4
155795,1.0
155797,1.0
155802,3.0
155806,3.5
155809,2.0
155811,1.0
155812,3.0
155819,2.0
155821,3.6666666666666665
155823,5.0
155825,3.0
155831,1.5
155832,1.5
155836,0.0
155837,2.0
155852,1.5
155855,1.6666666666666667
155856,1.5
155857,2.0
155860,0.0
155861,2.0
155862,1.0
155864,2.0
155866,0.0
155882,3.5
155884,4.0
155888,4.0
155890,1.5
155891,0.0
155894,1.0
155895,1.0
155897,2.0
155903,4.0
155906,3.0
155913,2.5
155914,2.0
155918,3.25
155922,1.0
155924,2.0
155927,7.0
155929,2.0
155934,3.0
155937,9.0
155938,1.6666666666666667
155944,4.0
155945,3.0
155946,1.0
155949,1.0
155956,2.0
155957,0.0
155960,2.0
155963,2.5
155964,1.0
155966,1.0
155968,7.0
155970,0.0
155975,3.0
155983,1.0
155989,3.0
155993,2.0
155995,3.0
156001,0.0
156005,0.0
156017,4.5
156019,1.5
156020,5.5
156021,4.0
156022,2.0
156024,6.0
156025,3.5
156032,1.3333333333333333
156036,0.0
156040,2.0
156041,2.0
156043,1.3333333333333333
156044,1.5
156045,2.0
156050,1.0
156051,1.0
156062,1.0
156063,2.3333333333333335
156071,3.0
156072,1.0
156075,1.0
156077,1.0
156079,2.0
156081,1.0
156088,1.0
156090,2.75
156094,1.0
156098,3.0
156106,2.5
156109,2.0
156110,0.0
156119,1.0
156120,2.6666666666666665
156121,1.0
156122,1.6
156124,0.0
156129,4.0
156132,0.0
156138,0.0
156144,2.0
156145,2.5
156147,1.0
156149,1.0
156160,2.5
156164,2.5
156165,1.0
156166,5.0
156168,1.0
156171,3.0
156174,0.0
156175,1.5
156177,8.0
156182,1.0
156185,3.0
156187,0.0
156198,1.0
156204,4.0
156205,0.0
156208,2.0
156213,2.75
156214,3.0
156215,3.0
156216,3.0
156218,2.0
156220,2.0
156223,1.3333333333333333
156225,1.0
156226,2.5
156233,1.0
156234,2.3333333333333335
156235,1.0
156240,0.0
156244,2.5
156246,0.0
156249,2.0
156250,2.0
156253,3.0
156255,2.0
156261,2.0
156262,1.0
156266,2.5
156270,2.5
156279,3.5
156280,0.0
156286,1.3333333333333333
156292,1.0
156295,0.0
156298,7.5
156303,2.3333333333333335
156304,0.0
156305,1.0
156308,5.5
156311,5.5
156312,5.5
156316,1.0
156318,2.25
156320,3.3333333333333335
156321,1.0
156324,7.0
156325,5.0
156326,3.0
156331,1.0
156333,0.0
156337,1.0
156340,1.0
156344,5.5
156351,0.0
156352,9.0
156355,3.0
156357,1.0
156371,2.0
156372,1.5
156373,1.0
156383,1.0
156386,0.0
156387,5.0
156389,0.0
156396,2.0
156397,2.0
156399,2.0
156404,2.0
156406,2.0
156410,4.0
156414,2.5
156421,1.0
156425,1.0
156427,1.0
156429,4.0
156430,4.5
156434,2.0
156436,0.0
156440,1.3333333333333333
156442,2.5
156446,1.0
156450,2.6666666666666665
156454,1.0
156460,4.666666666666667
156469,2.3333333333333335
156470,2.0
156471,2.5
156473,6.5
156481,3.0
156482,2.5
156483,4.0
156485,2.0
156490,1.0
156491,1.0
156492,0.0
156495,1.6666666666666667
156496,1.6666666666666667
156499,0.0
156500,2.6666666666666665
156501,1.0
156503,4.5
156504,2.5
156506,1.0
156507,1.5
156508,3.0
156509,0.0
156511,2.5
156512,1.0
156515,3.0
156518,4.0
156520,1.6666666666666667
156521,1.5
156522,2.0
156534,4.0
156535,0.0
156536,2.5
156537,3.0
156538,2.0
156539,2.25
156542,2.0
156545,1.5
156546,2.0
156549,2.0
156550,1.5
156552,2.0
156554,4.5
156557,2.3333333333333335
156566,4.0
156567,1.0
156571,3.0
156572,3.0
156575,1.0
156577,0.0
156578,0.0
156582,1.0
156585,1.0
156586,0.0
156588,2.0
156590,1.0
156595,2.0
156596,2.0
156597,2.6666666666666665
156598,3.0
156605,0.0
156610,4.0
156613,0.0
156614,3.0
156617,1.5
156621,2.0
156624,2.0
156630,4.0
156636,4.0
156640,2.0
156644,3.5
156645,2.5
156646,1.0
156652,0.0
156654,1.0
156658,0.0
156667,0.0
156668,1.0
156672,1.6666666666666667
156674,3.0
156677,1.0
156679,2.3333333333333335
156681,0.0
156682,3.5
156684,0.0
156688,2.6666666666666665
156692,2.5
156695,1.5
156701,6.0
156703,0.0
156704,2.0
156705,4.0
156709,0.0
156710,2.5
156712,3.0
156716,0.0
156717,3.3333333333333335
156719,1.0
156720,0.0
156722,2.5
156726,2.0
156730,3.0
156733,2.0
156741,2.0
156742,2.5
156746,0.0
156747,1.0
156750,2.0
156752,2.0
156761,2.5
156766,3.5
156769,3.0
156771,4.5
156773,1.0
156774,1.0
156776,2.5
156777,3.5
156780,1.0
156784,2.0
156785,4.5
156792,1.5
156793,1.0
156794,5.0
156795,4.5
156797,4.0
156799,4.0
156809,3.5
156811,2.0
156812,1.0
156813,2.0
156814,1.5
156822,4.5
156826,1.0
156827,1.0
156828,1.0
156834,5.0
156835,4.0
156836,3.0
156838,1.0
156844,1.0
156845,1.0
156847,2.6666666666666665
156851,7.0
156852,2.5
156854,3.0
156855,3.0
156857,3.0
156865,2.0
156870,1.0
156872,4.0
156876,1.3333333333333333
156878,4.5
156893,1.6666666666666667
156894,0.0
156895,2.3333333333333335
156897,0.0
156899,2.6666666666666665
156902,3.5
156908,4.0
156914,0.0
156915,3.0
156917,1.0
156918,2.0
156922,1.0
156923,3.0
156925,0.0
156926,1.0
156929,1.0
156930,3.0
156932,1.0
156933,4.0
156934,1.0
156937,1.0
156939,2.0
156943,1.5
156948,2.5
156952,1.75
156953,1.6666666666666667
156956,2.5
156957,2.0
156960,1.0
156963,1.5
156964,2.0
156965,3.0
156966,3.0
156968,7.25
156972,2.0
156976,3.0
156977,3.0
156982,2.0
156984,6.0
156987,3.0
156989,3.0
156995,4.0
156996,4.0
157001,1.0
157004,1.0
157005,0.0
157006,1.0
157007,1.5
157011,2.0
157016,1.0
157021,2.5
157025,2.0
157027,1.0
157029,2.0
157030,2.5
157033,0.0
157037,1.3333333333333333
157045,0.0
157049,2.0
157050,2.3333333333333335
157056,4.0
157059,2.5
157063,1.0
157065,2.5
157066,0.0
157067,3.0
157071,1.3333333333333333
157073,3.5
157077,3.5
157084,4.5
157095,2.0
157099,2.0
157101,2.0
157102,3.5
157103,3.3333333333333335
157106,0.0
157108,0.0
157114,2.0
157116,8.0
157120,2.0
157121,1.0
157125,1.6666666666666667
157127,1.25
157128,1.0
157137,3.0
157140,1.0
157142,2.0
157143,3.0
157147,1.0
157153,0.0
157155,1.0
157160,5.0
157162,4.0
157164,6.0
157166,3.6666666666666665
157168,4.0
157170,2.0
157173,3.5
157178,2.0
157179,1.0
157182,2.0
157184,0.0
157185,2.0
157188,1.5
157192,0.0
157193,1.75
157199,1.0
157202,1.0
157206,4.75
157209,4.0
157213,1.0
157219,1.0
157223,1.0
157228,2.0
157232,0.0
157233,0.0
157235,2.5
157239,1.0
157241,2.0
157250,3.0
157251,0.0
157255,2.0
157263,1.0
157265,1.0
157271,2.0
157272,2.5
157276,2.0
157282,2.0
157284,1.0
157289,2.0
157290,2.0
157292,10.0
157294,1.0
157299,0.0
157302,2.0
157306,2.25
157307,5.0
157309,1.5
157312,4.5
157313,1.0
157320,2.5
157323,1.6666666666666667
157325,2.5
157328,2.0
157330,3.0
157332,0.0
157334,0.0
157335,3.0
157336,4.0
157344,2.0
157350,3.5
157353,1.0
157354,0.0
157356,0.0
157357,0.0
157360,2.0
157361,2.0
157363,0.0
157364,1.0
157366,1.3333333333333333
157367,1.0
157370,2.0
157372,1.0
157378,2.3333333333333335
157380,2.5
157383,0.0
157386,0.0
157392,4.0
157393,0.0
157394,1.0
157395,2.0
157397,1.5
157400,1.0
157404,0.0
157407,2.0
157408,2.5
157413,0.0
157421,0.0
157424,4.0
157426,1.0
157430,1.0
157443,0.0
157445,1.0
157446,3.0
157449,3.5
157451,2.5
157452,1.0
157454,4.0
157456,3.0
157459,6.0
157461,0.0
157463,3.0
157468,1.0
157475,2.5
157481,7.0
157487,3.5
157492,3.5
157493,4.0
157494,3.25
157495,4.0
157497,0.0
157506,1.0
157512,2.0
157514,1.5
157515,1.5
157518,3.0
157522,4.5
157527,2.5
157533,1.5
157534,3.0
157535,1.0
157539,1.5
157542,3.0
157544,3.5
157545,0.0
157549,5.0
157551,3.0
157553,1.5
157558,3.0
157565,0.0
157567,2.3333333333333335
157568,3.5
157569,2.0
157570,0.0
157572,0.0
157574,3.0
157575,0.0
157576,2.0
157577,3.0
157579,4.5
157580,1.5
157582,2.0
157583,2.0
157584,3.0
157587,3.3333333333333335
157588,0.0
157591,2.0
157599,1.0
157600,1.0
157602,0.0
157603,0.0
157609,4.0
157613,2.0
157615,2.0
157616,0.0
157618,4.25
157624,4.0
157625,3.3333333333333335
157626,1.0
157628,1.5
157633,3.0
157641,2.0
157649,2.5
157655,3.0
157658,4.0
157661,1.0
157664,4.666666666666667
157665,2.5
157666,2.0
157671,3.0
157673,3.0
157675,3.0
157677,2.5
157688,5.0
157689,4.5
157693,2.0
157696,2.0
157698,5.0
157699,1.0
157703,2.0
157705,1.0
157706,1.0
157708,2.0
157709,2.5
157721,1.5
157723,2.0
157724,0.0
157732,3.0
157735,1.0
157740,3.3333333333333335
157741,1.5
157742,5.0
157746,1.75
157747,2.0
157748,1.0
157749,2.0
157753,0.0
157754,3.0
157763,1.0
157764,2.0
157773,4.0
157776,3.0
157780,1.5
157782,3.0
157783,3.0
157784,4.0
157788,0.0
157790,2.5
157791,2.3333333333333335
157793,4.25
157800,0.0
157801,6.0
157802,1.0
157805,2.0
157811,3.0
157816,6.0
157817,5.0
157820,1.5
157821,0.0
157822,2.5
157823,2.0
157828,6.666666666666667
157829,0.0
157830,4.0
157834,3.0
157836,2.5
157839,1.0
157842,3.6666666666666665
157847,2.0
157851,1.0
157852,2.0
157853,1.0
157854,2.0
157856,4.5
157858,2.0
157861,1.0
157865,3.0
157866,0.0
157869,2.0
157870,0.0
157872,2.3333333333333335
157873,3.0
157874,6.0
157877,4.0
157879,1.0
157880,5.333333333333333
157881,0.0
157883,1.0
157898,0.0
157902,1.0
157904,0.0
157906,2.6666666666666665
157910,3.0
157912,2.5
157914,1.3333333333333333
157916,1.6666666666666667
157917,1.5
157922,3.5
157932,1.0
157933,1.0
157937,1.5
157942,0.0
157944,0.0
157945,1.0
157947,3.3333333333333335
157948,1.0
157952,1.0
157954,0.0
157959,2.5
157965,4.333333333333333
157979,6.0
157992,1.0
157994,2.0
157997,7.0
158002,1.0
158008,1.0
158009,3.0
158010,3.5
158011,2.0
158012,4.0
158022,1.0
158025,4.333333333333333
158031,0.0
158032,1.5
158034,1.5
158042,0.0
158045,2.0
158046,3.0
158048,2.0
158049,0.0
158057,5.0
158061,0.0
158062,1.0
158063,2.0
158064,1.5
158068,1.0
158069,5.5
158076,1.5
158079,2.0
158080,0.0
158081,2.0
158085,6.0
158089,2.5
158092,0.0
158095,0.0
158098,2.5
158099,3.0
158101,1.0
158105,4.5
158106,0.0
158107,7.0
158111,0.0
158120,1.3333333333333333
158121,1.0
158131,3.0
158132,2.0
158137,4.0
158142,3.5
158143,0.0
158144,3.0
158146,2.75
158148,2.5
158149,4.0
158152,1.5
158156,2.0
158158,6.0
158162,2.5
158164,7.0
158168,5.0
158173,0.0
158178,8.0
158182,5.0
158186,3.0
158188,3.0
158189,1.0
158196,1.5
158197,1.6666666666666667
158198,1.5
158200,1.6666666666666667
158201,3.5
158204,3.3333333333333335
158205,0.0
158206,2.0
158208,1.0
158211,0.0
158216,0.0
158220,5.0
158222,1.0
158226,4.0
158230,5.5
158233,3.0
158234,1.0
158243,0.0
158245,5.0
158247,3.0
158250,1.0
158252,1.0
158255,0.0
158258,1.0
158259,3.0
158261,1.0
158262,1.0
158267,1.0
158271,1.0
158272,3.0
158278,3.3333333333333335
158279,2.0
158280,1.3333333333333333
158282,2.0
158289,2.5
158291,2.0
158293,3.3333333333333335
158295,1.0
158297,2.0
158300,7.333333333333333
158305,2.5
158313,3.5
158318,0.0
158320,2.0
158323,1.0
158325,0.0
158329,0.0
158334,3.5
158343,1.0
158344,1.0
158345,1.0
158346,3.0
158348,0.0
158349,1.0
158350,4.0
158356,2.0
158358,3.0
158359,3.0
158370,4.666666666666667
158371,4.0
158374,7.0
158375,5.0
158379,1.0
158380,0.0
158385,5.5
158387,3.0
158388,3.0
158389,0.0
158390,3.0
158394,1.0
158396,5.333333333333333
158397,2.0
158398,2.0
158399,4.0
158400,4.0
158408,5.0
158409,0.0
158411,2.0
158416,0.0
158419,1.0
158420,0.0
158425,2.3333333333333335
158426,2.5
158427,1.75
158429,5.0
158431,6.0
158437,1.0
158438,2.0
158440,2.0
158445,1.5
158447,2.5
158451,2.0
158457,1.0
158459,6.0
158463,1.6666666666666667
158464,2.0
158468,3.0
158469,1.0
158475,2.0
158477,2.0
158480,1.5
158481,1.0
158483,1.4
158484,2.0
158485,0.0
158489,0.0
158492,1.0
158493,3.0
158499,2.0
158506,2.6666666666666665
158507,2.0
158508,1.0
158511,2.0
158514,8.0
158515,1.5
158520,4.0
158523,0.0
158524,2.0
158526,1.0
158529,1.5
158530,3.0
158531,2.5
158535,2.0
158539,0.0
158543,2.6666666666666665
158544,2.3333333333333335
158545,3.5
158558,3.3333333333333335
158560,4.5
158563,4.5
158564,4.0
158565,3.0
158566,3.5
158570,0.0
158571,0.0
158572,0.0
158576,0.0
158578,0.0
158579,2.5
158583,4.5
158586,0.0
158592,2.3333333333333335
158596,3.0
158598,2.5
158602,2.0
158607,1.5
158612,1.0
158614,0.0
158615,4.0
158618,1.0
158623,3.5
158625,3.3333333333333335
158626,4.5
158630,3.0
158634,3.0
158635,2.5
158638,3.0
158645,2.5
158646,1.0
158648,0.0
158650,2.0
158651,2.0
158653,2.0
158654,1.6666666666666667
158657,0.0
158660,3.5
158663,3.0
158666,2.0
158678,5.0
158680,0.0
158683,3.3333333333333335
158684,0.0
158685,2.5
158688,1.5
158698,0.0
158699,4.0
158702,1.0
158703,1.5
158709,1.0
158713,1.0
158723,2.0
158724,2.5
158726,2.5
158749,2.0
158752,0.0
158760,3.0
158762,2.3333333333333335
158764,3.0
158770,3.0
158773,2.5
158774,3.0
158779,1.6666666666666667
158780,1.0
158782,2.0
158786,1.0
158794,2.5
158795,2.0
158797,2.0
158799,2.5
158804,1.0
158809,2.0
158812,2.0
158814,5.0
158815,4.0
158817,4.0
158818,1.4
158821,2.5
158823,5.0
158825,11.0
158829,11.0
158835,2.0
158836,2.5
158837,0.0
158838,2.0
158841,1.0
158842,4.5
158844,1.0
158846,3.0
158848,1.5
158849,3.0
158850,0.0
158853,1.5
158855,0.0
158858,2.5
158863,2.5
158875,1.5
158876,3.0
158877,2.3333333333333335
158878,1.5
158885,1.5
158886,1.3333333333333333
158887,1.0
158889,0.0
158900,0.0
158901,2.5
158902,1.0
158911,0.0
158912,2.0
158913,2.0
158914,2.6
158923,5.5
158924,3.0
158925,3.0
158928,2.0
158929,4.25
158930,3.75
158936,1.0
158938,4.0
158942,2.0
158951,0.0
158953,3.0
158955,6.0
158957,0.0
158958,0.0
158961,1.0
158965,2.0
158969,4.0
158971,5.0
158972,1.0
158973,5.0
158975,1.0
158991,1.5
159002,1.5
159009,1.0
159013,3.0
159015,1.5
159016,1.5
159018,3.5
159021,6.0
159024,2.0
159025,2.0
159029,1.0
159040,1.0
159041,0.0
159050,0.0
159051,2.0
159054,7.0
159055,3.0
159056,3.0
159057,1.0
159060,2.0
159061,1.5
159062,3.0
159064,4.0
159065,3.3333333333333335
159067,5.0
159068,2.0
159071,2.0
159072,0.0
159074,4.0
159075,1.0
159077,4.0
159079,3.3333333333333335
159080,1.0
159082,1.5
159083,2.0
159090,1.5
159097,0.0
159110,4.0
159115,1.6666666666666667
159117,1.0
159118,2.0
159121,2.5
159124,1.0
159129,2.0
159130,1.0
159132,6.5
159135,5.666666666666667
159137,2.0
159139,1.0
159140,3.5
159143,3.5
159147,1.0
159156,4.0
159162,1.5
159164,1.6666666666666667
159166,3.0
159167,3.0
159171,3.0
159172,3.0
159177,4.5
159180,6.5
159182,6.0
159183,0.0
159186,2.0
159187,4.0
159197,0.0
159198,1.0
159199,2.5
159200,2.0
159203,3.0
159205,4.0
159206,2.5
159217,3.5
159221,2.0
159226,2.0
159228,1.5
159233,2.4
159236,8.0
159243,0.0
159245,0.0
159247,2.0
159248,0.0
159249,1.0
159252,3.0
159255,2.0
159259,2.0
159262,1.0
159267,5.0
159269,1.0
159273,2.0
159276,4.0
159277,0.0
159282,6.333333333333333
159283,4.0
159285,2.0
159286,1.5
159289,0.0
159290,0.0
159292,1.0
159295,1.0
159297,0.0
159302,3.0
159304,3.0
159305,3.0
159308,2.0
159309,2.3333333333333335
159311,6.0
159313,1.0
159315,1.0
159322,1.5
159323,1.5
159324,1.0
159325,2.25
159326,3.0
159327,5.0
159330,0.0
159335,2.0
159336,0.0
159338,1.0
159342,2.6666666666666665
159343,1.5
159344,2.6666666666666665
159346,1.6666666666666667
159350,1.0
159351,3.0
159353,1.5
159357,1.0
159358,1.5
159363,2.5
159364,2.5
159366,2.5
159367,1.0
159370,3.0
159371,1.0
159373,1.0
159376,0.0
159378,6.0
159379,1.0
159385,1.5
159386,3.0
159388,4.5
159392,1.75
159395,3.6666666666666665
159397,1.0
159403,5.0
159406,8.5
159408,3.0
159409,6.666666666666667
159413,2.0
159416,1.0
159417,1.0
159419,1.0
159421,0.0
159422,4.0
159426,3.6666666666666665
159427,2.0
159428,5.0
159430,3.0
159438,1.5
159440,2.5
159442,3.0
159444,1.0
159445,2.0
159450,1.0
159451,3.0
159452,0.0
159456,3.5
159457,0.0
159463,1.25
159464,1.0
159465,4.0
159470,2.5
159471,1.0
159472,2.0
159473,4.5
159478,2.5
159479,2.0
159483,2.0
159485,3.0
159488,5.5
159489,3.0
159490,0.0
159493,9.0
159494,0.0
159496,1.0
159498,3.5
159500,3.3333333333333335
159503,1.6
159506,4.0
159509,2.0
159512,0.0
159513,5.0
159516,0.0
159521,0.0
159523,1.3333333333333333
159527,0.0
159528,2.3333333333333335
159530,2.5
159534,2.0
159535,2.0
159536,2.6666666666666665
159540,1.0
159542,2.0
159552,1.5
159553,3.0
159557,4.0
159562,1.5
159563,1.0
159567,3.0
159569,3.0
159572,3.5
159579,2.0
159582,1.0
159585,1.0
159586,2.5
159587,2.0
159591,4.666666666666667
159592,1.0
159596,3.0
159597,2.0
159598,1.0
159601,2.0
159602,1.0
159606,5.0
159609,1.5
159611,3.0
159613,5.0
159614,1.0
159615,4.0
159617,2.0
159621,1.0
159630,3.0
159631,2.0
159636,1.0
159637,3.0
159640,4.666666666666667
159646,1.5
159649,1.0
159652,2.0
159654,5.0
159661,2.0
159662,2.0
159664,0.0
159666,0.0
159667,2.0
159671,1.25
159676,2.0
159678,9.0
159679,4.0
159680,5.5
159681,2.0
159689,3.0
159691,2.6666666666666665
159694,1.0
159703,4.0
159705,0.0
159708,8.0
159710,5.0
159711,4.5
159715,2.0
159716,1.0
159726,5.0
159730,4.333333333333333
159733,4.5
159734,1.5
159738,3.0
159739,2.25
159740,1.0
159741,4.0
159743,1.6666666666666667
159746,1.0
159747,1.5
159753,0.0
159754,6.0
159755,0.0
159758,0.0
159767,0.0
159768,2.0
159769,2.0
159772,3.0
159775,2.0
159778,5.0
159780,3.0
159781,2.6666666666666665
159782,3.5
159787,1.0
159791,2.6666666666666665
159797,6.0
159800,0.0
159801,2.0
159805,2.0
159807,1.0
159809,5.0
159812,0.0
159814,1.0
159815,6.0
159819,4.0
159820,5.0
159821,2.6666666666666665
159822,2.0
159825,2.0
159827,2.0
159829,1.0
159833,5.5
159836,2.0
159838,1.0
159839,1.0
159840,1.5
159843,3.6666666666666665
159848,2.0
159850,3.0
159852,1.6666666666666667
159854,1.0
159855,1.5
159857,1.5
159862,2.0
159863,4.0
159866,3.25
159867,2.0
159869,1.6666666666666667
159878,2.0
159880,1.3333333333333333
159889,0.0
159898,0.0
159902,1.5
159904,1.0
159908,2.0
159921,6.0
159923,5.0
159925,0.0
159926,1.0
159930,0.0
159931,0.0
159932,0.0
159933,3.0
159937,1.0
159938,4.0
159943,0.0
159948,1.0
159949,2.0
159953,2.0
159954,1.5
159956,1.0
159957,4.0
159964,2.0
159966,2.0
159969,4.0
159970,4.0
159973,3.0
159975,1.0
159985,4.0
159986,2.5
159987,4.0
159989,4.0
159991,1.3333333333333333
159992,1.3333333333333333
159995,4.0
159997,6.0
159999,8.5
160001,1.6666666666666667
160002,0.0
160008,1.5
160011,1.0
160014,1.5
160016,3.0
160019,0.0
160021,2.0
160022,1.5
160023,6.0
160025,3.0
160030,3.0
160031,1.0
160032,7.0
160033,2.0
160038,1.0
160043,2.0
160044,0.0
160055,0.0
160063,3.5
160065,4.0
160067,1.5
160069,1.5
160070,3.0
160071,6.0
160072,2.0
160075,3.5
160076,2.0
160077,0.0
160078,5.5
160080,4.0
160081,1.0
160089,4.5
160090,4.0
160091,3.6666666666666665
160094,1.0
160097,7.5
160099,2.0
160101,2.0
160102,0.0
160113,2.0
160116,1.0
160119,3.0
160125,3.0
160133,2.0
160134,3.0
160135,3.0
160138,2.5
160141,1.0
160142,2.0
160145,2.0
160148,1.5
160149,0.0
160155,2.0
160156,2.5
160163,3.5
160166,1.5
160171,0.0
160172,3.0
160174,1.5
160175,2.0
160176,1.5
160177,1.0
160179,0.0
160180,3.5
160183,1.0
160185,3.0
160186,1.0
160189,2.0
160190,3.6666666666666665
160194,1.0
160204,2.3333333333333335
160205,2.0
160208,2.3333333333333335
160210,2.0
160212,1.0
160213,0.0
160214,1.6666666666666667
160217,1.0
160222,5.0
160225,3.0
160227,4.0
160228,4.0
160230,2.3333333333333335
160238,1.0
160243,7.0
160246,3.5
160250,2.0
160251,0.0
160252,0.0
160257,0.0
160267,2.0
160269,1.0
160270,0.0
160271,0.0
160272,0.0
160274,4.5
160275,1.0
160276,4.0
160278,8.5
160287,4.0
160289,3.5
160290,3.5
160292,3.3333333333333335
160294,3.0
160295,3.0
160296,0.0
160297,2.5
160298,4.0
160303,1.0
160305,2.0
160312,2.0
160315,2.5
160316,4.0
160318,2.5
160319,1.5
160324,0.0
160326,2.0
160329,0.0
160331,1.5
160332,2.0
160334,2.5
160336,1.0
160338,3.0
160340,1.5
160344,2.5
160345,1.75
160351,0.0
160354,0.0
160356,0.0
160358,1.5
160359,1.5
160361,1.3333333333333333
160362,1.0
160365,1.0
160368,2.0
160369,1.6666666666666667
160373,4.5
160378,0.0
160381,2.3333333333333335
160382,2.0
160383,2.0
160384,1.0
160385,11.0
160386,1.0
160388,2.0
160390,6.0
160391,4.0
160392,1.0
160395,5.0
160416,2.0
160417,11.0
160421,2.0
160424,0.0
160437,2.5
160443,1.5
160444,2.0
160446,1.0
160447,1.0
160449,1.0
160450,0.0
160451,0.0
160456,14.0
160464,3.3333333333333335
160469,1.0
160479,2.6666666666666665
160481,0.0
160483,1.5
160485,1.5
160489,0.0
160490,2.5
160500,4.5
160503,5.5
160508,2.0
160509,3.5
160511,3.0
160523,1.0
160534,2.0
160535,0.0
160536,3.0
160538,1.0
160540,2.0
160541,1.5
160544,1.0
160546,2.0
160548,4.0
160549,1.0
160550,3.0
160552,1.3333333333333333
160557,0.0
160560,1.0
160563,1.5
160564,2.0
160566,1.0
160567,1.0
160570,0.0
160573,1.0
160576,2.0
160583,1.0
160587,2.0
160589,5.0
160590,0.0
160591,1.25
160595,2.0
160596,2.0
160598,2.6666666666666665
160599,2.25
160600,2.0
160606,3.5
160609,2.0
160611,3.0
160612,2.0
160614,0.0
160617,1.0
160620,1.0
160621,1.3333333333333333
160627,0.0
160628,0.0
160630,2.5
160632,0.0
160635,5.0
160641,3.6666666666666665
160643,0.0
160644,1.0
160647,3.0
160658,1.0
160659,0.0
160660,0.0
160664,1.0
160667,3.0
160668,1.0
160671,1.5
160672,0.0
160673,1.5
160676,1.0
160681,2.0
160682,1.0
160684,0.0
160686,6.0
160687,2.3333333333333335
160690,3.5
160691,3.0
160695,8.0
160697,1.0
160703,2.0
160704,0.0
160708,2.6666666666666665
160712,3.5
160713,2.5
160714,1.0
160715,3.5
160719,1.0
160725,1.0
160727,1.0
160732,2.0
160737,3.5
160750,2.0
160751,3.5
160753,2.0
160756,0.0
160757,2.0
160759,2.0
160763,1.0
160765,1.0
160766,2.0
160767,3.5
160768,0.0
160769,1.0
160778,2.0
160781,2.3333333333333335
160791,0.0
160793,0.0
160796,1.0
160797,1.0
160799,2.6666666666666665
160804,1.0
160805,2.5
160807,5.0
160812,6.0
160814,2.0
160815,2.0
160820,3.0
160821,3.0
160822,0.0
160823,1.5
160824,1.0
160825,7.666666666666667
160836,2.0
160843,1.6666666666666667
160844,5.0
160848,0.0
160851,2.3333333333333335
160855,0.0
160856,3.0
160858,3.5
160862,1.5
160864,1.0
160868,1.0
160869,1.0
160870,2.5
160875,2.5
160883,1.0
160892,3.5
160894,1.5
160899,1.0
160902,3.0
160903,4.5
160905,6.0
160909,1.0
160911,1.0
160915,6.0
160917,1.0
160918,2.0
160919,2.0
160920,1.5
160922,2.0
160923,2.0
160926,0.0
160928,1.0
160930,1.75
160933,2.0
160939,2.0
160940,3.0
160942,1.5
160944,2.0
160946,0.0
160951,2.0
160952,1.5
160953,1.0
160955,0.0
160956,2.0
160957,0.0
160958,1.0
160962,1.3333333333333333
160964,3.0
160969,2.5
160970,3.6666666666666665
160979,2.5
160982,3.0
160983,0.0
160984,0.0
160986,4.0
160987,3.0
161008,1.0
161009,1.0
161012,2.0
161016,0.0
161020,2.6666666666666665
161021,2.0
161023,2.0
161024,3.3333333333333335
161031,3.6666666666666665
161033,5.0
161039,1.0
161043,6.5
161049,2.0
161050,0.0
161052,4.0
161053,11.0
161058,2.6666666666666665
161065,0.0
161069,3.0
161072,3.0
161074,0.0
161075,0.0
161078,2.0
161083,6.0
161086,2.6666666666666665
161087,5.0
161088,3.0
161090,5.0
161093,7.0
161094,1.0
161097,1.0
161101,4.0
161105,0.0
161112,3.0
161114,2.0
161115,2.5
161117,2.0
161118,0.0
161120,4.0
161122,2.0
161123,2.0
161130,4.0
161131,1.0
161137,2.3333333333333335
161141,1.0
161143,2.0
161144,0.0
161148,3.5
161150,1.5
161155,3.6666666666666665
161159,0.0
161160,2.5
161166,4.0
161175,0.0
161176,5.0
161177,3.0
161179,0.0
161182,4.0
161188,4.75
161190,0.0
161193,1.5
161194,3.0
161196,1.5
161203,3.0
161205,2.0
161206,3.0
161208,0.0
161210,1.0
161211,3.5
161214,1.0
161216,8.333333333333334
161218,0.0
161219,3.0
161220,3.0
161221,0.0
161226,1.0
161228,4.5
161231,2.5
161234,3.5
161235,4.0
161236,3.0
161237,0.0
161239,2.0
161240,1.5
161242,2.0
161243,1.0
161246,3.0
161252,2.0
161258,2.0
161265,3.0
161270,3.3333333333333335
161280,1.5
161282,3.5
161286,1.0
161287,2.5
161293,1.3333333333333333
161296,1.0
161297,3.5
161298,4.0
161299,0.0
161305,4.0
161309,1.0
161310,2.3333333333333335
161312,1.0
161313,1.0
161314,0.0
161322,2.0
161323,1.0
161324,0.0
161326,1.5
161328,0.0
161329,5.0
161330,3.5
161335,2.0
161337,1.0
161342,1.5
161344,4.0
161346,3.3333333333333335
161347,0.0
161352,2.3333333333333335
161354,1.0
161364,4.5
161366,2.5
161368,1.3333333333333333
161369,2.0
161370,2.0
161374,1.0
161376,3.0
161377,3.0
161378,2.0
161379,4.5
161380,6.0
161381,6.0
161383,1.0
161384,0.0
161387,1.25
161391,0.0
161392,2.5
161398,2.0
161400,4.0
161401,2.0
161405,2.5
161408,2.3333333333333335
161410,1.0
161411,1.0
161413,3.0
161419,1.0
161420,0.0
161425,4.0
161431,3.0
161432,3.0
161433,0.0
161436,1.0
161437,0.0
161441,0.0
161443,3.0
161445,3.5
161449,2.0
161454,4.0
161457,0.0
161462,0.0
161463,2.5
161464,1.0
161466,3.0
161468,0.0
161469,0.0
161472,0.0
161477,4.0
161483,2.5
161486,10.0
161487,4.0
161490,2.0
161493,0.0
161495,2.5
161497,4.5
161498,1.5
161499,0.0
161511,2.3333333333333335
161512,1.3333333333333333
161513,1.3333333333333333
161516,2.5
161518,0.0
161519,2.0
161523,4.0
161528,4.0
161530,1.0
161531,0.0
161533,1.5
161536,4.0
161544,2.5
161555,2.5
161556,2.5
161557,1.0
161558,1.5
161563,2.3333333333333335
161566,1.0
161568,0.0
161570,1.75
161572,4.0
161575,3.0
161576,1.5
161583,4.0
161589,0.0
161590,0.0
161594,2.0
161597,4.0
161603,2.0
161604,3.0
161606,1.0
161607,3.0
161620,3.0
161625,1.0
161631,0.0
161632,0.0
161634,3.0
161635,2.0
161637,2.3333333333333335
161638,1.6666666666666667
161641,4.0
161648,1.0
161655,2.0
161657,0.0
161658,3.3333333333333335
161660,4.0
161670,1.5
161671,1.0
161675,4.0
161677,3.0
161682,2.6666666666666665
161683,3.0
161684,3.0
161685,2.0
161686,1.0
161688,0.0
161689,5.0
161690,0.0
161691,0.0
161692,2.0
161696,3.0
161697,2.5
161702,1.0
161704,0.0
161712,2.0
161714,2.0
161715,2.0
161717,3.5
161719,3.6666666666666665
161720,1.5
161727,2.5
161728,2.0
161730,5.0
161731,2.0
161732,4.0
161734,2.3333333333333335
161741,3.0
161744,3.0
161747,2.0
161750,3.0
161751,2.0
161753,1.0
161755,2.0
161756,2.0
161763,2.0
161765,2.0
161766,9.5
161768,2.6666666666666665
161769,2.5
161776,1.0
161779,0.0
161786,2.0
161787,0.0
161789,2.6666666666666665
161790,1.5
161792,0.0
161793,2.5
161795,0.0
161796,1.5
161798,1.0
161804,3.0
161805,2.0
161810,4.25
161811,1.0
161812,1.0
161815,2.3333333333333335
161816,2.3333333333333335
161818,5.5
161820,4.5
161822,2.5
161827,3.0
161828,3.6666666666666665
161830,4.0
161834,4.5
161836,0.0
161837,1.0
161838,2.5
161841,3.3333333333333335
161843,9.0
161845,3.0
161848,1.5
161853,1.5
161856,5.0
161859,4.0
161862,3.0
161866,2.0
161873,0.0
161876,3.5
161880,1.0
161883,1.0
161885,1.0
161888,1.5
161892,2.0
161895,2.0
161896,0.0
161898,3.0
161906,3.5
161907,4.5
161908,4.5
161909,5.0
161912,1.0
161913,1.0
161918,7.0
161919,0.0
161923,0.0
161924,4.0
161925,2.0
161928,2.0
161929,2.6666666666666665
161938,2.0
161941,0.0
161943,1.0
161944,4.5
161945,4.333333333333333
161946,6.0
161947,3.0
161952,1.0
161955,2.0
161956,2.0
161958,2.5
161960,1.0
161962,0.0
161971,1.5
161975,0.0
161978,1.0
161979,2.0
161980,1.5
161982,1.0
161985,3.0
161988,1.5
161990,1.5
161995,1.0
161996,3.5
161997,4.5
162002,3.0
162011,2.5
162013,3.0
162014,3.0
162018,3.0
162024,1.0
162026,4.0
162027,2.5
162030,1.0
162033,2.0
162034,2.0
162039,1.0
162041,2.6666666666666665
162045,2.0
162049,2.0
162051,3.0
162053,2.5
162054,2.0
162056,1.0
162061,0.0
162062,1.0
162063,2.6666666666666665
162067,0.0
162069,1.0
162071,1.5
162074,3.5
162077,1.0
162081,2.0
162086,1.0
162089,3.0
162093,1.5
162094,1.0
162099,1.0
162100,2.0
162104,2.6666666666666665
162105,0.0
162107,0.0
162112,2.5
162114,1.0
162115,3.0
162117,2.25
162118,2.0
162124,2.0
162129,5.0
162130,4.5
162136,2.0
162138,0.0
162147,2.6666666666666665
162148,2.0
162159,2.0
162161,1.25
162165,2.0
162174,0.0
162180,4.0
162181,0.0
162183,3.0
162184,0.0
162185,1.0
162187,0.0
162188,9.666666666666666
162191,1.0
162193,2.3333333333333335
162196,0.0
162197,1.5
162198,1.0
162201,5.5
162205,1.0
162206,3.0
162209,0.0
162215,2.0
162223,0.0
162224,0.0
162226,5.5
162228,1.0
162232,2.0
162233,0.0
162236,1.0
162239,1.5
162242,3.0
162251,1.0
162253,2.5
162254,0.0
162255,0.0
162261,0.0
162266,1.0
162267,1.0
162278,0.0
162280,1.5
162286,1.0
162290,1.5
162292,2.0
162294,4.0
162299,0.0
162301,3.0
162303,3.3333333333333335
162306,3.0
162312,2.0
162313,5.5
162314,2.0
162316,1.0
162318,3.5
162320,0.0
162322,1.0
162325,1.0
162335,0.0
162336,0.0
162339,4.5
162342,3.5
162344,4.6
162346,4.0
162347,1.0
162349,1.0
162351,1.0
162354,2.0
162356,0.0
162358,2.0
162362,3.0
162363,1.0
162370,3.0
162372,1.0
162374,5.0
162378,0.0
162383,0.0
162394,0.0
162396,6.0
162399,1.0
162401,1.5
162403,2.5
162404,1.0
162406,1.0
162414,1.5
162417,2.0
162418,1.0
162425,1.6666666666666667
162431,2.5
162433,3.0
162434,3.0
162438,1.0
162449,1.5
162454,1.0
162459,4.0
162462,3.0
162464,6.0
162467,3.0
162469,2.5
162470,13.0
162472,3.0
162476,2.5
162477,1.75
162478,2.0
162480,0.0
162489,1.0
162490,0.0
162493,3.6666666666666665
162495,1.5
162498,2.0
162499,2.0
162501,1.0
162504,2.0
162510,4.0
162511,7.0
162522,0.0
162524,2.0
162526,2.0
162529,1.0
162530,1.0
162531,4.0
162534,12.0
162539,2.0
162540,1.0
162547,0.0
162549,1.0
162552,1.0
162561,1.0
162564,4.0
162569,1.5
162574,6.0
162578,2.0
162580,1.0
162581,1.3333333333333333
162582,3.0
162588,5.0
162595,2.0
162598,2.0
162599,2.0
162612,1.5
162613,1.5
162614,3.0
162616,3.5
162617,3.5
162618,3.0
162621,4.0
162623,4.0
162626,1.5
162627,1.0
162628,2.0
162629,1.0
162630,2.5
162635,2.0
162636,0.0
162637,1.0
162643,7.0
162646,1.3333333333333333
162650,1.3333333333333333
162652,3.3333333333333335
162656,4.333333333333333
162660,2.0
162667,3.0
162668,2.0
162670,3.0
162671,2.0
162672,1.0
162675,4.0
162677,5.666666666666667
162684,2.0
162696,0.0
162699,2.5
162711,4.0
162712,1.0
162714,1.5
162717,2.3333333333333335
162722,1.0
162723,1.0
162725,2.5
162728,1.5
162731,2.5
162736,3.0
162737,4.0
162738,4.0
162742,1.0
162744,1.0
162752,5.0
162755,2.0
162756,3.0
162761,2.0
162762,13.0
162763,0.0
162764,7.0
162766,3.5
162767,4.0
162770,1.0
162775,1.0
162776,4.0
162780,2.0
162782,3.0
162786,2.5
162796,2.0
162797,1.5
162798,2.5
162799,1.5
162800,2.5
162801,1.5
162805,1.0
162807,2.0
162813,7.0
162814,0.0
162815,7.5
162817,4.0
162818,3.0
162821,1.0
162822,2.0
162823,2.0
162828,0.0
162833,0.0
162840,1.0
162845,1.0
162847,3.5
162848,1.5
162850,0.0
162851,6.5
162861,3.0
162862,2.0
162866,1.3333333333333333
162867,4.25
162868,4.25
162872,4.0
162874,4.0
162876,2.0
162882,0.0
162884,1.0
162885,1.0
162886,1.0
162888,2.0
162889,2.0
162891,2.0
162892,2.6666666666666665
162899,2.0
162901,1.5
162902,2.0
162908,2.0
162909,1.0
162911,3.0
162913,0.0
162918,4.5
162925,4.0
162928,5.0
162931,1.0
162936,0.0
162937,3.0
162939,3.0
162940,1.0
162941,1.0
162948,0.0
162949,0.0
162953,0.0
162957,0.0
162958,0.0
162960,3.5
162964,1.0
162968,0.0
162969,2.0
162970,2.0
162977,1.0
162984,0.0
162986,1.0
162987,1.0
162989,2.0
162990,4.5
162992,3.0
162993,1.0
162994,3.0
162998,1.5
163000,4.0
163002,1.0
163005,3.0
163007,8.0
163013,1.0
163014,11.0
163017,0.0
163018,4.0
163021,0.0
163022,1.5
163024,3.0
163027,0.0
163030,2.0
163033,2.0
163036,2.0
163040,1.0
163047,4.0
163049,3.0
163050,2.25
163053,2.5
163054,2.0
163057,3.0
163059,1.0
163062,3.0
163063,6.0
163078,1.0
163081,1.75
163083,0.0
163091,3.0
163092,0.0
163093,3.0
163094,1.5
163095,1.5
163097,1.5
163100,0.0
163102,3.0
163110,2.0
163113,4.0
163115,3.3333333333333335
163116,1.5
163122,5.0
163124,2.0
163125,3.0
163134,2.5
163142,0.0
163147,2.0
163148,1.5
163151,1.0
163155,3.0
163161,3.0
163170,1.0
163176,0.0
163194,1.0
163196,1.0
163199,3.0
163200,0.0
163201,2.0
163202,2.0
163204,4.333333333333333
163205,0.0
163207,0.0
163211,0.0
163213,4.5
163215,4.0
163217,3.0
163219,3.0
163221,5.0
163222,5.0
163223,4.666666666666667
163228,1.0
163238,4.0
163244,2.0
163245,1.5
163247,4.0
163250,1.5
163253,2.0
163265,3.0
163266,2.0
163272,1.5
163275,7.0
163279,5.5
163283,1.0
163284,2.0
163286,1.0
163287,2.0
163288,2.0
163290,0.0
163291,6.0
163293,1.0
163296,4.0
163310,1.0
163326,3.5
163331,3.0
163332,3.3333333333333335
163334,1.0
163335,2.0
163338,1.0
163339,0.0
163341,1.0
163348,1.0
163349,1.0
163350,3.0
163351,3.0
163355,2.0
163360,2.0
163362,0.0
163364,5.0
163365,1.0
163368,0.0
163372,0.0
163374,1.5
163375,1.0
163376,3.0
163380,2.0
163382,3.0
163386,1.5
163390,0.0
163393,0.0
163398,1.5
163399,1.6666666666666667
163400,3.0
163401,3.0
163403,1.5
163406,2.0
163407,4.25
163408,5.0
163413,1.0
163415,1.0
163416,1.0
163418,1.5
163422,3.0
163423,1.75
163424,1.5
163425,2.5
163430,2.6
163434,2.0
163436,0.0
163444,3.5
163452,1.5
163458,1.0
163460,1.0
163462,2.0
163466,1.0
163468,1.0
163469,2.0
163472,2.0
163473,0.0
163475,0.0
163476,1.0
163478,1.0
163483,2.0
163484,2.0
163485,2.0
163486,2.0
163489,1.5
163490,3.0
163494,3.0
163498,3.0
163499,2.5
163502,5.0
163506,0.0
163507,4.0
163508,2.0
163510,4.0
163511,3.5
163516,2.6666666666666665
163517,3.0
163518,1.0
163520,1.0
163522,2.0
163525,2.0
163532,7.0
163535,5.0
163536,0.0
163541,1.5
163550,1.5
163551,2.0
163553,1.0
163559,1.5
163562,4.0
163563,1.6666666666666667
163564,2.0
163567,3.5
163574,1.5
163578,2.5
163582,2.0
163585,1.0
163588,4.0
163592,1.5
163594,4.0
163595,2.0
163598,0.0
163599,0.0
163601,1.5
163602,1.0
163603,1.6666666666666667
163604,0.0
163607,1.5
163610,1.0
163613,2.5
163614,2.5
163615,2.0
163621,1.5
163626,2.0
163627,2.5
163631,2.0
163632,2.3333333333333335
163635,0.0
163636,0.0
163639,2.0
163644,0.0
163648,2.5
163649,2.0
163650,1.5
163651,2.0
163657,1.5
163658,3.0
163659,4.0
163661,2.5
163662,1.0
163664,2.25
163668,0.0
163669,3.5
163671,6.0
163674,3.0
163678,1.5
163679,2.5
163683,3.0
163684,2.5
163685,0.0
163687,3.0
163689,0.0
163691,2.0
163693,1.0
163696,0.0
163697,1.0
163699,3.5
163700,0.0
163702,1.0
163703,1.5
163704,1.5
163705,3.0
163713,0.0
163721,6.0
163726,0.0
163728,5.0
163733,1.0
163742,1.0
163743,0.0
163744,0.0
163746,3.0
163748,3.0
163756,0.0
163763,1.0
163765,3.0
163768,4.0
163774,4.0
163775,4.666666666666667
163777,2.0
163780,2.5
163788,4.5
163789,0.0
163790,2.0
163793,1.0
163794,2.0
163795,0.0
163799,1.0
163804,0.0
163808,0.0
163810,2.0
163811,2.5
163813,1.0
163814,1.0
163818,2.0
163824,0.0
163829,8.666666666666666
163830,0.0
163833,0.0
163835,2.6666666666666665
163836,2.6666666666666665
163839,0.0
163842,2.0
163845,2.0
163847,3.0
163849,5.0
163850,2.0
163851,3.0
163854,2.6666666666666665
163861,1.5
163865,0.0
163866,4.0
163870,1.5
163875,2.0
163876,0.0
163877,0.0
163886,1.0
163887,2.5
163888,2.5
163889,3.0
163890,1.75
163893,5.0
163895,3.5
163896,1.5
163897,2.0
163898,5.0
163899,2.0
163900,1.0
163901,7.0
163903,0.0
163905,2.75
163906,2.3333333333333335
163908,2.0
163909,2.0
163914,2.0
163915,2.0
163916,2.0
163920,3.0
163922,2.0
163928,1.5
163929,3.2
163930,1.0
163932,3.5
163934,1.4
163935,1.0
163939,3.0
163940,3.0
163945,1.5
163949,2.5
163950,2.75
163954,1.0
163958,3.5
163960,2.0
163964,5.333333333333333
163966,3.0
163968,1.5
163970,3.0
163972,6.0
163973,4.5
163982,1.5
163985,0.0
163986,1.0
163989,2.0
163999,1.0
164005,6.0
164015,1.0
164016,3.0
164023,2.2
164025,2.0
164027,2.0
164031,1.0
164033,1.0
164034,0.0
164044,3.0
164048,2.0
164051,0.0
164052,5.0
164058,2.0
164059,7.0
164067,2.0
164070,0.0
164071,1.0
164072,2.0
164079,1.5
164080,0.0
164082,1.5
164083,2.0
164085,1.0
164089,3.0
164092,3.6666666666666665
164093,2.0
164094,2.0
164096,1.5
164100,1.6666666666666667
164102,3.0
164106,3.0
164107,3.0
164113,1.0
164114,3.5
164120,2.6666666666666665
164121,1.0
164125,2.0
164126,1.5
164127,4.333333333333333
164131,1.5
164132,1.0
164137,1.0
164142,0.0
164143,3.0
164144,2.0
164149,4.0
164150,3.5
164151,3.5
164155,5.0
164156,2.0
164166,1.0
164167,1.0
164168,0.0
164170,2.0
164171,1.0
164173,1.0
164176,1.5
164178,1.0
164180,5.5
164181,3.0
164182,1.0
164183,1.5
164188,1.0
164189,0.0
164190,2.0
164193,2.0
164197,2.6666666666666665
164198,1.0
164200,1.0
164203,0.0
164206,1.6666666666666667
164210,2.0
164211,2.0
164212,4.0
164214,3.5
164221,1.0
164226,5.0
164227,2.0
164230,1.0
164231,2.0
164232,1.5
164233,1.0
164235,3.0
164238,3.5
164240,1.0
164241,2.5
164242,1.0
164244,2.5
164245,3.0
164246,0.0
164247,1.5
164248,2.0
164254,0.0
164255,3.5
164257,3.0
164259,4.0
164260,2.0
164263,1.5
164266,2.0
164268,0.0
164271,1.0
164272,4.0
164275,1.5
164277,4.0
164280,3.5
164282,1.5
164284,3.0
164285,2.0
164288,2.0
164289,1.6
164290,1.5
164293,3.0
164295,7.0
164300,5.5
164301,1.0
164302,1.0
164304,1.0
164308,1.5
164309,1.0
164310,1.0
164311,1.0
164312,0.0
164315,2.0
164316,1.5
164318,4.0
164320,3.0
164325,1.5
164326,1.6666666666666667
164329,1.5
164332,0.0
164335,1.0
164336,3.5
164337,2.0
164339,4.0
164347,1.5
164348,1.5
164351,4.0
164356,2.0
164359,0.0
164362,1.0
164367,1.0
164368,2.5
164370,2.5
164374,3.0
164376,1.5
164382,10.0
164383,5.0
164385,0.0
164390,2.5
164395,1.5
164396,0.0
164401,1.5
164404,0.0
164407,0.0
164412,1.0
164414,2.0
164415,2.3333333333333335
164417,2.0
164420,0.0
164422,1.0
164423,0.0
164424,0.0
164427,1.0
164432,0.0
164434,1.0
164436,2.0
164438,2.0
164442,3.3333333333333335
164443,3.3333333333333335
164445,0.0
164448,2.5
164451,1.0
164456,1.0
164459,1.0
164461,1.0
164462,1.5
164466,0.0
164468,1.0
164469,2.5
164473,4.5
164475,0.0
164477,2.0
164478,1.0
164483,1.5
164484,2.0
164486,1.0
164491,2.5
164495,0.0
164498,2.0
164501,3.0
164502,1.0
164503,2.5
164513,3.0
164514,2.0
164519,0.0
164520,1.0
164522,6.0
164523,2.5
164526,2.5
164539,0.0
164542,1.0
164543,3.0
164545,2.5
164547,3.0
164548,3.0
164553,2.0
164555,2.0
164556,0.0
164557,1.0
164560,1.5
164561,1.0
164562,0.0
164565,3.0
164566,3.5
164570,6.0
164573,4.666666666666667
164575,3.6666666666666665
164577,0.0
164581,0.0
164583,1.0
164585,3.0
164586,2.0
164587,1.0
164590,1.0
164591,1.0
164593,2.0
164598,1.5
164601,1.5
164602,1.0
164606,0.0
164609,2.0
164611,6.0
164616,2.5
164617,2.5
164622,1.0
164627,1.5
164639,1.0
164643,4.0
164648,2.0
164655,6.0
164656,1.5
164666,1.6666666666666667
164667,2.0
164668,3.0
164672,3.6666666666666665
164674,3.0
164675,1.6666666666666667
164681,3.0
164682,2.0
164685,1.0
164690,1.0
164691,0.0
164692,1.5
164696,2.0
164698,5.0
164701,4.0
164707,4.0
164708,2.3333333333333335
164711,1.0
164712,1.0
164716,4.5
164722,6.5
164725,8.0
164727,6.0
164728,2.0
164732,1.6666666666666667
164733,4.0
164734,1.0
164738,1.3333333333333333
164740,1.6666666666666667
164742,1.3333333333333333
164743,0.0
164746,1.6666666666666667
164747,1.6666666666666667
164752,1.0
164757,0.0
164760,2.5
164762,0.0
164763,2.5
164764,2.6666666666666665
164766,3.0
164768,3.5
164771,1.0
164774,1.5
164775,3.0
164781,1.5
164782,2.0
164783,2.3333333333333335
164792,1.0
164793,1.0
164797,0.0
164800,3.5
164801,0.0
164805,6.0
164807,0.0
164808,2.0
164809,1.0
164815,1.5
164816,4.0
164819,2.0
164824,2.5
164827,4.0
164830,2.0
164833,1.0
164834,2.0
164835,2.3333333333333335
164836,1.0
164839,1.0
164841,2.0
164842,1.5
164844,2.0
164846,2.0
164851,1.0
164858,2.0
164861,2.0
164864,3.0
164868,1.0
164870,2.0
164872,2.0
164877,3.5
164878,5.0
164879,3.0
164880,3.0
164886,1.0
164891,0.0
164893,3.0
164895,5.0
164896,1.5
164897,3.5
164901,0.0
164905,0.0
164906,3.5
164912,6.0
164913,2.0
164915,1.6666666666666667
164916,5.0
164917,0.0
164921,1.0
164922,1.0
164923,2.3333333333333335
164930,2.0
164934,5.0
164936,1.0
164940,0.0
164941,6.0
164947,4.5
164948,0.0
164949,2.0
164950,4.0
164952,0.0
164953,2.0
164955,2.0
164956,2.0
164959,1.5
164963,2.5
164967,8.5
164968,6.5
164971,3.0
164974,1.5
164977,3.0
164982,1.5
164983,1.5
164988,1.0
164990,0.0
164992,1.8
164993,5.0
164995,4.25
164996,5.333333333333333
165000,3.0
165008,2.0
165009,1.0
165011,4.666666666666667
165018,1.3333333333333333
165020,0.0
165026,0.0
165027,1.0
165031,1.0
165033,1.0
165035,1.0
165040,1.0
165041,3.3333333333333335
165043,4.5
165044,1.5
165045,1.0
165047,0.0
165049,2.0
165051,3.0
165052,3.0
165055,4.0
165056,3.0
165058,3.0
165059,1.6666666666666667
165061,1.5
165063,0.0
165065,2.5
165069,1.0
165070,1.0
165077,1.0
165081,1.5
165106,1.5
165108,2.0
165113,1.5
165118,0.0
165119,1.0
165122,1.0
165123,1.0
165124,1.0
165125,2.0
165130,0.0
165131,1.0
165132,2.6666666666666665
165139,2.0
165141,1.0
165142,0.0
165150,0.0
165151,2.3333333333333335
165157,5.5
165165,3.0
165166,1.0
165168,2.0
165171,0.0
165175,2.3333333333333335
165181,2.0
165182,2.5
165186,2.0
165193,1.0
165196,3.3333333333333335
165206,2.0
165210,3.0
165212,3.0
165218,3.0
165227,0.0
165229,2.0
165233,3.5
165240,3.0
165242,2.0
165248,1.0
165251,4.5
165253,4.5
165254,7.333333333333333
165255,2.5
165260,2.0
165261,5.0
165262,2.5
165265,2.5
165270,1.0
165272,1.0
165277,0.0
165280,3.6666666666666665
165284,1.0
165285,2.5
165291,3.0
165296,0.0
165300,2.0
165302,0.0
165305,1.5
165308,1.0
165309,1.3333333333333333
165314,4.0
165317,1.0
165319,4.0
165322,1.5
165328,3.0
165335,4.333333333333333
165336,1.5
165337,4.0
165339,2.0
165340,1.5
165348,1.0
165349,2.0
165351,1.75
165352,1.0
165354,5.0
165355,4.0
165357,5.0
165361,4.333333333333333
165362,1.0
165366,3.0
165367,2.3333333333333335
165371,2.3333333333333335
165373,11.0
165374,0.0
165381,1.0
165389,6.0
165390,1.3333333333333333
165392,3.6666666666666665
165393,8.0
165394,8.0
165395,8.0
165399,2.0
165400,16.0
165401,1.5
165403,1.6666666666666667
165405,3.0
165406,6.0
165407,3.0
165411,3.0
165412,0.0
165417,0.0
165418,1.3333333333333333
165419,1.0
165421,1.0
165423,0.0
165425,3.5
165430,3.0
165431,1.0
165437,0.0
165438,2.0
165440,0.0
165441,1.0
165442,3.0
165443,3.0
165450,0.0
165451,3.5
165452,1.0
165457,2.0
165459,5.333333333333333
165460,5.0
165465,2.3333333333333335
165472,0.0
165478,7.0
165484,5.5
165485,2.25
165487,1.0
165489,1.6666666666666667
165490,1.6666666666666667
165491,5.0
165493,4.5
165499,1.0
165500,5.0
165501,1.0
165503,4.0
165508,2.5
165509,0.0
165510,2.5
165512,0.0
165514,2.3333333333333335
165515,2.5
165520,2.0
165522,1.0
165524,1.0
165526,0.0
165543,2.3333333333333335
165548,0.0
165553,2.0
165557,2.5
165562,5.0
165563,5.0
165565,0.0
165567,1.6666666666666667
165568,4.25
165572,3.0
165573,4.5
165576,2.0
165577,0.0
165579,1.0
165580,5.0
165585,2.0
165588,4.0
165590,2.5
165592,2.5
165593,0.0
165594,2.3333333333333335
165601,2.0
165603,0.0
165604,1.0
165605,10.5
165608,0.0
165610,0.0
165614,0.0
165615,0.0
165619,1.5
165622,0.0
165624,2.0
165627,1.5
165635,2.3333333333333335
165636,2.5
165639,2.25
165641,2.0
165644,5.75
165647,0.0
165648,3.0
165649,2.6666666666666665
165651,2.6
165653,3.0
165658,2.3333333333333335
165662,0.0
165663,2.0
165664,1.0
165665,6.0
165666,3.25
165668,0.0
165669,2.0
165670,1.5
165673,1.6666666666666667
165676,3.5
165682,3.0
165683,1.0
165686,6.5
165692,1.5
165693,3.0
165694,5.0
165697,10.0
165700,1.0
165701,0.0
165702,2.0
165703,1.0
165708,2.5
165713,1.0
165714,2.0
165718,4.0
165719,2.5
165722,1.0
165725,2.0
165728,1.0
165729,2.0
165730,1.0
165734,3.5
165738,0.0
165739,1.6666666666666667
165744,4.0
165748,2.5
165750,2.5
165752,2.5
165754,4.0
165757,4.0
165758,6.0
165760,2.0
165764,2.0
165766,1.3333333333333333
165767,1.5
165773,0.0
165776,3.0
165777,1.0
165778,1.3333333333333333
165779,1.0
165782,3.0
165784,3.0
165785,2.0
165792,1.5
165793,1.0
165794,1.5
165798,2.5
165799,1.0
165801,3.0
165808,3.0
165815,0.0
165817,3.0
165822,3.0
165825,3.5
165826,3.5
165828,3.5
165834,1.0
165836,2.6
165846,2.0
165848,1.6666666666666667
165851,0.0
165852,1.6666666666666667
165854,1.0
165855,1.5
165856,2.0
165863,1.0
165865,2.5
165870,4.0
165880,1.0
165882,3.0
165883,0.0
165884,3.0
165885,0.0
165886,1.0
165893,3.0
165896,3.0
165897,0.0
165902,5.0
165907,4.333333333333333
165910,0.0
165913,7.0
165916,0.0
165919,1.0
165920,0.0
165927,1.0
165929,6.0
165930,0.0
165933,3.6666666666666665
165937,3.0
165942,1.0
165943,0.0
165946,0.0
165947,0.0
165954,1.0
165956,2.5
165958,2.5
165959,0.0
165963,1.6666666666666667
165969,5.333333333333333
165970,2.6666666666666665
165971,3.5
165972,0.0
165973,4.0
165976,4.0
165983,3.5
165988,2.0
165989,0.0
165993,3.5
165999,3.0
166000,1.0
166002,2.5
166005,0.0
166006,1.0
166007,4.0
166012,2.0
166013,2.0
166015,3.0
166019,0.0
166024,1.6666666666666667
166028,2.0
166031,1.0
166032,2.5
166033,0.0
166037,3.0
166038,3.5
166039,5.333333333333333
166042,3.0
166045,8.5
166049,3.0
166051,1.0
166057,1.0
166059,3.0
166060,4.0
166064,2.0
166065,1.5
166068,1.0
166069,1.0
166070,4.0
166071,2.5
166074,1.0
166076,1.0
166078,1.0
166079,1.0
166084,0.0
166090,3.0
166092,1.0
166099,1.5
166100,2.5
166101,1.0
166103,2.6666666666666665
166106,1.0
166111,2.6666666666666665
166112,1.0
166117,0.0
166120,8.0
166123,1.5
166127,3.0
166137,3.3333333333333335
166140,0.0
166145,0.0
166147,0.0
166148,2.0
166151,2.0
166154,0.0
166155,2.0
166162,0.0
166163,1.5
166166,4.5
166176,3.0
166183,0.0
166186,3.5
166187,2.5
166193,3.0
166194,5.0
166196,2.0
166197,2.0
166199,3.6666666666666665
166208,0.0
166209,4.333333333333333
166210,0.0
166214,3.0
166215,0.0
166216,1.0
166220,2.0
166223,3.0
166226,4.0
166227,3.5
166230,1.25
166231,3.0
166235,2.0
166237,0.0
166238,5.0
166241,1.6
166243,3.0
166244,3.0
166245,2.5
166247,0.0
166254,1.6666666666666667
166256,1.5
166263,2.0
166265,3.5
166272,4.0
166273,1.0
166279,1.0
166281,1.0
166286,2.0
166287,1.0
166288,0.0
166290,1.5
166295,3.0
166298,2.0
166299,2.0
166302,4.0
166306,0.0
166308,0.0
166312,1.0
166314,0.0
166315,1.5
166320,1.5
166325,6.5
166330,6.0
166335,1.0
166339,2.0
166340,2.0
166341,3.0
166343,8.5
166344,7.0
166345,6.0
166350,3.0
166359,4.0
166363,0.0
166367,3.5
166368,3.5
166370,1.5
166373,5.5
166378,0.0
166385,2.5
166386,3.3333333333333335
166389,3.0
166392,1.0
166395,2.6666666666666665
166396,3.0
166398,6.0
166399,2.0
166404,1.0
166407,1.0
166412,0.0
166416,1.5
166417,1.0
166418,1.6666666666666667
166420,2.0
166421,2.0
166422,0.0
166426,0.0
166428,2.0
166429,3.0
166430,0.0
166432,3.0
166434,1.6666666666666667
166436,3.0
166439,1.0
166440,2.0
166443,1.0
166446,0.0
166448,2.0
166449,0.0
166451,3.0
166456,3.0
166466,4.0
166467,2.0
166468,3.5
166472,6.0
166480,1.0
166484,4.0
166494,1.0
166500,3.0
166501,1.0
166502,2.0
166503,2.0
166504,1.0
166510,1.5
166511,0.0
166513,2.3333333333333335
166515,1.0
166517,2.0
166518,2.0
166523,2.5
166527,3.0
166528,0.0
166531,3.0
166532,4.0
166533,10.0
166535,4.0
166536,3.0
166538,2.0
166541,0.0
166543,2.0
166545,5.25
166548,1.0
166559,1.0
166562,3.0
166564,1.0
166565,4.0
166566,4.0
166568,4.0
166572,2.3333333333333335
166573,0.0
166577,7.0
166578,9.0
166580,1.0
166581,3.0
166582,3.5
166585,2.0
166593,0.0
166594,1.8
166597,2.3333333333333335
166598,2.6666666666666665
166599,2.5
166600,5.4
166603,1.5
166604,2.5
166609,2.0
166612,3.3333333333333335
166615,1.0
166616,3.8
166617,1.0
166624,0.0
166626,0.0
166629,5.5
166630,7.5
166631,2.0
166634,0.0
166637,2.5
166641,2.0
166643,2.0
166644,3.5
166654,1.5
166657,0.0
166658,6.0
166660,2.0
166663,2.0
166666,4.5
166667,4.0
166670,1.0
166671,1.5
166676,4.5
166680,1.6666666666666667
166681,1.0
166683,1.3333333333333333
166685,1.6666666666666667
166690,1.6666666666666667
166695,1.3333333333333333
166704,2.6666666666666665
166705,1.0
166708,2.6666666666666665
166709,6.0
166710,5.5
166712,5.5
166716,2.0
166722,2.0
166725,2.3333333333333335
166727,7.0
166731,0.0
166733,6.5
166735,3.0
166739,2.0
166740,0.0
166742,1.0
166743,1.0
166748,3.0
166749,0.0
166752,0.0
166756,2.0
166759,2.0
166760,1.0
166761,2.5
166762,1.0
166763,3.0
166764,1.0
166769,2.0
166770,2.0
166772,1.0
166774,0.0
166775,0.0
166779,4.333333333333333
166781,2.0
166783,5.0
166785,0.0
166786,3.0
166789,6.333333333333333
166791,5.666666666666667
166798,2.5
166802,1.5
166803,3.0
166805,0.0
166806,4.0
166811,4.0
166812,2.0
166813,1.0
166816,1.5
166819,2.0
166821,1.0
166822,1.3333333333333333
166824,2.3333333333333335
166827,0.0
166829,1.0
166831,3.5
166833,2.0
166834,2.0
166838,0.0
166845,1.0
166846,0.0
166848,2.0
166849,2.0
166853,2.0
166856,4.0
166861,2.0
166863,2.0
166865,3.0
166866,3.0
166867,2.5
166868,3.0
166869,3.5
166879,1.0
166880,0.0
166883,1.0
166884,0.0
166886,2.0
166887,2.0
166891,6.0
166895,3.5
166905,0.0
166909,1.0
166911,2.5
166913,0.0
166917,2.0
166918,0.0
166919,3.6666666666666665
166920,2.6666666666666665
166924,1.0
166936,2.0
166937,1.5
166939,1.5
166940,1.5
166942,1.5
166943,3.0
166946,0.0
166948,1.5
166949,0.0
166950,2.0
166955,3.0
166957,4.0
166961,6.0
166962,1.0
166965,1.0
166977,1.5
166978,3.5
166980,0.0
166982,3.0
166983,3.0
166990,2.0
166996,0.0
166998,6.0
166999,1.0
167005,1.0
167011,4.333333333333333
167012,0.0
167019,1.0
167020,2.5
167022,0.0
167025,2.0
167028,3.0
167030,1.0
167032,1.75
167033,2.25
167034,0.0
167035,2.0
167036,5.0
167037,3.0
167038,1.0
167042,2.0
167043,1.0
167046,1.0
167048,0.0
167050,1.5
167056,1.0
167057,3.0
167058,0.0
167059,1.0
167061,1.3333333333333333
167062,2.0
167063,1.3333333333333333
167064,7.5
167066,4.0
167075,2.0
167083,2.5
167084,0.0
167088,2.0
167090,1.5
167093,1.0
167097,3.0
167099,5.0
167100,0.0
167102,1.0
167103,1.75
167104,1.6666666666666667
167105,2.0
167107,2.0
167108,1.0
167109,3.0
167111,0.0
167116,3.5
167118,3.5
167120,4.666666666666667
167122,2.0
167123,1.0
167126,1.5
167132,1.0
167133,2.5
167137,2.0
167140,2.25
167142,1.3333333333333333
167161,1.3333333333333333
167163,0.0
167165,1.0
167168,1.5
167169,0.0
167170,1.0
167172,2.5
167174,1.0
167189,3.0
167190,7.0
167193,1.0
167195,2.75
167196,0.0
167199,2.0
167202,4.0
167208,2.0
167214,3.5
167216,2.5
167221,3.0
167227,2.0
167231,1.0
167237,1.0
167240,4.0
167241,1.5
167247,2.0
167249,1.5
167255,1.5
167256,9.0
167259,2.0
167262,2.6666666666666665
167263,5.0
167268,0.0
167269,1.5
167272,5.0
167278,0.0
167283,2.0
167284,3.0
167285,1.0
167290,6.0
167291,6.0
167292,6.0
167294,1.3333333333333333
167303,0.0
167304,0.0
167305,4.0
167308,6.0
167309,9.0
167310,0.0
167312,1.0
167313,1.0
167314,2.0
167316,0.0
167320,1.0
167325,1.5
167326,2.0
167330,1.0
167331,0.0
167332,1.0
167334,1.0
167336,0.0
167345,2.0
167347,0.0
167349,1.0
167351,5.0
167352,0.0
167354,1.0
167355,3.5
167363,2.0
167366,4.333333333333333
167368,2.0
167369,2.0
167371,2.0
167374,1.0
167376,0.0
167377,1.3333333333333333
167382,2.5
167385,2.0
167386,2.0
167387,2.0
167397,2.3333333333333335
167401,1.0
167403,4.333333333333333
167409,2.0
167411,1.5
167417,0.0
167418,1.5
167425,1.5
167428,0.0
167429,0.0
167430,3.5
167431,0.0
167435,2.0
167438,1.5
167443,3.0
167446,1.5
167451,1.5
167456,1.0
167457,1.0
167459,2.0
167460,4.0
167467,3.0
167469,1.0
167472,1.0
167476,1.5
167484,2.5
167489,1.0
167490,2.0
167500,0.0
167503,2.0
167505,2.3333333333333335
167506,2.0
167509,2.5
167510,2.6
167515,3.6666666666666665
167519,2.0
167527,1.0
167532,3.0
167533,0.0
167534,3.5
167536,2.0
167537,2.0
167538,1.0
167546,1.5
167557,0.0
167559,6.0
167560,1.0
167562,2.6666666666666665
167571,2.0
167572,2.0
167573,3.0
167575,4.0
167577,5.0
167581,2.0
167583,2.8
167584,3.0
167585,1.75
167587,1.0
167594,2.0
167597,1.0
167599,0.0
167601,6.5
167602,6.5
167621,0.0
167623,6.5
167626,1.0
167629,1.5
167637,4.0
167638,1.0
167641,1.0
167644,3.0
167645,2.0
167647,1.0
167648,2.5
167651,1.0
167658,1.0
167669,3.25
167674,1.0
167678,0.0
167681,3.0
167685,1.0
167689,1.0
167690,1.0
167692,2.0
167698,1.5
167702,2.0
167703,5.0
167706,2.5
167708,4.0
167711,2.0
167715,3.0
167722,1.0
167726,2.0
167727,1.6666666666666667
167728,1.5
167729,1.0
167732,3.0
167733,2.0
167737,1.0
167740,3.0
167742,1.0
167743,0.0
167747,2.0
167751,5.5
167753,1.0
167757,2.0
167760,1.5
167763,1.5
167766,1.3333333333333333
167767,1.0
167770,0.0
167773,1.5
167775,1.0
167776,4.0
167778,3.0
167780,2.6666666666666665
167781,3.3333333333333335
167784,1.5
167787,1.0
167788,1.0
167790,1.0
167791,1.8
167804,4.0
167806,3.0
167822,2.3333333333333335
167825,5.0
167826,0.0
167828,4.0
167836,1.5
167837,4.0
167839,1.0
167842,2.0
167844,0.0
167845,2.0
167846,0.0
167847,0.0
167850,5.0
167852,2.0
167858,3.0
167860,0.0
167861,2.0
167862,0.0
167865,0.0
167867,5.0
167874,1.5
167877,0.0
167878,6.0
167879,1.0
167881,2.0
167882,1.0
167883,0.0
167884,1.5
167885,1.0
167894,1.0
167899,2.0
167900,3.0
167902,2.5
167911,8.333333333333334
167918,2.3333333333333335
167919,3.5
167920,1.5
167925,3.0
167929,2.0
167932,1.0
167935,3.0
167936,1.5
167938,1.3333333333333333
167940,2.0
167942,4.0
167943,2.5
167945,1.0
167951,2.0
167959,2.0
167960,7.0
167970,0.0
167972,2.0
167973,3.0
167974,3.0
167977,0.0
167978,2.0
167982,1.0
167989,6.0
167995,3.5
167996,0.0
167997,3.5
167998,4.0
167999,2.0
168002,1.5
168003,3.0
168004,2.0
168006,0.0
168007,1.0
168010,2.5
168011,3.2
168013,3.0
168014,4.0
168018,2.0
168023,5.0
168026,2.5
168028,1.0
168038,4.0
168045,1.0
168050,2.0
168052,0.0
168053,1.0
168054,2.0
168055,3.0
168057,6.0
168059,2.0
168060,2.6666666666666665
168063,2.0
168064,1.0
168065,2.0
168068,1.5
168071,1.0
168077,0.0
168079,4.5
168083,2.0
168088,4.0
168091,1.5
168096,2.0
168102,1.3333333333333333
168104,8.0
168107,2.0
168109,1.0
168113,3.0
168117,1.0
168118,2.0
168121,6.0
168125,2.0
168129,3.5
168135,2.5
168136,2.0
168140,0.0
168143,3.0
168144,3.0
168146,1.0
168147,3.5
168150,2.0
168151,2.0
168152,1.5
168153,1.6666666666666667
168157,4.0
168158,5.0
168159,0.0
168160,2.75
168162,3.5
168164,2.0
168173,1.0
168175,1.75
168176,2.6666666666666665
168178,4.0
168181,1.0
168182,3.0
168190,2.6666666666666665
168192,2.5
168193,0.0
168197,3.5
168200,1.0
168205,3.0
168214,4.0
168215,2.5
168217,2.0
168224,6.0
168225,2.25
168229,1.0
168230,2.0
168231,2.5
168232,1.6666666666666667
168236,4.0
168238,4.0
168239,2.0
168240,3.0
168244,0.0
168246,2.6666666666666665
168248,2.0
168254,3.0
168256,0.0
168258,0.0
168259,1.0
168260,1.5
168264,1.0
168266,0.0
168267,1.0
168269,2.5
168270,2.5
168272,3.5
168273,2.3333333333333335
168274,3.0
168275,1.0
168276,3.0
168281,1.0
168285,3.0
168287,2.5
168288,2.0
168291,0.0
168293,1.5
168295,2.0
168300,4.0
168305,2.0
168308,2.0
168310,1.0
168311,2.5
168312,3.0
168315,2.0
168319,4.0
168321,7.333333333333333
168322,23.0
168326,0.0
168331,2.0
168332,2.0
168335,1.0
168336,0.0
168337,1.0
168339,2.0
168341,1.0
168342,0.0
168344,1.0
168347,1.5
168348,1.5
168349,2.0
168350,1.0
168351,2.3333333333333335
168354,1.0
168355,2.75
168361,2.0
168363,1.5
168364,3.5
168365,4.0
168370,7.666666666666667
168381,3.3333333333333335
168382,1.0
168385,2.0
168386,1.0
168389,2.0
168390,1.0
168391,0.0
168397,2.3333333333333335
168399,2.0
168400,1.0
168402,2.3333333333333335
168403,1.0
168404,3.0
168405,6.0
168408,7.0
168409,6.0
168410,0.0
168411,1.6666666666666667
168413,1.5
168415,2.5
168416,3.0
168417,11.0
168419,5.5
168420,7.5
168426,2.3333333333333335
168430,1.0
168431,1.0
168432,1.0
168433,1.5
168434,1.0
168439,10.5
168440,5.5
168442,1.0
168444,1.0
168447,1.6666666666666667
168448,1.6666666666666667
168451,3.0
168454,5.5
168455,0.0
168460,2.6666666666666665
168461,4.0
168464,0.0
168465,6.0
168466,5.0
168468,2.5
168470,4.0
168471,2.0
168477,6.0
168479,2.0
168480,2.0
168482,2.0
168484,2.0
168486,3.5
168489,0.0
168490,2.0
168491,2.0
168492,2.0
168494,0.0
168497,2.25
168501,5.0
168502,1.0
168504,1.5
168505,2.0
168510,1.2
168522,3.5
168523,2.6666666666666665
168524,1.0
168526,0.0
168527,2.0
168528,4.666666666666667
168529,2.0
168534,1.0
168540,2.0
168543,4.5
168545,6.0
168550,2.0
168558,0.0
168561,2.5
168563,2.0
168565,2.5
168568,3.0
168569,2.0
168571,5.0
168572,3.0
168573,1.0
168574,1.0
168576,2.0
168577,8.5
168581,2.0
168582,4.333333333333333
168583,3.0
168584,0.0
168586,1.5
168587,2.0
168588,0.0
168589,0.0
168598,3.3333333333333335
168603,1.0
168604,4.0
168607,4.0
168611,0.0
168613,1.0
168620,1.0
168621,3.0
168622,2.0
168625,0.0
168626,0.0
168627,2.0
168634,2.0
168635,7.0
168636,5.0
168640,1.5
168642,3.0
168646,1.0
168655,0.0
168661,2.0
168664,1.0
168666,5.0
168667,1.0
168668,1.0
168672,1.5
168673,3.0
168676,2.0
168677,3.5
168679,2.0
168684,2.6666666666666665
168685,0.0
168686,2.0
168687,3.0
168689,3.0
168690,1.0
168694,2.5
168704,2.5
168705,1.0
168706,4.0
168714,0.0
168715,0.0
168720,2.0
168723,3.0
168724,1.6666666666666667
168733,1.0
168735,3.0
168736,2.0
168737,2.0
168742,0.0
168743,1.0
168745,0.0
168746,3.5
168748,1.25
168752,3.0
168753,1.5
168756,3.0
168758,1.0
168760,4.666666666666667
168761,2.0
168768,2.0
168769,1.0
168771,1.0
168773,2.6666666666666665
168782,2.0
168783,0.0
168784,2.0
168790,1.5
168791,2.0
168792,5.5
168794,1.5
168796,2.6666666666666665
168798,1.0
168799,3.0
168800,3.0
168802,3.5
168805,0.0
168806,1.0
168811,5.0
168815,2.5
168821,0.0
168824,2.0
168828,0.0
168829,5.5
168831,0.0
168835,2.5
168837,0.0
168839,4.0
168840,3.0
168842,0.0
168843,0.0
168846,2.0
168850,8.666666666666666
168853,3.0
168860,3.0
168864,3.0
168869,1.3333333333333333
168871,6.666666666666667
168872,2.0
168873,3.0
168874,3.0
168875,4.5
168884,1.0
168887,0.0
168890,2.0
168891,1.0
168893,0.0
168895,1.0
168897,0.0
168901,7.0
168902,4.5
168904,2.0
168907,1.0
168908,1.5
168909,2.0
168911,3.5
168915,1.3333333333333333
168917,1.0
168923,2.3333333333333335
168926,1.0
168927,3.5
168929,1.5
168931,1.0
168933,2.0
168934,0.0
168936,3.0
168938,3.0
168940,2.0
168946,3.0
168948,1.5
168949,1.0
168955,7.0
168956,1.0
168958,0.0
168961,6.5
168962,2.0
168963,2.5
168964,0.0
168966,0.0
168970,3.0
168972,1.0
168979,1.5
168983,3.0
168984,6.0
168987,1.0
168989,1.0
168990,2.0
168991,2.0
168994,1.0
168995,2.25
168997,2.0
168999,2.0
169001,1.0
169004,3.0
169007,2.5
169008,2.5
169010,1.0
169012,6.333333333333333
169013,0.0
169014,2.0
169016,1.0
169018,1.0
169020,3.0
169021,4.0
169022,0.0
169024,1.5
169034,2.0
169035,2.0
169036,4.5
169037,4.0
169038,1.5
169042,0.0
169045,1.0
169050,1.0
169051,1.0
169053,0.0
169061,1.0
169062,1.0
169072,1.0
169075,5.5
169076,1.0
169077,1.3333333333333333
169078,3.0
169079,1.0
169080,3.6666666666666665
169083,2.0
169084,3.5
169087,1.0
169089,5.5
169092,2.3333333333333335
169096,3.5
169097,2.0
169099,3.0
169100,2.0
169104,1.0
169106,5.0
169108,3.5
169109,1.0
169113,1.5
169114,2.5
169117,0.0
169119,3.0
169128,0.0
169134,2.0
169135,0.0
169139,0.0
169143,0.0
169145,0.0
169146,2.0
169149,5.0
169151,4.0
169152,5.0
169158,0.0
169159,0.0
169165,1.0
169167,1.25
169168,3.5
169169,3.0
169177,9.0
169182,2.0
169184,1.75
169193,1.5
169203,3.3333333333333335
169205,0.0
169206,1.0
169208,2.0
169209,1.5714285714285714
169210,3.0
169212,3.5
169214,7.0
169216,3.5
169218,3.0
169220,3.0
169232,5.0
169233,4.0
169234,0.0
169242,0.0
169249,4.5
169254,0.0
169255,1.0
169261,3.5
169271,1.0
169275,1.0
169278,6.333333333333333
169284,0.0
169289,1.0
169292,3.0
169293,1.0
169294,1.0
169295,1.0
169302,5.0
169303,5.5
169306,3.0
169309,2.5
169312,1.0
169314,1.0
169320,3.5
169324,1.5
169325,2.0
169327,1.0
169328,1.0
169329,1.0
169334,4.0
169338,1.0
169342,2.5
169349,1.6666666666666667
169356,3.0
169359,0.0
169362,1.0
169364,2.0
169365,2.0
169366,3.0
169376,2.5
169377,4.0
169378,0.0
169381,1.3333333333333333
169385,2.0
169386,2.5
169388,5.0
169389,5.0
169396,3.0
169400,0.0
169401,5.0
169402,3.0
169409,7.0
169411,1.0
169412,1.6666666666666667
169414,1.0
169420,3.0
169423,0.0
169425,1.0
169434,2.0
169435,5.0
169436,7.0
169439,2.0
169440,1.0
169444,5.0
169452,2.0
169453,1.3333333333333333
169455,1.0
169458,2.0
169460,1.0
169461,4.0
169463,4.0
169465,2.0
169467,2.25
169468,0.0
169475,0.0
169480,4.0
169482,0.0
169487,3.5
169488,2.3333333333333335
169489,0.0
169490,1.0
169491,1.5
169492,1.0
169495,3.3333333333333335
169504,3.0
169507,2.0
169508,2.0
169512,0.0
169517,1.0
169528,2.5
169532,1.0
169533,1.5
169534,1.6666666666666667
169540,2.0
169544,1.0
169549,1.0
169551,2.5
169554,2.0
169556,2.0
169557,1.0
169560,0.0
169561,4.333333333333333
169564,1.0
169565,0.0
169566,1.0
169570,1.0
169575,3.5
169576,3.5
169577,1.0
169585,2.0
169590,3.5
169596,2.0
169600,1.0
169604,1.0
169609,1.3333333333333333
169611,3.5
169613,3.5
169615,1.5
169616,1.0
169620,2.0
169629,2.5
169631,4.0
169634,2.0
169636,2.0
169637,7.0
169638,1.0
169643,2.0
169647,2.0
169648,4.333333333333333
169650,0.0
169651,1.5
169652,6.0
169655,2.5
169659,2.0
169661,1.6666666666666667
169663,2.3333333333333335
169666,0.0
169667,3.0
169668,2.0
169673,1.5
169675,1.5
169676,2.0
169677,1.3333333333333333
169679,0.0
169681,3.0
169685,4.5
169686,2.2
169689,0.0
169692,2.0
169699,2.6666666666666665
169700,1.0
169703,2.5
169704,1.6666666666666667
169706,5.5
169710,3.0
169711,3.0
169723,2.0
169725,2.2
169726,0.0
169728,0.0
169729,1.0
169736,2.0
169738,1.0
169740,3.0
169764,3.0
169765,0.0
169766,3.3333333333333335
169771,2.0
169779,2.0
169780,1.3333333333333333
169781,3.0
169782,2.5
169785,2.0
169786,6.333333333333333
169788,2.0
169794,4.0
169798,1.0
169800,2.0
169808,1.5
169809,2.5
169811,4.0
169813,1.0
169818,5.333333333333333
169823,0.0
169824,1.0
169826,0.0
169828,0.0
169832,1.2
169834,2.5
169837,3.5
169843,2.0
169844,1.0
169847,1.0
169848,1.5
169851,1.0
169852,2.0
169856,1.0
169857,0.0
169859,2.0
169868,2.0
169869,2.0
169871,3.3333333333333335
169872,2.0
169875,0.0
169876,0.0
169880,4.5
169883,1.0
169884,2.6666666666666665
169886,1.0
169892,1.0
169893,1.0
169897,0.0
169898,2.5
169901,0.0
169904,2.5
169906,0.0
169911,3.0
169915,1.0
169918,6.25
169919,4.0
169922,2.0
169924,2.0
169929,5.0
169930,6.0
169931,2.0
169934,6.0
169937,1.0
169942,3.0
169949,1.0
169950,2.5
169955,3.0
169958,3.0
169960,4.0
169963,5.0
169968,4.0
169969,2.5
169975,2.3333333333333335
169979,0.0
169981,0.0
169983,4.0
169985,3.0
169991,1.5
170001,1.0
170006,5.0
170014,2.0
170016,2.0
170025,0.0
170027,3.0
170030,0.0
170033,4.5
170035,2.0
170041,1.0
170045,2.0
170047,3.5
170059,1.0
170060,3.0
170061,1.6666666666666667
170062,3.0
170063,2.0
170065,1.0
170066,1.0
170068,5.333333333333333
170069,2.0
170070,2.0
170072,3.5
170088,3.0
170098,1.0
170100,2.0
170103,4.5
170105,3.3333333333333335
170106,0.0
170110,2.3333333333333335
170111,2.0
170113,2.0
170114,1.5
170116,2.5
170117,4.0
170120,3.0
170122,6.0
170123,4.0
170124,1.5
170125,3.0
170126,1.0
170127,3.0
170129,2.0
170130,6.0
170131,7.0
170134,2.3333333333333335
170136,3.0
170141,5.333333333333333
170144,5.0
170145,2.0
170146,0.0
170147,4.0
170156,3.0
170161,1.0
170162,1.0
170164,6.0
170171,2.0
170172,2.0
170173,0.0
170174,0.0
170175,6.0
170176,4.0
170182,3.0
170184,3.0
170185,1.0
170190,1.5
170194,3.0
170195,1.0
170197,1.0
170200,3.0
170208,2.5
170212,1.5
170213,1.3333333333333333
170218,2.0
170221,3.3333333333333335
170225,3.0
170228,2.0
170234,3.5
170236,1.0
170237,4.333333333333333
170238,2.0
170242,2.0
170244,1.0
170246,1.0
170251,2.0
170252,2.0
170258,2.5
170261,3.0
170262,1.75
170266,3.0
170270,3.5
170273,1.4
170280,0.0
170283,3.5
170286,1.5
170287,3.5
170289,1.0
170290,1.0
170291,1.0
170292,2.0
170295,2.0
170296,6.0
170297,0.0
170302,0.0
170305,2.0
170307,1.0
170310,9.0
170313,2.0
170315,1.75
170316,3.0
170329,2.5
170331,2.5
170333,3.5
170336,3.0
170337,0.0
170338,2.0
170340,3.0
170341,1.0
170352,7.5
170354,3.0
170356,1.0
170357,1.0
170358,2.0
170364,1.0
170368,1.5
170373,0.0
170381,0.0
170382,3.0
170384,2.0
170387,3.0
170389,4.0
170391,3.0
170393,1.0
170396,5.333333333333333
170398,1.0
170399,0.0
170402,0.0
170403,2.0
170405,3.0
170406,3.0
170407,2.5
170409,9.0
170410,2.6666666666666665
170413,3.0
170417,3.0
170419,2.0
170422,2.3333333333333335
170423,3.3333333333333335
170431,1.0
170432,1.5
170434,1.0
170435,2.5
170449,3.0
170454,2.6666666666666665
170455,5.0
170456,4.0
170459,2.0
170460,3.0
170461,1.0
170465,2.0
170467,2.0
170474,3.5
170479,1.3333333333333333
170486,0.0
170493,1.0
170494,4.0
170496,1.0
170497,1.0
170504,1.3333333333333333
170505,2.0
170507,2.0
170509,4.0
170518,2.5
170520,1.5
170521,1.5
170525,6.5
170528,2.0
170530,2.5
170531,2.3333333333333335
170533,0.0
170534,9.0
170535,9.0
170546,2.0
170547,1.0
170548,4.0
170553,5.333333333333333
170560,5.0
170566,0.0
170568,1.5
170573,2.6666666666666665
170594,1.0
170595,4.333333333333333
170596,2.0
170598,2.0
170599,3.0
170600,2.5
170601,2.0
170602,4.0
170606,2.0
170609,1.0
170611,2.5
170615,2.0
170618,4.5
170619,2.0
170620,8.666666666666666
170621,6.25
170622,2.0
170624,2.0
170626,4.0
170627,2.0
170629,2.0
170635,5.0
170639,2.0
170647,4.5
170655,2.5
170657,2.5
170658,1.5
170663,0.0
170667,2.6666666666666665
170669,4.5
170670,0.0
170671,1.3333333333333333
170678,1.5
170680,2.0
170683,1.6666666666666667
170684,3.0
170685,1.0
170686,1.0
170692,1.0
170693,1.0
170696,1.5
170698,2.0
170700,4.5
170701,3.0
170702,0.0
170712,1.0
170713,2.0
170715,2.0
170717,1.6666666666666667
170718,2.0
170724,2.0
170731,2.0
170734,1.0
170736,5.5
170739,3.0
170742,2.0
170744,2.0
170745,2.0
170757,1.5
170759,2.5
170765,0.0
170767,10.0
170768,1.0
170770,12.0
170772,2.5
170774,0.0
170776,2.0
170777,2.0
170778,1.25
170783,8.0
170784,3.0
170785,1.0
170786,1.0
170788,3.0
170792,2.5
170793,2.5
170795,1.6666666666666667
170796,0.0
170797,1.0
170799,4.0
170801,1.75
170802,1.0
170806,2.6666666666666665
170811,3.0
170813,1.5
170814,0.0
170815,1.0
170826,1.0
170828,2.3333333333333335
170829,4.25
170830,10.0
170831,5.0
170833,9.0
170835,0.0
170837,0.0
170838,0.0
170840,3.0
170843,0.0
170845,3.0
170846,4.0
170849,3.0
170851,1.0
170854,3.5
170855,1.0
170856,2.0
170857,3.0
170863,0.0
170864,5.0
170867,1.5
170869,4.5
170870,6.333333333333333
170873,4.5
170879,1.0
170888,2.0
170891,1.0
170895,4.666666666666667
170897,1.6666666666666667
170898,3.0
170903,2.0
170905,0.0
170906,1.5
170911,4.5
170920,1.75
170921,1.6666666666666667
170922,0.0
170927,2.0
170929,1.0
170930,4.0
170934,1.75
170935,2.25
170936,1.6666666666666667
170938,1.6666666666666667
170940,2.0
170941,2.3333333333333335
170942,3.5
170944,3.5
170948,4.0
170951,0.0
170952,3.5
170954,1.0
170959,4.0
170961,4.5
170962,1.5
170964,2.75
170965,2.0
170966,2.5
170967,2.0
170972,4.5
170973,1.0
170974,0.0
170975,3.0
170977,2.0
170978,5.75
170979,1.0
170983,9.0
170987,2.0
170988,2.6666666666666665
170991,11.0
170993,1.6666666666666667
171000,6.0
171007,1.0
171008,1.0
171009,2.0
171010,1.75
171014,1.0
171028,0.0
171032,2.0
171033,2.0
171036,0.0
171041,2.5
171043,0.0
171047,1.5
171049,0.0
171051,2.0
171056,1.0
171062,0.0
171063,8.0
171064,4.0
171065,1.0
171072,1.0
171074,1.0
171076,1.0
171078,3.0
171079,1.5
171081,0.0
171082,0.0
171084,2.0
171086,6.0
171088,2.0
171094,2.0
171095,1.5
171096,3.0
171103,1.0
171105,23.0
171107,2.0
171108,3.0
171110,0.0
171112,1.5
171114,3.3333333333333335
171115,0.0
171119,1.0
171127,2.0
171129,3.0
171130,3.0
171134,3.5
171136,0.0
171142,4.0
171143,2.6666666666666665
171144,2.5
171148,0.0
171151,2.3333333333333335
171155,2.3333333333333335
171157,1.0
171159,0.0
171172,1.0
171176,2.0
171177,7.0
171178,2.5
171180,1.0
171181,1.0
171183,0.0
171188,2.0
171193,2.6666666666666665
171194,2.6666666666666665
171200,3.0
171204,2.5
171205,2.3333333333333335
171211,1.6666666666666667
171212,3.0
171216,2.0
171217,1.3333333333333333
171222,1.0
171226,1.0
171228,1.0
171230,4.5
171231,2.6666666666666665
171232,2.0
171233,5.0
171234,1.0
171237,1.3333333333333333
171238,1.0
171239,1.0
171240,1.0
171247,3.0
171249,1.3333333333333333
171251,2.0
171254,2.0
171256,0.0
171257,3.5
171262,3.0
171268,2.0
171270,5.0
171275,1.0
171276,1.0
171278,1.0
171283,5.0
171284,0.0
171285,4.0
171286,2.3333333333333335
171289,3.0
171298,0.0
171300,2.0
171301,1.0
171302,1.0
171305,4.4
171309,3.5
171310,3.0
171311,5.0
171312,1.0
171313,3.0
171316,2.0
171317,0.0
171320,6.5
171321,4.666666666666667
171326,1.0
171330,0.0
171332,0.0
171334,2.0
171340,4.0
171350,2.0
171353,4.333333333333333
171365,1.0
171366,2.6666666666666665
171367,14.0
171369,2.3333333333333335
171374,1.0
171377,1.0
171378,2.0
171379,0.0
171380,0.0
171381,1.0
171386,4.0
171387,1.0
171389,2.0
171390,0.0
171392,4.0
171393,3.6666666666666665
171394,2.0
171398,1.0
171404,0.0
171406,2.0
171411,1.0
171413,1.0
171414,1.5
171416,2.0
171419,2.0
171421,1.0
171424,5.0
171429,0.0
171431,0.0
171433,0.0
171434,1.0
171441,3.0
171444,3.0
171445,3.0
171447,8.0
171450,3.0
171454,1.5
171455,1.5
171457,3.0
171459,3.0
171460,2.0
171461,1.5
171462,0.0
171466,3.0
171469,3.6666666666666665
171477,1.0
171479,2.6666666666666665
171482,3.5
171484,1.0
171486,3.0
171487,2.0
171488,2.0
171489,1.5
171494,3.0
171496,1.0
171499,8.0
171501,8.0
171504,1.0
171508,4.0
171509,0.0
171511,3.0
171512,0.0
171513,2.0
171515,3.0
171520,1.75
171521,0.0
171523,1.0
171526,1.0
171528,0.0
171533,3.0
171535,0.0
171542,0.0
171543,2.0
171545,3.5
171548,3.5
171549,5.333333333333333
171550,10.0
171553,5.0
171556,2.0
171560,0.0
171566,0.0
171567,1.0
171568,1.0
171569,1.0
171571,1.0
171574,4.0
171576,2.0
171580,1.6666666666666667
171581,3.0
171583,3.0
171584,1.0
171586,2.5
171589,1.5
171592,2.0
171594,4.75
171596,0.0
171603,1.6666666666666667
171604,2.0
171605,1.0
171612,4.0
171617,9.0
171618,2.0
171623,4.0
171624,3.0
171630,1.0
171632,0.0
171635,3.0
171636,2.0
171638,4.5
171648,1.0
171650,4.0
171652,3.0
171653,0.0
171658,4.0
171659,2.0
171660,2.0
171662,1.5
171667,3.0
171668,0.0
171670,1.25
171674,2.0
171679,2.0
171681,6.0
171683,6.0
171684,0.0
171685,0.0
171697,2.5
171700,3.0
171701,4.5
171703,2.0
171705,1.5
171706,2.0
171708,2.3333333333333335
171710,0.0
171713,2.0
171715,1.5
171719,1.0
171720,3.5
171721,0.0
171730,7.0
171731,0.0
171738,5.0
171741,2.3333333333333335
171751,3.0
171753,2.0
171754,0.0
171755,3.0
171756,3.0
171758,1.0
171759,2.0
171761,0.0
171763,1.0
171764,1.0
171765,2.0
171767,3.0
171769,3.0
171771,1.0
171777,1.6666666666666667
171778,2.0
171783,2.5
171784,3.0
171785,0.0
171792,4.0
171795,2.0
171797,2.0
171803,1.0
171804,6.0
171810,3.0
171811,2.0
171814,5.5
171815,3.5
171818,1.0
171819,3.6666666666666665
171823,2.0
171824,1.0
171828,0.0
171831,4.0
171832,3.0
171833,0.0
171836,1.3333333333333333
171839,2.0
171842,1.0
171843,5.0
171846,2.5
171848,2.5
171852,0.0
171854,2.0
171855,2.5
171860,5.0
171861,4.25
171862,4.666666666666667
171865,4.5
171867,5.0
171879,3.0
171883,1.0
171887,2.0
171891,1.0
171892,1.0
171893,1.0
171894,1.0
171896,2.0
171897,2.0
171905,4.5
171906,3.5
171907,3.5
171908,0.0
171912,0.0
171915,1.0
171919,2.0
171923,3.3333333333333335
171924,4.333333333333333
171926,5.5
171928,0.0
171929,5.5
171934,4.666666666666667
171939,0.0
171940,4.0
171942,3.5
171944,2.75
171946,4.0
171956,0.0
171958,0.0
171959,0.0
171963,4.0
171965,1.0
171967,3.0
171968,1.0
171969,1.0
171970,1.6666666666666667
171971,0.0
171974,3.0
171976,1.0
171977,4.0
171978,5.0
171979,2.0
171981,6.333333333333333
171983,5.25
171986,1.0
171999,1.6666666666666667
172003,1.6666666666666667
172008,3.6666666666666665
172009,3.0
172021,0.0
172024,3.0
172032,2.6666666666666665
172033,1.0
172040,4.0
172043,1.0
172044,0.0
172052,2.75
172057,3.0
172060,4.0
172061,4.0
172062,2.0
172064,0.0
172065,2.0
172068,9.666666666666666
172069,3.5
172072,3.5
172074,3.5
172075,2.3333333333333335
172078,1.5
172081,2.0
172085,2.0
172087,1.0
172088,4.0
172089,4.0
172090,4.0
172091,10.0
172094,2.3333333333333335
172098,0.0
172102,1.0
172104,1.0
172112,2.0
172115,1.0
172117,3.0
172119,2.0
172122,5.0
172125,3.0
172128,4.0
172131,2.0
172132,2.0
172133,1.0
172146,2.5
172147,7.0
172151,2.3333333333333335
172154,1.5
172160,6.0
172162,2.0
172163,2.6666666666666665
172165,1.0
172169,4.0
172171,4.0
172172,0.0
172174,0.0
172180,4.0
172184,3.0
172186,1.0
172193,5.0
172195,1.5
172196,5.0
172201,2.0
172202,2.0
172203,0.0
172205,3.0
172212,1.0
172213,0.0
172218,2.5
172223,1.6666666666666667
172226,0.0
172228,0.0
172229,4.0
172230,3.6666666666666665
172232,1.0
172237,1.0
172238,1.0
172240,4.0
172243,1.0
172244,0.0
172245,2.0
172248,0.0
172253,2.0
172255,5.0
172263,1.0
172264,1.5
172266,3.0
172267,7.0
172275,2.0
172276,1.0
172278,6.0
172282,1.0
172283,1.0
172286,1.0
172290,1.0
172293,1.0
172295,1.0
172299,0.0
172300,0.0
172307,1.5
172308,10.0
172310,0.0
172311,0.0
172315,2.5
172317,0.0
172320,0.0
172321,2.5
172329,2.0
172331,2.0
172332,2.0
172333,1.0
172343,0.0
172349,1.5
172350,0.0
172353,0.0
172356,4.0
172357,3.3333333333333335
172358,0.0
172359,2.0
172360,0.0
172362,1.6666666666666667
172366,0.0
172367,6.0
172371,3.0
172373,3.5
172380,1.5
172382,7.5
172385,3.0
172386,3.0
172387,1.0
172392,1.5
172394,3.0
172399,2.5
172402,2.25
172406,3.0
172407,0.0
172410,1.0
172417,3.0
172418,3.0
172419,3.5
172420,2.25
172421,0.0
172422,1.0
172425,1.5
172427,1.5
172437,6.0
172439,1.0
172441,1.5
172442,2.3333333333333335
172444,1.5
172448,0.0
172450,1.0
172454,2.0
172457,1.0
172463,1.0
172464,5.0
172467,9.0
172469,1.0
172473,1.0
172475,4.5
172480,1.0
172481,0.0
172482,0.0
172483,0.0
172485,3.5
172487,0.0
172491,1.0
172495,3.0
172496,5.333333333333333
172497,4.0
172498,10.0
172499,3.0
172500,5.0
172501,1.0
172504,3.0
172508,2.0
172510,1.5
172515,1.3333333333333333
172517,2.5
172518,3.0
172520,0.0
172522,2.0
172530,2.5
172534,1.0
172535,1.0
172537,1.0
172538,1.0
172539,1.0
172554,1.0
172555,1.5
172568,3.0
172571,3.5
172577,2.5
172578,1.0
172580,1.0
172582,4.5
172583,4.0
172586,1.5
172588,1.0
172589,2.6666666666666665
172592,2.0
172595,0.0
172596,1.0
172600,2.5
172603,2.0
172604,1.75
172607,3.0
172610,2.3333333333333335
172625,2.3333333333333335
172630,0.0
172631,2.5
172633,1.0
172634,1.3333333333333333
172638,1.5
172640,1.0
172646,2.6666666666666665
172649,4.0
172651,2.0
172655,5.333333333333333
172657,1.3333333333333333
172658,1.0
172675,3.0
172680,2.0
172685,0.0
172686,2.0
172689,1.0
172699,0.0
172701,1.0
172702,1.0
172703,1.0
172706,0.0
172710,1.0
172718,2.5
172719,2.0
172721,1.5
172723,1.0
172729,3.0
172730,1.5
172739,1.0
172740,1.5
172742,1.3333333333333333
172750,1.5
172752,2.0
172755,0.0
172757,2.5
172759,5.0
172761,5.0
172767,2.5
172769,0.0
172773,1.0
172775,4.0
172776,1.0
172789,3.5
172790,3.5
172796,2.3333333333333335
172797,1.0
172798,1.0
172799,3.0
172800,3.0
172801,3.0
172802,3.0
172810,2.75
172811,0.0
172812,5.0
172813,5.0
172814,1.0
172815,1.3333333333333333
172816,3.0
172819,4.0
172822,1.0
172823,2.0
172826,2.0
172829,0.0
172830,3.0
172831,2.0
172833,2.8
172839,2.3333333333333335
172840,0.0
172841,7.5
172842,7.5
172846,1.5
172847,1.0
172848,4.0
172851,2.5
172854,0.0
172857,1.0
172860,1.0
172861,2.0
172862,2.0
172864,6.0
172869,1.0
172872,1.0
172877,2.5
172878,1.5
172880,1.0
172881,1.0
172888,0.0
172890,1.0
172891,2.0
172898,0.0
172901,3.0
172906,1.0
172908,0.0
172909,1.0
172915,2.0
172916,4.0
172922,1.0
172925,1.5
172934,3.6666666666666665
172935,3.75
172941,2.0
172944,1.0
172950,2.0
172951,3.3333333333333335
172957,3.0
172960,1.0
172961,2.0
172965,1.6666666666666667
172966,1.3333333333333333
172971,1.5
172973,2.0
172974,1.0
172976,2.0
172977,0.0
172978,2.0
172981,2.3333333333333335
172987,0.0
172988,1.0
172990,5.0
172991,0.0
172993,3.0
172994,3.0
172997,1.5
173000,7.0
173001,1.5
173005,3.4
173006,3.6666666666666665
173008,2.0
173010,2.0
173011,3.0
173014,2.6666666666666665
173015,9.0
173027,1.0
173031,2.0
173038,7.0
173042,2.0
173047,0.0
173048,1.3333333333333333
173050,0.0
173051,0.0
173052,1.6666666666666667
173056,2.6666666666666665
173061,2.0
173062,2.25
173063,0.0
173065,2.0
173066,1.5
173071,1.6666666666666667
173076,3.0
173078,3.5
173079,4.0
173082,4.0
173083,1.0
173086,5.333333333333333
173088,0.0
173089,1.0
173093,1.75
173094,2.0
173095,2.0
173096,1.0
173097,15.0
173099,2.0
173101,2.0
173104,2.5
173105,1.0
173107,1.5
173108,0.0
173111,2.5
173113,1.5
173115,5.0
173118,1.5
173121,3.0
173122,1.0
173123,1.0
173132,1.0
173134,1.6666666666666667
173138,1.0
173141,3.0
173142,3.0
173143,1.5
173145,0.0
173146,2.5
173148,5.0
173149,1.5
173152,3.3333333333333335
173155,7.0
173157,8.0
173158,6.0
173159,4.0
173162,1.3333333333333333
173167,3.0
173170,1.5
173172,1.0
173175,2.0
173176,3.0
173182,1.5
173183,1.5
173186,1.3333333333333333
173187,1.6666666666666667
173190,0.0
173191,1.0
173192,1.5
173193,5.0
173195,0.0
173196,1.5
173199,9.0
173202,3.0
173204,3.0
173205,1.0
173209,4.0
173213,2.6666666666666665
173214,2.0
173216,1.0
173224,3.5
173228,0.0
173231,0.0
173233,1.3333333333333333
173234,1.0
173240,1.0
173241,1.0
173242,2.0
173245,0.0
173250,1.0
173252,2.5
173253,1.0
173254,1.0
173256,2.0
173261,2.0
173263,2.5
173265,5.0
173267,0.0
173271,5.0
173279,2.0
173280,2.0
173289,2.5
173293,2.0
173294,2.0
173297,1.3333333333333333
173299,5.0
173301,4.5
173306,2.5
173310,2.0
173312,0.0
173314,4.5
173315,6.0
173316,9.0
173321,2.0
173322,0.0
173323,0.0
173327,1.0
173328,0.0
173330,3.5
173334,3.0
173338,4.0
173339,1.0
173342,8.0
173351,2.0
173352,1.0
173354,5.0
173358,3.0
173361,0.0
173364,1.0
173365,0.0
173369,2.0
173373,2.0
173375,2.3333333333333335
173377,6.0
173378,4.0
173382,3.0
173383,1.6666666666666667
173385,0.0
173386,1.3333333333333333
173387,6.5
173388,4.0
173391,3.0
173392,1.0
173393,0.0
173395,1.5
173396,2.5
173397,2.5
173398,3.5
173400,7.0
173401,1.5
173402,6.0
173403,3.0
173405,2.0
173409,1.3333333333333333
173411,1.25
173413,1.0
173420,0.0
173421,0.0
173422,1.3333333333333333
173432,3.0
173438,8.0
173440,2.0
173441,1.0
173444,2.0
173451,2.0
173454,1.5
173456,0.0
173458,0.0
173459,0.0
173460,4.0
173461,2.5
173463,4.0
173464,2.5
173465,3.5
173468,2.0
173473,2.0
173476,3.5
173480,4.0
173484,2.5
173488,1.0
173494,1.0
173499,13.0
173500,0.0
173504,1.0
173507,2.0
173509,0.0
173510,1.0
173511,1.0
173517,2.5
173518,2.5
173520,2.5
173524,1.0
173526,2.0
173531,3.0
173533,6.0
173535,0.0
173537,2.0
173549,0.0
173550,2.75
173557,3.0
173564,1.0
173565,2.0
173567,2.0
173568,2.6666666666666665
173571,1.0
173573,3.0
173578,2.0
173579,3.5
173580,1.5
173581,0.0
173583,2.0
173588,19.0
173589,0.0
173591,1.0
173595,3.0
173598,2.0
173600,0.0
173602,1.6666666666666667
173605,1.5
173606,0.0
173610,1.5
173612,2.0
173616,1.0
173619,1.0
173620,2.0
173622,1.0
173626,2.5
173627,2.5
173630,1.0
173632,0.0
173635,3.0
173637,1.5
173638,2.0
173643,2.6666666666666665
173648,1.0
173656,0.0
173663,0.0
173664,5.0
173665,2.3333333333333335
173667,0.0
173670,2.0
173671,2.0
173672,4.0
173673,2.0
173674,2.0
173676,0.0
173679,1.0
173682,0.0
173684,2.5
173686,1.0
173689,1.0
173696,1.0
173698,1.0
173701,2.5
173703,2.6666666666666665
173710,2.0
173713,2.5
173714,2.5
173720,1.0
173722,2.0
173724,2.5
173728,3.0
173729,2.0
173730,0.0
173731,0.0
173732,0.0
173734,0.0
173736,4.5
173742,0.0
173749,0.0
173751,0.0
173762,2.0
173772,1.0
173773,1.3333333333333333
173775,1.0
173776,1.0
173778,2.5
173779,0.0
173783,1.0
173785,3.3333333333333335
173786,4.666666666666667
173788,4.666666666666667
173789,2.6666666666666665
173790,3.5
173791,1.0
173792,1.0
173797,7.666666666666667
173798,25.0
173805,2.0
173808,5.0
173809,7.0
173815,1.0
173816,2.0
173820,3.0
173821,0.0
173823,0.0
173827,1.0
173828,1.0
173829,2.5
173831,1.0
173832,2.0
173837,3.0
173839,3.0
173841,1.0
173842,1.0
173843,3.0
173846,3.0
173848,1.0
173849,3.0
173850,1.6666666666666667
173852,1.5
173858,1.6666666666666667
173862,0.0
173871,2.0
173873,8.0
173881,3.0
173889,3.5
173893,3.5
173899,1.0
173902,1.0
173905,2.6666666666666665
173906,2.5
173909,1.5
173912,3.0
173916,0.0
173918,2.0
173920,1.0
173928,1.5
173930,2.0
173931,3.0
173932,3.0
173934,1.75
173935,2.0
173936,2.0
173944,1.6666666666666667
173947,2.0
173948,1.0
173952,2.5
173953,1.0
173954,0.0
173958,2.0
173961,2.0
173962,2.0
173965,1.0
173972,3.0
173973,5.0
173975,2.0
173976,1.0
173984,1.0
173986,2.5
173987,1.0
173992,3.8333333333333335
173994,1.0
173999,0.0
174003,1.5
174006,2.5
174007,2.0
174009,7.0
174013,0.0
174015,3.0
174016,3.0
174019,0.0
174020,2.0
174021,1.0
174023,2.6666666666666665
174024,2.0
174033,0.0
174035,3.0
174041,2.0
174043,1.0
174052,3.0
174054,0.0
174056,0.0
174061,0.0
174064,1.0
174068,3.3333333333333335
174069,1.0
174073,1.0
174075,5.0
174076,4.333333333333333
174077,2.5
174078,2.0
174079,1.5
174080,1.3333333333333333
174083,0.0
174086,1.5
174092,5.0
174093,1.0
174096,3.0
174097,6.0
174099,1.3333333333333333
174105,0.0
174108,4.0
174110,1.25
174111,3.5
174112,3.5
174114,0.0
174117,2.0
174119,3.75
174120,0.0
174121,2.0
174122,0.0
174123,5.0
174124,6.0
174127,6.0
174128,0.0
174131,2.5
174132,2.0
174136,1.6666666666666667
174138,2.0
174140,1.0
174143,1.3333333333333333
174146,0.0
174147,0.0
174150,2.0
174152,2.0
174153,2.0
174156,2.0
174158,2.5
174159,2.0
174164,1.0
174170,4.0
174176,3.0
174179,5.0
174183,3.0
174184,3.0
174195,2.3333333333333335
174196,1.0
174199,0.0
174203,1.0
174210,1.6666666666666667
174211,2.5
174212,5.0
174214,1.0
174215,6.0
174217,3.0
174219,2.4
174227,4.0
174229,2.6666666666666665
174232,2.0
174236,1.0
174238,6.0
174240,3.0
174247,1.5
174248,2.0
174255,6.5
174256,2.0
174263,0.0
174267,1.5
174269,2.5
174270,4.0
174271,5.0
174273,5.0
174274,2.0
174275,2.0
174276,2.0
174277,2.0
174283,1.0
174287,3.0
174288,4.0
174289,4.0
174295,6.0
174296,6.0
174297,3.3333333333333335
174300,2.0
174301,1.0
174303,1.5
174304,1.6666666666666667
174305,1.5
174306,2.0
174307,2.25
174308,1.3333333333333333
174310,1.0
174311,2.0
174313,0.0
174315,2.0
174317,4.0
174321,0.0
174322,0.0
174323,0.0
174328,1.0
174329,4.0
174335,2.0
174339,2.0
174346,1.6666666666666667
174354,1.0
174355,1.0
174358,1.0
174359,6.0
174360,1.0
174362,0.0
174364,4.0
174366,0.0
174369,1.5
174370,2.5
174371,2.0
174374,3.0
174385,2.6666666666666665
174386,0.0
174391,1.5
174393,3.0
174399,6.5
174400,2.0
174409,14.0
174412,1.0
174417,2.0
174420,6.5
174423,1.3333333333333333
174424,1.0
174425,1.0
174427,2.0
174433,2.0
174434,1.5
174444,2.5
174447,4.0
174449,4.5
174450,0.0
174452,0.0
174454,3.6666666666666665
174457,0.0
174462,3.5
174469,2.5
174471,5.5
174472,3.5
174474,3.0
174476,5.0
174478,0.0
174480,4.0
174484,13.0
174487,1.0
174490,3.0
174492,1.0
174493,4.0
174499,3.5
174501,2.0
174502,1.0
174507,1.0
174508,3.0
174509,0.0
174517,1.5
174518,3.0
174522,1.5
174525,2.0
174529,2.5
174534,3.3333333333333335
174537,1.5
174541,0.0
174546,1.8
174547,2.5
174548,3.0
174552,0.0
174554,1.0
174555,0.0
174558,4.0
174559,0.0
174560,1.5
174566,2.0
174567,5.333333333333333
174569,0.0
174574,1.0
174584,4.0
174588,2.3333333333333335
174595,1.0
174597,1.0
174598,2.0
174603,0.0
174605,0.0
174611,2.6666666666666665
174616,0.0
174620,2.0
174625,3.2
174626,0.0
174628,2.0
174630,0.0
174639,0.0
174641,3.5
174644,2.5
174645,2.5
174650,2.0
174653,2.0
174654,3.0
174657,2.0
174659,1.5
174664,2.0
174667,2.0
174670,2.0
174673,2.0
174674,1.5
174679,3.5
174680,5.0
174681,9.0
174682,5.0
174685,1.0
174690,2.5
174692,9.0
174693,1.5
174695,4.333333333333333
174696,4.0
174698,3.0
174703,0.0
174704,1.0
174705,3.0
174706,1.0
174716,1.0
174717,1.5
174719,2.5
174721,1.0
174725,2.3333333333333335
174727,1.0
174732,1.0
174733,1.0
174735,1.5
174736,2.0
174737,2.5
174738,3.0
174741,3.0
174742,2.0
174746,0.0
174749,3.0
174755,3.0
174756,0.0
174757,1.0
174758,1.0
174761,1.0
174762,2.0
174769,1.3333333333333333
174785,1.0
174789,6.0
174790,0.0
174792,1.5
174796,1.0
174803,1.0
174804,2.0
174806,2.0
174807,4.0
174809,2.0
174811,1.5
174812,0.0
174815,1.5
174819,1.0
174820,2.0
174821,3.0
174824,2.0
174825,0.0
174833,3.0
174835,2.0
174836,2.0
174845,1.0
174847,1.0
174852,3.0
174860,6.0
174861,2.0
174862,1.75
174872,3.0
174881,3.6666666666666665
174891,6.25
174899,3.3333333333333335
174900,4.25
174901,3.0
174902,2.5
174907,1.5
174908,3.0
174909,3.0
174912,1.0
174916,2.0
174917,1.0
174919,3.0
174921,3.3333333333333335
174924,0.0
174925,2.0
174929,0.0
174935,1.0
174939,2.5
174940,2.5
174942,1.0
174946,2.0
174947,0.0
174949,4.0
174953,1.0
174954,6.5
174958,1.25
174965,1.5
174966,10.0
174972,2.0
174973,2.5
174976,0.0
174981,2.5
174983,1.0
174987,4.0
174990,2.0
174992,2.0
174993,0.0
175000,0.0
175004,0.0
175005,6.0
175007,5.5
175014,3.5
175021,2.0
175022,1.0
175025,3.5
175028,2.3333333333333335
175032,4.0
175034,3.0
175036,1.0
175039,3.0
175041,1.0
175051,4.333333333333333
175052,1.0
175053,3.0
175054,3.5
175055,1.0
175056,1.0
175058,1.0
175061,4.0
175062,1.0
175069,2.0
175070,3.0
175075,4.333333333333333
175076,3.75
175083,2.0
175086,1.0
175088,1.0
175092,1.75
175098,2.5
175101,3.0
175104,1.0
175109,1.0
175118,3.0
175119,0.0
175120,1.0
175125,2.3333333333333335
175132,3.0
175133,1.0
175138,4.0
175140,2.3333333333333335
175141,3.5
175149,1.0
175152,3.25
175158,1.3333333333333333
175160,1.5
175161,1.0
175166,2.0
175167,4.0
175168,2.5
175171,1.5
175175,3.0
175182,1.5
175184,0.0
175187,1.3333333333333333
175189,3.3333333333333335
175191,3.3333333333333335
175195,3.5
175198,0.0
175199,2.6666666666666665
175204,1.6666666666666667
175205,2.0
175207,0.0
175209,0.0
175210,5.0
175215,4.0
175220,3.0
175222,6.0
175223,1.0
175225,1.5
175228,2.0
175240,4.0
175241,2.0
175242,2.5
175246,3.0
175247,2.0
175249,0.0
175250,5.0
175252,2.0
175257,3.0
175259,4.0
175263,5.0
175264,3.5
175266,4.0
175269,1.0
175279,1.0
175280,2.0
175283,9.5
175284,1.0
175288,1.6666666666666667
175292,1.5
175293,3.0
175294,4.0
175297,2.0
175306,2.5
175308,1.5
175311,0.0
175314,2.0
175319,2.0
175320,1.0
175321,1.0
175326,2.0
175334,0.0
175336,3.0
175338,0.0
175344,0.0
175347,3.3333333333333335
175350,4.0
175352,2.25
175359,0.0
175360,2.5
175361,0.0
175364,1.0
175367,1.0
175376,3.0
175379,3.0
175380,1.0
175381,1.0
175382,1.3333333333333333
175386,1.0
175390,5.5
175394,2.0
175396,4.0
175401,2.0
175404,5.0
175407,0.0
175409,1.0
175413,2.0
175415,1.0
175419,0.0
175422,2.6666666666666665
175428,2.25
175430,2.3333333333333335
175431,2.0
175434,1.5
175438,1.5
175439,1.5
175440,4.5
175441,6.0
175445,1.5
175446,2.0
175450,2.0
175455,1.0
175456,2.0
175459,2.0
175460,4.0
175462,5.0
175465,2.0
175466,3.0
175468,3.0
175470,0.0
175472,1.0
175473,1.0
175476,1.0
175479,3.0
175488,1.5
175490,3.6666666666666665
175492,0.0
175495,0.0
175497,1.6666666666666667
175499,1.0
175501,3.5
175505,7.0
175508,12.5
175514,2.0
175518,7.75
175524,2.6666666666666665
175525,1.0
175527,1.0
175530,2.0
175532,8.0
175533,1.5
175535,2.0
175537,1.5
175545,1.0
175548,3.0
175550,1.0
175563,0.0
175564,2.0
175567,5.0
175569,0.0
175570,1.0
175571,1.0
175572,1.8
175575,3.0
175580,4.0
175583,3.5
175585,7.0
175588,2.5
175589,2.5
175590,2.3333333333333335
175591,5.0
175592,2.5
175593,3.0
175597,8.0
175599,0.0
175600,2.5
175601,0.0
175607,0.0
175608,2.5
175609,5.0
175614,3.0
175616,0.0
175618,1.0
175625,1.0
175626,2.0
175628,4.0
175629,2.5
175630,1.0
175631,1.0
175633,1.0
175634,0.0
175635,2.0
175638,1.0
175642,1.5
175643,3.0
175656,2.0
175659,3.25
175662,0.0
175663,1.75
175664,2.0
175666,1.0
175668,2.5
175672,4.0
175675,0.0
175676,2.5
175679,0.0
175680,2.0
175684,1.0
175685,5.0
175686,0.0
175687,0.0
175691,0.0
175692,3.5
175695,0.0
175697,1.0
175698,2.0
175699,3.0
175700,4.5
175703,0.0
175707,2.3333333333333335
175708,1.5
175711,1.0
175717,1.0
175720,0.0
175725,2.5
175738,2.3333333333333335
175739,3.0
175743,4.0
175744,3.3333333333333335
175745,2.5
175748,2.0
175749,1.0
175750,0.0
175758,0.0
175767,2.3333333333333335
175769,1.0
175774,2.5
175776,0.0
175778,2.0
175780,3.3333333333333335
175784,0.0
175790,2.0
175795,2.0
175798,3.0
175799,3.0
175800,4.0
175804,4.333333333333333
175806,1.25
175808,2.3333333333333335
175809,2.6666666666666665
175811,3.0
175812,2.0
175814,7.0
175818,0.0
175823,1.5
175824,1.0
175830,2.0
175831,8.0
175833,1.0
175840,1.0
175841,3.6666666666666665
175842,2.0
175848,3.5
175855,0.0
175856,2.0
175861,1.5
175862,2.0
175876,1.0
175877,1.0
175878,1.0
175882,8.0
175883,3.0
175884,4.0
175899,2.0
175902,4.0
175903,2.0
175904,1.5
175905,3.0
175906,2.0
175915,1.0
175916,0.0
175920,2.0
175922,2.0
175923,1.0
175925,2.0
175929,1.0
175930,0.0
175933,5.0
175935,7.5
175941,6.5
175948,0.0
175949,3.0
175953,1.0
175955,8.0
175962,2.0
175965,2.0
175970,2.0
175973,2.5
175974,2.5
175977,1.5
175981,1.0
175982,0.0
175985,0.0
175986,10.0
175990,0.0
175993,0.0
175995,0.0
176000,4.5
176004,2.5
176005,2.5
176006,3.6666666666666665
176018,0.0
176020,0.0
176023,3.0
176027,2.3333333333333335
176030,1.0
176034,0.0
176035,2.0
176037,2.0
176043,2.0
176045,4.0
176047,5.0
176052,2.0
176053,1.0
176056,2.75
176057,4.5
176060,2.5
176061,0.0
176063,2.0
176069,0.0
176071,1.0
176072,1.0
176074,1.0
176076,3.0
176082,0.0
176084,1.0
176087,1.0
176088,0.0
176097,1.0
176105,1.0
176107,1.0
176112,0.0
176113,1.0
176114,2.5
176118,1.0
176120,3.0
176122,5.0
176123,5.0
176127,1.0
176130,2.5
176139,3.6666666666666665
176143,1.5
176146,1.5
176148,1.0
176150,1.0
176153,1.0
176154,3.0
176157,1.3333333333333333
176158,1.0
176167,0.0
176171,1.0
176174,1.5
176175,2.0
176184,4.5
176189,5.5
176193,4.0
176194,4.333333333333333
176195,3.0
176198,1.5
176199,3.0
176201,4.0
176205,3.5
176211,1.6666666666666667
176212,4.0
176214,3.6666666666666665
176217,2.0
176219,4.5
176223,0.0
176224,1.5
176232,5.0
176235,1.0
176240,4.0
176241,4.0
176249,1.0
176252,1.0
176254,0.0
176255,2.5
176256,0.0
176257,1.0
176260,1.75
176265,1.5
176266,2.5
176267,2.0
176268,4.0
176269,3.0
176270,2.0
176275,4.5
176278,0.0
176282,0.0
176283,3.5
176286,2.0
176292,0.0
176294,0.0
176297,2.5
176301,1.0
176306,4.0
176307,1.0
176309,2.0
176313,2.0
176315,0.0
176316,1.0
176319,0.0
176327,1.3333333333333333
176331,0.0
176332,3.0
176337,1.0
176339,1.0
176343,1.6666666666666667
176344,3.5
176348,1.6666666666666667
176350,2.6666666666666665
176353,1.0
176359,4.5
176363,5.0
176364,2.0
176369,5.5
176372,1.5
176374,3.5
176379,5.5
176389,4.0
176391,4.0
176394,1.0
176395,2.5
176400,2.5
176405,1.5
176409,2.25
176410,1.6666666666666667
176412,1.5
176414,1.0
176418,1.0
176422,5.0
176427,1.5
176436,1.0
176439,1.0
176444,2.0
176449,1.3333333333333333
176452,1.5
176455,1.0
176459,1.5
176468,2.0
176470,0.0
176473,2.5
176474,0.0
176476,1.0
176477,0.0
176478,2.0
176479,2.0
176480,0.0
176481,0.0
176482,1.0
176486,0.0
176488,3.0
176492,1.5
176494,3.0
176497,1.0
176504,2.0
176508,1.8
176510,1.0
176515,1.0
176516,2.5
176517,2.0
176520,2.6666666666666665
176521,4.5
176522,2.5
176527,5.0
176530,4.0
176531,4.333333333333333
176533,1.75
176537,3.5
176540,1.5
176543,0.0
176552,1.0
176559,2.0
176563,1.0
176564,7.5
176565,3.5
176566,2.0
176569,0.0
176570,2.0
176574,2.0
176580,2.0
176584,0.0
176585,1.0
176586,5.0
176588,0.0
176591,3.5
176595,0.0
176597,1.0
176601,1.5
176606,1.3333333333333333
176607,2.0
176608,1.0
176611,2.0
176612,1.0
176615,2.0
176617,0.0
176618,2.0
176619,4.0
176626,0.0
176627,4.0
176630,2.5
176631,2.3333333333333335
176637,1.0
176639,1.5
176640,1.5
176643,1.5
176650,3.5
176651,2.0
176658,2.5
176659,2.0
176662,3.0
176663,3.0
176664,0.0
176667,1.5
176671,0.0
176680,5.0
176683,2.0
176685,3.25
176686,2.0
176687,2.0
176694,0.0
176698,3.0
176699,3.6666666666666665
176700,1.0
176701,1.0
176702,0.0
176703,1.0
176708,1.0
176711,4.5
176716,1.0
176717,2.5
176718,8.333333333333334
176724,2.0
176725,0.0
176734,0.0
176736,0.0
176738,1.0
176739,3.0
176745,2.0
176747,1.0
176748,2.5
176751,4.0
176757,9.333333333333334
176758,8.666666666666666
176759,5.0
176760,4.0
176762,1.0
176766,0.0
176768,2.3333333333333335
176770,2.0
176776,3.0
176777,2.5
176778,1.0
176789,1.0
176792,2.0
176794,2.5
176795,3.0
176796,5.333333333333333
176804,4.0
176806,5.0
176808,1.0
176813,2.0
176814,0.0
176815,2.0
176816,3.0
176818,1.5
176819,10.333333333333334
176821,0.0
176823,1.0
176826,0.0
176831,0.0
176833,2.0
176836,1.0
176837,1.5
176840,1.0
176841,2.3333333333333335
176842,2.6666666666666665
176846,0.0
176847,2.0
176848,1.0
176852,5.0
176856,2.0
176859,0.0
176860,6.0
176862,1.0
176866,4.0
176873,3.5
176875,3.0
176877,0.0
176879,6.0
176880,0.0
176882,2.0
176887,4.0
176888,2.5
176891,0.0
176892,1.3333333333333333
176898,4.0
176900,1.0
176902,4.666666666666667
176903,6.5
176905,0.0
176906,4.0
176907,0.0
176908,7.0
176915,0.0
176922,1.5
176925,6.0
176926,1.0
176930,4.5
176933,2.0
176935,1.0
176936,1.5
176938,1.0
176940,4.333333333333333
176941,2.5
176942,5.0
176948,2.7142857142857144
176951,2.5
176952,0.0
176955,2.0
176956,2.0
176961,7.0
176962,2.3333333333333335
176964,2.5
176965,0.0
176968,6.0
176971,7.0
176974,2.0
176978,2.5
176979,1.5
176982,2.0
176984,0.0
176985,2.0
176988,1.0
176996,1.6666666666666667
176998,0.0
176999,4.0
177001,1.0
177004,2.0
177005,6.0
177006,2.0
177009,1.5
177010,3.0
177021,2.0
177023,2.6666666666666665
177024,0.0
177027,0.0
177028,3.3333333333333335
177032,1.0
177033,1.5
177035,2.6666666666666665
177037,10.0
177040,1.5
177045,2.0
177047,1.0
177048,1.0
177049,1.5
177051,0.0
177055,2.0
177058,7.0
177061,0.0
177063,0.0
177067,1.5
177069,2.0
177075,3.0
177076,1.0
177079,2.0
177081,2.5
177083,1.5
177086,0.0
177087,0.0
177088,2.0
177089,2.0
177092,0.0
177094,1.25
177096,4.0
177099,0.0
177100,0.0
177103,0.0
177107,0.0
177108,0.0
177110,2.0
177111,3.5
177114,2.0
177117,1.0
177118,1.0
177119,2.0
177124,1.0
177134,6.5
177143,0.0
177148,2.5
177149,0.0
177151,3.3333333333333335
177153,2.3333333333333335
177156,2.5
177162,0.0
177163,2.5
177165,3.0
177166,5.0
177167,3.0
177170,2.4
177173,1.3333333333333333
177176,4.5
177177,0.0
177181,0.0
177192,3.5
177193,0.0
177198,2.0
177199,3.0
177202,7.5
177205,1.0
177210,1.0
177212,9.5
177213,9.0
177215,2.0
177216,1.0
177217,2.0
177222,1.5
177230,1.5
177232,1.3333333333333333
177233,1.6666666666666667
177236,3.0
177238,2.5
177241,0.0
177242,1.0
177243,2.0
177245,3.0
177248,0.0
177250,2.0
177251,3.0
177252,1.0
177253,1.0
177254,2.0
177256,1.0
177264,5.0
177265,4.666666666666667
177266,4.5
177268,0.0
177269,2.5
177270,2.0
177280,3.0
177281,2.6666666666666665
177283,1.0
177284,2.0
177285,3.6666666666666665
177287,5.5
177289,2.5
177290,3.0
177291,6.25
177293,1.5
177294,1.5
177296,2.3333333333333335
177297,0.0
177301,6.0
177304,2.0
177306,4.0
177313,1.0
177316,1.0
177317,2.0
177321,2.0
177322,1.0
177326,1.5
177335,2.5
177336,2.3333333333333335
177337,2.3333333333333335
177339,1.0
177343,18.0
177349,1.5
177352,4.5
177353,3.0
177354,4.0
177356,1.0
177361,0.0
177363,1.0
177364,0.0
177367,0.0
177368,1.0
177374,2.6666666666666665
177376,2.0
177379,2.25
177382,1.5
177391,2.0
177393,2.0
177394,2.0
177397,1.6666666666666667
177398,2.3333333333333335
177405,5.333333333333333
177408,1.0
177410,2.3333333333333335
177413,2.25
177416,1.0
177421,1.0
177422,2.0
177423,3.0
177425,2.0
177427,1.0
177428,2.5
177430,1.0
177432,3.0
177434,2.0
177437,4.5
177439,1.3333333333333333
177444,3.5
177448,1.0
177449,3.0
177451,1.0
177452,0.0
177453,1.0
177460,2.0
177461,2.0
177466,3.5
177469,1.5
177470,1.0
177477,2.0
177478,2.0
177485,0.0
177487,1.0
177491,0.0
177493,1.3333333333333333
177495,2.3333333333333335
177497,1.5
177500,0.0
177505,2.0
177507,2.6666666666666665
177509,3.25
177510,2.6666666666666665
177525,2.0
177526,5.0
177530,5.0
177533,1.0
177536,2.0
177539,2.4
177540,2.0
177542,1.0
177545,4.0
177546,2.0
177547,1.6666666666666667
177551,3.0
177553,1.0
177556,2.0
177560,0.0
177563,2.6666666666666665
177567,0.0
177574,2.0
177580,3.0
177581,2.0
177585,2.5
177591,1.5
177592,1.0
177600,6.0
177605,2.5
177606,3.0
177609,9.0
177612,0.0
177618,2.0
177619,4.0
177621,6.0
177624,0.0
177626,14.0
177627,4.666666666666667
177632,2.0
177637,1.0
177640,1.5
177642,0.0
177643,2.0
177650,2.0
177651,1.0
177653,2.5
177655,4.0
177657,1.3333333333333333
177661,1.6666666666666667
177662,9.5
177667,5.5
177673,1.0
177677,4.0
177682,1.0
177683,1.0
177688,0.0
177694,2.6666666666666665
177700,3.0
177704,2.0
177709,5.0
177713,2.0
177716,5.0
177726,1.0
177727,1.0
177731,2.0
177749,2.0
177750,4.333333333333333
177752,1.3333333333333333
177759,0.0
177763,2.0
177764,1.0
177765,2.0
177766,0.0
177770,1.0
177776,2.0
177781,3.3333333333333335
177787,3.0
177791,1.5
177794,1.75
177801,0.0
177804,1.0
177805,2.0
177806,2.0
177808,3.0
177809,5.0
177815,1.0
177816,2.0
177817,0.0
177819,0.0
177821,2.6666666666666665
177823,2.0
177835,1.0
177839,1.5
177842,1.5
177843,2.0
177845,1.5
177846,1.0
177847,0.0
177850,1.0
177857,1.0
177859,1.0
177860,1.0
177863,4.0
177864,2.5
177865,1.0
177867,0.0
177869,1.0
177872,4.5
177873,2.3333333333333335
177876,1.0
177877,0.0
177880,1.0
177882,2.0
177883,2.0
177885,3.5
177891,2.25
177893,5.0
177894,0.0
177896,1.5
177897,1.0
177899,1.5
177904,4.5
177907,5.0
177909,0.0
177912,2.5
177913,1.0
177915,2.0
177918,4.666666666666667
177921,3.0
177922,2.0
177923,1.0
177926,1.0
177928,0.0
177929,0.0
177931,2.0
177933,3.0
177934,2.5
177936,0.0
177938,5.0
177941,3.0
177944,6.0
177946,2.0
177947,2.0
177949,2.0
177953,2.0
177954,1.5
177960,3.3333333333333335
177962,2.25
177965,3.0
177969,1.6666666666666667
177974,2.0
177975,2.0
177977,6.0
177978,3.0
177980,2.5
177987,3.0
177990,1.0
177992,1.0
177993,1.6666666666666667
177994,1.5
177997,3.6666666666666665
177999,0.0
178003,3.0
178004,2.5
178010,0.0
178012,1.5
178019,2.0
178020,2.5
178023,1.0
178026,4.0
178027,2.0
178029,3.0
178031,0.0
178032,1.5
178033,4.0
178034,4.5
178035,2.5
178038,0.0
178039,0.0
178043,2.0
178044,7.5
178045,10.0
178051,3.0
178052,3.0
178054,1.0
178055,2.0
178059,1.3333333333333333
178060,1.0
178061,2.0
178063,3.0
178068,0.0
178073,3.0
178076,0.0
178079,1.0
178081,1.0
178088,2.5
178092,2.3333333333333335
178095,2.0
178098,2.25
178100,1.0
178104,3.0
178105,1.0
178108,1.0
178114,2.0
178115,3.5
178117,0.0
178123,8.5
178128,0.0
178129,2.0
178130,1.0
178131,4.0
178132,2.6666666666666665
178134,2.0
178137,4.0
178142,3.5
178147,0.0
178153,1.6666666666666667
178154,1.3333333333333333
178156,3.5
178157,1.0
178161,1.0
178162,1.0
178165,1.0
178170,5.0
178172,2.0
178173,1.0
178178,3.0
178181,0.0
178182,2.0
178184,1.5
178190,1.0
178195,4.5
178198,4.0
178199,3.0
178200,4.0
178206,1.0
178212,1.5
178215,0.0
178220,3.0
178222,0.0
178225,4.5
178226,2.0
178227,2.0
178228,0.0
178230,4.5
178233,0.0
178234,3.0
178235,5.0
178240,3.0
178241,3.0
178243,3.0
178247,1.5
178249,0.0
178250,2.0
178260,4.0
178267,4.0
178271,2.0
178275,2.0
178281,3.0
178284,2.25
178285,2.25
178289,5.0
178292,1.0
178293,1.0
178295,2.0
178297,4.0
178298,1.0
178307,1.5
178315,1.0
178317,16.5
178320,4.0
178321,4.0
178323,3.0
178326,5.0
178332,1.6666666666666667
178334,1.0
178335,0.0
178339,6.5
178340,2.0
178341,6.0
178342,2.0
178343,1.0
178347,6.0
178348,6.0
178351,1.5
178355,1.0
178358,1.0
178363,2.6666666666666665
178365,2.0
178368,2.6666666666666665
178369,0.0
178371,2.0
178373,2.0
178375,1.0
178376,1.0
178379,2.5
178385,4.0
178388,2.75
178389,2.0
178394,3.0
178398,0.0
178399,6.5
178401,1.0
178403,1.3333333333333333
178405,1.0
178407,1.3333333333333333
178410,1.0
178411,1.0
178419,2.0
178420,1.0
178422,2.3333333333333335
178429,0.0
178430,4.5
178436,1.5
178443,2.5
178447,1.0
178449,2.0
178450,1.3333333333333333
178452,5.666666666666667
178455,6.0
178456,4.666666666666667
178458,3.0
178462,1.0
178465,1.5
178469,3.0
178471,4.5
178474,3.0
178476,8.5
178478,1.0
178481,2.0
178483,2.5
178485,2.0
178486,1.0
178487,1.75
178488,2.0
178490,3.0
178492,0.0
178494,0.0
178497,1.0
178502,0.0
178503,2.0
178505,3.5
178507,1.0
178508,1.0
178509,1.0
178513,7.5
178518,2.5
178519,2.5
178520,6.0
178521,3.0
178523,2.0
178526,3.5
178531,1.6666666666666667
178532,2.0
178534,3.0
178535,1.0
178536,2.0
178543,4.0
178544,2.0
178550,1.5
178552,3.25
178555,0.0
178557,2.4
178558,2.0
178560,0.0
178567,2.0
178568,2.5
178571,3.0
178574,0.0
178584,2.5
178585,2.0
178589,1.6666666666666667
178591,1.0
178595,3.0
178604,2.0
178607,2.0
178608,2.0
178610,1.75
178611,1.5
178614,1.5
178615,1.5
178622,1.0
178629,2.5
178634,2.0
178636,1.0
178637,1.6666666666666667
178638,3.0
178640,4.0
178641,2.0
178652,2.6666666666666665
178653,1.0
178658,5.0
178659,3.5
178671,1.5
178673,0.0
178674,1.0
178675,1.0
178677,0.0
178678,1.0
178680,2.0
178685,2.0
178686,2.0
178689,2.0
178691,4.0
178693,0.0
178703,0.0
178705,1.6666666666666667
178706,4.0
178712,0.0
178724,0.0
178725,0.0
178727,3.5
178735,0.0
178738,0.0
178742,1.0
178746,1.0
178748,2.0
178750,1.5
178754,2.0
178756,1.0
178757,3.0
178758,4.0
178760,1.0
178761,7.0
178765,2.0
178766,3.6666666666666665
178769,0.0
178773,2.5
178775,2.0
178780,4.0
178782,2.0
178788,0.0
178789,0.0
178790,2.5
178791,1.3333333333333333
178792,0.0
178796,0.0
178799,0.0
178802,0.0
178803,2.0
178812,1.0
178818,2.0
178821,1.0
178823,4.0
178836,2.0
178846,2.0
178847,2.0
178849,3.0
178850,0.0
178866,4.0
178868,1.0
178874,2.0
178881,3.0
178884,1.6666666666666667
178885,1.0
178887,1.0
178891,1.5
178895,2.5
178902,2.0
178905,1.0
178906,5.5
178907,0.0
178910,0.0
178913,0.0
178917,13.0
178920,3.0
178921,1.0
178923,1.0
178928,3.0
178939,2.75
178942,1.6666666666666667
178945,1.5
178948,6.0
178951,3.3333333333333335
178955,2.0
178956,3.5
178960,0.0
178961,3.0
178966,0.0
178967,1.0
178969,2.5
178971,2.75
178972,3.0
178975,2.75
178977,1.5
178978,0.0
178980,2.0
178981,3.0
178983,1.3333333333333333
178988,2.5
178990,2.0
178995,1.0
178997,7.0
178998,2.0
179002,3.0
179005,1.5
179007,1.0
179008,0.0
179020,1.0
179021,3.0
179022,3.0
179023,1.3333333333333333
179027,4.0
179028,2.5
179042,2.0
179052,11.0
179053,1.3333333333333333
179057,0.0
179060,2.0
179066,3.6666666666666665
179067,0.0
179074,1.0
179075,1.0
179078,3.0
179080,0.0
179081,0.0
179084,1.3333333333333333
179091,2.0
179092,0.0
179100,0.0
179102,2.0
179105,1.6666666666666667
179106,1.0
179109,0.0
179112,1.0
179114,5.0
179123,2.6666666666666665
179124,1.0
179128,1.5
179130,3.5
179132,2.0
179133,1.6666666666666667
179138,3.0
179141,0.0
179142,0.0
179144,1.0
179149,2.0
179154,2.0
179157,7.0
179160,0.0
179161,0.0
179162,0.0
179165,1.0
179167,2.0
179168,1.3333333333333333
179175,2.0
179178,3.5
179180,3.5
179181,1.0
179184,1.0
179185,1.5
179194,2.0
179195,3.5
179196,2.3333333333333335
179198,1.0
179200,3.6
179201,2.0
179208,3.0
179212,1.0
179213,1.5
179215,2.0
179216,1.3333333333333333
179226,1.0
179230,1.5
179238,2.0
179240,1.5
179242,1.5
179243,0.0
179246,1.0
179250,0.0
179251,1.0
179254,7.5
179257,0.0
179263,1.0
179264,1.0
179266,0.0
179267,3.0
179270,3.0
179271,4.0
179274,4.0
179275,1.0
179282,0.0
179292,4.0
179297,0.0
179298,3.0
179301,0.0
179304,2.0
179305,2.5
179308,1.5
179309,2.0
179316,0.0
179318,1.5
179325,2.0
179329,1.0
179330,7.0
179332,4.0
179334,3.0
179337,2.0
179339,2.0
179342,5.5
179350,1.6666666666666667
179351,2.0
179352,2.0
179354,1.5
179357,1.0
179361,5.333333333333333
179366,4.0
179368,2.0
179369,3.0
179371,3.5
179376,2.0
179378,2.5
179380,6.5
179381,2.0
179384,3.5
179385,1.0
179389,3.0
179390,1.0
179391,3.0
179394,3.2
179400,1.5
179409,1.0
179410,2.0
179412,2.0
179416,2.0
179419,1.0
179420,1.0
179427,1.0
179428,0.0
179430,2.0
179432,4.75
179433,2.6666666666666665
179440,1.0
179442,5.333333333333333
179443,2.0
179448,1.0
179450,1.0
179451,1.0
179457,1.0
179461,1.0
179468,0.0
179469,1.0
179470,0.0
179472,0.0
179481,2.0
179483,2.5
179486,2.6666666666666665
179487,1.6666666666666667
179488,5.0
179490,1.0
179491,1.3333333333333333
179494,1.5
179496,1.5
179497,1.5
179503,2.0
179504,2.5
179511,2.25
179512,3.0
179513,2.0
179519,1.3333333333333333
179520,1.5
179523,1.5
179525,3.0
179527,2.0
179532,4.5
179534,2.0
179537,2.3333333333333335
179540,7.5
179542,2.6666666666666665
179546,1.0
179547,3.0
179550,1.0
179553,1.5
179554,0.0
179557,0.0
179562,0.0
179569,4.0
179571,2.0
179574,2.0
179577,1.5
179579,1.0
179588,0.0
179590,2.3333333333333335
179591,3.0
179593,2.6666666666666665
179595,3.0
179600,3.0
179602,4.0
179606,2.0
179607,1.0
179608,2.0
179609,2.0
179610,3.3333333333333335
179611,3.6666666666666665
179613,1.0
179614,3.0
179615,1.0
179619,3.0
179620,2.6666666666666665
179628,5.5
179630,1.6666666666666667
179632,5.0
179634,2.0
179637,0.0
179641,3.0
179645,1.5
179652,0.0
179655,3.0
179659,0.0
179660,0.0
179661,1.0
179662,1.0
179663,2.0
179667,1.3333333333333333
179668,1.0
179669,2.5
179670,0.0
179671,2.5
179673,4.5
179674,2.0
179676,4.0
179677,1.0
179679,1.0
179681,1.5
179683,2.0
179685,5.5
179686,2.0
179689,1.0
179697,1.6666666666666667
179700,0.0
179701,6.0
179704,3.0
179705,1.3333333333333333
179708,4.0
179709,4.0
179710,4.0
179711,3.5
179712,4.0
179715,2.5
179723,3.5
179726,2.0
179737,1.6666666666666667
179740,4.0
179746,2.0
179747,1.5
179748,4.0
179751,3.0
179761,1.3333333333333333
179766,3.0
179767,1.0
179768,2.0
179775,1.0
179776,1.0
179777,0.0
179778,1.0
179781,1.0
179782,0.0
179791,1.5
179792,1.0
179796,1.6666666666666667
179801,1.0
179802,2.0
179803,7.333333333333333
179804,23.0
179808,4.0
179809,2.5
179812,1.5
179813,1.0
179819,2.0
179820,1.0
179826,1.0
179827,0.0
179830,0.0
179831,1.0
179833,1.0
179836,1.5
179838,0.0
179839,0.0
179848,2.75
179849,1.3333333333333333
179852,1.0
179859,1.0
179861,3.5
179862,2.0
179863,1.5
179866,4.0
179868,1.3333333333333333
179870,4.0
179880,6.0
179885,4.333333333333333
179888,3.0
179895,2.0
179896,2.0
179897,2.0
179898,3.3333333333333335
179903,2.25
179904,1.0
179905,2.0
179906,2.0
179909,4.5
179913,2.0
179919,1.0
179925,1.0
179926,5.0
179932,1.0
179939,1.5
179942,1.0
179944,0.0
179945,1.0
179949,2.0
179954,2.0
179955,1.5
179958,2.0
179959,2.0
179960,2.0
179961,1.5
179963,0.0
179964,2.5
179968,1.0
179974,2.0
179990,3.5
179993,2.0
179994,2.75
179996,5.5
180002,1.0
180003,2.0
180010,1.0
180011,0.0
180018,2.5
180020,1.0
180027,6.333333333333333
180028,5.0
180042,2.0
180045,3.0
180046,1.0
180048,0.0
180055,4.0
180060,2.5
180062,2.5
180070,4.0
180074,2.0
180077,2.0
180078,0.0
180079,3.0
180083,0.0
180090,1.0
180091,1.0
180093,1.5
180094,0.0
180099,0.0
180101,3.0
180105,6.5
180110,2.0
180111,2.0
180114,1.0
180117,1.6666666666666667
180122,0.0
180130,1.3333333333333333
180132,0.0
180134,2.0
180138,2.0
180139,0.0
180140,2.0
180141,4.5
180146,1.4285714285714286
180148,0.0
180155,1.0
180156,0.0
180157,4.0
180162,1.0
180163,1.0
180164,2.0
180167,1.0
180172,3.3333333333333335
180173,2.5
180174,1.75
180177,2.0
180178,1.5
180181,1.0
180182,4.666666666666667
180184,2.6666666666666665
180188,2.0
180193,1.5
180194,2.0
180196,2.25
180197,0.0
180199,0.0
180202,1.0
180208,5.0
180211,2.0
180214,5.0
180215,1.5
180220,1.0
180225,2.0
180227,0.0
180228,3.0
180238,1.0
180239,1.0
180241,0.0
180242,2.0
180243,2.0
180250,2.0
180251,2.5
180252,2.6666666666666665
180254,0.0
180257,2.5
180258,1.0
180260,1.5
180261,4.5
180263,5.5
180264,6.0
180268,4.0
180270,2.0
180271,1.0
180272,3.0
180273,1.0
180274,3.5
180281,1.0
180282,2.0
180288,2.0
180291,1.0
180293,0.0
180294,2.5
180295,1.6666666666666667
180298,6.0
180305,1.0
180306,0.0
180310,4.0
180315,4.0
180316,4.0
180317,6.0
180319,4.0
180322,3.0
180327,1.0
180328,0.0
180333,2.0
180335,2.5
180337,0.0
180338,0.0
180341,0.0
180343,0.0
180344,2.0
180345,2.0
180346,3.0
180347,2.5
180348,4.5
180349,1.75
180351,2.0
180355,3.0
180356,3.5
180357,3.5
180359,0.0
180362,4.0
180363,0.0
180367,1.5
180371,5.0
180372,1.0
180375,2.0
180376,0.0
180378,4.5
180381,3.0
180382,2.5
180384,2.5
180388,0.0
180392,2.0
180393,1.5
180394,1.3333333333333333
180400,1.3333333333333333
180401,2.0
180402,0.0
180403,1.0
180404,2.0
180406,2.0
180410,1.0
180411,3.0
180412,2.0
180414,3.0
180418,1.0
180422,2.0
180424,1.0
180427,2.3333333333333335
180429,4.0
180430,1.0
180431,1.3333333333333333
180435,4.0
180438,2.0
180443,1.5
180451,3.5
180455,2.0
180457,4.0
180460,3.6666666666666665
180465,3.0
180467,0.0
180468,1.0
180469,1.0
180472,3.5
180477,2.0
180479,2.0
180480,2.0
180481,2.0
180485,4.0
180486,4.0
180489,3.0
180490,2.0
180491,3.0
180492,1.0
180495,1.6666666666666667
180498,0.0
180499,0.0
180500,4.0
180502,4.0
180505,0.0
180509,2.0
180513,1.0
180514,4.0
180515,19.0
180517,2.0
180521,4.0
180522,3.0
180528,2.5
180530,1.0
180533,2.0
180534,1.0
180535,0.0
180536,2.0
180537,1.5
180539,4.0
180548,3.5
180549,9.0
180550,3.5
180552,4.0
180553,1.5
180557,1.5
180559,2.0
180561,0.0
180562,1.0
180565,0.0
180569,3.0
180578,4.0
180580,2.0
180584,5.0
180588,2.6666666666666665
180589,1.0
180592,0.0
180593,8.0
180594,1.5
180595,1.5
180607,2.0
180608,1.0
180610,3.5
180611,3.0
180612,1.5
180614,2.0
180623,1.5
180626,2.0
180628,0.0
180631,2.0
180632,5.5
180633,4.0
180635,3.0
180645,1.8
180646,4.0
180651,5.0
180652,1.0
180662,1.0
180663,5.0
180664,5.0
180666,0.0
180667,3.0
180669,2.0
180670,4.0
180671,3.0
180672,2.3333333333333335
180673,5.0
180677,1.3333333333333333
180683,4.0
180685,2.0
180686,4.0
180687,1.0
180688,4.5
180690,1.0
180696,2.0
180697,5.0
180707,1.0
180711,2.0
180713,0.0
180714,1.0
180715,2.0
180717,1.0
180718,2.0
180719,3.5
180723,1.0
180726,1.0
180727,0.0
180729,1.0
180732,3.0
180737,0.0
180738,1.0
180740,1.0
180742,3.0
180743,1.0
180746,3.5
180748,2.3333333333333335
180749,4.5
180751,1.5
180754,4.0
180757,2.0
180760,5.0
180763,2.0
180764,0.0
180765,2.0
180767,4.0
180768,1.0
180769,1.0
180771,1.0
180775,2.0
180776,2.25
180777,2.0
180778,2.0
180779,2.0
180780,3.5
180781,1.0
180782,1.0
180783,1.0
180785,0.0
180787,1.0
180789,1.0
180796,1.0
180798,3.0
180799,3.0
180800,2.0
180806,2.0
180808,1.0
180815,0.0
180823,1.3333333333333333
180825,3.0
180827,1.0
180832,7.0
180833,2.0
180834,2.5
180837,3.0
180838,3.5
180843,4.0
180845,2.0
180847,2.0
180855,1.0
180857,2.75
180864,1.0
180866,0.0
180868,0.0
180870,1.0
180878,2.0
180882,2.5
180884,2.5
180885,1.3333333333333333
180889,2.0
180892,4.0
180895,2.0
180897,1.0
180900,2.3333333333333335
180902,4.0
180907,0.0
180909,1.0
180912,3.5
180913,7.5
180914,7.5
180917,1.5
180918,2.5
180920,2.0
180921,0.0
180925,4.0
180929,4.5
180930,2.3333333333333335
180932,1.0
180933,4.0
180935,1.5
180938,1.0
180939,4.5
180946,6.0
180948,11.0
180949,2.5
180956,1.0
180957,3.0
180958,6.0
180960,3.0
180963,6.5
180966,1.0
180967,0.0
180969,0.0
180975,1.0
180979,0.0
180982,3.0
180983,1.5
180984,1.0
180990,3.0
180995,2.0
180998,3.5
181000,2.5
181003,2.5
181005,7.0
181007,1.5
181009,2.0
181012,2.5
181013,3.0
181015,0.0
181016,3.5
181017,1.0
181018,0.0
181020,2.5
181025,1.25
181027,1.0
181030,1.0
181034,4.0
181037,0.0
181039,0.0
181043,3.0
181045,1.5
181053,2.5
181054,5.5
181055,0.0
181059,1.0
181060,2.0
181067,2.0
181070,1.3333333333333333
181076,4.0
181079,3.5
181080,3.0
181081,2.5
181085,4.0
181086,1.5
181088,3.0
181089,2.5
181094,3.0
181097,3.0
181098,5.0
181101,0.0
181102,1.0
181103,3.0
181105,2.0
181106,2.0
181109,1.0
181110,4.666666666666667
181112,2.0
181113,2.0
181116,2.0
181119,0.0
181123,0.0
181124,6.0
181126,2.0
181130,4.5
181131,2.0
181133,1.6666666666666667
181139,2.0
181147,1.0
181153,4.5
181154,2.0
181157,1.0
181161,1.0
181164,2.5
181169,2.3333333333333335
181170,2.0
181171,1.0
181174,5.5
181175,5.5
181177,2.0
181179,1.5
181186,1.0
181187,1.0
181191,2.0
181193,1.5
181195,1.0
181196,1.0
181199,0.0
181201,1.0
181202,5.0
181203,4.5
181204,0.0
181206,0.0
181207,2.0
181210,2.3333333333333335
181213,2.0
181217,4.5
181221,2.5
181229,6.0
181236,0.0
181239,2.0
181244,0.0
181247,2.0
181249,5.5
181254,5.0
181256,1.0
181257,2.5
181262,2.0
181266,3.0
181279,1.0
181285,1.0
181287,1.0
181290,3.0
181294,4.0
181297,1.0
181298,1.0
181299,1.0
181302,0.0
181305,2.3333333333333335
181308,4.5
181312,1.0
181319,1.0
181320,3.0
181324,1.8
181335,3.0
181341,3.3333333333333335
181345,1.0
181346,0.0
181354,0.0
181359,4.0
181362,0.0
181364,1.0
181365,0.0
181372,1.0
181379,1.5
181380,3.5
181381,2.5
181386,2.5
181391,0.0
181399,1.0
181401,2.0
181405,3.25
181409,1.0
181415,5.333333333333333
181416,1.5
181417,2.5
181418,1.0
181419,0.0
181420,2.3333333333333335
181423,1.5
181433,0.0
181438,2.0
181439,1.0
181440,0.0
181442,2.0
181449,3.0
181450,0.0
181451,0.0
181452,5.0
181455,1.0
181457,1.0
181461,1.0
181463,0.0
181464,3.0
181465,3.0
181466,2.0
181471,2.0
181472,2.5
181474,2.0
181475,2.0
181477,1.0
181478,3.3333333333333335
181479,4.0
181480,1.0
181484,3.3333333333333335
181493,0.0
181495,1.0
181509,1.0
181510,1.0
181511,2.0
181512,1.3333333333333333
181513,0.0
181524,4.5
181525,2.0
181531,2.5
181532,2.6666666666666665
181533,4.0
181538,1.0
181540,2.5
181543,5.0
181546,2.5
181547,3.0
181553,0.0
181559,1.0
181566,1.0
181567,1.6666666666666667
181568,3.0
181569,0.0
181570,1.0
181571,1.3333333333333333
181576,0.0
181581,4.0
181583,0.0
181588,1.0
181589,1.5
181590,1.0
181592,6.5
181600,0.0
181606,4.0
181608,0.0
181609,0.0
181614,3.5
181616,0.0
181617,2.5
181618,3.6666666666666665
181620,4.0
181622,3.6666666666666665
181625,1.0
181630,3.0
181631,3.0
181632,3.0
181635,3.5
181636,2.0
181637,6.0
181638,2.0
181639,0.0
181640,1.3333333333333333
181641,2.0
181642,1.0
181643,5.0
181651,0.0
181652,2.6666666666666665
181655,0.0
181660,4.0
181663,2.5
181664,1.0
181667,0.0
181669,0.0
181670,2.0
181676,0.0
181677,2.0
181681,5.0
181685,1.3333333333333333
181688,0.0
181689,2.0
181691,1.0
181693,1.5
181698,6.5
181699,2.0
181703,2.6666666666666665
181705,3.3333333333333335
181707,1.0
181709,1.3333333333333333
181712,1.0
181716,3.0
181717,5.0
181719,2.0
181721,2.0
181722,0.0
181723,0.0
181725,3.0
181726,3.3333333333333335
181733,3.0
181734,0.0
181739,0.0
181742,2.0
181745,2.0
181747,1.0
181749,3.0
181750,2.0
181758,0.0
181759,8.0
181760,1.5
181761,0.0
181764,2.0
181766,0.0
181769,2.3333333333333335
181773,2.0
181775,5.0
181779,3.0
181783,2.0
181792,4.333333333333333
181806,2.0
181807,2.0
181811,3.5
181813,2.0
181819,0.0
181820,2.0
181827,2.5
181828,1.0
181833,0.0
181841,2.0
181842,1.0
181845,2.6666666666666665
181846,3.0
181848,5.0
181855,0.0
181858,2.0
181860,1.5
181868,2.0
181869,4.5
181875,2.5
181876,2.5
181878,1.0
181879,1.5
181880,2.0
181884,0.0
181885,2.0
181887,2.0
181890,4.0
181891,1.5
181892,1.5
181893,1.0
181906,10.0
181908,2.0
181909,3.5
181910,3.0
181911,1.0
181916,2.0
181922,7.0
181925,1.0
181933,0.0
181939,2.5
181941,0.0
181950,1.0
181951,3.0
181954,3.3333333333333335
181965,2.25
181966,1.3333333333333333
181968,4.0
181976,4.0
181977,1.0
181979,3.0
181982,4.0
181984,0.0
181985,4.75
181990,1.0
181992,1.0
181995,2.0
181996,2.0
181999,3.0
182000,1.0
182002,2.0
182003,0.0
182006,0.0
182013,2.5
182014,2.5
182021,0.0
182024,3.0
182025,1.0
182027,1.5
182030,1.5
182033,1.6666666666666667
182039,0.0
182041,1.0
182043,1.6666666666666667
182045,3.0
182048,3.0
182051,15.0
182054,2.5
182055,2.6666666666666665
182058,3.6666666666666665
182059,2.75
182074,2.0
182075,2.5
182079,2.0
182083,3.5
182092,1.5
182095,2.5
182096,2.0
182097,0.0
182106,3.6666666666666665
182111,4.0
182115,1.0
182118,0.0
182120,4.5
182124,0.0
182127,2.0
182130,2.0
182131,1.5
182132,0.0
182136,0.0
182138,4.0
182141,1.0
182142,4.5
182146,2.0
182148,0.0
182149,1.0
182150,1.5
182151,4.0
182152,2.8
182157,1.3333333333333333
182160,2.0
182173,8.0
182175,2.0
182179,2.2
182181,5.0
182182,1.0
182186,0.0
182188,3.0
182190,1.0
182191,4.0
182194,1.0
182195,2.0
182196,1.0
182197,0.0
182198,0.0
182199,3.0
182201,4.0
182205,2.5
182206,3.0
182208,3.0
182209,1.0
182211,5.0
182214,3.0
182219,2.0
182220,2.0
182222,2.75
182224,7.0
182225,2.0
182226,2.0
182227,2.6666666666666665
182228,2.5
182229,11.0
182230,2.6666666666666665
182233,4.0
182235,2.0
182239,1.0
182240,0.0
182241,3.0
182244,1.0
182246,1.0
182247,2.0
182253,1.0
182257,2.0
182258,2.0
182260,7.666666666666667
182262,1.0
182265,1.0
182268,1.3333333333333333
182269,7.0
182270,3.0
182271,2.0
182274,2.0
182280,5.0
182282,1.0
182286,2.0
182290,2.0
182291,2.0
182293,1.0
182295,1.5
182299,2.0
182300,2.0
182302,2.5
182312,1.3333333333333333
182314,1.0
182318,4.0
182324,2.0
182328,1.5
182329,2.0
182332,1.0
182334,1.0
182339,2.5
182343,3.0
182345,1.0
182346,2.0
182347,1.0
182348,2.0
182351,2.0
182352,3.0
182354,1.0
182359,1.0
182365,0.0
182367,3.5
182372,1.5
182374,2.0
182375,5.5
182376,4.0
182386,1.0
182387,5.0
182389,1.0
182390,2.0
182391,1.0
182392,1.5
182394,0.0
182395,3.3333333333333335
182398,1.0
182399,1.5
182403,2.5
182405,0.0
182406,4.5
182407,8.0
182417,0.0
182418,0.0
182421,4.0
182426,1.0
182429,2.5
182432,1.6666666666666667
182433,0.0
182435,1.0
182437,2.0
182439,2.0
182447,2.0
182458,0.0
182461,0.0
182470,1.6666666666666667
182471,1.5
182474,2.0
182476,1.0
182480,2.5
182483,2.6666666666666665
182485,2.0
182486,2.3333333333333335
182487,3.0
182488,5.0
182490,2.6666666666666665
182492,2.0
182494,5.5
182495,2.0
182496,1.0
182498,2.25
182502,5.0
182515,3.0
182518,3.0
182521,2.0
182525,2.3333333333333335
182527,4.333333333333333
182530,0.0
182532,4.0
182533,1.0
182535,3.3333333333333335
182537,1.0
182539,1.0
182540,0.0
182541,0.0
182544,0.0
182549,8.0
182564,2.0
182566,2.0
182568,1.0
182571,2.3333333333333335
182572,3.0
182576,5.25
182578,3.5
182579,3.5
182581,0.0
182582,1.3333333333333333
182584,1.5
182585,0.0
182590,1.0
182598,1.0
182603,1.5
182610,4.0
182611,2.0
182614,4.0
182615,1.0
182625,0.0
182626,1.3333333333333333
182627,6.0
182629,0.0
182631,2.5
182632,2.0
182633,3.6666666666666665
182636,1.5
182638,1.0
182643,1.0
182644,0.0
182646,1.6666666666666667
182650,1.5
182652,2.0
182654,1.0
182655,1.0
182656,3.5
182670,0.0
182671,0.0
182673,2.3333333333333335
182675,1.0
182677,2.0
182682,0.0
182683,2.0
182685,4.0
182687,1.6666666666666667
182692,2.0
182693,2.0
182695,1.25
182698,1.0
182705,1.0
182707,2.0
182708,0.0
182709,4.5
182711,1.0
182714,1.0
182723,3.5
182727,2.5
182733,0.0
182741,0.0
182744,1.0
182749,2.0
182750,2.5
182751,0.0
182752,1.5
182755,1.5
182756,1.0
182767,1.0
182771,4.0
182784,1.0
182785,0.0
182792,1.5
182793,4.0
182794,1.0
182795,1.0
182799,2.3333333333333335
182800,2.0
182801,1.0
182804,1.5
182805,1.3333333333333333
182811,1.6666666666666667
182817,1.0
182818,1.0
182822,1.0
182826,5.0
182827,1.25
182828,0.0
182838,2.0
182839,3.0
182840,1.0
182843,2.0
182845,3.0
182853,2.0
182856,1.5
182857,2.0
182858,1.0
182859,1.0
182860,1.5
182861,1.5
182862,1.3333333333333333
182868,2.0
182869,2.0
182871,2.0
182874,3.0
182878,6.5
182880,1.5
182881,1.0
182882,0.0
182884,3.0
182888,3.0
182892,1.3333333333333333
182896,0.0
182897,3.0
182906,3.0
182908,4.0
182909,1.0
182911,4.5
182913,3.5
182914,2.0
182918,0.0
182919,2.3333333333333335
182920,3.0
182924,0.0
182925,2.0
182927,2.6666666666666665
182928,0.0
182930,3.0
182933,5.0
182935,3.5
182937,1.0
182938,1.0
182939,2.0
182940,0.0
182941,2.5
182942,2.0
182943,2.0
182947,3.0
182948,2.0
182949,5.333333333333333
182955,1.0
182958,1.0
182960,4.0
182964,6.0
182965,0.0
182968,0.0
182969,3.6666666666666665
182971,5.5
182972,0.0
182998,1.0
183001,1.0
183003,2.0
183013,1.0
183014,0.0
183016,3.5
183018,1.3333333333333333
183021,2.0
183022,2.0
183023,2.0
183027,2.0
183028,1.6666666666666667
183032,1.3333333333333333
183033,1.0
183035,2.0
183036,3.0
183038,2.0
183041,1.0
183043,2.5
183044,2.0
183049,4.0
183053,3.0
183054,1.0
183057,2.0
183059,1.6666666666666667
183069,3.0
183078,6.5
183082,3.75
183084,3.6666666666666665
183089,2.0
183090,1.5
183094,4.0
183096,3.0
183097,1.5
183102,1.0
183103,2.0
183104,2.6666666666666665
183105,0.0
183107,2.5
183111,1.5
183115,3.0
183118,1.0
183121,2.6666666666666665
183124,1.0
183139,2.3333333333333335
183142,1.0
183144,1.0
183147,3.0
183155,2.6666666666666665
183157,1.5
183159,2.0
183162,2.0
183163,2.5
183165,2.0
183170,4.0
183171,2.0
183174,4.5
183175,3.0
183182,2.0
183186,2.0
183188,7.5
183193,1.0
183194,1.5
183196,0.0
183199,0.0
183200,2.5
183208,0.0
183209,3.5
183210,6.666666666666667
183211,2.0
183212,1.5
183214,3.0
183218,4.0
183219,3.5
183227,2.5
183229,3.6666666666666665
183231,1.0
183232,0.0
183234,3.5
183239,0.0
183242,1.0
183243,2.0
183245,2.3333333333333335
183246,9.0
183248,9.0
183250,5.0
183257,1.0
183259,1.5
183262,5.0
183263,1.0
183267,2.25
183268,5.0
183272,1.0
183274,1.0
183275,2.0
183278,0.0
183280,2.0
183281,1.0
183283,2.5
183284,2.5
183285,2.5
183287,2.5
183289,0.0
183292,4.0
183293,1.0
183294,0.0
183296,3.0
183303,3.0
183304,1.3333333333333333
183306,0.0
183308,1.0
183309,1.0
183310,1.0
183312,2.0
183314,1.0
183316,3.0
183317,1.0
183320,3.5
183321,1.0
183322,0.0
183327,1.0
183328,1.0
183333,1.0
183334,1.0
183335,1.0
183336,1.0
183337,0.0
183338,2.6666666666666665
183340,5.0
183341,2.5
183342,2.5
183343,5.5
183349,2.0
183350,0.0
183353,2.0
183354,0.0
183355,1.0
183359,3.3333333333333335
183360,1.0
183365,2.0
183370,1.0
183373,1.0
183374,0.0
183376,6.0
183378,1.5
183382,1.0
183387,3.0
183389,3.5
183392,4.2
183393,1.6666666666666667
183395,1.0
183403,1.0
183404,2.3333333333333335
183406,2.0
183417,3.0
183418,3.0
183422,1.6666666666666667
183426,3.0
183428,3.0
183433,0.0
183434,0.0
183436,0.0
183438,3.0
183441,0.0
183443,2.0
183445,2.0
183450,1.0
183451,1.0
183453,1.3333333333333333
183456,3.0
183457,2.0
183458,3.0
183461,2.0
183464,4.0
183465,0.0
183473,1.6666666666666667
183480,2.0
183481,0.0
183482,0.0
183483,0.0
183488,2.5
183489,2.0
183494,2.0
183497,4.0
183498,2.0
183499,1.0
183501,1.0
183503,4.0
183504,4.0
183505,4.0
183509,1.0
183512,1.5
183514,3.0
183516,2.5
183518,0.0
183519,2.0
183520,1.5
183521,1.0
183522,3.0
183523,2.0
183524,2.0
183525,2.0
183528,3.5
183531,1.0
183532,0.0
183533,0.0
183534,2.0
183539,0.0
183543,2.0
183545,1.0
183552,4.0
183554,7.5
183558,2.0
183561,3.0
183564,0.0
183567,4.5
183569,0.0
183576,1.0
183580,1.5
183588,2.0
183589,0.0
183592,2.0
183597,2.5
183599,0.0
183601,2.5
183605,5.333333333333333
183607,0.0
183613,1.0
183618,1.0
183619,1.6666666666666667
183621,1.5
183622,8.0
183628,1.0
183630,0.0
183633,2.0
183634,2.0
183635,1.5
183637,1.3333333333333333
183641,2.0
183642,0.0
183645,1.0
183648,0.0
183658,4.0
183659,1.6666666666666667
183663,1.5
183666,2.0
183670,2.5
183672,1.0
183673,4.0
183675,2.0
183676,2.0
183681,4.0
183684,1.3333333333333333
183687,0.0
183689,1.0
183691,2.0
183693,2.0
183695,0.0
183702,2.0
183703,1.6666666666666667
183705,0.0
183706,2.0
183707,1.0
183709,1.5
183710,2.5
183712,1.0
183724,3.5
183725,1.0
183727,1.0
183729,3.0
183730,1.5
183740,3.0
183741,4.0
183744,1.5
183745,1.0
183749,2.25
183750,1.0
183751,1.0
183752,1.0
183757,1.3333333333333333
183758,3.5
183760,2.6
183761,2.3333333333333335
183762,1.5
183768,4.5
183773,2.3333333333333335
183775,1.0
183776,0.0
183779,4.333333333333333
183780,2.6666666666666665
183781,1.6666666666666667
183783,0.0
183785,2.0
183787,2.0
183788,2.0
183793,1.0
183794,2.0
183795,0.0
183800,2.5
183805,1.0
183807,1.0
183809,1.5
183814,2.0
183827,2.0
183828,4.0
183831,6.0
183832,6.0
183835,3.0
183839,2.0
183848,3.0
183851,6.0
183855,0.0
183859,1.5
183861,1.0
183862,3.5
183863,0.0
183866,0.0
183868,3.6666666666666665
183870,2.0
183879,1.0
183882,2.5
183884,3.0
183887,1.5
183891,0.0
183893,1.3333333333333333
183894,3.0
183896,0.0
183897,0.0
183898,1.3333333333333333
183900,0.0
183902,1.0
183905,1.5
183910,7.0
183914,3.0
183922,3.3333333333333335
183928,1.0
183930,2.0
183934,7.5
183939,1.0
183946,2.5
183949,4.0
183950,1.6666666666666667
183952,5.5
183954,1.0
183956,3.0
183963,0.0
183965,3.5
183968,1.5
183969,1.6666666666666667
183975,1.3333333333333333
183978,1.0
183979,2.0
183984,2.0
183986,1.0
183993,1.0
183994,1.0
184000,1.5
184001,1.5
184006,2.5
184010,2.0
184013,2.0
184014,2.5
184015,4.0
184017,1.0
184020,5.0
184021,1.6666666666666667
184027,1.0
184029,1.0
184030,6.0
184032,2.5
184033,2.0
184036,3.0
184037,5.0
184038,1.5
184044,8.0
184048,1.0
184052,2.0
184058,3.25
184060,4.5
184063,1.0
184065,1.0
184067,0.0
184068,2.5
184073,2.0
184079,1.0
184088,2.0
184091,1.25
184092,1.0
184093,0.0
184096,4.0
184108,1.5
184111,2.0
184121,2.0
184122,1.0
184123,2.0
184125,3.0
184127,2.5
184128,3.0
184129,1.0
184131,4.0
184136,3.0
184137,1.6666666666666667
184138,0.0
184139,6.0
184142,0.0
184146,1.6666666666666667
184150,0.0
184153,0.0
184154,0.0
184162,3.0
184165,1.0
184167,3.0
184168,1.0
184170,2.5
184172,2.0
184181,2.0
184182,0.0
184187,0.0
184189,1.0
184191,1.6666666666666667
184195,4.0
184196,5.0
184202,0.0
184204,1.0
184205,2.0
184206,3.0
184208,5.0
184209,7.0
184212,3.0
184215,7.0
184217,0.0
184218,1.0
184225,2.5
184226,4.0
184229,2.6666666666666665
184232,5.0
184238,2.0
184240,1.5
184241,2.5
184242,2.0
184243,1.6666666666666667
184245,2.5
184246,1.0
184247,3.3333333333333335
184248,1.0
184250,2.0
184256,5.0
184257,0.0
184259,2.0
184260,2.0
184261,0.0
184263,1.6666666666666667
184266,1.5
184267,0.0
184269,3.0
184272,4.5
184275,1.0
184276,2.5
184277,3.5
184278,3.5
184282,1.0
184283,1.0
184284,1.3333333333333333
184288,0.0
184294,2.0
184307,1.0
184308,3.0
184310,2.0
184311,1.0
184317,2.0
184319,1.0
184321,2.0
184322,2.0
184323,1.0
184328,1.0
184329,1.5
184333,1.6666666666666667
184335,1.0
184337,4.0
184339,1.0
184344,2.0
184345,2.0
184348,1.0
184353,2.5
184357,0.0
184358,4.0
184359,5.0
184360,5.5
184362,5.0
184363,1.5
184368,0.0
184369,2.0
184373,2.25
184381,0.0
184382,1.8
184384,5.0
184385,3.5
184387,2.0
184396,2.5
184399,0.0
184401,1.0
184404,2.5
184405,1.5
184408,2.0
184412,1.0
184418,1.0
184424,1.0
184425,1.0
184428,3.0
184431,2.0
184432,1.5
184439,8.0
184440,1.0
184445,0.0
184446,1.0
184448,7.5
184450,0.0
184452,2.0
184453,2.5
184457,2.3333333333333335
184458,5.0
184463,2.5
184472,2.0
184474,3.0
184477,1.0
184480,1.5
184481,1.3333333333333333
184482,2.0
184484,1.5
184491,2.0
184492,0.0
184494,2.0
184498,0.0
184501,2.5
184507,1.0
184510,2.0
184512,3.0
184513,1.0
184520,1.3333333333333333
184521,5.0
184522,1.0
184524,2.5
184525,2.0
184527,3.5
184540,0.0
184543,3.0
184545,1.0
184554,1.0
184557,4.333333333333333
184559,2.5
184562,10.0
184567,0.0
184573,1.3333333333333333
184574,1.4285714285714286
184578,1.5
184581,1.0
184585,1.0
184587,0.0
184588,0.0
184590,2.0
184592,2.3333333333333335
184595,0.0
184598,3.0
184601,4.0
184605,4.0
184610,1.0
184625,1.0
184629,0.0
184632,1.0
184636,0.0
184637,0.0
184638,1.0
184641,1.0
184647,4.0
184652,0.0
184655,2.0
184657,1.0
184658,1.0
184661,6.0
184665,0.0
184666,1.5
184670,0.0
184674,2.0
184678,1.5
184679,5.0
184681,2.0
184684,2.0
184687,1.0
184690,1.0
184703,0.0
184706,0.0
184707,5.0
184713,2.0
184714,2.5
184719,2.0
184721,1.0
184723,4.0
184725,1.6666666666666667
184726,2.3333333333333335
184731,1.0
184737,1.0
184741,3.0
184742,2.0
184744,1.0
184747,3.0
184751,2.0
184757,0.0
184761,2.0
184764,3.5
184778,5.0
184779,3.0
184782,1.5
184789,3.0
184790,4.0
184793,3.0
184795,1.6666666666666667
184798,2.3333333333333335
184800,1.5
184804,1.0
184812,2.6666666666666665
184814,1.6666666666666667
184815,2.0
184823,0.0
184824,2.0
184825,2.0
184826,3.0
184829,3.0
184832,2.0
184833,3.5
184835,2.0
184836,3.0
184838,2.0
184840,1.0
184841,1.0
184844,1.0
184845,4.0
184846,0.0
184847,3.0
184857,1.0
184858,0.0
184862,2.0
184873,3.0
184875,3.0
184876,1.5
184878,2.3333333333333335
184883,2.0
184886,1.0
184895,5.0
184896,2.6666666666666665
184897,0.0
184901,2.0
184902,2.0
184904,0.0
184906,1.0
184907,3.0
184910,1.0
184911,4.0
184912,3.6666666666666665
184916,2.5
184917,4.333333333333333
184919,0.0
184921,2.0
184922,1.0
184926,5.0
184929,0.0
184933,0.0
184938,2.3333333333333335
184939,1.0
184942,1.0
184945,8.5
184957,1.0
184961,0.0
184962,0.0
184976,3.0
184977,0.0
184985,3.5
184986,0.0
184989,2.0
184992,1.0
184995,3.3333333333333335
185000,1.5
185001,1.3333333333333333
185002,1.2
185005,4.5
185006,1.0
185007,0.0
185008,0.0
185009,0.0
185011,4.0
185019,2.0
185021,2.75
185023,1.5
185024,1.6666666666666667
185026,1.5
185033,5.5
185041,3.5
185044,1.5
185045,0.0
185047,2.0
185048,0.0
185052,1.5
185054,4.333333333333333
185057,2.3333333333333335
185059,4.0
185061,3.3333333333333335
185066,1.5
185068,2.0
185072,2.0
185074,1.5
185076,9.0
185079,4.0
185083,3.0
185088,1.6666666666666667
185099,2.0
185100,2.0
185101,2.0
185105,4.0
185109,2.0
185113,4.0
185120,1.0
185130,0.0
185131,4.5
185134,1.5
185139,1.5
185142,1.5
185148,1.5
185152,2.0
185156,1.6666666666666667
185160,2.0
185165,1.0
185166,2.0
185167,1.0
185168,2.0
185171,0.0
185172,3.0
185173,0.0
185175,17.5
185176,1.0
185177,3.0
185178,0.0
185179,1.5
185181,2.0
185182,2.0
185185,0.0
185186,8.0
185192,3.0
185196,0.0
185202,0.0
185205,1.0
185207,2.0
185209,3.0
185210,1.5
185212,2.0
185214,4.0
185215,1.0
185218,1.0
185226,2.0
185227,1.0
185229,2.0
185230,2.0
185231,3.6666666666666665
185232,3.5
185233,4.0
185236,1.6666666666666667
185237,2.0
185240,2.0
185241,1.0
185243,2.0
185245,2.0
185249,0.0
185254,5.0
185257,3.0
185262,2.3333333333333335
185271,2.3333333333333335
185273,2.0
185282,3.3333333333333335
185291,1.5
185300,3.5
185303,2.6666666666666665
185304,0.0
185305,1.5
185306,1.0
185307,3.5
185311,1.0
185312,1.6666666666666667
185318,1.5
185321,2.0
185322,3.0
185324,0.0
185327,0.0
185328,2.0
185330,2.0
185334,1.0
185340,1.0
185342,1.0
185344,1.0
185346,3.0
185348,1.5
185352,4.0
185359,2.0
185364,2.0
185366,2.0
185368,2.0
185370,2.5
185371,2.0
185374,0.0
185378,1.0
185379,0.0
185380,5.5
185383,2.0
185387,2.0
185392,1.0
185394,1.0
185395,4.5
185397,0.0
185399,3.0
185403,2.25
185405,1.6666666666666667
185408,1.5
185410,1.0
185414,3.3333333333333335
185419,4.0
185421,4.333333333333333
185423,1.0
185430,2.0
185432,6.0
185433,0.0
185436,1.0
185439,2.0
185440,0.0
185441,1.0
185442,3.0
185445,3.0
185446,4.333333333333333
185449,5.5
185450,5.0
185451,0.0
185462,5.0
185464,2.0
185469,2.5
185473,4.0
185475,1.5
185476,1.5
185480,1.5
185481,1.0
185486,0.0
185490,0.0
185491,3.6666666666666665
185492,5.0
185497,2.0
185504,3.0
185506,1.0
185512,0.0
185516,5.0
185517,1.0
185518,1.5
185521,1.0
185524,2.0
185525,0.0
185526,1.5
185527,4.0
185528,3.5
185529,3.5
185539,2.0
185541,3.3333333333333335
185545,4.0
185547,2.5
185548,1.0
185551,0.0
185554,1.0
185555,2.0
185558,4.0
185561,0.0
185564,4.0
185566,3.3333333333333335
185568,1.0
185570,0.0
185571,1.0
185587,2.0
185589,2.5
185592,1.0
185593,1.0
185597,1.0
185599,0.0
185600,2.0
185604,3.0
185606,1.0
185611,1.6666666666666667
185615,1.0
185616,2.6666666666666665
185620,1.0
185621,0.0
185635,3.0
185639,2.0
185642,2.0
185643,2.0
185649,4.666666666666667
185652,2.5
185655,3.5
185660,3.0
185669,1.0
185672,0.0
185673,0.0
185678,0.0
185680,1.0
185681,1.0
185682,2.5
185685,2.5
185686,3.5
185690,1.75
185692,1.0
185695,0.0
185697,3.0
185700,0.0
185703,7.0
185708,3.0
185709,2.0
185711,0.0
185713,5.5
185715,1.6666666666666667
185716,0.0
185717,1.0
185718,3.0
185720,0.0
185725,3.0
185726,1.5
185729,1.0
185733,2.0
185734,1.5
185738,0.0
185742,1.0
185744,2.0
185748,1.5
185751,0.0
185753,1.0
185755,2.0
185756,1.0
185757,0.0
185763,2.5
185764,2.0
185765,0.0
185766,2.0
185768,2.0
185777,2.0
185779,1.3333333333333333
185786,1.3333333333333333
185789,1.0
185790,1.5
185793,2.0
185794,0.0
185796,2.5
185798,1.3333333333333333
185803,1.5
185805,2.3333333333333335
185806,2.0
185808,1.0
185809,2.0
185817,2.5
185818,1.0
185819,0.0
185824,4.0
185826,1.3333333333333333
185827,1.0
185828,1.0
185829,4.333333333333333
185830,3.0
185835,1.0
185840,2.0
185844,1.5
185846,0.0
185850,3.0
185851,2.6666666666666665
185854,2.0
185861,1.5
185863,3.0
185866,2.6666666666666665
185878,0.0
185882,4.0
185887,3.0
185888,1.0
185889,4.0
185891,1.5
185893,0.0
185895,4.0
185897,4.6
185898,4.75
185901,1.0
185905,1.6666666666666667
185911,2.5
185912,1.5
185913,1.0
185918,2.0
185924,5.0
185925,0.0
185927,5.0
185928,0.0
185932,1.0
185934,2.0
185938,0.0
185940,1.0
185942,1.3333333333333333
185944,1.0
185948,5.0
185949,1.0
185952,6.5
185955,2.0
185956,1.0
185957,1.5
185958,2.0
185960,2.3333333333333335
185961,1.6666666666666667
185963,2.0
185967,1.0
185979,2.0
185980,4.5
185988,1.3333333333333333
185989,0.0
185991,2.0
185993,2.0
185995,1.5
185996,5.0
185998,3.0
186000,2.0
186002,2.0
186004,3.0
186006,2.0
186008,1.0
186012,1.6666666666666667
186017,10.0
186022,3.0
186023,1.0
186027,6.0
186028,1.0
186032,3.5
186035,1.0
186037,2.0
186039,2.0
186044,0.0
186047,7.0
186049,4.0
186053,1.0
186054,3.0
186058,1.0
186059,1.0
186068,2.0
186069,2.0
186072,2.0
186074,2.0
186076,2.3333333333333335
186085,5.0
186087,0.0
186088,5.5
186090,1.0
186103,4.0
186104,1.0
186108,1.0
186109,7.0
186113,1.5
186114,3.0
186115,3.3333333333333335
186119,2.0
186120,3.0
186125,1.6666666666666667
186126,2.0
186130,1.0
186133,3.0
186134,3.0
186139,2.0
186140,1.0
186141,1.0
186142,2.0
186145,4.0
186146,4.0
186154,4.0
186161,4.0
186162,0.0
186165,1.0
186166,4.0
186169,4.0
186173,2.0
186174,1.5
186178,1.0
186180,5.0
186183,7.0
186186,1.0
186189,2.0
186190,1.0
186191,5.0
186197,5.0
186198,1.0
186199,4.0
186202,1.5
186203,0.0
186205,1.0
186208,4.0
186211,4.0
186213,1.0
186214,0.0
186216,2.0
186217,2.0
186219,2.0
186224,2.0
186227,2.0
186228,0.0
186239,2.0
186243,0.0
186244,0.0
186250,1.5
186254,1.0
186255,1.0
186258,2.0
186262,0.0
186263,1.0
186264,2.0
186265,4.0
186267,2.3333333333333335
186268,4.0
186270,3.0
186272,2.0
186280,2.5
186285,0.0
186287,5.0
186288,2.5
186297,0.0
186300,1.0
186306,2.3333333333333335
186307,3.0
186309,2.5
186311,2.0
186314,4.5
186315,1.0
186317,2.0
186321,4.5
186325,1.5
186326,4.5
186327,0.0
186328,2.0
186329,2.0
186331,1.0
186333,2.0
186338,2.5
186339,1.0
186340,1.0
186344,3.25
186346,4.0
186351,1.0
186352,1.5
186353,8.5
186358,3.0
186362,1.5
186363,1.3333333333333333
186365,0.0
186369,5.0
186371,5.0
186382,1.0
186384,2.0
186385,3.0
186386,3.0
186388,2.0
186389,3.0
186392,2.0
186395,3.5
186396,3.0
186399,0.0
186403,1.0
186407,1.3333333333333333
186408,1.3333333333333333
186409,4.0
186412,1.0
186415,2.0
186416,2.5
186417,0.0
186418,0.0
186422,5.0
186423,1.0
186424,1.0
186426,1.0
186431,1.0
186434,2.0
186435,2.0
186443,1.3333333333333333
186445,1.0
186448,1.0
186450,3.0
186451,2.0
186452,4.8
186453,3.0
186457,2.0
186458,4.0
186459,3.3333333333333335
186468,2.0
186469,2.75
186470,1.0
186471,0.0
186472,4.0
186473,2.5
186474,2.0
186480,1.0
186484,1.5
186485,5.0
186487,1.5
186490,3.0
186491,5.5
186495,4.333333333333333
186499,0.0
186500,1.0
186502,0.0
186503,11.0
186504,4.0
186506,5.0
186510,1.0
186515,1.25
186517,3.0
186520,2.0
186522,2.3333333333333335
186523,2.0
186526,0.0
186530,1.3333333333333333
186531,2.0
186538,1.3333333333333333
186539,1.0
186540,1.0
186542,1.5
186543,2.0
186546,2.6666666666666665
186553,0.0
186559,3.0
186565,2.5
186569,2.0
186570,1.5
186571,1.6666666666666667
186573,2.0
186574,2.0
186575,2.6666666666666665
186582,7.0
186583,4.0
186584,4.0
186590,5.0
186598,2.5
186600,0.0
186602,3.0
186606,2.0
186607,2.0
186608,1.0
186611,2.0
186614,2.3333333333333335
186615,1.0
186620,8.0
186622,5.5
186625,8.0
186626,2.0
186627,9.0
186628,3.0
186630,1.0
186631,0.0
186632,3.0
186633,2.0
186637,4.0
186645,1.5
186653,2.0
186657,13.0
186666,2.0
186668,1.0
186669,1.0
186673,2.0
186674,1.0
186675,6.0
186677,1.0
186679,1.25
186680,6.5
186682,2.0
186685,1.0
186691,3.0
186692,1.0
186694,2.0
186703,3.0
186705,2.3333333333333335
186706,1.3333333333333333
186707,3.3333333333333335
186708,2.0
186711,1.3333333333333333
186714,2.5
186726,3.0
186728,3.0
186730,6.0
186731,1.0
186732,5.333333333333333
186739,0.0
186744,0.0
186745,0.0
186747,1.5
186748,0.0
186750,2.0
186752,4.0
186753,3.0
186757,0.0
186758,1.0
186771,2.6666666666666665
186772,1.0
186776,1.0
186782,2.0
186788,3.5
186791,2.5
186792,1.0
186793,2.5
186796,1.6666666666666667
186798,2.0
186802,5.0
186803,0.0
186805,3.0
186806,2.0
186808,3.0
186809,2.0
186811,1.6666666666666667
186812,0.0
186816,2.0
186819,2.5
186821,2.0
186825,1.0
186829,3.0
186832,6.0
186833,1.0
186842,0.0
186848,3.3333333333333335
186852,2.0
186853,1.0
186863,1.0
186865,4.5
186869,1.0
186870,0.0
186878,3.3333333333333335
186880,2.0
186881,1.0
186884,9.0
186887,1.0
186889,2.0
186891,2.0
186893,4.0
186894,4.5
186899,1.0
186903,1.0
186905,2.6666666666666665
186906,3.0
186908,3.0
186913,2.0
186917,2.0
186928,2.0
186929,2.0
186933,1.0
186936,0.0
186937,0.0
186939,2.6
186941,3.0
186942,1.0
186947,1.0
186951,0.0
186955,1.0
186956,2.0
186960,4.0
186963,2.0
186970,1.6666666666666667
186972,1.0
186973,2.0
186976,7.0
186977,1.0
186978,1.0
186981,0.0
186982,4.0
186983,2.6666666666666665
186988,3.0
186991,3.0
186993,2.0
186995,6.0
186997,5.5
187000,1.0
187002,9.0
187005,1.0
187010,0.0
187015,3.6666666666666665
187016,1.0
187018,0.0
187021,1.5
187025,2.5
187028,0.0
187029,0.0
187030,1.0
187032,3.0
187044,0.0
187045,0.0
187047,1.0
187051,5.0
187052,5.0
187054,2.0
187058,5.0
187062,0.0
187063,2.0
187067,0.0
187069,1.0
187071,0.0
187076,5.0
187078,1.3333333333333333
187079,0.0
187082,3.0
187097,2.0
187100,3.5
187102,1.3333333333333333
187103,4.0
187105,1.0
187106,1.0
187111,1.0
187113,1.0
187120,5.5
187121,0.0
187123,4.0
187124,3.0
187126,2.5
187127,0.0
187129,1.0
187130,5.0
187132,0.0
187135,3.5
187137,4.333333333333333
187140,2.0
187141,6.0
187143,2.3333333333333335
187151,2.0
187153,2.0
187154,4.0
187155,1.0
187158,2.3333333333333335
187159,2.0
187163,0.0
187166,2.75
187167,2.5
187170,3.3333333333333335
187171,0.0
187173,2.5
187176,2.0
187177,0.0
187182,2.0
187185,2.0
187186,3.5
187187,1.0
187188,2.0
187195,0.0
187196,2.5
187197,0.0
187202,0.0
187208,0.0
187210,0.0
187211,0.0
187217,1.6666666666666667
187219,3.5
187227,5.0
187228,3.0
187231,1.5
187232,0.0
187233,3.6666666666666665
187235,0.0
187236,1.0
187240,0.0
187244,5.0
187245,2.0
187250,1.0
187251,3.0
187252,1.5
187253,4.0
187254,2.0
187256,1.0
187259,0.0
187263,2.0
187264,3.0
187268,2.0
187269,3.5
187271,1.6666666666666667
187277,2.5
187282,1.75
187284,1.5
187289,2.6666666666666665
187290,2.6666666666666665
187294,1.0
187297,2.0
187298,2.0
187299,2.6666666666666665
187302,1.5
187304,0.0
187305,4.0
187316,2.5
187318,0.0
187321,3.0
187325,0.0
187326,3.0
187327,2.5
187331,4.0
187332,4.0
187334,2.0
187337,3.0
187338,3.0
187339,2.0
187344,2.6666666666666665
187352,1.0
187354,3.0
187355,2.5
187358,0.0
187360,1.0
187363,1.0
187367,1.5
187370,1.6666666666666667
187375,2.0
187376,3.0
187378,2.0
187379,0.0
187382,1.5
187385,1.0
187389,3.5
187393,2.6666666666666665
187399,2.0
187408,1.2
187411,2.0
187412,1.0
187414,1.0
187415,2.0
187417,4.0
187418,0.0
187422,0.0
187425,2.0
187430,2.6666666666666665
187434,1.5
187441,1.0
187442,2.0
187443,3.0
187445,2.0
187447,0.0
187448,0.0
187451,2.0
187453,3.0
187458,3.0
187460,3.0
187462,3.5
187463,1.0
187466,0.0
187468,2.0
187471,3.5
187474,3.5
187476,2.0
187477,4.0
187479,1.0
187480,4.0
187482,2.0
187483,3.0
187484,2.0
187488,1.5
187493,5.0
187495,4.0
187497,3.0
187499,1.5
187500,2.6666666666666665
187501,3.5
187503,1.4
187511,2.0
187515,1.3333333333333333
187516,1.0
187519,2.0
187525,4.666666666666667
187526,4.5
187528,1.0
187533,0.0
187538,5.5
187540,5.5
187542,5.0
187546,1.25
187547,1.0
187548,3.0
187552,2.6666666666666665
187554,1.0
187555,5.0
187556,0.0
187561,1.5
187562,1.0
187563,1.5
187570,1.0
187571,2.0
187573,3.3333333333333335
187574,0.0
187581,1.5
187583,0.0
187584,1.0
187585,1.0
187586,6.0
187587,3.0
187591,2.0
187596,1.0
187600,2.5
187606,1.5
187608,10.0
187610,2.6666666666666665
187613,3.0
187619,0.0
187629,1.25
187632,0.0
187633,1.6666666666666667
187635,7.0
187636,6.0
187641,1.0
187642,3.0
187644,1.5
187648,3.5
187654,2.3333333333333335
187656,7.5
187658,0.0
187664,6.0
187666,1.5
187668,1.5
187669,2.0
187673,1.0
187684,1.0
187688,2.0
187693,1.0
187696,1.0
187698,1.3333333333333333
187699,4.0
187712,2.0
187715,2.0
187717,1.0
187719,2.6666666666666665
187723,6.0
187724,1.0
187725,1.0
187728,0.0
187730,4.0
187732,1.5
187740,2.0
187741,0.0
187744,1.0
187748,1.0
187753,4.5
187754,4.0
187757,1.6666666666666667
187761,1.0
187766,2.0
187768,1.0
187772,5.0
187773,1.0
187774,3.0
187780,3.3333333333333335
187781,4.0
187784,0.0
187787,1.3333333333333333
187789,2.0
187790,1.0
187791,3.0
187793,0.0
187797,0.0
187798,1.0
187803,5.0
187808,2.0
187811,1.0
187813,2.0
187815,2.0
187816,2.0
187817,1.5
187819,0.0
187821,1.0
187823,3.0
187824,2.5
187825,1.0
187828,7.5
187832,6.0
187835,1.0
187839,1.0
187841,0.0
187846,3.0
187847,0.0
187850,6.0
187852,0.0
187855,3.0
187856,1.5
187859,1.5
187860,3.5
187863,0.0
187866,1.0
187867,2.0
187878,1.0
187880,2.0
187881,5.0
187882,3.0
187886,2.0
187891,2.0
187892,1.0
187895,0.0
187896,1.5
187898,11.0
187903,2.0
187908,1.5
187910,0.0
187911,3.0
187913,3.5
187923,2.0
187925,1.5
187926,1.5
187928,3.0
187929,0.0
187935,1.0
187939,1.0
187941,6.0
187950,5.0
187951,0.0
187955,3.5
187963,4.0
187966,0.0
187967,4.0
187968,2.75
187977,2.5
187979,2.3333333333333335
187982,5.0
187988,1.0
187990,0.0
187991,2.5
187994,0.0
187999,2.0
188000,0.0
188001,1.5
188003,5.5
188004,3.0
188006,0.0
188010,2.5
188012,1.5
188014,2.0
188020,1.0
188022,1.0
188023,1.0
188030,3.5
188035,1.0
188036,1.3333333333333333
188038,1.0
188041,5.0
188042,4.0
188044,2.5
188048,1.6666666666666667
188051,1.5
188053,1.6666666666666667
188055,2.0
188062,1.0
188063,2.0
188074,3.0
188078,0.0
188079,3.0
188083,1.0
188084,2.0
188088,0.0
188089,2.0
188092,3.0
188093,3.5
188098,3.0
188100,1.5
188105,1.0
188106,0.0
188108,7.0
188114,6.0
188115,1.0
188117,4.0
188120,1.5
188123,2.0
188126,4.0
188129,2.0
188130,2.0
188131,3.0
188135,3.0
188136,0.0
188137,2.0
188139,0.0
188140,1.0
188145,2.0
188153,2.0
188156,3.0
188157,2.5
188160,2.5
188162,2.5
188164,2.0
188174,4.25
188175,4.666666666666667
188177,1.5
188181,1.0
188182,3.0
188185,2.0
188188,0.0
188191,1.0
188196,2.5
188201,2.5
188202,2.0
188206,1.0
188207,1.0
188213,1.0
188220,1.5
188222,3.0
188224,2.0
188225,1.5
188227,2.5
188235,0.0
188236,2.3333333333333335
188243,1.5
188245,4.0
188249,2.6666666666666665
188250,3.0
188253,5.0
188255,1.5
188260,0.0
188265,4.0
188266,2.0
188267,3.5
188268,3.0
188274,1.0
188280,2.3333333333333335
188287,3.3333333333333335
188291,3.0
188296,1.0
188297,1.0
188298,2.5
188299,1.0
188307,0.0
188308,0.0
188309,2.0
188310,3.3333333333333335
188311,1.0
188312,3.0
188313,2.0
188316,1.0
188320,6.5
188322,1.25
188327,3.6666666666666665
188328,2.0
188329,3.0
188331,1.0
188334,5.5
188336,5.5
188337,1.0
188341,1.5
188345,2.3333333333333335
188352,3.0
188354,2.0
188359,2.0
188363,1.0
188368,1.0
188369,1.0
188373,1.5
188375,0.0
188379,0.0
188381,0.0
188383,0.0
188385,3.0
188386,1.0
188387,0.0
188389,6.0
188392,2.5
188396,1.6666666666666667
188397,3.0
188412,3.5
188416,4.0
188417,1.0
188419,7.0
188427,1.0
188428,3.0
188429,5.0
188431,3.0
188434,5.0
188436,2.2
188437,4.0
188445,1.0
188454,1.0
188456,3.0
188459,9.5
188469,3.3333333333333335
188470,7.0
188475,0.0
188477,3.0
188479,2.6666666666666665
188480,2.0
188481,6.0
188482,2.0
188483,2.5
188491,1.0
188494,3.3333333333333335
188495,3.0
188497,1.0
188498,0.0
188501,2.5
188502,2.5
188504,1.0
188506,1.5
188509,1.0
188511,1.5
188512,0.0
188513,1.0
188514,4.0
188517,1.0
188519,1.0
188521,6.0
188523,1.0
188526,7.0
188527,3.0
188528,3.0
188532,1.3333333333333333
188533,1.6666666666666667
188534,1.0
188541,1.0
188542,2.5
188546,1.0
188553,3.0
188557,2.5
188562,1.0
188565,3.0
188567,1.5
188579,3.0
188581,1.6666666666666667
188582,0.0
188583,3.0
188586,1.5
188589,4.0
188590,4.0
188594,2.25
188600,3.5
188602,2.5
188603,2.0
188605,2.0
188610,3.0
188612,0.0
188624,3.5
188625,2.5
188634,1.0
188637,5.0
188638,6.0
188639,0.0
188641,0.0
188643,1.0
188646,3.6666666666666665
188647,0.0
188654,4.0
188657,4.0
188661,1.5
188662,2.0
188664,1.0
188665,4.0
188667,0.0
188671,0.0
188673,1.0
188678,1.5
188682,3.0
188684,1.5
188692,0.0
188694,5.0
188695,3.0
188696,8.0
188703,1.0
188705,3.6666666666666665
188716,2.5
188720,3.0
188722,0.0
188731,2.0
188733,2.0
188739,1.0
188741,2.0
188742,0.0
188744,3.0
188746,3.0
188750,0.0
188752,1.0
188759,1.0
188764,6.0
188768,0.0
188770,2.5
188772,9.0
188773,2.0
188774,2.0
188775,0.0
188776,1.0
188779,1.0
188780,1.3333333333333333
188782,2.0
188783,2.5
188784,1.0
188786,2.0
188792,4.0
188793,0.0
188794,0.0
188795,2.0
188796,2.6666666666666665
188802,3.0
188803,1.25
188808,12.0
188811,2.5
188813,5.5
188815,0.0
188820,4.0
188821,1.3333333333333333
188822,9.5
188824,1.0
188827,0.0
188831,0.0
188833,0.0
188835,0.0
188837,1.0
188842,2.0
188843,1.5
188844,0.0
188851,2.5
188852,2.75
188853,0.0
188858,0.0
188860,0.0
188864,1.0
188867,2.6666666666666665
188869,5.0
188870,2.0
188874,1.5
188875,3.0
188878,1.0
188881,2.0
188882,1.25
188887,3.0
188888,1.0
188892,3.3333333333333335
188902,2.0
188904,2.0
188909,1.0
188910,1.0
188911,0.0
188913,1.0
188916,0.0
188917,5.5
188919,2.0
188923,1.25
188924,3.0
188927,0.0
188929,0.0
188931,1.3333333333333333
188935,2.5
188940,2.0
188945,0.0
188946,1.0
188947,3.0
188951,0.0
188953,0.0
188956,2.6666666666666665
188965,1.0
188966,3.5
188969,0.0
188973,1.0
188974,1.5
188975,4.0
188976,1.0
188980,3.0
188982,3.0
188988,2.5
188989,3.0
188990,1.0
188993,0.0
188995,3.5
188996,0.0
188997,5.0
188998,0.0
189000,0.0
189001,3.0
189013,1.0
189014,3.0
189015,3.0
189017,2.0
189025,2.0
189029,3.3333333333333335
189034,2.6666666666666665
189043,2.0
189045,3.0
189047,3.0
189063,0.0
189070,5.0
189072,0.0
189075,1.6666666666666667
189078,4.25
189079,3.6666666666666665
189082,3.0
189084,3.0
189086,7.5
189088,7.0
189092,6.0
189101,3.0
189104,1.3333333333333333
189110,1.0
189112,3.0
189115,4.0
189118,4.0
189119,3.0
189120,9.0
189123,4.0
189124,2.0
189129,1.5
189130,1.0
189132,3.0
189135,0.0
189144,1.0
189145,2.0
189148,1.3333333333333333
189149,2.0
189150,1.5
189154,6.0
189155,1.0
189156,2.0
189160,2.25
189161,2.8
189163,0.0
189165,2.0
189166,1.5
189171,1.0
189173,3.0
189176,1.5
189177,3.3333333333333335
189178,4.0
189182,4.5
189188,1.0
189190,1.0
189193,3.0
189195,0.0
189199,0.0
189201,1.0
189202,1.0
189203,1.5
189207,2.0
189217,6.0
189220,1.6666666666666667
189221,1.5
189226,3.3333333333333335
189231,1.0
189233,2.5
189236,3.0
189240,2.0
189244,2.0
189248,2.6666666666666665
189253,1.5
189257,2.0
189258,10.0
189259,3.0
189260,3.0
189262,1.0
189263,2.0
189265,2.4285714285714284
189268,1.75
189270,1.0
189272,0.0
189275,1.0
189276,0.0
189278,3.5
189279,3.3333333333333335
189281,1.3333333333333333
189282,1.0
189285,2.3333333333333335
189286,1.0
189290,1.0
189291,2.5
189294,3.6666666666666665
189295,2.0
189296,2.0
189303,0.0
189305,2.0
189307,0.0
189308,0.0
189309,3.3333333333333335
189313,2.0
189314,2.0
189316,2.3333333333333335
189324,2.6666666666666665
189329,0.0
189332,1.0
189336,2.5
189338,1.5
189340,1.0
189347,2.0
189354,2.0
189359,2.0
189366,2.0
189368,0.0
189370,1.6666666666666667
189372,2.3333333333333335
189378,3.0
189387,2.3333333333333335
189389,2.0
189392,9.0
189397,0.0
189398,2.0
189411,3.3333333333333335
189412,1.75
189415,3.5
189419,4.666666666666667
189422,0.0
189425,1.0
189432,1.0
189433,4.0
189434,3.6666666666666665
189440,3.0
189451,1.0
189455,0.0
189457,1.5
189458,1.0
189461,1.0
189462,1.0
189464,1.5
189466,0.0
189469,1.5
189471,3.5
189473,2.5
189474,0.0
189476,3.0
189477,2.0
189478,2.5
189479,1.5
189484,7.0
189487,0.0
189492,2.0
189493,2.0
189494,2.0
189496,2.0
189498,1.0
189501,3.0
189503,5.0
189504,2.0
189512,0.0
189513,0.0
189514,0.0
189518,2.5
189519,1.0
189520,3.0
189521,3.0
189531,2.5
189533,1.0
189536,2.0
189542,1.75
189544,4.5
189546,0.0
189547,3.0
189549,4.0
189555,0.0
189556,3.0
189557,1.0
189561,1.5
189564,0.0
189578,1.5
189580,0.0
189581,0.0
189586,1.0
189588,0.0
189592,1.0
189593,0.0
189594,1.0
189599,1.0
189601,1.5
189607,1.25
189609,2.0
189610,1.5
189612,0.0
189613,1.0
189619,6.0
189620,3.6666666666666665
189621,0.0
189623,1.0
189626,8.0
189627,0.0
189628,3.0
189634,5.0
189636,1.5
189639,3.0
189640,2.0
189642,2.0
189647,2.0
189648,1.6666666666666667
189653,6.0
189656,2.6666666666666665
189663,2.0
189666,8.0
189667,1.0
189669,2.5
189671,2.0
189675,2.0
189679,1.6666666666666667
189680,2.0
189682,1.0
189689,1.0
189690,2.6666666666666665
189693,2.0
189694,1.5
189696,1.0
189699,3.0
189700,2.0
189702,4.0
189704,3.5
189705,1.0
189706,1.0
189708,1.3333333333333333
189709,3.0
189713,2.0
189714,2.0
189716,1.0
189718,1.5
189719,1.75
189729,4.0
189730,1.3333333333333333
189731,0.0
189733,2.5
189737,2.0
189740,1.5
189741,3.0
189744,3.0
189747,1.0
189748,3.0
189750,1.0
189756,1.0
189758,1.5
189760,0.0
189763,0.0
189765,1.0
189766,2.0
189767,6.5
189768,7.0
189772,3.5
189774,3.0
189775,2.3333333333333335
189776,1.5
189778,1.0
189779,2.0
189784,2.0
189786,2.5
189788,0.0
189792,1.0
189794,3.0
189795,3.0
189802,2.5
189807,0.0
189809,1.6666666666666667
189811,0.0
189814,3.0
189816,1.0
189817,1.5
189820,1.5
189821,2.0
189822,4.0
189823,0.0
189825,3.0
189830,3.0
189834,3.5
189838,3.5
189841,3.5
189844,2.3333333333333335
189848,2.5
189849,2.0
189851,2.0
189857,5.666666666666667
189859,3.0
189860,2.5
189861,2.0
189867,3.0
189869,1.3333333333333333
189874,2.0
189875,3.0
189878,3.0
189881,4.0
189885,1.6666666666666667
189887,1.0
189889,1.3333333333333333
189893,3.0
189898,8.0
189907,1.5
189908,1.0
189910,2.0
189912,4.5
189913,1.0
189914,2.0
189915,1.0
189919,1.6666666666666667
189922,2.0
189924,2.5
189928,3.0
189929,0.0
189931,3.5
189937,4.5
189938,0.0
189941,6.0
189948,2.0
189949,3.0
189951,0.0
189952,4.5
189954,4.5
189955,1.0
189957,2.0
189960,1.0
189961,2.6666666666666665
189962,0.0
189963,1.0
189966,1.0
189974,4.0
189979,1.6666666666666667
189980,1.5
189985,1.0
189987,2.0
189990,6.0
189991,0.0
189992,0.0
189999,2.0
190007,8.5
190008,2.0
190012,2.5
190014,0.0
190017,0.0
190023,7.0
190024,3.0
190033,1.0
190037,5.666666666666667
190041,3.0
190044,1.5
190045,3.5
190050,6.0
190053,0.0
190056,0.0
190064,2.0
190066,1.0
190069,8.0
190071,2.0
190073,0.0
190078,3.0
190080,1.0
190081,0.0
190083,2.5
190084,1.6666666666666667
190085,0.0
190089,1.6666666666666667
190091,1.0
190094,0.0
190098,1.5
190099,1.0
190101,1.0
190108,2.5
190116,3.0
190118,1.0
190119,3.0
190120,1.0
190125,0.0
190129,0.0
190130,1.5
190135,3.0
190136,4.0
190137,5.0
190138,1.5
190139,1.25
190141,2.0
190143,0.0
190148,1.5
190152,7.0
190160,0.0
190161,0.0
190164,3.0
190165,4.0
190169,2.0
190171,1.5
190172,1.0
190174,1.6666666666666667
190175,2.5
190178,0.0
190181,1.5
190182,1.0
190185,1.0
190190,1.0
190192,2.0
190194,1.5
190195,1.6666666666666667
190198,2.0
190202,4.0
190206,1.5
190208,2.0
190215,2.0
190216,5.0
190219,1.5
190220,2.3333333333333335
190224,3.0
190241,3.0
190242,6.0
190245,1.5
190250,0.0
190254,3.0
190255,4.0
190257,2.0
190258,1.0
190261,3.0
190264,0.0
190270,1.0
190273,1.0
190275,2.0
190280,1.5
190284,5.0
190287,5.0
190290,2.0
190292,3.3333333333333335
190294,1.6666666666666667
190296,2.0
190300,6.0
190301,1.6
190302,4.0
190303,0.0
190305,2.0
190307,0.0
190313,0.0
190314,3.0
190318,3.0
190322,2.0
190328,2.5
190329,5.0
190330,4.5
190337,1.0
190339,4.0
190341,7.0
190343,1.0
190344,2.0
190345,0.0
190348,1.0
190349,5.0
190351,2.5
190353,0.0
190361,0.0
190368,2.0
190374,3.5
190377,4.0
190381,0.0
190382,0.0
190384,2.5
190390,6.5
190391,2.0
190393,2.0
190397,1.5
190404,2.0
190406,5.0
190409,6.333333333333333
190411,0.0
190412,2.5
190414,0.0
190415,0.0
190425,0.0
190433,1.0
190435,1.3333333333333333
190438,2.0
190439,2.3333333333333335
190444,1.0
190452,1.25
190453,1.0
190454,3.0
190456,1.0
190458,0.0
190460,2.5
190463,2.6666666666666665
190464,3.0
190467,2.0
190474,1.5
190484,6.0
190487,2.0
190489,2.5
190494,0.0
190495,1.0
190496,2.0
190505,5.5
190508,2.0
190511,0.0
190512,1.0
190517,2.0
190518,1.0
190522,1.0
190524,2.0
190528,0.0
190530,1.0
190531,5.5
190533,4.0
190543,2.0
190548,1.0
190549,0.0
190564,4.0
190571,1.0
190572,0.0
190574,3.0
190585,3.0
190586,1.0
190592,3.0
190593,2.3333333333333335
190596,3.0
190597,7.0
190598,3.5
190600,2.0
190601,4.0
190602,3.5
190605,3.0
190606,2.3333333333333335
190610,4.0
190612,3.0
190615,5.0
190620,4.0
190625,1.0
190629,3.0
190631,1.0
190633,3.5
190634,3.0
190640,2.5
190645,2.0
190650,1.0
190654,0.0
190657,1.6666666666666667
190659,2.0
190666,11.0
190668,0.0
190669,0.0
190676,1.5
190677,1.6666666666666667
190678,3.0
190679,3.0
190685,1.0
190688,0.0
190690,3.6666666666666665
190691,1.0
190694,0.0
190700,4.0
190703,0.0
190706,3.5
190707,0.0
190708,7.0
190712,1.5
190716,3.0
190718,1.0
190719,4.0
190720,4.0
190723,1.0
190724,2.0
190728,5.0
190732,0.0
190734,2.0
190737,2.6666666666666665
190743,2.5
190746,1.0
190748,2.6666666666666665
190749,3.5
190751,0.0
190753,2.0
190758,1.0
190763,0.0
190764,1.0
190770,0.0
190771,0.0
190773,11.0
190774,1.0
190775,2.5
190778,1.5
190780,0.0
190782,3.0
190783,2.5
190787,1.0
190791,1.0
190792,1.0
190798,2.5
190803,1.5
190804,1.5
190808,1.0
190812,3.6666666666666665
190817,2.0
190818,0.0
190821,3.0
190826,4.0
190827,4.0
190830,2.5
190835,1.0
190840,2.0
190842,1.0
190846,1.0
190849,1.5
190851,4.0
190855,2.0
190856,1.0
190861,3.0
190862,2.0
190863,2.0
190864,9.5
190867,0.0
190869,3.0
190871,1.0
190873,0.0
190874,1.0
190881,6.0
190882,5.5
190883,5.0
190890,2.3333333333333335
190892,2.4
190893,2.5
190895,3.0
190902,4.0
190903,1.0
190904,2.0
190905,1.5
190907,1.5
190910,3.0
190911,3.0
190912,1.3333333333333333
190913,2.3333333333333335
190916,2.0
190927,1.0
190929,0.0
190931,5.0
190934,1.0
190944,2.0
190947,2.6666666666666665
190951,0.0
190952,0.0
190956,2.0
190957,0.0
190958,6.5
190960,0.0
190963,0.0
190964,1.5
190965,1.0
190967,1.0
190970,1.5
190971,1.6666666666666667
190973,1.3333333333333333
190975,1.5
190979,1.0
190980,2.0
190981,0.0
190983,1.75
190985,2.0
190986,3.5
190988,1.0
190989,2.6666666666666665
190991,1.5
190994,3.0
190995,2.0
190997,3.3333333333333335
190998,3.0
191002,1.0
191005,3.0
191007,2.0
191008,4.5
191009,1.0
191012,0.0
191014,1.0
191016,1.0
191023,2.5
191026,2.0
191030,4.0
191031,2.0
191032,4.0
191033,1.5
191034,2.0
191036,2.0
191039,0.0
191042,1.6666666666666667
191044,4.0
191045,1.0
191057,1.5
191061,0.0
191065,3.0
191068,1.5
191069,1.5
191070,5.0
191072,0.0
191078,1.0
191079,1.0
191083,1.5
191084,2.0
191086,3.0
191091,0.0
191097,2.0
191098,2.3333333333333335
191105,1.0
191113,1.5
191115,3.6666666666666665
191118,5.0
191126,1.0
191127,0.0
191130,2.5
191136,3.0
191141,0.0
191144,1.0
191152,3.0
191161,1.0
191162,0.0
191167,2.0
191168,11.0
191169,2.0
191170,1.5
191173,1.8
191174,2.0
191175,0.0
191176,1.5
191178,2.0
191186,1.0
191189,4.0
191193,3.5
191196,2.0
191204,4.333333333333333
191206,1.5
191207,3.0
191213,3.0
191217,1.0
191218,1.6666666666666667
191219,0.0
191220,1.0
191223,2.0
191224,3.0
191226,3.0
191228,1.5
191233,4.0
191234,4.0
191236,1.3333333333333333
191245,2.5
191251,2.0
191252,1.0
191255,1.5
191256,0.0
191260,2.5
191263,2.75
191265,2.5
191266,1.0
191268,5.0
191270,4.0
191271,4.0
191273,3.5
191274,1.5
191275,0.0
191280,2.0
191282,2.3333333333333335
191287,1.0
191291,3.0
191293,0.0
191295,0.0
191299,2.0
191300,2.4285714285714284
191303,2.0
191304,1.5
191306,1.0
191315,3.0
191317,1.5
191318,4.0
191319,3.0
191320,1.0
191321,1.0
191327,1.0
191331,2.0
191332,1.5
191335,1.0
191336,4.0
191338,3.0
191340,3.0
191345,2.0
191346,2.0
191348,2.0
191350,3.6666666666666665
191354,1.5
191355,1.0
191356,2.0
191357,1.5
191360,1.0
191365,1.5
191366,3.0
191368,0.0
191371,2.0
191372,0.0
191373,1.0
191374,2.75
191376,1.5
191377,1.0
191382,3.0
191386,4.0
191390,1.5
191401,0.0
191403,1.0
191404,3.5
191415,3.5
191420,0.0
191421,3.3333333333333335
191425,1.75
191427,2.6666666666666665
191431,2.3333333333333335
191432,2.5
191433,2.0
191435,0.0
191437,5.333333333333333
191438,3.0
191440,1.0
191446,2.6
191450,2.5
191453,2.5
191459,4.0
191469,2.0
191470,2.0
191474,2.0
191475,1.3333333333333333
191477,2.0
191478,2.5
191481,4.0
191486,2.0
191489,1.5
191493,1.0
191495,0.0
191496,2.0
191500,1.0
191501,2.0
191507,2.0
191511,1.0
191512,8.0
191519,1.0
191523,1.0
191527,0.0
191529,10.0
191530,4.5
191531,2.3333333333333335
191532,2.0
191533,3.0
191536,2.0
191537,0.0
191542,3.0
191546,0.0
191554,1.2
191557,2.3333333333333335
191559,2.5
191560,3.0
191561,0.0
191562,0.0
191565,2.0
191566,3.0
191567,1.0
191569,3.0
191574,3.5
191576,1.5
191577,1.0
191581,0.0
191582,0.0
191583,4.0
191584,3.0
191586,2.0
191587,0.0
191592,2.0
191595,2.5
191597,1.25
191598,1.3333333333333333
191600,2.5
191609,2.0
191611,4.0
191617,2.0
191621,1.0
191622,2.0
191624,1.5
191625,3.5
191627,7.0
191630,1.0
191632,3.5
191638,3.25
191640,0.0
191644,1.0
191645,4.0
191647,2.3333333333333335
191651,2.0
191653,1.0
191654,1.0
191655,7.333333333333333
191660,1.0
191671,1.0
191672,1.5
191673,0.0
191683,2.0
191684,2.3333333333333335
191686,4.0
191688,2.6666666666666665
191690,2.0
191691,2.0
191699,3.0
191701,5.0
191702,1.0
191703,2.5
191704,1.0
191706,1.5
191711,3.5
191713,1.3333333333333333
191716,2.0
191717,3.0
191721,5.0
191722,1.0
191724,3.0
191726,4.0
191727,1.5
191730,2.0
191732,0.0
191734,4.666666666666667
191739,2.3333333333333335
191743,2.0
191751,4.0
191753,4.0
191754,3.5
191758,1.0
191759,1.5
191760,1.0
191764,4.0
191769,1.5
191771,2.0
191773,1.6666666666666667
191774,1.0
191776,1.0
191777,2.75
191780,1.0
191782,1.5
191785,2.0
191787,1.0
191793,4.0
191796,6.5
191797,2.0
191798,4.666666666666667
191800,1.3333333333333333
191801,1.0
191804,0.0
191809,2.0
191816,4.0
191821,0.0
191822,1.0
191823,1.0
191825,2.0
191828,3.0
191832,2.0
191833,2.6666666666666665
191836,2.5
191838,2.0
191843,1.0
191845,3.0
191847,0.0
191849,0.0
191851,1.0
191862,2.75
191863,1.0
191864,1.5
191866,2.0
191867,2.0
191870,2.6666666666666665
191874,0.0
191877,2.0
191880,0.0
191881,5.0
191884,0.0
191885,2.0
191886,0.0
191891,0.0
191892,0.0
191893,2.0
191894,0.0
191902,7.0
191906,1.0
191907,0.0
191909,1.0
191912,1.0
191913,0.0
191915,2.0
191916,0.0
191919,2.0
191924,0.0
191932,1.0
191941,2.5
191946,0.0
191947,3.0
191954,3.0
191957,6.0
191962,1.5
191963,2.0
191965,4.0
191970,0.0
191983,1.0
191988,1.5
191991,0.0
191992,1.6666666666666667
191995,2.5
191998,2.0
192006,1.0
192008,0.0
192010,1.5
192011,1.0
192012,1.25
192014,1.0
192015,0.0
192018,2.0
192024,3.0
192025,3.0
192026,4.0
192027,1.0
192028,5.5
192036,1.6666666666666667
192037,1.6666666666666667
192038,0.0
192041,5.0
192043,2.0
192050,2.0
192053,1.0
192057,0.0
192059,3.0
192064,1.0
192065,2.0
192066,3.0
192071,0.0
192072,1.0
192074,1.5
192076,3.5
192082,2.0
192087,1.0
192095,1.0
192098,2.5
192099,1.5
192100,2.0
192103,1.3333333333333333
192104,1.3333333333333333
192105,1.75
192106,1.5
192118,2.0
192119,1.5
192121,3.5
192130,2.0
192134,3.2
192138,1.0
192145,1.0
192147,0.0
192151,3.0
192158,1.5
192159,0.0
192161,1.0
192162,1.0
192164,1.0
192167,3.5
192170,1.0
192171,2.0
192172,1.0
192173,0.0
192175,1.0
192180,4.5
192181,3.3333333333333335
192185,1.0
192186,0.0
192188,2.6666666666666665
192192,1.0
192194,3.0
192195,1.6666666666666667
192199,1.0
192204,0.0
192205,2.5
192206,4.0
192208,0.0
192212,0.0
192214,2.5
192228,4.0
192231,3.0
192237,2.0
192240,2.0
192243,2.0
192249,3.3333333333333335
192257,0.0
192259,2.3333333333333335
192264,6.0
192266,0.0
192269,8.0
192275,0.0
192276,2.0
192277,2.0
192279,2.0
192283,2.5
192284,6.5
192289,2.0
192290,2.3333333333333335
192297,0.0
192298,2.0
192302,2.0
192303,1.0
192304,0.0
192308,3.0
192310,2.0
192311,2.0
192313,2.5
192314,4.0
192315,0.0
192316,2.6666666666666665
192317,0.0
192322,0.0
192323,2.5
192324,2.6666666666666665
192325,3.3333333333333335
192326,1.0
192327,3.5
192328,5.0
192336,3.0
192338,0.0
192343,4.5
192346,3.5
192347,1.0
192348,0.0
192349,2.0
192352,5.0
192357,1.0
192359,0.0
192366,1.4
192368,3.0
192369,2.0
192371,2.0
192373,2.5
192374,1.0
192378,2.0
192383,1.3333333333333333
192390,2.0
192394,0.0
192398,5.0
192399,3.0
192401,4.5
192406,3.0
192407,0.0
192411,2.0
192412,1.0
192413,1.5
192414,5.0
192415,4.0
192420,1.5
192423,3.0
192424,1.5
192429,5.0
192434,2.0
192435,4.0
192437,1.6666666666666667
192441,6.5
192442,1.0
192448,6.0
192450,5.0
192452,3.6666666666666665
192453,1.6666666666666667
192456,1.0
192459,1.5
192460,1.5
192464,2.0
192465,1.0
192466,7.0
192467,3.0
192469,3.0
192472,1.0
192476,2.0
192481,3.0
192484,3.0
192486,1.0
192488,2.0
192489,2.0
192492,3.0
192493,2.0
192494,5.0
192495,2.0
192498,1.0
192500,2.0
192501,2.3333333333333335
192502,2.0
192503,0.0
192504,2.0
192505,1.6666666666666667
192510,2.0
192512,1.6666666666666667
192520,3.0
192523,0.0
192526,1.0
192531,6.0
192533,0.0
192537,2.0
192539,1.0
192541,4.5
192543,2.0
192546,1.0
192548,1.0
192553,0.0
192555,2.0
192559,3.0
192561,4.0
192564,2.0
192565,3.0
192566,3.5
192570,1.5
192573,1.6666666666666667
192576,2.0
192577,1.6666666666666667
192578,1.0
192580,4.0
192583,2.0
192584,0.0
192589,4.0
192590,1.0
192594,0.0
192595,5.0
192602,1.0
192607,4.0
192612,1.5
192613,1.0
192617,0.0
192621,2.5
192626,0.0
192627,3.5
192629,2.0
192636,3.0
192638,6.5
192640,1.0
192642,1.0
192643,2.0
192647,0.0
192653,2.5
192656,2.6666666666666665
192658,2.0
192661,3.0
192662,1.0
192663,1.0
192664,3.3333333333333335
192665,3.0
192669,0.0
192673,1.0
192674,0.0
192675,3.0
192678,1.0
192680,1.0
192681,5.0
192684,0.0
192687,3.0
192691,2.25
192692,1.5
192694,2.6666666666666665
192698,1.0
192699,1.0
192700,4.0
192701,4.0
192705,4.0
192706,1.0
192712,1.0
192713,2.0
192715,2.0
192720,1.0
192722,4.0
192724,5.0
192727,6.5
192730,2.0
192731,1.0
192737,1.0
192738,1.0
192740,3.75
192742,4.5
192746,1.0
192748,3.0
192755,2.0
192763,2.5
192766,0.0
192769,2.5
192771,0.0
192776,1.3333333333333333
192778,4.0
192779,3.0
192784,2.0
192786,4.0
192793,2.0
192794,2.5
192796,0.0
192798,3.0
192799,0.0
192800,1.0
192802,2.0
192804,5.0
192805,5.0
192806,5.0
192807,1.0
192809,4.666666666666667
192811,4.5
192818,3.0
192819,1.0
192820,1.6666666666666667
192821,2.0
192822,1.5
192824,2.0
192827,2.0
192829,1.0
192831,1.0
192833,1.0
192836,6.0
192837,0.0
192839,1.5
192843,3.0
192852,0.0
192853,1.5
192858,3.6666666666666665
192862,3.3333333333333335
192863,1.5
192865,5.0
192867,2.0
192868,5.0
192870,3.0
192873,1.5
192874,1.0
192879,0.0
192881,3.0
192883,3.0
192885,0.0
192890,0.0
192893,1.6666666666666667
192895,0.0
192896,4.333333333333333
192906,1.5
192912,1.0
192913,1.0
192917,3.0
192921,1.5
192922,1.5
192923,1.0
192924,11.0
192926,4.0
192928,2.5
192931,2.0
192932,1.0
192934,2.0
192935,4.0
192936,2.6666666666666665
192937,4.0
192939,0.0
192940,1.3333333333333333
192941,3.3333333333333335
192942,1.0
192948,3.0
192950,1.0
192953,0.0
192956,2.0
192957,2.0
192958,8.666666666666666
192960,12.0
192962,0.0
192966,3.3333333333333335
192967,2.0
192970,2.6666666666666665
192975,1.0
192976,1.5
192977,2.0
192979,1.0
192983,1.0
192994,0.0
192996,1.0
192997,2.0
192998,2.0
192999,3.0
193000,2.0
193001,0.0
193003,4.0
193005,1.25
193007,0.0
193009,3.0
193011,2.0
193012,1.5
193015,5.0
193017,5.0
193018,3.3333333333333335
193024,3.0
193029,3.0
193032,4.0
193040,2.0
193042,1.0
193045,1.6666666666666667
193047,1.0
193048,2.0
193049,3.5
193054,6.0
193055,0.0
193057,2.6666666666666665
193066,1.0
193068,1.0
193071,3.0
193072,3.5
193074,3.0
193077,6.0
193079,2.0
193082,1.0
193084,3.0
193087,3.0
193089,1.6666666666666667
193094,1.5
193096,1.0
193101,3.0
193103,0.0
193104,5.0
193109,0.0
193112,1.0
193116,2.0
193119,0.0
193122,1.0
193123,1.6666666666666667
193125,0.0
193127,2.0
193129,2.3333333333333335
193134,1.5
193146,2.5
193149,3.0
193150,18.0
193153,2.5
193155,4.5
193161,2.0
193169,1.0
193170,2.5
193172,8.0
193173,2.6666666666666665
193175,2.0
193177,1.3333333333333333
193185,2.0
193186,5.0
193187,1.0
193188,1.5
193190,3.0
193193,2.0
193196,6.333333333333333
193203,2.25
193204,3.5
193207,1.0
193212,0.0
193213,8.666666666666666
193218,7.0
193219,2.5
193220,2.5
193224,0.0
193228,5.5
193231,0.0
193232,1.0
193235,1.6666666666666667
193236,1.3333333333333333
193240,4.0
193245,0.0
193249,5.0
193250,5.0
193254,0.0
193255,2.3333333333333335
193258,1.0
193264,3.0
193267,1.0
193269,3.0
193270,0.0
193272,0.0
193276,1.5
193279,6.0
193280,0.0
193281,1.0
193283,2.0
193288,1.5
193290,1.5
193293,3.0
193297,1.0
193300,1.0
193301,0.0
193307,6.333333333333333
193308,2.0
193310,3.5
193312,3.0
193313,1.0
193315,6.5
193316,2.0
193319,1.0
193320,0.0
193323,2.0
193324,2.0
193328,0.0
193331,3.0
193334,1.5
193335,0.0
193336,2.0
193337,1.0
193338,2.6666666666666665
193341,2.0
193343,2.0
193345,0.0
193347,1.5
193348,1.0
193351,1.0
193354,3.0
193356,1.0
193358,1.5
193359,1.0
193363,3.5
193367,0.0
193371,2.0
193376,1.0
193379,0.0
193380,1.0
193384,3.0
193386,2.5
193388,1.0
193391,1.0
193392,2.5
193395,2.0
193400,4.0
193401,3.5
193402,0.0
193404,5.0
193406,0.0
193411,1.0
193412,1.0
193413,8.0
193419,3.0
193422,1.6666666666666667
193428,1.0
193429,2.0
193432,4.5
193434,6.333333333333333
193442,0.0
193445,1.5
193447,1.5
193448,1.5
193450,2.0
193453,1.0
193454,1.0
193459,0.0
193461,0.0
193465,1.5
193466,0.0
193467,1.0
193475,0.0
193480,1.0
193482,4.0
193486,2.0
193487,3.0
193489,3.3333333333333335
193491,2.0
193494,5.0
193498,2.5
193500,4.0
193508,2.3333333333333335
193509,0.0
193511,3.3333333333333335
193512,1.0
193516,2.0
193522,1.5
193523,0.0
193528,1.0
193535,2.0
193536,5.0
193538,2.0
193541,4.0
193542,3.5
193546,2.5
193548,3.0
193551,1.0
193570,1.0
193585,1.0
193588,2.0
193590,3.0
193593,0.0
193594,1.0
193595,5.0
193597,1.3333333333333333
193600,1.0
193602,1.0
193605,6.5
193606,0.0
193608,2.5
193609,6.666666666666667
193610,2.0
193611,2.0
193613,4.0
193614,3.0
193620,1.0
193621,2.0
193623,5.0
193628,1.0
193633,1.0
193637,2.0
193639,4.0
193640,1.0
193646,3.0
193650,3.5
193651,1.0
193656,3.0
193659,3.3333333333333335
193660,4.0
193661,3.3333333333333335
193664,1.0
193667,2.0
193672,0.0
193676,1.0
193681,1.0
193682,7.5
193684,2.0
193685,3.0
193688,4.5
193690,3.0
193692,0.0
193693,2.0
193700,2.5
193705,2.0
193706,7.0
193709,3.6666666666666665
193710,1.0
193712,2.0
193714,2.0
193719,3.5
193721,3.5
193729,2.0
193733,1.5
193735,0.0
193738,1.5
193739,11.0
193743,1.0
193744,0.0
193745,4.5
193747,2.5
193751,5.333333333333333
193752,0.0
193754,2.0
193760,1.0
193764,0.0
193765,0.0
193769,1.0
193774,3.0
193775,2.5
193777,2.5
193781,0.0
193782,4.0
193785,3.0
193787,0.0
193789,1.3333333333333333
193798,1.5
193799,5.0
193800,1.0
193807,0.0
193808,3.0
193809,3.5
193811,3.0
193814,1.0
193816,1.0
193820,2.0
193822,2.6666666666666665
193828,3.0
193832,2.0
193833,1.5
193835,1.0
193842,0.0
193843,3.0
193850,0.0
193855,0.0
193860,2.0
193861,1.6666666666666667
193863,1.0
193869,2.0
193870,1.0
193871,1.0
193873,3.0
193875,1.0
193877,1.0
193881,0.0
193882,3.0
193885,5.0
193887,3.3333333333333335
193891,5.0
193896,0.0
193897,0.0
193898,2.0
193899,0.0
193900,0.0
193902,0.0
193910,3.0
193911,0.0
193913,1.6666666666666667
193914,0.0
193915,3.0
193917,3.0
193918,3.0
193923,3.0
193926,3.0
193927,7.0
193932,1.0
193934,1.0
193939,0.0
193943,2.0
193948,3.0
193950,1.6666666666666667
193951,5.0
193954,3.0
193955,3.0
193956,3.0
193960,4.333333333333333
193962,2.5
193968,1.0
193969,6.0
193971,2.0
193976,2.0
193978,1.5
193982,4.0
193985,5.0
193986,0.0
193987,0.0
193988,2.0
193990,1.3333333333333333
193992,1.0
193999,0.0
194002,4.0
194014,1.0
194022,2.0
194024,2.5
194025,2.5
194028,1.0
194032,4.5
194034,2.0
194040,2.0
194041,1.6666666666666667
194043,2.0
194047,2.0
194050,1.5
194051,1.5
194057,2.3333333333333335
194061,1.0
194067,0.0
194070,1.0
194072,1.0
194077,2.0
194079,1.0
194080,1.0
194085,3.3333333333333335
194086,1.6666666666666667
194089,0.0
194091,0.0
194093,0.0
194094,0.0
194095,1.0
194097,2.5
194101,4.0
194106,0.0
194110,2.5
194119,3.5
194120,5.0
194126,3.0
194128,2.0
194129,2.6666666666666665
194136,1.0
194138,0.0
194140,2.0
194141,2.0
194146,1.6666666666666667
194147,2.0
194161,3.0
194163,0.0
194165,3.0
194166,1.0
194168,1.0
194171,4.0
194173,1.0
194175,0.0
194176,1.0
194178,3.0
194182,1.0
194186,2.0
194188,2.0
194189,4.0
194195,1.0
194197,11.0
194199,1.0
194202,3.0
194204,2.5
194206,5.5
194207,0.0
194208,2.0
194209,2.0
194210,1.0
194211,3.0
194213,1.0
194214,3.6666666666666665
194215,4.0
194217,1.0
194220,2.0
194225,1.0
194226,0.0
194231,1.0
194233,3.5
194235,1.0
194238,0.0
194241,3.0
194242,4.5
194243,1.5
194245,1.0
194247,3.0
194249,2.0
194250,1.0
194256,2.0
194262,1.5
194268,2.0
194270,3.6666666666666665
194272,0.0
194273,4.333333333333333
194275,4.0
194281,1.0
194285,2.0
194287,2.0
194291,3.0
194293,1.0
194297,1.0
194299,1.0
194301,2.6666666666666665
194305,2.0
194306,1.0
194307,3.0
194318,0.0
194320,2.0
194326,1.3333333333333333
194328,2.0
194330,9.0
194332,8.0
194334,1.0
194343,2.0
194346,5.0
194348,2.0
194354,2.3333333333333335
194356,3.0
194357,2.0
194359,0.0
194364,1.5
194366,2.0
194370,2.0
194376,5.0
194378,1.0
194382,2.0
194386,1.5
194387,2.0
194390,8.0
194393,5.0
194395,1.0
194397,1.75
194405,1.0
194406,4.5
194409,1.0
194411,1.6666666666666667
194412,1.0
194416,3.0
194420,1.0
194423,0.0
194427,2.5
194434,2.6666666666666665
194437,2.5
194440,0.0
194442,1.0
194445,8.5
194446,9.0
194449,4.0
194452,1.6666666666666667
194453,2.5
194454,3.0
194455,1.0
194456,3.0
194457,3.0
194461,5.5
194462,2.0
194465,0.0
194470,6.5
194473,1.0
194476,0.0
194477,1.0
194478,0.0
194483,1.5
194485,4.5
194489,0.0
194490,1.0
194493,2.5
194494,1.5
194501,0.0
194503,1.3333333333333333
194504,1.0
194505,2.0
194508,0.0
194511,3.0
194512,0.0
194514,1.0
194516,6.5
194518,2.8
194522,2.0
194525,3.0
194527,2.6666666666666665
194531,2.0
194533,1.0
194535,6.0
194536,6.0
194538,1.5
194539,2.0
194540,1.0
194546,3.5
194549,3.0
194550,3.0
194553,2.0
194557,6.0
194559,0.0
194566,4.0
194568,1.5
194571,3.0
194573,4.0
194574,2.0
194576,1.5
194583,1.0
194584,7.0
194595,0.0
194598,6.5
194604,6.0
194610,1.0
194611,1.0
194612,2.6666666666666665
194616,0.0
194617,6.0
194619,1.0
194620,1.6666666666666667
194621,6.0
194623,3.0
194628,1.0
194629,0.0
194631,2.5
194636,1.0
194637,11.0
194643,0.0
194644,0.0
194650,2.0
194651,2.0
194652,0.0
194656,2.0
194659,2.0
194661,1.6666666666666667
194663,2.3333333333333335
194666,1.5
194667,3.0
194668,3.0
194669,1.0
194670,2.0
194672,7.0
194676,1.3333333333333333
194677,1.5
194678,0.0
194681,1.0
194682,2.5
194683,0.0
194691,7.0
194694,0.0
194697,0.0
194698,2.5
194701,0.0
194703,2.0
194706,2.5
194707,4.5
194711,1.5
194712,2.6666666666666665
194715,1.0
194718,3.0
194721,6.0
194725,1.0
194728,3.0
194731,1.0
194733,5.0
194741,2.0
194743,2.0
194745,2.0
194748,2.0
194753,8.5
194754,5.0
194756,4.5
194757,0.0
194765,2.0
194767,2.0
194769,5.333333333333333
194775,1.5
194776,2.0
194778,2.0
194783,2.0
194788,1.3333333333333333
194789,3.0
194793,3.0
194795,2.0
194797,4.5
194800,3.5
194801,1.3333333333333333
194804,4.0
194811,2.3333333333333335
194814,6.0
194815,2.0
194818,4.0
194819,1.0
194823,0.0
194825,0.0
194833,0.0
194834,1.3333333333333333
194835,5.0
194836,2.0
194838,2.0
194839,0.0
194842,0.0
194849,3.0
194853,2.5
194854,0.0
194856,3.5
194858,1.0
194859,2.0
194863,2.0
194866,1.0
194868,0.0
194872,0.0
194873,1.5
194875,6.0
194876,4.5
194877,0.0
194886,0.0
194892,2.0
194894,2.0
194895,3.0
194898,5.333333333333333
194899,0.0
194905,3.5
194906,1.5
194907,1.5
194908,3.0
194910,0.0
194914,0.0
194916,5.0
194921,2.0
194922,2.5
194923,1.5
194924,3.0
194925,1.0
194933,5.5
194935,2.0
194941,1.0
194942,1.6666666666666667
194943,0.0
194947,2.3333333333333335
194953,2.0
194967,1.6666666666666667
194968,1.5
194971,1.0
194972,1.0
194975,1.0
194979,0.0
194982,2.0
194988,2.0
194990,1.0
194993,1.5
194996,3.0
194998,4.0
194999,4.0
195004,1.0
195006,2.0
195008,4.5
195012,1.0
195014,1.75
195017,4.0
195020,2.5
195024,5.0
195025,3.0
195032,1.5
195036,2.8
195037,0.0
195039,5.0
195049,2.5
195055,1.0
195056,1.3333333333333333
195062,0.0
195064,0.0
195066,1.0
195069,2.0
195071,3.0
195078,2.6666666666666665
195079,1.0
195087,3.6666666666666665
195088,1.75
195095,0.0
195101,1.0
195102,1.5
195105,1.0
195106,1.0
195109,2.5
195110,2.0
195111,1.5
195113,3.0
195114,7.0
195118,0.0
195119,4.5
195122,2.5
195123,3.0
195124,0.0
195126,1.0
195130,0.0
195138,2.0
195143,5.333333333333333
195145,1.0
195148,0.0
195149,1.0
195150,1.5
195152,4.0
195155,1.5
195159,1.3333333333333333
195160,3.0
195162,2.5
195166,1.0
195168,3.0
195171,1.0
195172,1.0
195174,6.0
195175,2.0
195177,1.0
195178,2.4
195179,4.5
195180,1.0
195182,0.0
195186,2.5
195188,0.0
195191,3.5
195192,2.0
195196,2.0
195197,2.5
195198,1.0
195202,2.0
195203,1.0
195204,1.0
195206,3.6666666666666665
195207,2.6666666666666665
195208,3.0
195213,2.0
195214,7.666666666666667
195218,0.0
195219,2.0
195220,2.0
195223,2.0
195224,2.6666666666666665
195225,4.0
195233,2.0
195236,2.0
195237,2.5
195240,2.0
195241,0.0
195243,2.0
195247,1.0
195248,7.0
195249,4.0
195250,2.0
195251,0.0
195254,2.3333333333333335
195257,1.5
195258,0.0
195264,3.0
195265,2.0
195266,3.5
195268,3.0
195269,3.0
195270,6.0
195277,2.0
195280,2.0
195286,1.0
195288,1.5
195291,2.0
195292,2.5
195295,1.0
195297,3.5
195299,4.0
195302,3.6666666666666665
195303,1.0
195304,1.5
195305,1.0
195307,0.0
195308,2.0
195310,2.5
195311,2.0
195313,3.0
195315,1.0
195316,19.0
195321,7.0
195325,4.0
195330,3.0
195332,0.0
195337,3.5
195338,0.0
195340,2.0
195342,2.5
195343,2.0
195348,1.5
195350,1.5
195351,0.0
195353,0.0
195355,1.5
195358,2.0
195359,1.0
195366,2.0
195368,5.0
195372,1.0
195373,3.0
195378,6.0
195379,4.0
195382,1.0
195388,1.5
195392,1.5
195393,3.3333333333333335
195400,0.0
195402,2.5
195404,1.0
195407,4.5
195409,2.0
195413,3.0
195414,2.0
195418,3.6666666666666665
195422,3.6666666666666665
195424,1.6666666666666667
195425,1.0
195427,0.0
195431,2.5
195432,1.0
195433,2.5
195434,6.0
195436,2.5
195437,2.0
195438,5.333333333333333
195440,3.0
195446,3.5
195454,0.0
195456,0.0
195458,2.0
195461,1.3333333333333333
195462,3.75
195467,2.0
195468,5.0
195469,11.0
195471,4.0
195473,2.0
195480,2.0
195482,2.0
195483,2.0
195484,2.5
195492,4.5
195503,0.0
195507,0.0
195508,2.0
195510,1.0
195511,6.5
195513,1.0
195516,2.0
195517,1.0
195521,0.0
195523,1.5
195524,1.0
195525,2.0
195531,2.6666666666666665
195532,6.333333333333333
195533,1.0
195535,1.0
195537,4.0
195543,2.0
195545,4.0
195546,4.0
195548,7.333333333333333
195549,23.0
195553,1.6666666666666667
195558,0.0
195561,1.5
195562,1.0
195564,2.0
195567,1.3333333333333333
195568,4.0
195569,2.6666666666666665
195572,3.0
195573,1.0
195577,1.0
195582,3.25
195584,2.75
195585,5.0
195586,1.25
195587,2.6666666666666665
195588,1.0
195589,3.0
195604,2.0
195612,2.0
195613,1.0
195616,2.0
195619,2.0
195620,2.6666666666666665
195623,0.0
195627,2.0
195628,3.0
195629,1.5
195630,2.6666666666666665
195634,4.0
195638,1.0
195641,3.0
195642,1.2
195645,1.0
195647,2.0
195649,1.0
195650,2.5
195656,1.0
195657,1.0
195661,6.0
195665,2.0
195666,3.0
195669,0.0
195672,1.0
195673,6.0
195674,1.0
195676,0.0
195677,1.0
195679,2.75
195680,2.0
195681,1.0
195682,1.0
195684,1.0
195685,2.0
195689,3.0
195691,0.0
195696,2.0
195697,2.0
195699,3.0
195702,1.6666666666666667
195706,2.5
195710,2.5
195714,2.3333333333333335
195716,3.0
195720,1.0
195724,0.0
195727,1.0
195728,1.5
195730,3.0
195732,1.0
195738,3.0
195739,0.0
195740,3.0
195741,5.0
195742,2.0
195746,0.0
195748,4.0
195751,3.0
195753,2.0
195756,2.0
195759,9.0
195763,1.0
195765,1.0
195770,3.0
195772,2.5
195778,2.0
195779,2.25
195780,0.0
195782,1.0
195783,2.0
195785,4.5
195789,1.0
195794,3.6666666666666665
195795,3.0
195806,0.0
195808,2.0
195810,4.5
195812,1.5
195814,2.0
195818,2.6666666666666665
195823,7.5
195825,3.5
195827,1.0
195828,1.0
195829,3.0
195830,0.0
195831,2.0
195835,0.0
195836,3.0
195837,1.0
195839,2.0
195840,0.0
195847,4.0
195848,1.0
195850,1.0
195851,2.0
195853,6.0
195855,1.0
195856,2.0
195857,3.0
195858,4.5
195859,3.0
195860,1.0
195861,0.0
195870,3.0
195871,3.0
195873,1.0
195875,0.0
195881,3.5
195890,3.0
195893,2.0
195898,1.0
195899,3.0
195900,2.5
195901,2.0
195902,6.5
195908,1.5
195915,0.0
195916,3.0
195920,2.3333333333333335
195921,1.0
195923,1.5
195924,1.3333333333333333
195925,4.333333333333333
195931,1.0
195935,3.6666666666666665
195936,3.5
195937,1.0
195940,0.0
195942,1.0
195948,1.5
195949,1.0
195955,2.4
195958,11.0
195959,1.6666666666666667
195961,1.0
195964,1.5
195965,1.6666666666666667
195966,1.75
195967,19.0
195974,1.0
195975,1.0
195976,2.0
195977,5.0
195979,0.0
195980,3.0
195982,1.0
195984,1.0
195986,2.0
195988,1.5
195992,1.0
195993,2.5
195995,4.0
195999,3.0
196004,3.0
196015,4.5
196016,0.0
196018,1.0
196019,0.0
196022,2.5
196023,3.0
196026,1.0
196032,1.0
196033,1.75
196036,2.0
196037,4.0
196038,3.0
196039,2.0
196041,5.0
196046,1.0
196047,2.0
196048,1.0
196051,5.0
196053,1.6666666666666667
196054,1.0
196065,2.0
196066,4.5
196067,0.0
196069,2.0
196071,1.0
196072,1.0
196073,1.4
196075,3.5
196077,3.0
196079,1.0
196082,3.5
196083,1.0
196089,3.0
196091,3.3333333333333335
196092,3.0
196094,0.0
196097,0.0
196100,3.0
196101,3.5
196107,0.0
196108,2.5
196111,2.0
196112,5.0
196113,3.25
196114,3.25
196115,4.0
196118,11.0
196119,1.0
196122,3.0
196123,4.0
196124,6.0
196126,1.3333333333333333
196128,1.0
196131,3.0
196132,0.0
196138,1.5
196142,0.0
196143,0.0
196152,1.0
196155,2.3333333333333335
196156,0.0
196158,2.0
196159,1.5
196160,3.0
196161,0.0
196164,3.0
196166,2.0
196172,3.5
196173,2.0
196176,5.0
196177,1.0
196179,3.0
196181,3.0
196187,7.0
196188,7.75
196191,2.0
196192,2.0
196193,3.0
196194,5.0
196201,1.0
196213,0.0
196215,2.4
196222,3.0
196223,0.0
196230,0.0
196231,2.5
196234,2.5
196239,3.0
196242,1.0
196247,1.0
196248,0.0
196251,4.0
196253,1.5
196254,5.0
196261,1.5
196262,0.0
196265,1.3333333333333333
196266,3.0
196267,6.0
196268,3.0
196269,2.0
196272,2.5
196273,4.0
196274,2.5
196289,4.0
196293,4.0
196294,5.333333333333333
196295,0.0
196301,1.5
196305,2.0
196308,0.0
196309,1.0
196313,5.25
196314,5.666666666666667
196316,1.0
196319,5.0
196321,5.333333333333333
196325,0.0
196340,3.5
196344,0.0
196345,3.0
196347,2.0
196348,2.5
196349,3.0
196355,1.0
196356,1.5
196357,0.0
196358,4.0
196362,3.0
196365,1.0
196372,3.5
196374,3.0
196377,3.0
196378,0.0
196379,1.5
196380,2.0
196381,4.0
196383,3.0
196384,1.0
196385,0.0
196389,1.0
196391,2.5
196394,1.3333333333333333
196395,0.0
196398,2.0
196399,2.3333333333333335
196403,3.0
196404,0.0
196405,3.0
196406,3.3333333333333335
196407,3.3333333333333335
196413,1.0
196416,3.0
196418,4.333333333333333
196420,2.5
196422,2.6666666666666665
196425,1.0
196435,1.0
196437,0.0
196443,2.3333333333333335
196445,3.5
196448,6.0
196449,5.333333333333333
196451,2.0
196452,0.0
196455,1.0
196459,1.5
196460,1.0
196462,3.0
196467,2.0
196468,0.0
196471,2.0
196473,1.0
196476,1.5
196477,6.666666666666667
196479,3.5
196480,1.5
196481,4.0
196485,0.0
196489,2.0
196490,2.5
196494,3.0
196495,1.0
196499,2.0
196501,4.0
196505,2.0
196507,3.0
196512,0.0
196525,2.0
196527,6.0
196528,0.0
196531,1.0
196532,4.5
196536,4.0
196539,6.0
196540,3.0
196542,2.0
196543,1.0
196547,4.0
196551,3.0
196554,3.5
196557,2.6666666666666665
196558,1.0
196561,3.0
196564,4.0
196565,2.0
196569,3.0
196570,5.0
196571,2.3333333333333335
196574,3.0
196581,2.5
196585,1.6
196586,1.5
196588,2.0
196591,3.0
196593,0.0
196596,2.0
196599,1.0
196603,0.0
196604,2.0
196607,1.5
196608,1.0
196609,1.0
196610,2.0
196613,1.5
196614,0.0
196628,1.0
196633,1.6666666666666667
196636,1.25
196638,1.5
196649,1.0
196654,1.5
196658,2.5
196663,2.0
196666,2.0
196668,1.0
196671,0.0
196677,1.6666666666666667
196680,1.0
196681,3.0
196684,0.0
196687,0.0
196690,2.0
196698,3.0
196703,1.0
196704,2.25
196705,7.0
196711,2.0
196715,3.3333333333333335
196717,1.5
196718,3.0
196724,1.0
196728,5.0
196729,2.0
196732,1.75
196735,2.5
196737,0.0
196740,0.0
196742,2.3333333333333335
196751,1.6666666666666667
196755,2.0
196759,0.0
196763,2.0
196768,2.5
196769,1.0
196770,0.0
196771,2.0
196772,4.5
196775,1.0
196776,2.0
196777,1.0
196780,1.0
196781,2.0
196788,1.0
196791,4.25
196793,0.0
196794,1.0
196795,1.5
196799,1.0
196800,1.0
196803,1.6666666666666667
196806,1.0
196810,1.5
196811,0.0
196813,3.5
196815,0.0
196816,1.0
196817,1.0
196818,0.0
196819,2.6666666666666665
196822,2.0
196823,1.0
196824,1.0
196828,1.0
196831,1.0
196835,1.0
196838,3.0
196842,6.0
196844,2.6
196847,3.0
196854,2.0
196855,2.0
196856,4.666666666666667
196860,0.0
196871,3.3333333333333335
196872,3.3333333333333335
196873,2.3333333333333335
196877,1.0
196878,2.6666666666666665
196884,3.0
196889,0.0
196894,2.0
196896,6.0
196897,1.5
196898,2.3333333333333335
196905,3.0
196907,3.5
196908,4.0
196909,0.0
196912,2.5
196914,1.0
196915,1.0
196918,1.0
196921,0.0
196922,0.0
196929,2.0
196930,0.0
196937,2.0
196940,2.6666666666666665
196944,3.3333333333333335
196947,0.0
196954,1.0
196955,5.333333333333333
196956,0.0
196959,2.0
196960,3.0
196961,2.0
196964,0.0
196965,2.0
196967,7.0
196968,2.5
196970,3.3333333333333335
196972,4.0
196973,1.0
196975,3.0
196978,4.0
196981,2.0
196985,2.75
196986,1.0
196989,1.25
196991,3.0
196995,1.0
197006,2.0
197007,2.5
197008,2.5
197009,5.666666666666667
197013,6.0
197017,3.0
197023,4.0
197024,3.0
197025,2.0
197028,0.0
197030,0.0
197037,1.5
197038,1.5
197040,2.75
197041,3.5
197052,3.5
197054,4.0
197056,4.0
197063,1.0
197065,0.0
197069,1.0
197073,3.0
197075,2.5
197079,1.0
197081,0.0
197082,1.0
197088,2.0
197092,2.0
197096,4.0
197097,1.3333333333333333
197100,1.0
197101,1.5
197109,1.0
197114,5.0
197115,9.0
197116,3.0
197120,1.0
197121,3.0
197124,1.0
197127,1.0
197133,2.0
197135,3.0
197136,2.6666666666666665
197139,1.0
197141,3.0
197144,6.5
197146,3.0
197147,1.5
197149,2.6666666666666665
197150,1.5
197151,0.0
197153,1.0
197156,4.0
197157,2.0
197158,4.333333333333333
197159,3.0
197161,3.0
197162,3.0
197163,3.0
197166,2.0
197168,1.5
197170,1.75
197174,3.5
197176,1.6666666666666667
197178,4.0
197184,1.6666666666666667
197185,0.0
197188,6.5
197189,1.6666666666666667
197191,2.5
197192,2.0
197193,2.0
197195,2.0
197210,3.75
197213,4.666666666666667
197215,2.0
197216,8.0
197218,1.0
197220,2.0
197221,2.0
197223,3.3333333333333335
197228,5.0
197229,2.5
197230,3.0
197232,2.0
197237,4.0
197244,2.5
197251,1.0
197252,0.0
197256,2.5
197258,3.0
197259,1.0
197260,2.0
197262,2.0
197267,4.0
197270,2.0
197272,2.0
197274,2.0
197278,0.0
197279,2.0
197280,0.0
197285,0.0
197293,1.75
197294,3.0
197301,1.5
197303,1.3333333333333333
197304,2.0
197306,1.5
197307,0.0
197310,1.0
197311,4.0
197312,4.0
197313,4.0
197315,3.5
197317,1.3333333333333333
197321,2.0
197324,4.0
197328,2.6666666666666665
197329,1.0
197337,2.0
197338,2.0
197342,2.5
197343,1.0
197347,2.0
197348,1.0
197351,1.5
197356,3.0
197357,2.0
197358,1.0
197363,1.0
197364,1.3333333333333333
197365,1.0
197369,0.0
197374,4.5
197379,3.5
197383,0.0
197384,1.0
197388,2.3333333333333335
197390,5.0
197396,3.0
197397,3.0
197402,2.75
197403,0.0
197404,3.3333333333333335
197406,2.0
197413,0.0
197414,1.0
197417,1.0
197421,3.0
197422,0.0
197424,2.0
197429,0.0
197432,1.0
197436,1.0
197437,1.0
197444,1.0
197446,2.0
197449,1.0
197450,2.0
197452,0.0
197453,5.0
197454,1.5
197455,2.0
197457,3.0
197458,4.5
197462,3.0
197466,4.5
197467,1.0
197472,11.0
197473,8.5
197476,1.0
197478,4.0
197480,1.25
197485,1.5
197487,0.0
197488,2.5
197492,0.0
197493,1.6666666666666667
197494,6.0
197496,0.0
197499,0.0
197506,5.0
197507,4.0
197509,1.0
197511,1.5
197513,0.0
197514,2.0
197515,1.0
197518,2.0
197519,2.0
197520,5.0
197525,3.3333333333333335
197526,2.0
197530,4.5
197539,1.6666666666666667
197542,2.6666666666666665
197546,2.5
197551,2.0
197557,2.5
197559,2.0
197561,1.0
197569,4.0
197570,9.5
197572,0.0
197574,2.6666666666666665
197578,1.0
197579,0.0
197580,1.0
197582,0.0
197588,2.5
197590,1.5
197591,3.0
197592,0.0
197596,2.3333333333333335
197597,6.0
197598,1.5
197599,0.0
197601,1.0
197603,2.6666666666666665
197604,2.8
197610,2.5
197613,1.0
197614,1.0
197616,2.0
197618,1.0
197627,3.0
197630,2.5
197640,9.0
197648,1.75
197651,0.0
197653,1.0
197655,0.0
197656,3.0
197659,2.0
197660,1.5
197663,4.0
197666,2.0
197672,1.0
197673,1.0
197677,1.5
197682,2.5
197691,0.0
197692,0.0
197696,0.0
197697,2.0
197698,1.0
197701,6.0
197702,2.6666666666666665
197704,1.0
197705,1.0
197706,1.0
197710,2.6666666666666665
197717,0.0
197718,2.6666666666666665
197719,1.0
197720,2.0
197722,1.0
197727,1.0
197729,1.0
197735,0.0
197739,3.0
197740,1.0
197742,2.3333333333333335
197744,1.0
197747,2.0
197748,2.0
197750,1.3333333333333333
197753,3.6666666666666665
197759,2.0
197760,1.5
197767,1.0
197770,1.0
197772,2.5
197778,1.0
197779,3.0
197783,3.5
197788,2.0
197791,1.6666666666666667
197792,3.0
197794,3.0
197795,0.0
197796,2.5
197811,1.0
197812,7.0
197818,1.0
197821,4.5
197825,0.0
197826,1.0
197828,17.5
197833,4.333333333333333
197836,0.0
197838,4.333333333333333
197839,1.6666666666666667
197842,3.5
197845,1.3333333333333333
197846,2.0
197853,10.0
197859,3.0
197861,2.5
197862,4.0
197864,2.0
197865,2.0
197866,2.0
197867,2.3333333333333335
197868,5.0
197869,3.5
197872,5.333333333333333
197877,0.0
197878,3.0
197882,2.0
197884,3.0
197887,0.0
197888,1.0
197890,8.5
197893,2.0
197895,1.0
197897,1.6666666666666667
197898,2.0
197902,1.0
197907,0.0
197908,2.0
197912,2.0
197913,5.0
197919,1.6666666666666667
197920,2.5
197927,0.0
197930,3.3333333333333335
197932,2.0
197935,1.0
197939,9.0
197943,1.0
197946,2.0
197948,1.0
197949,1.0
197953,3.0
197960,1.0
197961,1.5
197962,1.5
197965,0.0
197973,2.0
197976,3.5
197977,3.5
197980,4.0
197981,19.0
197988,1.0
197990,1.5
197998,2.0
197999,3.0
198003,1.0
198006,2.5
198013,1.0
198016,2.0
198018,1.5
198020,1.0
198022,0.0
198027,1.0
198028,3.5
198029,2.0
198031,1.0
198035,1.0
198036,1.0
198043,1.5
198047,4.0
198048,1.5
198051,9.0
198052,1.0
198053,1.0
198055,1.0
198056,2.0
198059,3.6666666666666665
198061,1.0
198062,5.5
198066,3.0
198067,1.0
198070,3.3333333333333335
198071,1.0
198072,1.0
198073,2.5
198074,2.0
198075,0.0
198079,1.6666666666666667
198080,3.5
198081,0.0
198082,0.0
198091,1.0
198092,3.0
198093,2.0
198099,2.0
198106,2.5
198107,5.0
198111,1.0
198113,2.0
198116,5.333333333333333
198123,1.0
198125,2.5
198126,3.0
198127,1.0
198128,0.0
198134,2.0
198136,2.5
198138,2.6666666666666665
198141,1.0
198143,1.0
198145,3.6666666666666665
198154,1.5
198167,1.25
198169,1.0
198171,3.5
198174,4.0
198176,1.0
198180,2.0
198181,0.0
198182,2.0
198183,3.0
198188,0.0
198196,3.0
198198,4.0
198199,4.0
198200,0.0
198207,0.0
198209,1.0
198210,1.0
198213,0.0
198218,3.5
198219,4.333333333333333
198222,0.0
198227,4.666666666666667
198231,1.0
198232,3.2
198234,2.0
198235,1.0
198238,5.5
198239,2.0
198240,1.0
198242,1.0
198243,0.0
198245,4.5
198252,5.333333333333333
198253,0.0
198256,1.5
198259,1.0
198261,1.0
198265,0.0
198276,1.5
198279,1.0
198294,1.0
198296,2.5
198299,1.0
198302,1.5
198314,0.0
198326,1.0
198328,2.6666666666666665
198329,1.5
198330,1.0
198331,4.333333333333333
198332,0.0
198334,3.0
198335,5.0
198336,2.0
198340,0.0
198346,1.0
198351,2.0
198353,1.0
198360,3.0
198362,2.25
198366,2.5
198367,0.0
198368,3.0
198370,4.0
198371,0.0
198378,2.0
198382,2.0
198387,1.0
198388,1.0
198391,1.0
198392,1.0
198395,0.0
198398,1.0
198400,1.0
198406,3.0
198408,2.3333333333333335
198411,1.8
198414,2.0
198420,4.5
198422,2.5
198425,3.0
198426,1.0
198430,3.0
198433,2.5
198434,1.75
198438,1.0
198440,2.0
198449,1.5
198454,0.0
198457,0.0
198458,2.0
198462,2.75
198463,4.0
198465,2.0
198471,4.0
198476,3.0
198481,0.0
198482,2.6
198483,1.0
198487,2.0
198489,4.5
198498,0.0
198502,1.0
198511,2.0
198512,3.5
198516,1.0
198518,2.3333333333333335
198519,3.0
198525,2.0
198526,1.0
198531,1.0
198537,2.3333333333333335
198541,4.0
198543,1.5
198545,1.0
198554,3.0
198555,3.5
198558,3.0
198560,3.0
198562,1.3333333333333333
198565,0.0
198567,3.0
198572,3.5
198577,1.5
198583,1.6666666666666667
198585,3.0
198586,2.5
198587,3.0
198588,3.0
198590,2.5
198596,1.6666666666666667
198600,1.0
198613,1.0
198615,0.0
198618,0.0
198621,2.0
198622,0.0
198623,2.5
198624,2.0
198625,4.0
198628,0.0
198630,1.5
198632,0.0
198633,1.0
198635,0.0
198637,7.0
198638,2.0
198641,2.75
198643,4.0
198648,0.0
198657,2.3333333333333335
198662,1.0
198666,5.5
198672,2.3333333333333335
198674,3.0
198675,2.6666666666666665
198677,1.0
198678,2.0
198679,4.0
198682,0.0
198684,6.0
198685,1.5
198692,2.5
198695,2.0
198697,1.0
198698,1.5
198704,1.0
198705,1.0
198706,1.0
198710,1.5
198713,1.0
198715,1.5
198717,1.0
198723,0.0
198731,1.3333333333333333
198732,3.6666666666666665
198740,1.0
198747,3.0
198751,1.0
198752,1.5
198753,0.0
198755,2.0
198758,2.0
198760,5.5
198761,3.5
198765,1.0
198767,3.5
198772,1.5
198776,3.0
198778,0.0
198782,5.5
198784,2.3333333333333335
198790,2.0
198792,0.0
198794,2.0
198795,1.0
198802,0.0
198809,0.0
198811,0.0
198812,2.5
198819,2.0
198822,2.0
198823,1.0
198825,4.5
198826,1.4
198829,1.5
198831,0.0
198836,0.0
198838,3.0
198840,2.5
198842,1.5
198844,3.5
198850,0.0
198863,3.0
198865,3.0
198866,3.0
198868,1.0
198871,3.5
198873,4.5
198874,0.0
198877,0.0
198883,3.0
198885,4.0
198888,0.0
198889,0.0
198890,2.0
198892,2.0
198896,1.0
198898,1.0
198904,7.0
198907,1.5
198920,1.0
198922,2.0
198925,1.0
198930,0.0
198931,1.0
198933,3.0
198935,2.0
198936,2.5
198939,0.0
198943,2.75
198950,0.0
198951,6.75
198956,1.0
198957,1.5
198958,1.0
198959,1.0
198965,4.666666666666667
198966,4.666666666666667
198968,0.0
198969,0.0
198970,1.0
198972,4.0
198983,2.0
198990,0.0
198991,5.333333333333333
198992,3.5
198995,1.75
198997,2.6666666666666665
198999,0.0
199001,0.0
199007,0.0
199009,1.0
199010,1.2
199012,2.75
199015,1.0
199017,0.0
199019,4.5
199021,1.0
199025,1.0
199026,2.3333333333333335
199028,1.5
199029,1.0
199033,3.3333333333333335
199034,0.0
199035,3.0
199037,0.0
199038,0.0
199039,1.5
199041,2.5
199042,0.0
199046,3.0
199049,1.0
199050,2.5
199051,1.0
199052,0.0
199053,1.0
199055,1.6666666666666667
199057,0.0
199061,1.0
199063,0.0
199064,6.0
199067,0.0
199070,0.0
199075,2.75
199076,0.0
199081,2.0
199085,0.0
199087,2.0
199088,3.5
199091,2.0
199094,0.0
199095,1.0
199096,2.5
199099,0.0
199100,4.0
199101,2.3333333333333335
199102,2.0
199103,2.0
199104,1.0
199108,3.5
199110,2.0
199112,1.0
199115,1.5
199120,2.0
199121,1.0
199122,3.0
199129,4.0
199132,1.6666666666666667
199133,4.0
199135,0.0
199146,2.4
199147,2.5
199152,1.0
199153,1.5
199156,3.0
199158,4.0
199161,2.3333333333333335
199162,4.0
199169,2.0
199173,2.0
199175,0.0
199176,3.0
199180,2.5
199181,6.0
199182,3.0
199186,3.25
199191,1.6666666666666667
199196,0.0
199201,0.0
199203,1.0
199204,1.0
199206,4.0
199209,2.3333333333333335
199210,2.5
199212,2.0
199213,0.0
199215,1.0
199219,1.5
199221,2.0
199228,2.0
199238,1.0
199240,2.0
199241,1.0
199245,1.0
199248,1.5
199256,1.0
199260,3.0
199261,2.0
199267,0.0
199276,3.0
199279,2.0
199280,4.0
199285,3.0
199286,3.0
199288,0.0
199289,3.0
199290,0.0
199296,1.0
199297,1.6666666666666667
199298,3.0
199300,4.0
199301,4.5
199306,1.0
199307,0.0
199309,1.0
199312,3.0
199316,1.0
199321,2.5
199323,1.0
199325,1.5
199327,2.0
199329,4.333333333333333
199330,3.0
199335,2.0
199336,1.0
199341,6.0
199343,1.0
199348,4.0
199349,3.0
199351,1.0
199356,5.5
199358,12.0
199362,0.0
199363,2.6666666666666665
199366,2.0
199367,5.0
199370,6.0
199371,3.0
199381,2.5
199388,1.0
199389,2.5
199390,8.333333333333334
199399,2.3333333333333335
199402,7.666666666666667
199409,2.0
199410,3.0
199412,3.0
199413,2.3333333333333335
199415,1.0
199420,3.0
199421,1.5
199422,2.3333333333333335
199425,1.6666666666666667
199427,8.0
199428,0.0
199429,1.5
199435,2.0
199440,2.5
199443,0.0
199446,2.0
199447,2.0
199449,2.0
199450,1.0
199454,1.5
199456,1.0
199457,2.0
199461,2.0
199463,2.0
199465,1.0
199469,4.0
199470,4.0
199472,1.0
199479,2.5
199480,0.0
199483,1.0
199484,1.0
199490,1.5
199492,1.0
199493,1.6666666666666667
199494,1.0
199501,3.0
199502,2.0
199505,0.0
199509,0.0
199513,3.5
199516,1.3333333333333333
199519,3.3333333333333335
199522,2.5
199523,3.0
199524,1.0
199526,2.0
199531,2.5
199533,1.0
199534,4.0
199540,0.0
199548,1.0
199549,1.5
199553,2.0
199554,8.0
199563,0.0
199565,1.0
199569,2.0
199572,2.0
199574,2.0
199578,0.0
199580,2.0
199582,11.0
199583,1.5
199586,10.0
199589,4.333333333333333
199590,0.0
199594,1.0
199598,4.5
199603,4.0
199605,2.0
199606,2.0
199607,4.0
199608,2.3333333333333335
199611,4.666666666666667
199612,2.0
199614,3.3333333333333335
199615,0.0
199617,3.0
199618,1.5
199628,1.0
199629,4.0
199630,2.0
199634,1.5
199637,1.5
199642,0.0
199648,2.0
199649,1.5
199651,0.0
199653,1.0
199654,1.5
199655,2.0
199660,0.0
199665,3.0
199671,2.0
199673,3.3333333333333335
199676,3.0
199683,2.0
199684,3.5
199690,1.75
199691,1.6666666666666667
199692,5.0
199693,1.0
199696,8.0
199703,0.0
199704,7.5
199707,1.0
199708,1.5
199709,1.4
199710,2.0
199711,7.0
199714,0.0
199718,1.6666666666666667
199725,0.0
199727,1.5
199730,5.0
199732,1.0
199734,1.0
199736,3.3333333333333335
199737,2.0
199738,1.0
199739,1.0
199744,1.6666666666666667
199745,1.0
199750,4.5
199752,1.0
199756,1.5
199760,1.0
199762,1.0
199763,1.6
199764,1.0
199765,1.5
199771,2.5
199772,4.5
199788,0.0
199795,1.0
199799,0.0
199805,2.0
199808,2.0
199813,1.0
199816,2.0
199817,3.0
199820,2.5
199826,4.0
199829,2.3333333333333335
199837,1.0
199839,2.0
199842,1.0
199843,0.0
199845,0.0
199846,5.0
199849,1.0
199850,0.0
199852,3.0
199853,3.0
199855,1.0
199856,2.3333333333333335
199857,3.5
199860,3.0
199861,1.0
199867,1.0
199869,5.5
199877,0.0
199880,1.0
199881,1.0
199882,4.0
199883,2.0
199886,2.0
199889,3.0
199891,1.5
199892,1.0
199894,2.6666666666666665
199895,3.6666666666666665
199896,2.0
199904,1.5
199905,1.0
199908,2.0
199909,1.5
199911,0.0
199915,4.0
199916,2.0
199919,3.6666666666666665
199920,3.0
199922,1.0
199924,3.0
199925,1.0
199927,2.5
199929,2.0
199932,3.0
199933,8.0
199934,2.0
199940,3.0
199943,2.6666666666666665
199947,2.0
199948,1.75
199952,2.0
199953,3.0
199954,2.0
199956,1.75
199957,3.0
199958,3.5
199959,4.0
199967,4.0
199972,1.0
199979,5.0
199980,5.0
199981,2.0
199988,0.0
199990,2.0
199991,0.0
199994,1.0
199998,5.5
199999,2.0
200002,1.0
200003,0.0
200004,0.0
200005,1.5
200009,2.0
200010,0.0
200012,3.0
200013,1.0
200014,1.5
200016,1.3333333333333333
200017,1.5
200018,2.0
200019,3.0
200020,2.0
200021,0.0
200022,4.5
200023,1.0
200025,7.5
200028,3.0
200029,2.0
200032,0.0
200036,1.5
200039,1.0
200040,1.0
200046,2.0
200047,3.0
200048,2.0
200052,1.0
200055,0.0
200056,6.333333333333333
200057,2.0
200059,1.0
200060,0.0
200061,0.0
200063,0.0
200064,2.0
200070,1.0
200076,1.3333333333333333
200079,2.0
200080,1.5
200083,1.0
200086,1.0
200087,4.666666666666667
200088,0.0
200090,0.0
200097,4.2
200102,0.0
200106,1.0
200107,1.5
200111,0.0
200118,4.333333333333333
200122,2.0
200125,1.0
200126,4.0
200130,2.5
200131,1.5
200134,1.5
200137,1.5
200138,4.333333333333333
200139,1.0
200142,2.75
200143,1.0
200144,9.0
200146,3.0
200147,1.0
200148,5.0
200149,1.0
200151,0.0
200152,1.6666666666666667
200154,2.3333333333333335
200158,2.3333333333333335
200160,1.0
200162,1.5
200163,1.0
200166,1.5
200167,0.0
200173,3.5
200176,1.5
200182,1.5
200185,3.0
200187,2.5
200188,2.5
200189,2.5
200190,5.5
200191,3.3333333333333335
200192,5.0
200194,2.5
200196,1.5
200197,1.5
200199,1.5
200201,1.0
200208,2.0
200211,1.0
200213,1.0
200217,0.0
200219,2.0
200221,0.0
200222,9.0
200230,3.3333333333333335
200232,1.0
200236,0.0
200239,2.3333333333333335
200240,0.0
200241,0.0
200246,1.0
200247,3.0
200249,1.0
200252,3.0
200254,1.3333333333333333
200256,1.0
200259,2.0
200260,2.0
200261,0.0
200262,1.5
200264,2.0
200275,2.0
200279,3.5
200281,3.0
200283,1.3333333333333333
200293,8.0
200294,0.0
200297,1.0
200303,1.0
200304,3.0
200305,3.0
200309,1.0
200311,2.0
200313,4.0
200314,1.0
200319,3.0
200320,0.0
200321,6.0
200332,3.0
200333,2.3333333333333335
200335,3.75
200347,1.5
200348,1.0
200351,2.5
200353,2.5
200357,1.6666666666666667
200363,0.0
200367,2.0
200371,2.5
200378,1.75
200381,1.5
200382,0.0
200384,1.0
200385,5.5
200392,3.0
200393,6.0
200402,2.0
200404,5.5
200405,0.0
200406,3.0
200408,3.3333333333333335
200409,3.5
200418,3.0
200420,4.5
200426,5.333333333333333
200427,2.0
200429,1.0
200434,2.5
200437,1.5
200443,1.0
200445,3.5
200447,2.0
200449,1.6666666666666667
200451,1.5
200455,6.0
200456,2.0
200457,3.0
200458,3.0
200463,0.0
200465,2.0
200466,1.3333333333333333
200468,2.0
200469,3.0
200470,2.0
200472,1.0
200477,2.0
200478,3.0
200479,3.0
200481,2.0
200484,0.0
200487,1.6666666666666667
200492,3.0
200495,1.5
200496,1.0
200501,4.0
200502,7.0
200505,1.0
200508,2.0
200510,2.0
200511,3.0
200512,3.0
200516,0.0
200523,2.0
200527,1.75
200529,1.75
200530,0.0
200534,0.0
200535,1.6666666666666667
200541,3.3333333333333335
200542,2.6666666666666665
200545,4.0
200546,3.0
200550,1.5
200552,0.0
200553,1.0
200556,1.5
200558,1.0
200559,1.0
200560,1.0
200562,1.0
200563,3.5
200566,3.0
200570,2.0
200573,1.0
200575,1.5
200576,3.0
200578,4.0
200580,1.5
200583,2.0
200584,0.0
200589,2.6
200590,1.0
200594,6.0
200597,1.5
200598,2.0
200600,1.5
200601,2.0
200602,3.0
200604,2.0
200607,1.25
200608,2.0
200611,4.0
200613,3.0
200614,1.6666666666666667
200617,7.0
200618,1.0
200621,1.0
200623,0.0
200626,0.0
200628,5.0
200631,2.0
200634,3.0
200638,3.25
200641,1.0
200643,10.0
200646,2.0
200647,1.3333333333333333
200654,2.25
200665,1.0
200668,1.5
200671,2.0
200673,0.0
200675,1.0
200677,5.0
200679,3.0
200680,0.0
200683,1.6666666666666667
200688,8.0
200691,3.0
200694,0.0
200697,3.0
200699,6.5
200701,4.0
200705,2.75
200708,1.0
200710,1.0
200716,2.5
200717,2.0
200721,4.0
200722,0.0
200724,0.0
200731,1.6666666666666667
200738,2.0
200739,1.0
200742,7.0
200748,2.0
200756,1.0
200760,4.5
200763,4.5
200766,8.0
200768,0.0
200774,1.3333333333333333
200778,1.5
200781,1.0
200785,1.5
200787,3.0
200790,1.0
200791,0.0
200792,4.0
200794,0.0
200795,2.5
200802,1.3333333333333333
200805,1.0
200811,0.0
200813,3.5
200818,2.0
200819,1.0
200826,3.0
200827,0.0
200830,0.0
200835,0.0
200836,1.5
200837,4.0
200844,3.0
200848,2.0
200849,6.0
200854,3.0
200856,1.5
200864,2.6666666666666665
200865,1.0
200873,2.0
200874,3.5
200876,2.0
200879,1.0
200880,1.6666666666666667
200884,2.0
200887,3.0
200889,1.5
200894,3.0
200896,4.5
200898,0.0
200899,0.0
200900,2.6666666666666665
200901,3.0
200903,2.6
200906,1.5
200908,3.0
200910,2.0
200911,4.0
200913,2.0
200917,1.0
200919,2.0
200923,0.0
200926,2.0
200931,1.0
200937,3.5
200942,1.0
200943,3.0
200944,1.5
200949,0.0
200951,2.0
200952,1.0
200959,4.5
200960,1.0
200963,3.0
200966,2.5
200967,3.0
200968,3.0
200986,1.3333333333333333
200988,0.0
200991,3.3333333333333335
200993,1.0
200996,2.0
200998,0.0
201000,1.6666666666666667
201006,2.0
201010,1.0
201015,5.0
201027,0.0
201028,5.0
201039,2.0
201042,2.0
201043,1.0
201047,0.0
201052,2.0
201063,3.0
201064,2.0
201065,0.0
201067,1.6666666666666667
201074,1.0
201075,2.0
201079,2.3333333333333335
201082,1.75
201084,2.5
201087,1.3333333333333333
201088,1.0
201091,1.0
201094,6.0
201098,4.0
201099,5.0
201101,6.5
201102,1.6666666666666667
201111,0.0
201115,3.0
201121,0.0
201122,1.0
201125,1.6666666666666667
201134,0.0
201137,5.0
201140,2.5
201141,1.0
201142,2.0
201146,1.0
201151,1.0
201152,2.0
201153,0.0
201154,2.0
201155,2.0
201157,1.0
201158,0.0
201159,5.0
201162,4.0
201163,0.0
201164,1.6666666666666667
201168,4.5
201170,2.0
201171,1.0
201172,1.5
201175,3.0
201176,3.0
201187,1.0
201193,1.5
201195,1.0
201196,5.333333333333333
201199,0.0
201200,4.0
201204,2.0
201210,1.0
201211,2.0
201212,1.0
201215,3.6666666666666665
201216,3.0
201217,2.5
201218,2.0
201220,3.0
201221,3.0
201222,5.0
201224,1.0
201225,3.0
201226,1.0
201227,2.5
201230,1.0
201231,1.0
201232,2.25
201233,4.0
201236,1.5
201239,3.0
201240,4.0
201244,4.333333333333333
201246,1.0
201248,0.0
201249,4.0
201251,1.6666666666666667
201254,3.0
201255,1.0
201256,5.666666666666667
201257,3.0
201258,1.5
201259,0.0
201263,1.0
201267,1.5
201272,1.5
201276,1.0
201277,2.0
201278,2.0
201279,4.5
201281,1.3333333333333333
201282,1.5
201284,3.0
201286,2.0
201289,0.0
201290,1.0
201294,1.0
201295,4.0
201299,6.333333333333333
201300,2.0
201301,4.0
201303,2.0
201310,5.0
201312,1.5
201316,2.0
201319,8.5
201321,1.0
201325,2.5
201327,0.0
201329,3.0
201333,7.0
201336,1.0
201339,2.0
201357,0.0
201366,2.5
201371,1.6
201373,2.3333333333333335
201376,3.3333333333333335
201378,3.6666666666666665
201382,3.0
201387,1.0
201388,1.0
201393,3.0
201394,2.75
201396,3.0
201402,2.0
201403,1.0
201404,2.0
201408,0.0
201410,2.0
201412,4.0
201417,2.5
201419,1.5
201422,1.5
201427,3.6666666666666665
201430,1.0
201431,0.0
201434,4.0
201441,1.0
201445,2.5
201448,1.5
201450,2.0
201452,0.0
201453,1.5
201459,1.0
201460,0.0
201462,4.0
201463,4.0
201466,0.0
201469,4.0
201470,4.0
201471,1.0
201472,1.0
201474,0.0
201477,1.0
201478,3.0
201482,4.0
201488,1.0
201492,2.0
201495,5.0
201496,5.0
201498,1.0
201499,6.0
201500,2.0
201501,3.5
201502,2.5
201503,1.5
201506,4.5
201508,2.5
201509,1.0
201514,2.0
201515,2.0
201516,0.0
201518,1.6666666666666667
201521,0.0
201522,1.5
201523,0.0
201524,9.0
201525,2.0
201529,2.0
201536,5.0
201545,1.5
201549,4.0
201552,1.5
201553,0.0
201554,0.0
201555,3.0
201557,2.5
201560,1.5
201565,2.3333333333333335
201566,3.0
201568,2.0
201571,4.0
201572,2.0
201573,1.0
201577,3.0
201580,4.0
201582,2.0
201583,0.0
201587,3.0
201589,4.0
201592,2.0
201594,3.0
201596,2.25
201598,3.0
201600,2.0
201601,1.5
201602,0.0
201607,2.3333333333333335
201618,2.0
201623,1.5
201625,3.3333333333333335
201630,9.0
201632,3.0
201636,1.5
201638,3.0
201642,2.5
201644,0.0
201645,4.0
201651,1.0
201657,0.0
201661,1.5
201664,3.5
201665,2.0
201667,10.25
201670,1.0
201673,4.0
201677,1.0
201680,1.5
201683,1.0
201685,2.0
201686,0.0
201687,4.0
201688,3.3333333333333335
201691,2.0
201701,3.0
201704,3.0
201705,0.0
201706,1.0
201710,1.0
201711,5.666666666666667
201715,1.5
201717,1.0
201720,7.0
201723,1.0
201725,2.0
201727,1.0
201728,1.0
201729,2.0
201731,1.0
201738,2.0
201739,1.0
201747,5.0
201752,2.3333333333333335
201756,2.5
201757,0.0
201759,2.0
201762,3.0
201765,3.25
201769,0.0
201770,1.5
201771,4.0
201772,4.333333333333333
201779,0.0
201780,3.0
201786,3.0
201787,1.0
201788,2.0
201789,1.5
201800,0.0
201801,1.5
201802,2.0
201803,3.0
201807,5.0
201810,2.3333333333333335
201813,0.0
201816,0.0
201818,2.6666666666666665
201824,1.0
201825,2.5
201826,3.0
201828,1.0
201829,3.5
201836,3.0
201842,0.0
201845,2.6666666666666665
201848,3.0
201849,1.5
201851,0.0
201857,0.0
201861,0.0
201868,1.6666666666666667
201869,1.0
201871,1.0
201873,2.5
201875,2.0
201876,2.0
201877,2.0
201883,0.0
201886,2.0
201888,2.0
201889,1.0
201890,1.3333333333333333
201891,2.0
201892,1.3333333333333333
201897,0.0
201900,1.0
201902,7.0
201905,1.0
201909,3.5
201915,1.5
201921,2.0
201923,1.0
201925,3.0
201929,1.0
201936,2.0
201945,1.0
201948,2.6666666666666665
201949,1.0
201951,3.0
201954,1.0
201960,3.0
201962,2.0
201965,1.5
201973,4.0
201976,0.0
201977,1.0
201978,2.0
201980,0.0
201986,2.0
201988,3.0
201995,1.6666666666666667
201996,1.0
202002,7.0
202003,1.5
202004,2.0
202011,0.0
202015,1.0
202020,1.5
202021,2.0
202022,3.0
202023,2.6666666666666665
202026,1.0
202027,0.0
202028,0.0
202032,1.0
202033,1.5
202034,0.0
202037,1.5
202040,2.0
202042,3.0
202048,2.0
202054,1.0
202056,5.0
202057,2.5
202068,2.5
202069,2.0
202074,0.0
202075,4.666666666666667
202077,2.0
202080,0.0
202082,2.0
202083,2.3333333333333335
202084,1.0
202086,2.5
202091,1.0
202093,0.0
202096,2.0
202100,3.0
202102,0.0
202104,8.5
202106,7.0
202110,1.5
202112,1.0
202114,1.0
202115,0.0
202119,1.5
202121,1.0
202124,2.0
202125,1.0
202126,2.5
202128,0.0
202135,1.0
202136,1.5
202142,1.5
202150,9.0
202153,4.0
202154,6.333333333333333
202156,2.5
202159,2.0
202160,5.0
202162,2.2
202163,1.3333333333333333
202165,4.0
202167,1.0
202168,1.0
202172,2.5
202173,8.5
202174,2.0
202176,1.0
202178,0.0
202180,1.5
202181,2.0
202183,2.6666666666666665
202184,2.3333333333333335
202187,0.0
202189,5.0
202193,2.3333333333333335
202198,3.0
202203,2.0
202204,0.0
202206,3.5
202209,3.0
202211,2.0
202212,5.5
202213,1.0
202217,1.0
202218,1.5
202221,1.0
202224,1.3333333333333333
202229,2.0
202230,3.0
202231,1.0
202233,0.0
202238,3.5
202239,0.0
202240,1.5
202241,1.0
202243,2.0
202245,3.3333333333333335
202246,2.5
202247,3.0
202248,3.0
202249,2.6666666666666665
202250,2.5
202251,1.0
202252,1.5
202253,3.0
202254,2.0
202255,1.0
202256,0.0
202261,1.5
202263,1.0
202266,3.0
202267,2.0
202270,1.0
202271,0.0
202273,2.0
202276,2.0
202277,0.0
202283,1.5
202289,2.5
202296,0.0
202301,1.0
202305,5.5
202310,5.0
202311,1.0
202313,2.5
202321,2.0
202323,1.0
202324,5.0
202326,3.0
202331,2.5
202332,1.0
202336,2.0
202339,3.5
202345,2.0
202347,2.0
202349,1.0
202351,2.0
202356,2.0
202369,1.6666666666666667
202372,2.0
202373,2.6666666666666665
202376,2.0
202377,4.0
202379,2.5
202380,2.5
202382,9.0
202388,1.5
202389,1.3333333333333333
202392,1.5
202394,0.0
202395,5.0
202396,1.5
202398,0.0
202406,1.0
202407,2.0
202408,3.0
202409,1.0
202414,4.0
202415,4.0
202420,2.0
202422,1.0
202423,1.5
202426,0.0
202430,0.0
202432,2.0
202433,1.0
202434,0.0
202436,0.0
202438,1.0
202439,0.0
202444,3.0
202447,0.0
202448,1.0
202450,1.0
202452,4.0
202455,1.5
202456,3.0
202458,1.0
202460,2.5
202464,2.3333333333333335
202480,1.5
202485,1.0
202487,0.0
202488,8.0
202491,7.0
202492,7.0
202493,1.0
202496,1.0
202501,1.75
202502,1.75
202503,1.0
202504,2.25
202508,0.0
202511,3.0
202513,1.5
202519,0.0
202521,0.0
202523,5.0
202524,0.0
202525,1.0
202526,3.5
202528,2.6666666666666665
202532,3.5
202539,1.5
202544,2.0
202546,2.5
202547,6.0
202551,1.5
202552,1.6666666666666667
202553,0.0
202555,3.0
202556,0.0
202558,1.5
202559,1.0
202563,2.6666666666666665
202568,2.0
202571,0.0
202579,1.0
202580,0.0
202581,1.0
202583,3.0
202584,2.0
202586,3.0
202600,2.6666666666666665
202606,1.5
202608,2.0
202609,2.0
202617,3.0
202619,1.0
202620,1.0
202621,0.0
202625,4.75
202627,1.5
202628,0.0
202629,0.0
202635,1.0
202636,1.2857142857142858
202638,1.0
202643,1.5
202647,0.0
202652,2.0
202657,0.0
202659,4.0
202664,1.0
202667,0.0
202670,1.0
202680,0.0
202681,2.0
202686,3.0
202688,3.0
202695,0.0
202699,1.6666666666666667
202702,0.0
202703,2.5
202708,1.0
202709,1.5
202715,3.0
202726,1.5
202729,0.0
202741,3.0
202743,1.0
202756,1.0
202757,1.5
202759,2.0
202760,0.0
202761,2.3333333333333335
202762,3.0
202763,1.6666666666666667
202767,1.6
202768,1.5
202769,1.6666666666666667
202771,3.0
202772,1.0
202774,0.0
202777,3.0
202780,2.6666666666666665
202785,2.0
202786,7.0
202787,0.0
202793,7.0
202798,2.0
202804,3.0
202805,5.0
202807,3.0
202808,1.0
202809,1.0
202815,0.0
202816,4.0
202817,1.0
202818,0.0
202822,2.0
202825,1.0
202826,4.5
202827,2.0
202829,5.0
202831,1.0
202833,3.0
202836,2.0
202837,4.0
202839,1.0
202840,1.0
202841,1.0
202842,2.3333333333333335
202843,1.0
202847,1.0
202849,1.0
202850,1.0
202853,2.5
202854,1.5
202858,0.0
202860,2.0
202869,0.0
202871,2.0
202875,3.0
202876,0.0
202881,1.3333333333333333
202887,2.0
202892,4.0
202895,1.0
202897,0.0
202903,3.0
202904,3.0
202905,2.0
202911,3.5
202912,1.25
202914,1.0
202915,2.5
202917,0.0
202922,1.3333333333333333
202924,1.0
202928,4.0
202929,2.0
202931,3.0
202932,3.5
202936,2.5
202937,1.5
202938,1.5
202943,2.6666666666666665
202945,1.5
202946,1.5
202949,2.0
202953,0.0
202958,1.5
202959,2.6666666666666665
202961,6.0
202962,2.0
202963,3.5
202968,1.0
202971,3.0
202976,2.0
202985,2.0
202986,1.2
202987,4.0
202989,3.0
202992,2.3333333333333335
202995,3.0
202998,1.5
202999,1.0
203000,3.0
203002,3.0
203004,0.0
203011,0.0
203012,2.5
203015,1.0
203018,2.0
203020,5.0
203025,1.0
203029,5.0
203030,2.3333333333333335
203032,4.0
203034,2.3333333333333335
203036,0.0
203040,1.5
203050,1.0
203051,1.0
203052,5.0
203054,3.6666666666666665
203055,4.0
203057,4.0
203059,2.0
203062,1.6666666666666667
203063,1.5
203064,2.75
203075,0.0
203076,1.0
203077,0.0
203078,1.0
203079,4.0
203080,0.0
203087,3.5
203090,2.0
203095,3.0
203096,2.0
203099,1.0
203100,2.0
203107,0.0
203110,2.6666666666666665
203114,3.0
203115,0.0
203118,1.0
203120,2.6666666666666665
203123,4.0
203125,1.5
203132,2.0
203136,4.5
203138,0.0
203139,0.0
203140,1.6666666666666667
203141,0.0
203142,4.0
203143,0.0
203144,1.0
203146,2.0
203151,1.0
203154,4.0
203157,0.0
203160,1.3333333333333333
203161,3.5
203163,6.0
203164,1.25
203170,1.0
203172,2.0
203175,2.0
203177,2.5
203183,2.5
203184,2.0
203185,0.0
203191,1.5
203193,1.0
203194,4.5
203204,1.0
203208,1.0
203210,1.0
203211,2.0
203220,0.0
203222,2.0
203224,2.0
203227,5.0
203229,0.0
203230,2.0
203231,0.0
203232,0.0
203235,1.0
203237,2.5
203239,1.0
203240,1.0
203242,1.0
203245,2.5
203251,2.0
203253,3.0
203254,4.5
203256,0.0
203257,4.0
203258,3.5
203259,3.5
203260,1.0
203263,1.0
203264,2.5
203274,0.0
203284,5.0
203285,1.0
203286,2.5
203293,3.0
203300,2.3333333333333335
203301,1.0
203304,1.6666666666666667
203306,0.0
203309,3.5
203310,2.0
203312,0.0
203314,2.0
203315,2.0
203318,1.0
203323,7.0
203330,1.0
203336,3.0
203337,1.0
203350,1.0
203352,2.5
203354,4.0
203355,2.0
203357,1.0
203358,2.75
203363,2.0
203364,2.5
203368,2.0
203370,0.0
203372,2.5
203376,3.6666666666666665
203378,2.0
203381,1.5
203383,2.0
203384,4.5
203386,4.0
203388,1.6666666666666667
203390,3.5
203391,0.0
203392,2.0
203394,0.0
203396,0.0
203399,2.0
203404,1.0
203410,1.0
203415,1.0
203419,2.0
203423,1.0
203425,3.0
203426,2.0
203428,6.0
203439,1.0
203440,1.5
203443,3.0
203455,2.0
203459,4.5
203461,3.6666666666666665
203464,2.5
203466,0.0
203471,2.0
203472,3.0
203474,2.0
203476,1.0
203481,1.0
203482,1.3333333333333333
203484,2.5
203488,2.3333333333333335
203489,1.0
203490,3.0
203491,4.0
203495,2.0
203500,9.0
203501,5.0
203506,2.3333333333333335
203510,5.0
203515,1.0
203516,1.75
203519,2.6666666666666665
203521,3.3333333333333335
203523,2.5
203526,5.0
203530,1.0
203533,2.0
203537,2.0
203538,0.0
203540,1.0
203543,0.0
203544,1.0
203545,2.0
203547,2.0
203548,1.0
203554,3.0
203555,0.0
203557,1.5
203558,3.0
203563,1.5
203564,2.0
203568,1.0
203570,3.0
203571,2.0
203572,2.0
203576,1.0
203577,0.0
203580,3.0
203586,1.5
203587,1.5
203590,2.5
203591,2.5
203593,1.0
203594,1.5
203596,3.6666666666666665
203597,3.0
203598,1.0
203600,0.0
203603,0.0
203605,6.0
203614,1.0
203620,2.0
203623,4.666666666666667
203624,0.0
203626,3.0
203629,1.0
203634,1.5
203639,2.0
203642,5.0
203643,2.0
203645,0.0
203646,2.0
203649,1.5
203651,3.0
203654,2.0
203657,1.0
203658,0.0
203662,2.5
203665,1.5
203673,3.0
203675,7.5
203676,1.0
203678,1.0
203680,1.0
203682,1.0
203683,2.0
203684,3.0
203685,2.75
203686,5.0
203689,0.0
203691,0.0
203694,1.0
203698,0.0
203700,1.0
203701,2.0
203703,3.0
203707,2.0
203709,3.5
203710,0.0
203712,0.0
203717,1.0
203720,5.333333333333333
203721,3.0
203729,3.0
203733,2.0
203737,2.0
203738,1.8
203739,3.0
203740,2.6666666666666665
203742,2.0
203743,1.0
203744,2.3333333333333335
203745,9.0
203746,8.0
203747,1.0
203748,1.0
203752,1.0
203756,1.0
203761,1.6666666666666667
203764,1.6666666666666667
203765,0.0
203766,1.5
203768,1.5
203769,2.3333333333333335
203772,2.75
203775,2.0
203777,2.5
203779,3.0
203781,8.5
203783,5.0
203785,2.0
203788,1.5
203790,0.0
203791,1.0
203795,1.0
203817,2.0
203818,3.0
203820,3.0
203821,2.0
203826,3.0
203828,2.0
203829,1.0
203830,3.0
203831,1.5
203844,1.0
203847,1.8
203848,1.5
203849,3.6666666666666665
203855,4.5
203859,3.0
203861,1.0
203864,4.0
203865,3.0
203866,1.0
203868,0.0
203871,6.0
203872,1.0
203874,1.0
203876,3.0
203878,1.5
203879,6.0
203885,0.0
203888,1.0
203889,1.5
203891,0.0
203894,4.0
203899,0.0
203905,1.0
203906,2.0
203907,1.5
203910,1.0
203914,1.0
203917,1.0
203919,3.0
203923,0.0
203925,1.0
203926,2.5
203928,0.0
203932,3.0
203933,1.8
203936,2.0
203939,0.0
203940,2.0
203945,1.0
203947,2.0
203948,4.0
203953,6.5
203955,2.0
203958,1.0
203959,1.0
203961,0.0
203962,5.0
203966,3.0
203967,3.0
203970,2.0
203976,2.5
203979,0.0
203983,1.5
203987,3.0
203991,0.0
203992,1.0
203993,2.5
203997,1.0
204004,2.0
204006,1.5
204007,1.0
204014,1.0
204015,1.0
204020,2.0
204026,4.0
204027,4.0
204028,1.0
204029,3.5
204030,4.0
204034,4.0
204037,5.0
204041,3.0
204044,0.0
204045,2.0
204048,1.6666666666666667
204049,2.0
204051,1.0
204054,1.0
204063,4.0
204066,4.5
204067,2.5
204069,1.0
204071,1.0
204076,3.0
204081,1.25
204082,2.0
204089,0.0
204090,4.0
204092,2.0
204094,1.0
204098,0.0
204100,5.0
204101,1.0
204103,0.0
204105,1.5
204110,2.0
204113,2.0
204117,1.5
204121,4.0
204123,5.0
204135,1.5
204136,1.5
204137,3.0
204138,2.0
204141,1.0
204146,2.0
204147,1.0
204150,3.5
204153,2.0
204156,1.0
204157,5.0
204159,1.0
204161,1.0
204166,2.0
204172,1.0
204179,2.5
204183,4.0
204186,1.0
204188,1.5
204192,1.5
204194,5.0
204197,4.0
204198,2.5
204199,2.0
204200,1.6666666666666667
204202,6.0
204203,1.5
204209,1.0
204210,2.0
204216,4.5
204217,2.0
204218,2.0
204220,3.0
204222,2.0
204223,1.6666666666666667
204225,1.0
204228,1.0
204232,3.0
204234,4.333333333333333
204236,2.6666666666666665
204237,2.5
204241,3.6666666666666665
204248,1.5
204249,0.0
204255,1.0
204256,1.0
204262,2.0
204263,3.0
204266,1.75
204271,4.5
204275,0.0
204277,2.5
204278,2.5
204279,0.0
204287,1.5
204288,1.0
204290,0.0
204297,0.0
204301,1.5
204306,3.0
204307,1.0
204308,3.0
204316,1.0
204321,1.0
204324,0.0
204326,2.0
204329,3.0
204330,2.0
204332,3.0
204336,5.0
204338,2.0
204340,1.0
204346,2.0
204349,2.0
204351,1.5
204352,0.0
204353,2.3333333333333335
204359,4.0
204364,3.5
204365,1.6
204369,1.0
204373,1.0
204374,10.0
204376,0.0
204378,2.5
204379,2.0
204381,0.0
204384,3.5
204385,2.5
204389,2.0
204390,1.0
204403,1.0
204408,1.5
204410,3.0
204415,3.0
204416,1.5
204417,1.0
204418,2.0
204419,0.0
204421,1.5
204423,3.0
204427,1.0
204429,3.0
204432,2.5
204433,3.0
204435,5.0
204436,0.0
204441,2.0
204442,6.5
204444,7.5
204446,2.0
204450,1.0
204451,2.5
204453,2.0
204455,1.0
204457,1.5
204458,1.5
204459,1.0
204462,6.5
204463,2.3333333333333335
204464,1.0
204467,6.0
204472,1.0
204474,1.0
204475,4.0
204476,4.0
204480,3.5
204481,0.0
204482,1.0
204487,2.6666666666666665
204488,3.0
204490,1.0
204493,1.0
204494,3.5
204496,1.0
204498,1.5
204501,4.0
204504,1.2
204505,1.0
204506,1.0
204510,1.5
204512,4.0
204520,0.0
204521,2.0
204522,2.0
204526,2.25
204527,3.0
204528,2.3333333333333335
204529,0.0
204530,1.5
204532,1.0
204533,1.6666666666666667
204534,0.0
204536,2.5
204537,1.0
204538,1.0
204539,4.0
204546,1.5
204549,1.0
204550,2.5
204553,2.0
204560,0.0
204561,1.5
204562,2.0
204563,1.0
204564,2.0
204565,2.0
204572,15.0
204577,1.0
204578,2.0
204579,1.0
204580,0.0
204581,2.5
204582,0.0
204584,1.0
204586,2.5
204589,3.0
204590,4.5
204595,2.0
204596,1.0
204597,2.0
204602,2.0
204606,4.0
204612,1.5
204615,5.0
204617,7.0
204619,5.333333333333333
204623,4.0
204626,4.5
204631,4.0
204632,0.0
204641,2.5
204642,10.0
204646,0.0
204647,5.0
204648,2.5
204649,3.5
204651,2.0
204654,3.0
204656,1.5
204657,0.0
204658,0.0
204663,0.0
204667,0.0
204669,1.0
204682,3.0
204683,2.0
204686,3.0
204687,2.0
204692,2.0
204693,3.0
204694,1.75
204699,3.0
204704,1.0
204710,2.0
204711,0.0
204714,3.0
204715,1.0
204716,2.0
204717,3.0
204721,1.0
204722,2.5
204723,1.5
204730,3.4
204731,1.5
204735,1.0
204737,0.0
204741,0.0
204743,2.6666666666666665
204744,5.5
204746,2.5
204751,1.5
204752,2.0
204753,1.0
204754,1.0
204756,1.0
204757,1.0
204760,2.0
204762,2.6666666666666665
204763,2.5
204764,3.5
204769,6.0
204770,1.0
204772,3.3333333333333335
204775,1.0
204777,2.0
204780,3.0
204781,3.3333333333333335
204788,5.0
204789,1.0
204791,1.3333333333333333
204792,1.0
204793,2.0
204796,1.0
204797,2.5
204805,4.0
204807,3.0
204808,0.0
204811,4.0
204812,1.0
204815,3.0
204816,3.0
204817,0.0
204820,0.0
204823,2.25
204829,2.0
204832,1.0
204834,2.5
204835,4.0
204837,1.0
204842,6.0
204846,10.0
204848,2.0
204850,1.0
204856,4.0
204858,5.666666666666667
204859,9.333333333333334
204860,0.0
204861,0.0
204870,4.0
204874,2.6666666666666665
204875,0.0
204876,2.3333333333333335
204877,2.0
204881,2.0
204882,1.5
204884,2.0
204893,3.5
204897,3.0
204898,2.6666666666666665
204899,2.5
204900,5.5
204908,4.0
204910,2.0
204916,2.0
204918,0.0
204919,1.0
204923,2.5
204924,2.5
204925,2.5
204928,5.333333333333333
204931,2.0
204934,3.0
204941,2.0
204948,3.5
204949,1.0
204951,2.0
204962,1.0
204963,2.0
204964,5.0
204967,1.5
204969,0.0
204972,5.5
204973,1.0
204977,1.0
204978,1.3333333333333333
204980,3.0
204982,1.5
204983,1.6666666666666667
204986,1.5
204987,0.0
204988,5.0
204990,0.0
204998,1.0
205003,2.0
205004,6.0
205005,0.0
205007,5.0
205010,0.0
205014,2.0
205015,1.5
205016,1.0
205023,0.0
205024,5.0
205025,2.0
205031,3.5
205032,0.0
205034,2.6666666666666665
205037,0.0
205039,3.0
205040,2.0
205049,3.0
205050,2.5
205052,2.0
205053,0.0
205056,2.0
205063,2.0
205064,3.0
205068,3.5
205070,1.0
205073,2.0
205074,3.0
205078,2.0
205084,2.0
205085,2.5
205089,2.0
205092,0.0
205093,0.0
205099,1.5
205104,3.0
205105,2.0
205107,2.5
205108,6.0
205113,1.0
205116,1.5
205118,1.75
205120,3.25
205124,5.0
205127,1.0
205129,1.0
205130,2.0
205133,1.5
205134,7.0
205136,1.5
205139,0.0
205141,3.0
205151,2.0
205153,4.0
205155,2.0
205161,2.3333333333333335
205162,0.0
205165,2.0
205171,1.0
205172,1.5
205176,0.0
205184,1.0
205192,2.0
205194,3.0
205195,0.0
205198,4.333333333333333
205199,2.0
205205,2.5
205206,1.6666666666666667
205209,2.0
205213,1.5
205217,2.0
205219,1.0
205222,6.0
205223,3.0
205226,5.0
205227,1.0
205231,2.0
205232,2.3333333333333335
205235,1.6666666666666667
205236,3.0
205237,1.0
205238,1.0
205242,1.0
205244,5.0
205245,2.0
205251,1.0
205253,1.0
205257,1.0
205260,2.0
205262,5.0
205263,2.5
205264,1.0
205270,2.6666666666666665
205272,0.0
205273,1.5
205279,1.0
205280,2.0
205285,1.0
205286,2.5
205288,1.3333333333333333
205291,2.6666666666666665
205293,1.0
205299,3.5
205301,2.0
205302,4.0
205308,1.0
205309,2.0
205312,2.0
205313,5.0
205315,3.0
205318,1.0
205323,0.0
205328,1.6666666666666667
205331,2.0
205334,3.0
205335,1.75
205337,3.0
205338,1.0
205339,6.0
205341,1.0
205342,1.5
205346,2.0
205347,1.5
205349,4.5
205354,1.0
205355,8.5
205356,2.0
205358,2.0
205368,2.5
205374,3.5
205376,0.0
205378,1.0
205379,0.0
205380,0.0
205381,2.0
205384,2.0
205385,2.0
205386,1.0
205389,3.0
205393,1.0
205396,4.0
205397,2.0
205402,1.0
205405,1.0
205407,2.0
205412,3.0
205414,6.0
205416,4.25
205417,0.0
205419,2.0
205420,2.6666666666666665
205422,7.0
205425,18.0
205426,2.0
205428,1.0
205429,0.0
205432,0.0
205434,2.0
205435,3.3333333333333335
205438,2.0
205443,1.5
205448,4.0
205450,1.0
205452,1.0
205455,3.0
205457,2.0
205459,3.5
205462,1.5
205464,0.0
205466,3.5
205472,2.0
205478,10.0
205479,1.0
205480,5.0
205481,1.0
205482,0.0
205484,1.0
205485,2.0
205489,3.5
205490,1.5
205491,3.0
205494,3.0
205496,2.5
205497,3.5
205498,1.0
205500,1.0
205508,3.0
205512,3.0
205513,1.0
205517,2.0
205518,2.0
205520,1.5
205523,1.5
205525,3.0
205528,0.0
205532,3.0
205533,1.0
205534,2.6666666666666665
205540,1.5
205546,2.5
205562,1.5
205565,1.5
205566,1.0
205569,2.0
205572,0.0
205574,3.0
205575,2.5
205577,0.0
205578,5.0
205582,2.0
205585,5.0
205590,5.0
205595,1.0
205597,2.5
205600,2.0
205601,3.0
205604,2.0
205606,3.5
205610,3.0
205616,7.0
205617,2.0
205622,1.0
205624,1.5
205626,1.8
205627,2.0
205630,1.3333333333333333
205639,5.5
205640,1.5
205644,3.0
205650,5.5
205652,1.5
205661,6.0
205664,0.0
205666,1.5
205676,2.0
205679,5.0
205681,2.0
205682,1.0
205684,2.6666666666666665
205685,3.0
205690,2.0
205691,0.0
205693,0.0
205694,2.0
205695,1.5
205697,0.0
205700,1.0
205705,2.0
205708,2.5
205711,1.0
205712,9.0
205713,3.0
205716,2.0
205717,0.0
205718,4.0
205721,1.0
205723,2.0
205732,7.666666666666667
205733,2.0
205735,3.0
205738,0.0
205754,2.5
205755,3.0
205756,2.0
205757,1.0
205758,2.0
205764,1.5
205767,0.0
205770,3.0
205772,0.0
205776,2.0
205780,4.0
205783,1.0
205786,1.5
205788,5.5
205791,1.5
205793,1.5
205797,4.0
205798,1.0
205799,1.0
205800,2.5
205803,5.0
205812,1.5
205815,2.5
205816,5.0
205822,1.0
205828,3.0
205829,1.5
205833,1.5
205839,2.6666666666666665
205842,1.0
205845,1.0
205846,2.5
205849,0.0
205853,1.5
205857,3.25
205858,2.0
205862,0.0
205866,1.5
205867,2.0
205868,1.5
205870,1.3333333333333333
205873,2.3333333333333335
205875,4.0
205878,1.0
205883,3.0
205887,2.0
205893,1.3333333333333333
205897,1.0
205903,0.0
205904,2.0
205905,2.0
205912,0.0
205918,0.0
205920,1.0
205921,2.0
205928,2.0
205931,3.0
205932,4.5
205934,2.0
205937,6.0
205939,2.0
205941,0.0
205945,1.0
205955,2.0
205966,3.3333333333333335
205970,0.0
205971,1.6666666666666667
205974,0.0
205976,1.0
205978,4.5
205979,3.0
205984,2.3333333333333335
205985,2.0
205987,1.0
205988,2.0
205990,2.0
205995,1.0
206000,2.0
206003,1.5
206006,4.0
206009,4.0
206010,3.5
206011,2.25
206014,3.3333333333333335
206016,1.5
206017,1.0
206019,2.0
206020,1.0
206023,3.0
206024,2.3333333333333335
206026,1.5
206035,2.3333333333333335
206037,2.0
206041,3.0
206043,1.0
206044,2.25
206045,3.0
206046,3.0
206048,2.5
206050,5.0
206053,2.5
206055,1.0
206057,2.0
206064,1.0
206065,4.0
206068,1.3333333333333333
206070,5.0
206071,1.0
206073,1.3333333333333333
206074,2.0
206076,1.0
206078,3.0
206079,0.0
206080,1.6666666666666667
206081,1.0
206082,3.0
206085,1.0
206086,2.0
206094,4.5
206097,2.5
206098,2.0
206102,5.0
206108,1.5
206116,1.5
206123,1.0
206127,1.0
206128,1.0
206131,3.0
206132,3.5
206133,6.0
206134,4.0
206135,0.0
206138,1.3333333333333333
206140,2.5
206141,11.0
206142,6.0
206147,1.0
206148,1.5
206151,2.0
206154,1.3333333333333333
206155,1.0
206156,3.0
206160,2.6666666666666665
206161,1.5
206162,2.0
206165,0.0
206166,1.0
206168,1.5
206169,2.5
206170,1.0
206171,1.5
206172,1.0
206173,2.5
206174,2.0
206177,3.5
206178,1.0
206181,0.0
206182,3.0
206187,2.0
206188,0.0
206189,1.0
206190,3.0
206199,1.5
206203,0.0
206207,2.0
206212,1.0
206216,2.5
206218,3.0
206220,3.0
206224,1.5
206226,0.0
206228,2.0
206229,3.0
206230,1.0
206231,0.0
206232,2.0
206233,1.5
206234,2.0
206236,2.0
206237,5.0
206238,7.0
206239,5.0
206246,0.0
206247,2.75
206253,1.0
206257,3.5
206262,1.0
206263,2.5
206266,2.0
206272,2.0
206273,2.5
206274,3.5
206275,1.0
206279,0.0
206280,2.0
206287,1.5
206288,2.0
206293,0.0
206296,0.0
206299,3.0
206302,2.0
206303,0.0
206304,3.0
206305,3.0
206306,1.0
206307,1.0
206308,0.0
206314,0.0
206324,0.0
206330,1.5
206334,2.0
206336,2.0
206341,1.0
206347,5.5
206349,2.0
206350,1.0
206353,0.0
206354,2.0
206355,1.5
206356,1.0
206358,1.6666666666666667
206365,0.0
206369,9.0
206370,0.0
206375,0.0
206376,3.0
206379,1.3333333333333333
206381,1.0
206387,2.0
206390,1.0
206393,0.0
206408,3.0
206411,3.3333333333333335
206412,1.3333333333333333
206415,1.0
206421,1.0
206427,2.0
206436,18.0
206439,1.0
206440,1.0
206441,1.0
206456,3.0
206457,1.0
206458,2.0
206460,0.0
206470,0.0
206471,0.0
206482,2.0
206483,0.0
206487,2.0
206491,0.0
206494,0.0
206499,1.0
206501,2.5
206503,3.0
206510,1.25
206515,0.0
206517,4.0
206520,2.5
206524,3.0
206525,1.0
206526,2.6666666666666665
206529,0.0
206530,5.333333333333333
206533,7.0
206540,1.0
206541,3.0
206543,1.5
206544,1.0
206548,0.0
206552,2.5
206556,1.5
206560,4.333333333333333
206561,0.0
206562,2.3333333333333335
206565,2.25
206566,1.0
206568,0.0
206575,4.0
206580,0.0
206581,2.5
206584,9.0
206585,0.0
206590,0.0
206592,1.0
206593,1.3333333333333333
206598,1.3333333333333333
206600,4.0
206602,4.0
206610,3.5
206613,2.6666666666666665
206614,3.25
206616,3.0
206619,2.0
206621,7.0
206624,2.3333333333333335
206627,5.0
206628,2.0
206631,2.5
206633,1.5
206638,2.0
206639,2.3333333333333335
206640,3.0
206642,4.0
206643,2.0
206646,1.0
206651,2.0
206654,2.25
206655,4.0
206656,1.5
206662,0.0
206664,1.0
206668,0.0
206671,0.0
206674,3.25
206680,1.5
206682,0.0
206683,1.0
206689,1.75
206692,3.0
206693,0.0
206694,1.6666666666666667
206696,6.0
206698,1.5
206700,2.0
206704,3.0
206706,3.0
206712,2.0
206718,0.0
206723,1.5
206729,4.5
206730,4.5
206731,1.5
206735,3.5
206739,3.0
206744,2.0
206746,3.0
206747,1.3333333333333333
206748,1.0
206750,3.5
206755,3.0
206756,0.0
206760,4.5
206762,1.5
206765,2.0
206766,7.0
206767,2.0
206773,4.0
206774,0.0
206780,3.0
206783,2.0
206784,1.6666666666666667
206785,0.0
206787,1.0
206791,4.0
206792,2.5
206793,1.0
206794,1.0
206797,1.6666666666666667
206798,1.0
206799,2.5
206800,2.5
206801,2.0
206802,0.0
206804,1.6666666666666667
206808,1.0
206811,0.0
206814,2.0
206815,3.0
206819,2.5
206820,2.3333333333333335
206822,1.0
206823,1.5
206825,1.6666666666666667
206826,1.0
206829,1.0
206830,4.333333333333333
206834,2.0
206836,1.6666666666666667
206840,4.0
206841,4.0
206843,2.5
206844,2.0
206845,2.0
206846,6.0
206847,0.0
206849,1.3333333333333333
206852,1.6666666666666667
206856,0.0
206857,1.0
206862,0.0
206863,3.0
206865,1.0
206869,3.5
206870,5.0
206872,3.0
206874,2.5
206875,0.0
206876,1.0
206877,3.0
206883,2.0
206888,0.0
206889,4.333333333333333
206890,0.0
206896,6.0
206898,2.6666666666666665
206899,5.5
206901,3.0
206902,2.5
206905,0.0
206906,0.0
206908,2.0
206909,2.3333333333333335
206910,0.0
206914,0.0
206918,3.0
206926,2.0
206927,2.0
206929,1.0
206932,2.0
206933,0.0
206935,3.0
206937,4.0
206938,4.333333333333333
206944,2.0
206957,5.5
206958,2.0
206959,2.0
206964,3.0
206967,2.0
206971,3.0
206974,2.0
206975,1.5
206977,0.0
206981,0.0
206984,4.333333333333333
206985,4.333333333333333
206988,2.75
206990,2.0
206996,3.0
206998,1.0
207002,4.0
207003,0.0
207004,3.0
207005,1.0
207006,1.0
207010,1.5
207012,3.0
207018,1.0
207020,2.3333333333333335
207021,3.0
207022,4.0
207024,4.0
207028,3.0
207029,2.6666666666666665
207031,1.0
207032,1.0
207033,2.3333333333333335
207035,3.0
207045,2.5
207049,2.0
207051,0.0
207053,1.0
207054,1.0
207055,4.5
207061,1.0
207064,0.0
207070,4.0
207071,0.0
207073,5.0
207078,1.0
207080,3.0
207082,1.5
207083,4.5
207086,3.0
207087,4.5
207090,1.0
207092,1.0
207100,3.3333333333333335
207102,5.0
207105,5.0
207114,1.0
207115,5.0
207120,1.0
207122,2.5
207123,0.0
207127,2.0
207128,4.0
207129,2.5
207134,1.5
207137,2.3333333333333335
207138,0.0
207139,1.6666666666666667
207140,2.5
207143,2.3333333333333335
207145,0.0
207146,0.0
207148,3.5
207150,1.25
207151,1.3333333333333333
207153,3.0
207157,0.0
207159,0.0
207170,2.0
207171,1.6666666666666667
207172,1.0
207175,1.5
207178,1.0
207179,1.0
207180,2.0
207183,1.5
207188,3.0
207190,1.0
207191,8.0
207193,6.0
207195,2.0
207200,2.5
207202,0.0
207203,1.25
207208,1.0
207211,4.0
207214,2.6666666666666665
207215,3.5
207225,4.0
207227,5.0
207233,4.0
207236,2.6666666666666665
207239,0.0
207242,1.0
207245,0.0
207249,0.0
207255,1.3333333333333333
207260,2.0
207264,2.0
207270,5.0
207273,2.0
207281,2.0
207283,3.6666666666666665
207288,1.0
207289,1.5
207290,4.0
207297,2.0
207298,2.0
207299,1.0
207301,1.5
207304,2.0
207307,5.0
207311,2.0
207312,2.0
207314,3.0
207317,0.0
207321,3.0
207322,3.0
207324,1.0
207330,0.0
207336,2.0
207341,2.5
207342,0.0
207343,4.0
207349,2.3333333333333335
207350,2.0
207352,3.6666666666666665
207353,1.0
207356,2.3333333333333335
207360,0.0
207361,0.0
207367,1.0
207368,1.6666666666666667
207371,3.0
207377,1.0
207378,2.0
207379,4.0
207380,0.0
207383,3.0
207390,1.0
207398,4.0
207399,0.0
207401,0.0
207404,2.0
207405,2.0
207406,1.0
207407,2.0
207412,1.0
207415,2.5
207416,0.0
207417,0.0
207418,1.0
207422,1.0
207430,4.0
207432,2.6666666666666665
207440,1.3333333333333333
207442,1.0
207444,1.0
207445,2.0
207447,1.5
207448,2.0
207449,2.0
207453,2.5
207458,3.5
207461,3.0
207463,1.0
207464,1.3333333333333333
207466,3.0
207470,1.0
207473,2.0
207476,2.0
207479,2.0
207485,8.0
207486,2.5
207488,1.0
207492,1.0
207494,3.6666666666666665
207497,2.8
207499,1.0
207502,2.0
207506,1.0
207509,3.5
207512,2.5
207515,1.0
207519,1.0
207522,1.6666666666666667
207528,2.0
207531,1.0
207532,2.3333333333333335
207536,1.0
207539,2.0
207546,0.0
207547,0.0
207552,1.3333333333333333
207554,2.0
207564,0.0
207565,1.0
207567,2.0
207569,3.0
207571,0.0
207581,7.0
207583,1.0
207588,1.0
207589,0.0
207592,5.0
207594,0.0
207595,2.0
207601,2.6666666666666665
207605,4.5
207609,1.5
207611,1.0
207619,4.0
207624,2.75
207626,1.3333333333333333
207631,3.6666666666666665
207633,1.0
207634,2.0
207640,2.0
207641,3.0
207644,3.0
207646,3.0
207648,0.0
207649,1.5
207650,1.0
207651,3.0
207658,0.0
207660,4.333333333333333
207662,3.0
207668,0.0
207670,2.0
207673,2.5
207674,2.0
207678,4.0
207679,1.5
207680,5.0
207681,3.0
207683,2.0
207684,0.0
207685,0.0
207686,0.0
207687,3.0
207689,6.5
207691,1.0
207694,2.0
207695,0.0
207696,0.0
207698,2.6666666666666665
207701,1.6666666666666667
207702,1.0
207704,2.0
207710,1.25
207711,1.0
207712,0.0
207713,0.0
207718,4.0
207719,3.5
207722,3.0
207726,7.0
207727,1.6666666666666667
207728,1.0
207729,1.5
207730,6.0
207731,2.0
207738,1.0
207742,1.5
207746,2.6666666666666665
207749,0.0
207751,3.5
207757,3.0
207758,2.0
207759,1.0
207760,6.0
207761,9.0
207762,2.0
207764,3.0
207769,1.0
207770,0.0
207771,0.0
207772,4.0
207774,1.6666666666666667
207777,4.0
207780,0.0
207783,2.5
207786,1.0
207791,0.0
207792,2.6666666666666665
207799,2.0
207801,1.0
207802,1.5
207803,1.0
207805,3.0
207806,3.0
207809,2.0
207814,0.0
207816,5.0
207817,7.0
207820,3.0
207829,6.0
207830,2.0
207839,1.0
207840,3.0
207842,2.5
207846,5.0
207847,1.0
207849,1.5
207852,3.5
207853,2.0
207854,3.25
207856,2.0
207860,1.0
207872,2.5
207873,3.0
207876,7.0
207879,1.0
207880,3.0
207882,4.5
207885,0.0
207886,2.3333333333333335
207890,2.0
207892,0.0
207893,1.0
207896,3.0
207900,5.333333333333333
207907,0.0
207909,1.0
207915,3.0
207917,1.5
207922,2.0
207924,3.0
207925,5.5
207933,0.0
207935,1.5
207938,0.0
207951,3.0
207953,6.0
207956,2.5
207957,0.0
207960,2.0
207963,1.6666666666666667
207964,0.0
207965,2.0
207968,2.0
207971,1.5
207972,2.0
207980,0.0
207987,3.0
207988,0.0
207989,0.0
207992,0.0
207998,2.0
208001,0.0
208006,0.0
208009,2.5
208012,1.0
208013,2.0
208017,0.0
208018,0.0
208023,2.25
208025,1.0
208026,3.0
208034,0.0
208036,5.0
208039,2.5
208044,3.0
208053,0.0
208055,4.0
208056,2.0
208061,1.0
208063,3.6666666666666665
208064,0.0
208067,1.5
208068,1.0
208069,3.5
208074,0.0
208077,0.0
208078,2.5
208081,3.0
208085,0.0
208092,1.3333333333333333
208093,1.0
208094,1.0
208096,4.0
208099,1.5
208102,2.25
208111,4.0
208113,0.0
208114,1.0
208117,0.0
208118,0.0
208120,1.5
208123,2.0
208125,0.0
208126,1.0
208127,2.0
208136,1.0
208137,5.0
208139,2.0
208140,2.0
208142,0.0
208144,1.0
208150,2.5
208151,2.0
208158,2.5
208162,2.0
208164,1.3333333333333333
208169,1.5
208172,3.5
208187,4.75
208188,2.0
208191,1.0
208193,2.0
208198,0.0
208200,2.0
208202,1.3333333333333333
208209,0.0
208210,0.0
208214,1.0
208217,1.0
208220,2.5
208222,1.0
208224,1.0
208226,5.0
208229,0.0
208236,0.0
208252,1.5
208260,4.333333333333333
208261,2.0
208264,2.3333333333333335
208265,4.5
208267,3.0
208269,0.0
208272,1.0
208278,3.0
208279,2.0
208283,1.0
208284,1.0
208285,3.5
208288,3.5
208289,1.0
208290,1.0
208292,4.5
208294,1.5
208295,3.0
208304,7.0
208306,2.0
208307,1.0
208308,3.0
208310,1.5
208312,3.0
208313,7.5
208314,1.5
208315,2.0
208319,1.5
208320,1.0
208322,3.0
208324,1.5
208326,0.0
208329,1.5
208331,3.0
208333,1.5
208336,0.0
208337,0.0
208338,0.0
208342,4.0
208347,1.0
208348,2.6666666666666665
208350,2.0
208354,1.0
208355,2.0
208358,0.0
208360,2.0
208361,1.6666666666666667
208364,3.3333333333333335
208367,3.0
208369,3.0
208371,1.5
208372,2.5
208373,2.0
208375,2.3333333333333335
208376,0.0
208379,1.0
208384,2.0
208385,2.8
208390,1.3333333333333333
208392,0.0
208395,1.0
208401,1.0
208403,3.0
208404,1.0
208411,2.3333333333333335
208414,2.0
208415,3.6666666666666665
208417,3.0
208419,3.0
208421,3.0
208422,3.6666666666666665
208424,3.0
208425,1.5
208426,0.0
208428,0.0
208429,2.5
208431,0.0
208434,4.0
208436,2.0
208442,3.5
208447,4.333333333333333
208449,1.0
208450,2.25
208458,2.5
208461,2.0
208464,2.0
208466,3.75
208468,1.5
208470,2.5
208473,1.0
208477,4.0
208478,12.0
208481,1.0
208482,2.5
208483,2.6666666666666665
208487,2.0
208488,2.0
208491,0.0
208492,0.0
208493,0.0
208497,5.0
208502,1.0
208507,6.0
208508,2.0
208515,2.0
208526,5.0
208530,3.0
208535,2.5
208538,2.0
208542,3.25
208543,2.0
208545,3.0
208546,2.0
208548,2.0
208549,2.0
208552,3.3333333333333335
208557,1.5
208561,0.0
208562,5.0
208563,2.5
208564,0.0
208566,3.0
208569,1.0
208574,2.0
208576,1.0
208577,0.0
208578,1.6666666666666667
208583,1.5
208585,0.0
208586,1.0
208587,0.0
208588,1.0
208593,2.5
208595,4.0
208602,1.0
208605,2.0
208606,1.3333333333333333
208607,3.0
208609,1.0
208610,4.5
208611,0.0
208612,5.0
208613,3.0
208615,2.0
208616,1.3333333333333333
208617,1.5
208619,0.0
208620,1.0
208623,3.0
208624,0.0
208627,0.0
208628,4.666666666666667
208630,0.0
208633,2.0
208634,1.0
208636,1.0
208641,1.0
208642,2.0
208645,1.0
208648,3.0
208649,2.0
208651,6.0
208653,0.0
208657,2.0
208659,1.0
208661,3.0
208662,1.3333333333333333
208663,2.0
208664,4.0
208667,1.4
208682,0.0
208683,4.5
208684,2.3333333333333335
208689,2.0
208690,1.5
208691,0.0
208692,3.0
208696,1.3333333333333333
208699,2.0
208700,0.0
208701,0.0
208703,1.0
208706,1.5
208710,1.5
208711,4.8
208714,5.0
208715,5.5
208717,2.0
208718,0.0
208719,1.0
208720,3.0
208722,0.0
208726,5.5
208727,3.5
208729,1.0
208730,2.0
208739,2.0
208742,3.0
208743,4.0
208745,1.3333333333333333
208758,1.5
208761,2.0
208767,2.6666666666666665
208768,2.0
208771,3.0
208778,0.0
208782,1.0
208789,0.0
208795,2.0
208798,1.5
208799,1.0
208803,2.0
208809,9.0
208812,5.0
208813,2.5
208815,3.0
208817,2.0
208820,7.0
208828,1.5
208832,3.0
208833,2.0
208837,1.6666666666666667
208838,0.0
208839,3.3333333333333335
208841,4.0
208842,3.5
208845,1.0
208847,6.0
208848,2.3333333333333335
208857,1.6666666666666667
208859,3.0
208861,1.5
208863,2.5
208864,1.0
208869,2.3333333333333335
208872,1.0
208882,2.5
208884,1.5
208885,2.0
208886,5.0
208891,3.3333333333333335
208892,2.0
208895,2.0
208897,2.0
208902,2.0
208903,2.5
208904,2.0
208905,1.5
208913,2.0
208916,1.5
208917,3.0
208919,2.0
208920,0.0
208921,1.0
208924,0.0
208926,0.0
208930,2.3333333333333335
208934,3.6666666666666665
208935,5.0
208936,3.5
208946,0.0
208950,3.0
208951,1.0
208955,1.5
208959,1.0
208960,2.0
208964,4.0
208969,3.5
208978,3.5
208982,1.0
208984,2.5
208988,0.0
208995,2.0
208997,0.0
209002,0.0
209005,0.0
209007,3.0
209009,5.0
209014,1.0
209019,2.0
209023,3.25
209029,3.5
209030,2.0
209032,2.3333333333333335
209034,0.0
209036,1.3333333333333333
209039,1.75
209042,0.0
209048,1.0
209052,1.5
209054,1.6666666666666667
209057,0.0
209060,1.0
209063,1.5
209067,0.0
209068,0.0
209072,0.0
209075,2.0
209076,0.0
209077,1.5
209079,0.0
209080,3.25
209081,0.0
209083,2.0
209086,1.0
209090,2.5
209094,0.0
209097,2.0
209098,0.0
209101,3.0
209104,0.0
209107,0.0
209109,1.0
209111,2.0
209112,1.5
209116,2.6666666666666665
209118,2.5
209119,0.0
209121,5.0
209124,2.0
209130,1.0
209133,2.0
209136,1.0
209141,2.0
209142,3.3333333333333335
209143,1.5
209144,2.0
209147,0.0
209149,1.3333333333333333
209152,2.0
209157,2.0
209159,1.0
209166,0.0
209168,1.0
209171,1.0
209173,1.0
209177,1.5
209178,0.0
209180,2.0
209183,5.25
209185,1.0
209187,2.0
209188,0.0
209191,0.0
209193,0.0
209197,0.0
209198,1.0
209199,1.0
209201,2.0
209207,1.5
209208,8.0
209213,3.0
209217,0.0
209219,2.5
209221,1.0
209222,2.0
209223,3.0
209225,1.0
209226,0.0
209228,3.5
209231,0.0
209232,0.0
209241,0.0
209244,2.5
209247,1.25
209248,3.5
209251,5.0
209254,3.5
209258,3.5
209259,0.0
209264,2.0
209265,3.0
209267,2.0
209268,9.0
209269,1.5
209272,1.0
209274,1.0
209275,2.0
209278,3.0
209279,3.0
209281,2.0
209284,1.0
209288,0.0
209290,3.0
209292,4.0
209294,1.0
209299,3.0
209301,0.0
209302,1.0
209305,2.0
209308,4.0
209310,1.0
209312,5.5
209314,2.5
209316,2.0
209318,3.0
209321,0.0
209322,2.0
209325,1.0
209326,0.0
209329,4.0
209330,4.0
209331,1.0
209333,3.0
209334,1.0
209335,0.0
209340,5.0
209342,7.333333333333333
209350,1.0
209351,2.0
209352,3.5
209354,0.0
209355,2.0
209364,3.0
209365,2.0
209366,2.0
209368,0.0
209369,1.0
209371,3.0
209373,3.0
209375,1.5
209376,2.6666666666666665
209381,0.0
209383,4.333333333333333
209386,3.0
209387,4.5
209389,2.0
209390,1.0
209391,0.0
209397,1.0
209398,1.0
209400,2.0
209401,2.0
209404,5.0
209405,2.0
209406,2.3333333333333335
209408,0.0
209410,0.0
209411,0.0
209412,1.0
209413,1.0
209415,1.0
209416,1.0
209417,2.5
209421,2.0
209427,1.5
209428,1.5
209431,1.3333333333333333
209435,4.0
209437,1.5
209439,3.0
209440,0.0
209443,2.0
209446,2.5
209448,2.0
209449,0.0
209451,1.0
209452,1.5
209454,3.0
209455,3.0
209457,1.0
209458,0.0
209460,5.0
209462,4.0
209463,3.0
209464,0.0
209466,1.0
209470,3.0
209474,0.0
209475,0.0
209478,2.5
209480,5.0
209484,2.0
209485,1.5
209486,2.5
209487,3.0
209495,2.0
209496,1.0
209497,3.5
209500,1.0
209502,4.5
209503,1.6666666666666667
209505,4.0
209506,2.0
209515,0.0
209517,0.0
209518,2.0
209519,3.5
209523,2.6666666666666665
209526,2.0
209531,2.0
209535,2.3333333333333335
209538,4.333333333333333
209550,1.0
209552,1.0
209555,3.0
209557,3.3333333333333335
209562,4.0
209565,4.666666666666667
209566,2.0
209569,0.0
209571,3.5
209574,3.25
209576,1.3333333333333333
209577,1.0
209580,2.0
209582,1.0
209585,2.0
209586,1.0
209589,1.0
209590,0.0
209594,3.3333333333333335
209595,7.0
209597,1.5
209601,2.5
209607,5.5
209609,8.5
209611,0.0
209613,1.5
209614,1.5
209615,1.5
209618,1.0
209619,1.0
209623,1.5
209628,1.3333333333333333
209631,0.0
209632,4.0
209634,2.0
209636,2.5
209643,1.3333333333333333
209645,4.0
209651,2.0
209653,2.5
209654,0.0
209656,4.0
209657,0.0
209661,1.5
209662,3.5
209665,1.0
209666,2.5
209667,1.5
209670,2.0
209672,2.0
209673,2.0
209674,3.5
209681,2.0
209682,0.0
209685,1.0
209687,2.0
209688,3.0
209690,1.0
209692,0.0
209693,1.0
209701,3.0
209703,2.0
209711,4.0
209713,7.5
209714,1.0
209716,1.5
209717,1.5
209719,0.0
209722,0.0
209724,2.5
209725,2.75
209727,3.5
209730,7.0
209732,0.0
209735,25.0
209736,2.0
209739,1.6666666666666667
209740,9.666666666666666
209745,2.5
209747,2.6666666666666665
209750,2.0
209751,1.6666666666666667
209752,0.0
209753,0.0
209755,5.0
209756,5.5
209759,2.0
209760,7.5
209763,1.0
209769,0.0
209776,4.5
209782,2.0
209783,2.5
209786,0.0
209792,0.0
209795,3.0
209797,2.0
209798,1.0
209806,1.5
209809,1.0
209812,1.0
209818,0.0
209823,3.0
209827,4.0
209834,1.0
209835,5.75
209837,3.0
209843,2.6666666666666665
209844,1.0
209845,9.0
209851,2.5
209853,0.0
209854,4.5
209856,2.0
209857,0.0
209858,2.0
209859,0.0
209860,0.0
209862,1.0
209865,0.0
209866,2.0
209879,3.0
209885,2.0
209893,1.3333333333333333
209895,2.0
209896,0.0
209897,2.0
209898,1.0
209899,3.0
209900,0.0
209901,2.0
209907,1.0
209909,2.0
209915,2.0
209916,0.0
209918,3.5
209920,1.0
209921,0.0
209922,2.0
209925,7.5
209926,2.0
209929,1.0
209930,1.5
209931,2.5
209932,1.5
209933,1.0
209936,4.5
209940,2.5
209944,2.0
209945,2.0
209947,1.0
209952,1.6666666666666667
209953,0.0
209957,1.5
209969,1.5
209973,3.0
209982,1.0
209986,2.0
209990,1.0
209992,3.0
209996,0.0
209997,1.0
209999,2.5
210003,1.6666666666666667
210004,1.0
210009,7.0
210011,1.0
210015,1.0
210020,3.5
210022,2.5
210026,0.0
210029,1.5
210030,0.0
210035,4.0
210037,7.0
210038,2.0
210040,1.0
210051,0.0
210057,1.0
210059,8.666666666666666
210063,1.0
210064,1.5
210066,1.3333333333333333
210068,1.0
210069,3.0
210071,5.0
210073,0.0
210081,1.5
210084,1.75
210085,2.0
210086,0.0
210090,1.0
210095,0.0
210097,1.0
210104,2.0
210106,1.6666666666666667
210111,1.5
210115,6.0
210120,0.0
210123,1.0
210125,2.0
210126,2.0
210127,0.0
210135,0.0
210136,1.0
210138,4.0
210148,0.0
210149,1.3333333333333333
210151,4.5
210152,0.0
210158,2.0
210162,2.0
210165,0.0
210171,3.0
210174,0.0
210175,0.0
210176,3.0
210179,2.0
210180,1.0
210182,4.333333333333333
210183,1.5
210185,2.0
210187,1.0
210189,5.0
210191,3.5
210193,3.5
210195,2.0
210201,1.0
210205,2.6666666666666665
210210,0.0
210212,2.25
210215,2.5
210216,6.0
210226,2.0
210227,2.0
210229,1.0
210231,1.5
210232,2.5
210236,0.0
210239,1.3333333333333333
210241,2.0
210244,1.25
210247,1.6666666666666667
210249,2.0
210254,2.0
210262,2.0
210263,0.0
210266,1.5
210272,0.0
210275,1.3333333333333333
210277,1.75
210282,2.0
210285,3.0
210288,1.0
210289,1.5
210294,0.0
210300,0.0
210304,1.0
210305,0.0
210306,4.0
210307,2.0
210310,2.0
210312,3.0
210317,5.0
210318,2.0
210321,1.3333333333333333
210329,6.0
210331,2.0
210334,2.5
210344,2.0
210345,1.0
210346,3.0
210347,5.666666666666667
210350,3.5
210358,0.0
210360,4.5
210362,2.0
210363,4.333333333333333
210364,2.0
210370,2.0
210373,1.5
210375,0.0
210377,1.0
210379,5.0
210385,1.0
210387,3.0
210388,1.0
210390,1.75
210396,4.0
210397,2.5
210401,0.0
210403,0.0
210404,1.6666666666666667
210411,2.6666666666666665
210412,1.0
210413,0.0
210416,3.0
210419,1.0
210420,2.0
210422,2.0
210425,5.0
210428,3.5
210429,3.0
210436,2.3333333333333335
210437,2.0
210442,1.0
210444,2.0
210454,1.0
210461,7.0
210465,3.0
210468,5.0
210470,4.666666666666667
210471,2.0
210476,2.0
210480,2.0
210487,3.0
210492,3.0
210493,1.5
210494,3.3333333333333335
210498,3.5
210501,2.0
210504,2.0
210506,0.0
210507,2.5
210508,7.0
210512,3.0
210513,1.0
210516,3.0
210518,5.0
210520,0.0
210523,3.0
210524,4.0
210526,0.0
210528,3.0
210530,1.0
210531,1.5
210535,2.0
210538,5.0
210539,1.5
210540,1.0
210543,2.0
210544,4.0
210547,1.0
210551,3.0
210553,1.5
210555,1.0
210558,3.0
210561,5.0
210566,4.5
210569,0.0
210570,2.5
210571,1.0
210575,3.5
210577,6.0
210580,0.0
210581,4.0
210583,1.0
210585,2.0
210591,2.0
210592,2.0
210594,0.0
210597,2.0
210598,0.0
210599,0.0
210607,2.0
210608,2.0
210609,2.0
210615,1.5
210620,3.6666666666666665
210625,0.0
210629,1.5
210631,1.0
210633,1.3333333333333333
210635,4.5
210636,1.5
210637,3.0
210640,2.0
210641,0.0
210642,1.0
210645,5.0
210651,0.0
210653,2.0
210655,2.0
210656,2.0
210658,1.0
210660,2.5
210663,2.0
210665,1.5
210669,1.5
210670,1.0
210677,2.0
210679,0.0
210682,2.0
210687,2.0
210692,0.0
210693,0.0
210695,2.0
210696,0.0
210699,3.5
210702,1.0
210703,1.0
210705,2.0
210707,2.6666666666666665
210709,1.0
210712,2.0
210716,1.0
210717,2.5
210721,5.5
210725,1.0
210726,5.0
210728,3.0
210731,2.5
210736,1.5
210737,0.0
210747,2.0
210748,2.5
210750,1.0
210751,3.0
210752,2.3333333333333335
210753,2.3333333333333335
210758,3.0
210759,4.0
210760,2.6666666666666665
210762,1.0
210765,3.0
210767,0.0
210770,0.0
210772,1.0
210773,0.0
210774,3.0
210775,0.0
210778,1.6666666666666667
210779,2.0
210781,2.5
210782,3.3333333333333335
210787,2.5
210792,10.0
210794,2.5
210795,0.0
210797,1.0
210800,2.0
210802,2.0
210809,1.0
210815,6.0
210819,1.0
210823,1.5
210828,2.0
210829,2.0
210834,3.0
210835,3.6666666666666665
210836,0.0
210837,0.0
210839,2.0
210841,1.5
210847,4.0
210852,1.0
210853,4.0
210856,3.6666666666666665
210859,2.0
210861,3.0
210863,3.0
210865,0.0
210870,4.0
210873,1.0
210878,1.5
210881,2.0
210884,3.0
210886,0.0
210887,1.5
210889,2.0
210894,2.5
210896,1.0
210904,1.0
210910,2.0
210914,2.5
210917,2.0
210918,2.5
210920,4.0
210921,0.0
210922,0.0
210927,0.0
210928,2.0
210931,2.0
210934,1.0
210937,3.0
210938,4.333333333333333
210940,1.0
210942,1.3333333333333333
210945,1.0
210955,0.0
210961,3.0
210962,2.0
210963,3.5
210965,1.6666666666666667
210966,6.666666666666667
210971,2.0
210972,0.0
210973,1.0
210977,2.0
210985,2.3333333333333335
210987,1.5
210993,0.0
211007,0.0
211014,3.0
211017,3.6666666666666665
211020,2.5
211024,2.0
211027,3.0
211031,2.0
211038,5.0
211040,2.0
211042,2.0
211043,5.5
211044,3.6666666666666665
211045,2.0
211047,2.0
211048,2.0
211049,4.5
211050,1.0
211051,2.0
211052,2.0
211053,1.5
211057,0.0
211062,0.0
211064,2.3333333333333335
211067,0.0
211071,3.5
211073,4.0
211077,1.0
211078,1.5
211080,2.0
211081,0.0
211082,1.0
211084,0.0
211085,2.5
211088,6.0
211091,2.0
211094,4.0
211095,5.0
211097,0.0
211099,0.0
211100,3.0
211102,3.0
211103,1.5
211104,8.0
211105,3.0
211107,1.0
211108,2.25
211109,2.5
211110,2.0
211112,2.0
211115,2.0
211116,0.0
211117,3.0
211119,2.0
211121,0.0
211123,0.0
211129,2.6666666666666665
211131,5.0
211133,1.5
211140,1.0
211141,3.6666666666666665
211147,1.6666666666666667
211150,3.6666666666666665
211151,0.0
211154,0.0
211163,4.0
211164,2.5
211166,2.0
211168,1.3333333333333333
211169,1.0
211171,2.0
211172,3.6666666666666665
211180,0.0
211182,0.0
211186,3.0
211190,5.0
211191,0.0
211193,2.0
211195,0.0
211197,6.0
211198,4.0
211200,0.0
211204,3.5
211207,2.0
211209,3.6666666666666665
211210,0.0
211211,3.5
211212,3.25
211213,0.0
211215,2.0
211216,1.5
211217,1.3333333333333333
211219,4.0
211225,2.5
211226,0.0
211233,0.0
211234,1.0
211239,4.0
211243,1.5
211248,2.0
211249,1.0
211252,4.0
211254,3.5
211260,1.0
211263,2.25
211267,2.5
211268,4.0
211269,2.0
211272,0.0
211273,8.0
211276,1.5
211279,3.0
211284,2.0
211287,1.6666666666666667
211288,2.0
211296,2.0
211302,1.0
211303,4.0
211305,1.5
211306,6.5
211308,1.0
211310,0.0
211311,0.0
211322,7.0
211327,2.0
211328,2.5
211330,1.0
211333,0.0
211335,2.0
211336,2.0
211337,3.0
211339,3.0
211341,0.0
211342,0.0
211343,1.0
211345,3.0
211347,0.0
211348,2.2
211351,0.0
211352,1.5
211357,1.6666666666666667
211361,3.0
211363,2.0
211364,1.5
211365,1.0
211366,1.5
211372,2.0
211375,1.0
211377,1.3333333333333333
211381,2.0
211383,3.5
211387,2.0
211389,2.5
211391,3.0
211396,1.0
211399,2.0
211406,4.75
211413,1.5
211414,1.0
211417,1.5
211420,2.0
211425,4.0
211431,1.5
211435,10.5
211438,3.0
211440,0.0
211441,1.0
211442,2.0
211446,3.5
211449,2.3333333333333335
211450,2.5
211452,1.0
211456,1.0
211460,0.0
211463,1.0
211466,2.5
211468,0.0
211471,1.3333333333333333
211473,1.5
211480,2.0
211485,11.0
211486,0.0
211488,2.6666666666666665
211492,2.5
211499,1.25
211513,2.0
211517,2.5
211518,2.0
211521,0.0
211529,1.0
211533,10.0
211536,2.0
211537,2.5
211542,3.0
211547,3.0
211548,0.0
211555,1.0
211562,2.0
211565,1.5
211568,0.0
211578,2.5
211579,1.0
211581,3.5
211583,3.0
211585,0.0
211588,2.0
211589,2.0
211590,1.0
211599,1.0
211600,4.0
211601,2.0
211602,4.0
211610,1.0
211617,2.5
211619,3.0
211624,1.0
211626,3.0
211629,0.0
211635,2.0
211637,1.3333333333333333
211639,4.75
211641,1.3333333333333333
211643,1.0
211646,2.0
211647,0.0
211650,6.5
211652,0.0
211653,1.5
211654,2.0
211655,3.0
211659,2.0
211660,2.0
211662,2.5
211665,1.5
211666,1.0
211667,1.0
211668,2.0
211670,2.0
211671,1.5
211672,2.0
211673,1.0
211674,3.0
211676,1.0
211677,2.5
211678,3.0
211679,2.0
211680,2.0
211682,5.0
211683,1.0
211684,1.0
211685,1.3333333333333333
211691,1.5
211692,2.0
211698,0.0
211700,1.5
211703,2.0
211705,3.0
211716,4.5
211717,2.0
211721,1.0
211727,3.0
211728,6.0
211732,1.5
211736,1.5
211742,2.0
211745,2.5
211747,3.0
211750,2.5
211752,1.0
211757,1.5
211758,1.3333333333333333
211761,1.5
211762,1.0
211764,0.0
211766,2.0
211769,1.0
211770,1.0
211772,1.0
211774,1.0
211781,2.0
211784,1.0
211785,1.0
211786,3.75
211787,9.0
211791,3.3333333333333335
211794,3.0
211795,0.0
211797,3.0
211798,1.0
211812,0.0
211813,2.5
211816,2.0
211817,0.0
211818,4.0
211830,3.0
211831,1.0
211835,2.0
211838,3.0
211842,3.5
211843,0.0
211844,0.0
211845,1.0
211847,3.0
211852,2.0
211857,4.25
211859,7.0
211860,1.8
211862,0.0
211868,0.0
211870,3.0
211872,3.5
211877,4.0
211878,4.0
211883,1.5
211886,1.5
211888,2.0
211891,1.0
211892,3.0
211895,1.0
211896,1.0
211901,1.5
211903,1.5
211909,2.3333333333333335
211911,4.75
211913,4.0
211917,1.8
211922,2.0
211923,0.0
211924,0.0
211925,3.0
211926,2.2
211927,1.5
211934,2.0
211936,0.0
211938,2.0
211941,1.0
211945,1.5
211947,4.0
211950,1.0
211952,0.0
211955,1.5
211956,1.5
211957,2.0
211959,8.666666666666666
211960,0.0
211962,1.0
211967,4.0
211969,1.6666666666666667
211974,1.0
211980,2.0
211981,3.3333333333333335
211984,2.6666666666666665
211986,0.0
211987,1.3333333333333333
211989,1.6666666666666667
211995,2.5
211996,2.5
211998,0.0
211999,0.0
212005,2.6666666666666665
212007,1.0
212008,0.0
212011,1.0
212016,4.0
212017,2.75
212018,1.0
212020,2.0
212022,8.0
212031,0.0
212033,6.0
212036,3.5
212037,1.0
212038,4.5
212041,0.0
212046,2.0
212052,2.0
212055,2.0
212057,0.0
212059,1.5
212062,2.3333333333333335
212064,1.0
212067,1.5
212069,1.0
212070,1.0
212072,1.5
212074,4.0
212076,0.0
212083,4.5
212086,2.0
212087,2.3333333333333335
212090,1.0
212095,1.0
212097,4.666666666666667
212098,12.0
212100,2.3333333333333335
212101,2.5
212102,3.6666666666666665
212106,2.0
212107,1.0
212111,0.0
212115,5.5
212120,3.25
212122,4.0
212124,1.5
212134,2.0
212135,4.0
212139,5.0
212149,4.0
212155,1.5
212163,1.0
212164,0.0
212174,3.0
212176,1.0
212182,4.0
212183,3.5
212187,1.6666666666666667
212192,1.0
212195,0.0
212196,1.0
212198,0.0
212200,0.0
212203,1.3333333333333333
212205,0.0
212206,0.0
212209,2.0
212213,3.5
212215,1.0
212216,2.5
212219,2.5
212220,5.5
212221,0.0
212225,3.0
212226,1.0
212227,3.5
212230,2.5
212231,0.0
212233,2.0
212235,2.3333333333333335
212237,1.0
212241,2.0
212242,3.0
212243,3.3333333333333335
212244,2.0
212245,1.0
212246,1.5
212247,4.0
212248,1.5
212260,3.0
212270,2.0
212271,0.0
212273,1.5
212274,1.0
212276,3.0
212277,1.0
212285,3.0
212289,1.5
212291,2.6666666666666665
212292,1.0
212293,1.0
212294,2.0
212296,2.0
212298,1.0
212302,3.0
212304,3.0
212306,0.0
212316,0.0
212317,2.0
212318,5.0
212322,3.5
212323,0.0
212324,2.0
212326,0.0
212329,3.0
212332,1.0
212333,1.75
212335,3.0
212340,0.0
212351,2.5
212353,3.0
212356,0.0
212357,0.0
212359,0.0
212360,1.6666666666666667
212361,1.5
212362,2.0
212372,1.0
212374,2.0
212376,4.0
212379,1.0
212380,0.0
212382,3.5
212384,0.0
212386,3.5
212387,1.0
212389,3.0
212390,2.6666666666666665
212392,0.0
212394,2.0
212396,1.0
212397,0.0
212400,1.0
212402,2.3333333333333335
212405,1.0
212407,3.0
212413,3.0
212415,0.0
212416,1.0
212420,2.0
212423,4.0
212428,3.0
212430,1.0
212439,1.0
212440,1.6
212446,4.0
212447,1.3333333333333333
212449,1.6666666666666667
212452,2.0
212459,2.0
212461,0.0
212462,4.0
212466,2.0
212468,4.0
212469,4.0
212470,5.5
212474,4.0
212478,1.5
212481,1.0
212484,1.25
212485,1.0
212486,1.5
212490,3.5
212491,3.0
212495,3.5
212497,1.5
212500,0.0
212503,1.6666666666666667
212506,1.0
212508,2.0
212509,2.5
212515,1.0
212522,2.0
212524,12.0
212525,1.0
212527,4.0
212531,2.0
212532,2.0
212533,1.0
212536,2.5
212537,2.0
212538,0.0
212542,2.0
212543,2.0
212545,0.0
212549,3.0
212552,4.0
212557,0.0
212562,5.333333333333333
212564,0.0
212566,1.0
212568,1.5
212572,2.6666666666666665
212573,2.0
212580,1.0
212588,2.0
212595,1.0
212597,0.0
212600,4.0
212610,1.0
212612,1.5
212616,1.0
212618,1.0
212620,1.0
212625,1.3333333333333333
212628,5.0
212639,1.0
212640,2.0
212641,2.0
212642,5.5
212645,5.5
212652,3.0
212653,3.5
212655,9.0
212656,2.0
212658,0.0
212659,2.0
212661,0.0
212662,3.5
212664,3.3333333333333335
212665,1.5
212668,0.0
212670,0.0
212672,2.0
212674,2.0
212676,2.0
212677,1.0
212679,0.0
212683,7.0
212684,2.3333333333333335
212687,1.0
212688,0.0
212691,0.0
212693,2.6666666666666665
212696,5.5
212702,1.0
212704,1.0
212707,1.5
212709,1.5
212710,2.0
212714,0.0
212717,1.0
212721,2.0
212725,0.0
212732,3.0
212737,4.0
212738,1.0
212743,2.5
212744,5.0
212748,1.5
212756,1.6666666666666667
212763,1.0
212766,1.5
212770,3.0
212771,1.0
212776,0.0
212777,1.0
212781,3.0
212784,3.0
212786,3.0
212791,0.0
212794,5.5
212795,1.5
212803,1.0
212805,4.0
212810,1.1666666666666667
212813,5.0
212826,0.0
212829,1.5
212830,1.6666666666666667
212839,2.0
212840,2.0
212843,1.0
212844,1.5
212845,2.0
212847,1.3333333333333333
212848,4.5
212851,1.0
212854,1.0
212860,1.0
212865,0.0
212866,1.0
212867,2.0
212872,0.0
212875,2.5
212877,2.75
212878,2.0
212882,0.0
212883,2.0
212886,1.0
212888,4.0
212889,3.5
212893,4.5
212895,1.0
212896,2.0
212898,2.0
212899,0.0
212900,1.0
212907,0.0
212917,3.0
212919,1.0
212924,1.6666666666666667
212925,2.5
212933,3.0
212937,1.0
212940,1.5
212941,2.0
212942,1.0
212947,3.3333333333333335
212951,0.0
212953,0.0
212955,2.0
212956,2.0
212958,0.0
212961,4.0
212964,0.0
212967,0.0
212968,5.666666666666667
212969,2.25
212970,7.5
212973,1.5
212974,5.0
212975,1.0
212980,4.0
212984,1.5
212985,4.333333333333333
212987,1.0
212997,1.5
213000,2.0
213002,2.5
213004,1.0
213006,2.5
213010,5.0
213011,2.0
213015,3.0
213017,6.0
213018,2.75
213019,4.0
213024,2.6666666666666665
213026,1.5
213028,1.0
213034,3.0
213036,0.0
213040,0.0
213042,0.0
213044,2.3333333333333335
213045,3.0
213046,2.0
213047,1.0
213053,2.3333333333333335
213054,1.0
213055,3.0
213062,4.0
213065,2.0
213067,1.0
213068,2.0
213070,1.5
213071,0.0
213073,0.0
213074,1.5
213076,1.5
213077,2.0
213084,1.5
213087,2.6666666666666665
213090,0.0
213093,1.0
213095,1.5
213096,1.5
213102,1.0
213103,1.0
213110,3.0
213112,1.5
213115,3.0
213119,2.0
213120,5.0
213123,5.0
213143,1.0
213144,4.0
213147,6.0
213149,2.5
213152,1.0
213156,2.0
213167,0.0
213171,1.0
213187,0.0
213191,2.6666666666666665
213192,1.3333333333333333
213193,2.6666666666666665
213194,2.0
213201,2.0
213202,2.0
213206,2.5
213209,3.25
213214,3.0
213218,3.3333333333333335
213219,3.5
213220,2.0
213221,5.0
213223,2.75
213224,1.75
213228,1.0
213230,2.0
213231,3.5
213238,2.0
213241,1.5
213245,2.3333333333333335
213246,3.0
213247,0.0
213249,6.5
213250,1.5
213260,2.0
213266,8.0
213267,5.0
213279,4.5
213280,1.5
213282,4.0
213283,2.0
213284,2.0
213285,0.0
213287,2.0
213288,2.5
213292,5.0
213294,2.0
213296,5.0
213298,3.0
213306,1.0
213308,1.5
213309,1.6666666666666667
213310,0.0
213311,0.0
213313,0.0
213314,1.0
213315,1.25
213321,2.0
213324,1.0
213325,2.0
213330,1.5
213332,5.0
213335,0.0
213336,2.0
213338,3.0
213341,0.0
213344,1.5
213347,1.0
213348,1.0
213357,1.0
213358,1.0
213359,1.5
213360,1.0
213362,1.0
213369,1.0
213379,1.6666666666666667
213381,2.3333333333333335
213382,0.0
213384,1.0
213385,3.0
213386,1.0
213387,3.5
213389,1.0
213391,1.0
213394,1.5
213396,1.6666666666666667
213400,2.0
213401,1.0
213403,7.0
213405,4.5
213409,4.0
213412,2.6666666666666665
213414,2.0
213420,1.0
213421,1.0
213425,9.0
213426,1.0
213436,4.0
213442,1.3333333333333333
213444,2.5
213445,1.5
213447,1.0
213451,1.0
213454,6.0
213455,2.0
213461,6.0
213469,3.0
213471,1.5
213474,1.0
213475,5.0
213478,6.0
213479,2.5
213482,0.0
213483,2.75
213484,6.0
213490,2.6666666666666665
213492,6.0
213499,3.5
213500,1.0
213502,1.5
213503,1.6666666666666667
213505,2.0
213511,1.0
213514,2.6666666666666665
213522,0.0
213523,1.0
213528,6.0
213530,5.0
213531,2.0
213535,1.0
213537,3.0
213544,1.5
213552,1.75
213553,0.0
213555,2.0
213557,1.0
213561,2.6666666666666665
213565,1.0
213567,3.3333333333333335
213573,2.3333333333333335
213574,0.0
213575,2.0
213576,2.0
213580,1.0
213585,3.0
213586,1.0
213587,2.0
213588,1.0
213590,1.0
213591,2.0
213592,3.3333333333333335
213593,1.0
213597,3.0
213598,0.0
213601,0.0
213605,0.0
213608,2.3333333333333335
213610,0.0
213614,1.0
213620,0.0
213624,1.0
213626,4.0
213628,6.0
213631,1.0
213632,2.0
213634,3.0
213636,1.5
213637,2.3333333333333335
213639,1.0
213641,3.5
213642,2.5
213643,2.0
213644,1.6
213646,1.5
213649,1.5
213652,6.333333333333333
213656,0.0
213657,1.0
213658,3.0
213668,2.0
213670,1.0
213676,0.0
213680,0.0
213684,1.75
213685,2.0
213686,0.0
213687,3.0
213689,3.0
213693,1.3333333333333333
213695,0.0
213699,6.0
213703,4.0
213708,1.0
213709,1.0
213710,1.0
213714,3.0
213718,1.5
213720,1.0
213723,2.25
213724,2.0
213725,4.0
213730,1.0
213738,1.5
213739,0.0
213746,0.0
213750,0.0
213751,1.5
213759,5.75
213760,2.0
213762,2.0
213765,3.0
213767,5.0
213768,2.0
213775,1.3333333333333333
213778,1.0
213781,2.0
213785,3.0
213788,1.0
213791,2.0
213793,3.5
213796,4.333333333333333
213797,1.75
213799,1.0
213800,4.0
213801,5.0
213803,1.0
213805,0.0
213806,0.0
213807,2.0
213810,1.0
213811,1.0
213813,3.0
213815,1.5
213817,2.0
213827,1.0
213830,1.0
213834,4.0
213837,2.6666666666666665
213839,8.666666666666666
213842,1.0
213844,0.0
213845,2.0
213850,2.0
213852,2.6666666666666665
213855,1.0
213856,3.0
213857,1.5
213859,3.0
213864,1.0
213868,1.0
213872,1.0
213874,0.0
213875,3.5
213880,2.6666666666666665
213883,1.0
213884,5.0
213888,2.0
213889,2.0
213891,0.0
213895,4.0
213904,3.0
213907,4.0
213910,0.0
213911,0.0
213912,2.0
213922,0.0
213923,2.0
213924,1.0
213928,0.0
213935,0.0
213938,1.6666666666666667
213939,2.0
213944,2.6666666666666665
213946,10.0
213947,3.0
213952,1.0
213958,1.6666666666666667
213959,2.0
213963,1.6666666666666667
213967,1.0
213968,4.0
213969,1.0
213972,6.0
213974,1.5
213976,1.0
213981,1.5
213982,2.0
213983,1.5
213985,1.0
213991,2.0
213995,1.0
213997,1.0
213999,1.0
214002,0.0
214004,4.5
214007,2.5
214012,3.0
214014,1.0
214016,2.0
214017,2.0
214026,1.5
214028,1.0
214034,2.6666666666666665
214035,1.0
214038,3.0
214039,0.0
214040,3.5
214048,0.0
214054,2.0
214057,2.5
214060,1.0
214062,2.5
214063,5.0
214067,0.0
214069,0.0
214071,1.0
214078,1.0
214079,0.0
214082,0.0
214085,12.0
214087,0.0
214088,2.5
214089,1.5
214098,1.0
214103,2.0
214105,2.5
214107,3.0
214108,3.3333333333333335
214110,1.5
214112,3.3333333333333335
214113,0.0
214116,2.5
214124,0.0
214125,3.0
214126,2.0
214132,3.0
214133,2.0
214142,0.0
214146,2.0
214148,0.0
214149,3.0
214151,0.0
214152,1.0
214153,1.0
214154,5.0
214156,1.0
214166,1.0
214167,3.0
214168,0.0
214170,6.0
214171,0.0
214173,3.0
214176,0.0
214177,1.5
214178,1.0
214181,4.0
214185,1.6666666666666667
214187,1.5
214191,2.0
214194,1.0
214203,2.0
214204,0.0
214209,1.0
214214,1.0
214218,2.0
214224,3.5
214225,4.0
214227,3.5
214233,4.5
214239,1.0
214241,3.0
214243,1.0
214249,0.0
214253,0.0
214254,2.0
214255,0.0
214256,1.0
214258,3.0
214259,1.0
214260,2.0
214261,1.0
214265,3.5
214267,2.0
214270,2.0
214273,2.0
214274,1.0
214277,3.0
214280,1.0
214282,3.0
214286,1.0
214291,1.5
214292,1.0
214293,5.5
214296,1.0
214297,1.0
214304,2.0
214310,1.0
214318,1.0
214320,3.0
214322,3.0
214323,3.0
214329,1.0
214332,1.0
214333,3.0
214337,3.5
214343,0.0
214344,1.0
214347,2.0
214350,4.4
214351,3.0
214352,2.0
214354,0.0
214356,2.3333333333333335
214357,3.0
214362,1.0
214367,0.0
214368,3.0
214370,4.0
214371,1.0
214378,1.0
214380,3.0
214383,1.5
214385,1.0
214388,1.0
214397,2.5
214398,4.0
214404,2.5
214406,0.0
214412,1.0
214419,0.0
214420,1.0
214423,1.0
214428,3.0
214432,1.5
214435,0.0
214437,2.0
214440,2.5
214445,2.0
214447,1.0
214448,3.0
214449,0.0
214453,3.0
214454,1.0
214457,0.0
214458,4.0
214459,1.0
214464,2.0
214471,2.0
214472,1.6666666666666667
214475,3.0
214478,1.0
214480,1.6666666666666667
214483,1.5
214484,1.0
214487,1.0
214488,3.3333333333333335
214489,4.0
214492,1.0
214496,1.0
214497,3.0
214498,0.0
214499,1.0
214502,5.0
214510,3.0
214511,1.0
214515,3.6666666666666665
214519,1.0
214522,1.5
214523,0.0
214524,4.0
214525,2.0
214526,2.0
214527,2.0
214529,2.5
214533,1.5
214534,1.25
214535,1.6666666666666667
214538,2.0
214541,0.0
214543,1.0
214544,2.0
214545,0.0
214546,2.0
214547,2.0
214548,3.0
214549,1.6666666666666667
214552,0.0
214553,0.0
214558,0.0
214560,0.0
214562,2.0
214566,5.25
214569,2.0
214571,4.0
214572,7.0
214575,1.0
214576,1.5
214580,2.0
214582,2.0
214585,3.0
214586,1.0
214589,5.5
214595,2.0
214600,0.0
214605,1.0
214609,1.0
214610,0.0
214616,4.0
214618,0.0
214619,2.0
214622,1.3333333333333333
214623,0.0
214624,2.0
214625,2.0
214627,1.5
214635,1.6666666666666667
214636,3.5
214639,0.0
214640,1.0
214641,4.0
214643,4.0
214644,0.0
214645,3.0
214646,0.0
214647,5.0
214652,7.0
214657,0.0
214660,1.0
214664,4.5
214667,2.3333333333333335
214669,1.3333333333333333
214670,1.6666666666666667
214672,2.0
214674,3.0
214675,3.0
214678,0.0
214679,3.0
214686,3.5
214691,2.0
214692,5.0
214693,2.0
214698,1.0
214723,2.0
214726,0.0
214731,1.0
214733,1.0
214734,1.5
214735,1.0
214736,4.5
214740,1.0
214749,1.0
214751,1.0
214752,2.0
214755,1.0
214756,0.0
214758,2.0
214761,2.0
214762,2.0
214771,3.0
214776,0.0
214781,1.0
214783,1.0
214787,0.0
214789,1.6666666666666667
214792,2.3333333333333335
214793,1.0
214795,2.0
214800,2.0
214802,2.5
214803,1.0
214804,0.0
214809,1.5
214812,3.0
214813,3.0
214816,2.0
214817,0.0
214823,1.0
214824,1.0
214825,3.0
214828,2.5
214829,6.0
214830,2.5
214834,1.5
214836,0.0
214840,1.5
214844,1.0
214846,4.0
214850,6.0
214853,1.0
214855,0.0
214859,0.0
214860,2.5
214862,2.3333333333333335
214863,0.0
214864,2.0
214865,3.0
214868,0.0
214871,5.0
214873,1.0
214874,0.0
214879,2.5
214881,1.0
214882,0.0
214885,2.0
214887,1.3333333333333333
214888,0.0
214895,3.5
214898,2.25
214899,1.0
214904,1.5
214906,0.0
214911,0.0
214914,1.6
214917,1.0
214918,0.0
214919,2.0
214924,0.0
214929,3.5
214933,4.0
214938,3.0
214940,2.0
214942,2.0
214944,1.0
214948,0.0
214950,2.0
214953,0.0
214956,2.0
214965,1.0
214966,0.0
214967,2.0
214971,5.0
214972,4.0
214978,2.0
214979,5.0
214980,11.0
214981,6.0
214983,1.0
214985,2.0
214986,2.0
214989,2.0
214992,1.0
215001,1.0
215003,2.0
215007,2.3333333333333335
215013,2.0
215014,5.5
215019,1.0
215021,0.0
215022,0.0
215026,0.0
215027,3.3333333333333335
215031,0.0
215033,5.5
215034,5.666666666666667
215035,1.0
215036,4.0
215037,1.0
215039,1.0
215041,4.0
215044,2.5
215045,2.0
215046,1.5
215048,5.0
215049,2.0
215053,1.5
215057,1.0
215058,3.5
215059,3.5
215064,2.0
215065,2.0
215066,1.0
215069,4.0
215072,1.0
215075,5.0
215077,2.0
215078,0.0
215081,1.0
215092,0.0
215095,3.0
215100,0.0
215106,2.3333333333333335
215110,1.0
215113,2.0
215114,2.0
215118,1.0
215123,4.0
215124,0.0
215129,0.0
215133,3.0
215135,10.5
215138,2.0
215140,1.0
215143,1.0
215146,1.5
215148,3.5
215149,0.0
215150,2.5
215157,5.0
215158,2.25
215160,0.0
215161,1.0
215162,1.0
215164,3.0
215167,5.0
215172,1.0
215176,1.0
215181,3.0
215182,1.0
215183,1.0
215185,2.0
215188,1.0
215190,2.0
215192,3.0
215196,1.3333333333333333
215198,1.0
215199,0.0
215200,3.0
215201,1.75
215204,2.0
215205,2.5
215211,3.0
215213,2.0
215219,2.0
215223,0.0
215225,1.0
215231,0.0
215232,5.0
215234,3.0
215235,1.0
215236,5.0
215239,2.5
215246,1.3333333333333333
215250,5.333333333333333
215258,2.0
215261,3.0
215265,1.0
215266,2.0
215268,0.0
215269,1.3333333333333333
215272,1.5
215278,1.0
215280,1.0
215283,2.0
215284,4.5
215285,2.0
215286,5.5
215288,6.0
215289,6.0
215290,3.5
215294,1.0
215297,3.3333333333333335
215298,1.5
215299,0.0
215304,3.0
215306,1.0
215311,1.0
215314,2.0
215315,2.5
215325,1.0
215332,2.0
215337,3.0
215339,3.0
215341,0.0
215347,2.3333333333333335
215348,0.0
215349,0.0
215352,7.0
215353,1.0
215359,2.5
215362,2.0
215363,2.0
215364,4.0
215370,4.5
215376,2.0
215377,1.6666666666666667
215380,4.0
215387,1.6666666666666667
215391,2.5
215395,1.5
215400,1.75
215401,1.5
215402,2.25
215405,2.5
215414,1.0
215416,2.6666666666666665
215420,0.0
215422,1.0
215425,1.0
215427,1.5
215428,2.6666666666666665
215439,2.6666666666666665
215441,1.5
215442,1.0
215444,0.0
215450,1.0
215454,1.6666666666666667
215458,0.0
215462,1.0
215466,2.75
215472,2.0
215474,0.0
215475,2.5
215477,1.6666666666666667
215478,1.0
215479,3.5
215480,1.0
215482,5.666666666666667
215484,2.0
215486,8.0
215488,0.0
215491,0.0
215495,3.0
215496,2.0
215501,2.0
215503,3.5
215504,0.0
215513,1.2
215514,1.0
215516,1.6666666666666667
215519,0.0
215520,0.0
215528,2.0
215529,1.0
215530,0.0
215532,3.2
215536,6.5
215539,0.0
215540,6.0
215547,4.0
215549,2.0
215551,0.0
215554,3.3333333333333335
215555,3.3333333333333335
215556,1.0
215560,4.0
215561,3.5
215564,3.3333333333333335
215570,2.0
215572,5.0
215573,3.0
215574,3.0
215579,1.0
215580,0.0
215582,2.3333333333333335
215587,2.0
215589,1.0
215590,1.0
215592,1.0
215593,1.0
215599,3.0
215604,2.0
215608,4.0
215610,2.5
215611,2.0
215614,0.0
215617,3.3333333333333335
215618,1.0
215621,0.0
215630,2.0
215632,2.0
215633,2.5
215637,1.25
215639,5.0
215646,1.3333333333333333
215655,2.0
215664,1.5
215669,6.0
215671,2.0
215672,1.0
215674,3.0
215676,6.0
215682,0.0
215686,3.0
215690,1.5
215694,0.0
215695,3.5
215697,2.5
215698,1.0
215704,3.5
215706,2.0
215709,0.0
215714,1.5
215718,2.5
215721,1.5
215722,1.2
215728,0.0
215731,2.0
215737,3.0
215740,0.0
215741,3.0
215742,3.0
215743,4.0
215748,8.0
215749,2.0
215751,0.0
215752,2.0
215754,1.0
215756,1.0
215757,10.0
215760,0.0
215761,1.5
215763,1.0
215764,2.0
215768,1.5
215770,4.5
215772,0.0
215774,1.5
215776,2.6666666666666665
215777,1.0
215783,4.5
215787,1.0
215788,0.0
215791,2.4
215795,2.0
215796,4.0
215799,2.0
215803,1.5
215810,1.0
215813,2.5
215816,3.0
215817,4.666666666666667
215818,2.0
215819,2.0
215821,2.0
215823,2.0
215826,0.0
215827,1.5
215829,0.0
215830,1.0
215833,1.0
215835,1.0
215838,0.0
215839,5.0
215842,3.5
215846,2.0
215847,2.0
215848,1.0
215852,0.0
215854,3.6666666666666665
215860,1.0
215874,2.5
215875,2.6666666666666665
215887,2.5
215888,5.0
215891,1.0
215900,5.0
215902,1.0
215905,1.5
215909,1.0
215915,2.0
215925,1.0
215927,3.0
215930,1.0
215933,4.0
215935,1.0
215939,6.0
215943,2.0
215944,0.0
215945,3.5
215947,1.5
215950,1.0
215951,0.0
215954,1.3333333333333333
215956,3.6666666666666665
215960,0.0
215961,0.0
215963,0.0
215965,1.0
215968,2.0
215970,0.0
215972,5.0
215979,1.0
215980,1.0
215986,2.5
215987,1.0
215989,2.0
215994,2.0
215999,0.0
216003,1.6666666666666667
216004,2.0
216005,0.0
216009,1.0
216014,1.5
216015,0.0
216018,0.0
216023,0.0
216028,3.0
216036,3.5
216037,2.5
216038,2.0
216040,5.0
216042,2.0
216046,2.5
216053,2.0
216054,2.0
216056,1.0
216058,3.5
216063,0.0
216065,2.0
216067,5.0
216069,1.0
216070,0.0
216071,2.0
216072,5.0
216073,2.0
216075,3.0
216076,1.0
216077,0.0
216078,1.5
216080,1.0
216082,0.0
216090,0.0
216091,2.5
216094,1.5
216097,0.0
216098,0.0
216102,0.0
216105,1.0
216106,2.0
216107,3.3333333333333335
216113,2.0
216114,5.5
216115,1.5
216117,1.5
216122,0.0
216125,1.0
216127,2.5
216129,1.5
216130,2.0
216135,1.5
216136,2.0
216137,2.0
216138,2.0
216144,0.0
216149,2.0
216151,3.6666666666666665
216157,1.6666666666666667
216159,2.6666666666666665
216162,0.0
216166,2.5
216169,0.0
216170,0.0
216171,1.0
216180,0.0
216181,0.0
216183,1.0
216187,1.5
216188,4.333333333333333
216192,1.0
216193,1.0
216195,0.0
216199,5.0
216203,0.0
216206,3.0
216207,1.0
216208,1.0
216214,1.0
216216,2.0
216218,1.3333333333333333
216220,0.0
216222,1.0
216224,1.0
216228,3.5
216232,2.0
216235,3.5
216241,8.0
216242,1.6666666666666667
216245,3.0
216247,4.0
216251,4.0
216252,0.0
216254,1.0
216257,2.0
216263,3.5
216264,11.0
216269,1.0
216271,2.2
216274,1.5
216278,2.5
216280,3.0
216283,1.3333333333333333
216286,1.5
216292,2.0
216297,3.0
216302,0.0
216305,1.0
216307,1.0
216310,3.0
216311,2.3333333333333335
216316,0.0
216319,0.0
216323,0.0
216324,3.0
216327,0.0
216336,0.0
216338,1.5
216339,1.6666666666666667
216340,1.0
216341,4.666666666666667
216346,2.0
216348,0.0
216350,2.0
216351,2.6666666666666665
216352,2.0
216355,1.6666666666666667
216356,2.6666666666666665
216357,4.0
216359,2.0
216361,8.0
216365,3.0
216367,3.0
216371,1.0
216373,1.0
216374,1.5
216375,2.0
216378,2.5
216380,1.5
216383,1.0
216387,7.0
216389,3.0
216392,1.0
216395,7.0
216398,2.0
216399,1.0
216400,1.5
216407,0.0
216408,1.0
216411,2.0
216416,2.0
216425,3.5
216427,1.5
216428,2.5
216432,2.6666666666666665
216434,7.0
216435,0.0
216437,0.0
216439,0.0
216440,1.0
216445,1.6666666666666667
216446,1.0
216449,0.0
216450,2.0
216457,4.5
216461,7.0
216463,0.0
216465,1.5
216466,1.5
216467,1.0
216468,1.0
216471,1.0
216475,5.0
216479,0.0
216483,3.0
216485,0.0
216487,0.0
216490,2.0
216491,1.0
216492,2.0
216494,5.333333333333333
216500,5.0
216501,5.0
216502,2.5
216507,3.0
216512,1.0
216514,2.0
216515,2.5
216517,5.0
216521,2.5
216523,0.0
216524,8.666666666666666
216526,0.0
216527,2.0
216530,0.0
216539,8.666666666666666
216540,3.0
216542,1.0
216544,3.0
216545,2.0
216549,1.5
216550,2.0
216551,0.0
216552,1.0
216555,1.0
216557,0.0
216563,5.0
216564,1.5
216567,3.5
216568,3.0
216569,1.0
216570,2.5
216572,4.0
216573,1.0
216574,1.6666666666666667
216579,2.6666666666666665
216582,2.3333333333333335
216584,2.0
216590,0.0
216592,1.0
216594,0.0
216595,1.0
216596,7.0
216597,4.0
216598,1.5
216600,2.0
216603,0.0
216605,1.2
216609,1.5
216610,0.0
216617,2.5
216618,2.0
216623,3.0
216627,2.5
216629,1.5
216630,2.0
216638,3.5
216641,3.0
216642,3.0
216643,2.0
216645,3.0
216656,1.5
216657,2.5
216660,1.0
216661,3.3333333333333335
216662,3.5
216664,1.0
216665,1.0
216666,3.0
216667,2.0
216668,3.0
216672,1.0
216673,0.0
216674,5.0
216679,1.0
216680,1.0
216681,3.0
216685,1.0
216688,1.0
216691,3.3333333333333335
216696,1.5
216699,2.0
216700,1.0
216701,0.0
216705,5.5
216708,3.3333333333333335
216710,0.0
216711,1.0
216714,3.5
216719,2.0
216722,2.3333333333333335
216728,1.5
216729,2.5
216730,1.0
216732,2.0
216733,9.0
216735,3.0
216738,1.0
216739,1.5
216742,4.0
216743,4.0
216747,1.0
216749,2.0
216750,1.6666666666666667
216751,2.5
216753,0.0
216756,2.0
216759,1.6666666666666667
216760,3.6666666666666665
216761,3.0
216765,5.0
216766,2.0
216770,2.0
216771,5.0
216774,1.0
216779,3.3333333333333335
216780,4.0
216781,3.0
216789,2.0
216791,1.5
216793,2.0
216797,2.3333333333333335
216800,0.0
216801,1.6666666666666667
216803,1.0
216806,1.0
216808,3.0
216813,5.0
216822,0.0
216824,2.0
216829,2.0
216834,3.0
216835,2.0
216837,0.0
216842,1.0
216844,1.0
216846,3.0
216848,2.0
216849,3.0
216850,2.0
216852,5.0
216853,0.0
216857,1.0
216860,1.0
216864,4.0
216867,1.0
216868,0.0
216875,4.0
216877,1.0
216879,5.0
216882,2.0
216883,0.0
216884,1.3333333333333333
216894,2.3333333333333335
216897,0.0
216899,3.0
216902,0.0
216907,1.0
216908,3.0
216909,2.5
216913,2.0
216916,1.25
216924,2.0
216925,1.0
216926,3.0
216931,6.5
216933,0.0
216934,1.5
216940,2.0
216945,2.0
216947,1.0
216950,0.0
216957,5.5
216958,3.0
216961,2.0
216965,2.25
216966,1.0
216968,1.0
216971,1.0
216977,3.0
216981,2.0
216983,1.5
216988,1.5
216989,3.0
216991,1.6666666666666667
216993,2.0
216995,2.0
216996,1.5
216999,2.0
217003,0.0
217009,1.3333333333333333
217011,0.0
217012,0.0
217013,0.0
217014,2.0
217017,3.0
217019,2.0
217021,3.6666666666666665
217022,4.0
217024,5.0
217025,2.6666666666666665
217027,1.3333333333333333
217031,2.5
217032,0.0
217042,1.0
217049,0.0
217050,1.0
217052,1.0
217053,1.0
217054,2.0
217055,2.0
217056,2.0
217057,0.0
217059,1.0
217064,1.5
217068,1.0
217072,2.3333333333333335
217074,2.0
217080,2.0
217086,1.5
217087,1.3333333333333333
217093,5.0
217100,0.0
217102,4.0
217103,4.0
217104,1.0
217106,2.5
217108,2.0
217110,4.0
217116,2.25
217119,2.5
217120,1.6666666666666667
217124,0.0
217128,1.5
217130,2.6666666666666665
217134,1.0
217138,1.5
217143,1.0
217145,1.0
217154,1.0
217155,2.0
217156,0.0
217160,3.3333333333333335
217161,4.0
217162,1.0
217163,0.0
217165,0.0
217166,2.0
217170,3.3333333333333335
217172,9.0
217173,0.0
217176,3.5
217177,1.0
217181,2.0
217182,2.3333333333333335
217183,1.5
217186,1.0
217187,1.0
217190,1.0
217191,0.0
217192,2.3333333333333335
217195,2.3333333333333335
217196,0.0
217201,2.0
217202,1.0
217209,1.25
217213,0.0
217215,3.75
217216,2.0
217221,0.0
217222,1.3333333333333333
217224,2.0
217227,6.0
217228,0.0
217229,3.0
217231,8.0
217232,2.5
217238,3.0
217241,2.5
217245,1.0
217248,0.0
217249,2.0
217252,1.5
217259,0.0
217261,1.3333333333333333
217264,0.0
217265,1.0
217266,6.25
217271,0.0
217276,2.0
217279,1.0
217281,3.0
217288,2.0
217290,1.0
217291,2.0
217293,0.0
217298,0.0
217300,0.0
217301,3.5
217302,11.0
217305,9.5
217306,10.0
217309,3.6666666666666665
217310,3.6666666666666665
217314,3.0
217316,4.333333333333333
217321,2.5
217323,3.0
217327,1.5
217329,2.0
217330,2.0
217331,2.25
217332,2.5
217333,3.0
217335,2.6666666666666665
217336,10.0
217338,1.0
217340,2.5
217345,0.0
217357,4.0
217368,2.0
217372,0.0
217373,0.0
217376,2.3333333333333335
217379,1.6666666666666667
217381,2.0
217383,2.0
217387,2.0
217388,1.0
217390,7.0
217392,2.0
217397,1.5
217398,3.0
217399,3.5
217401,5.5
217402,1.5
217404,3.5
217407,1.0
217409,5.0
217411,2.0
217414,4.333333333333333
217417,4.0
217419,1.0
217425,3.0
217427,5.0
217430,1.0
217431,2.25
217435,2.5
217438,2.5
217439,0.0
217443,6.0
217444,4.0
217445,0.0
217446,1.25
217449,0.0
217451,2.6666666666666665
217458,3.0
217461,6.0
217468,1.0
217472,3.3333333333333335
217475,1.0
217476,0.0
217482,0.0
217483,4.5
217485,2.0
217490,1.5
217491,0.0
217494,2.0
217497,4.0
217498,2.0
217504,1.5
217506,2.0
217507,5.0
217510,0.0
217511,2.0
217512,0.0
217519,2.3333333333333335
217520,1.0
217521,3.0
217523,2.0
217527,0.0
217530,0.0
217533,2.5
217534,1.0
217535,2.0
217540,0.0
217542,1.0
217548,3.0
217550,0.0
217552,8.0
217554,2.3333333333333335
217557,2.0
217560,3.0
217567,5.0
217568,1.6666666666666667
217573,4.2
217574,2.5
217582,2.0
217583,2.5
217586,1.0
217604,1.0
217606,2.0
217614,1.0
217619,1.0
217620,3.3333333333333335
217621,1.5
217623,2.0
217630,3.0
217637,3.0
217640,1.0
217658,1.5
217666,1.6666666666666667
217668,2.0
217671,2.0
217672,1.0
217673,2.75
217675,1.0
217677,2.0
217678,3.0
217686,2.0
217687,4.0
217691,3.0
217697,3.5
217699,1.0
217702,3.5
217704,1.5
217707,9.666666666666666
217711,0.0
217714,0.0
217716,1.6666666666666667
217721,0.0
217722,1.0
217723,3.0
217724,2.0
217725,3.5
217726,3.6666666666666665
217731,3.6666666666666665
217733,1.5
217734,2.0
217736,2.0
217738,3.0
217744,0.0
217747,5.0
217758,2.5
217760,1.0
217763,1.0
217766,4.0
217768,3.0
217772,0.0
217777,0.0
217778,1.0
217779,0.0
217780,0.0
217783,2.0
217784,1.0
217785,1.6666666666666667
217786,1.0
217787,1.5
217790,2.5
217791,5.0
217793,2.0
217794,4.0
217796,3.0
217798,3.6666666666666665
217801,0.0
217805,2.5
217808,1.0
217810,0.0
217813,1.5
217814,1.0
217815,1.0
217817,1.0
217819,2.5
217820,2.0
217824,3.0
217826,0.0
217828,1.0
217832,1.0
217834,5.333333333333333
217842,2.5
217843,5.333333333333333
217848,7.0
217851,2.0
217854,9.0
217858,4.0
217861,6.0
217864,5.0
217865,4.0
217867,1.0
217874,2.5
217877,1.5
217879,2.3333333333333335
217880,0.0
217881,0.0
217882,3.5
217888,2.5
217891,1.5
217893,1.3333333333333333
217894,1.0
217901,2.0
217903,2.5
217906,6.0
217907,0.0
217908,4.0
217910,2.5
217914,1.0
217915,2.0
217916,3.0
217918,4.0
217919,0.0
217921,0.0
217922,3.5
217923,2.0
217928,3.0
217929,1.0
217930,0.0
217931,3.0
217932,2.0
217933,1.5
217937,0.0
217941,2.0
217945,1.0
217948,1.5
217949,1.0
217950,1.0
217954,2.0
217955,3.0
217956,3.5
217963,2.0
217968,4.0
217973,1.6666666666666667
217979,1.0
217980,2.0
217982,1.6666666666666667
217993,7.0
217998,1.5
218003,1.0
218004,0.0
218006,2.3333333333333335
218009,0.0
218013,0.0
218014,3.0
218017,2.0
218020,1.0
218022,1.0
218023,2.0
218024,2.0
218026,1.0
218033,5.0
218035,1.0
218036,1.0
218037,1.0
218046,1.0
218050,0.0
218052,2.0
218054,4.5
218055,1.5
218058,3.0
218061,0.0
218063,3.0
218064,0.0
218069,1.6666666666666667
218071,1.0
218077,1.6666666666666667
218081,2.0
218086,0.0
218093,1.0
218094,1.5
218095,1.0
218102,0.0
218108,1.5
218109,6.0
218111,1.5
218113,0.0
218119,5.0
218120,2.0
218123,2.5
218125,3.5
218127,1.6666666666666667
218128,1.3333333333333333
218130,1.0
218132,2.5
218136,1.0
218137,0.0
218138,1.0
218139,7.5
218143,1.6666666666666667
218151,1.5
218152,0.0
218153,1.0
218154,1.0
218157,2.0
218158,4.0
218161,2.0
218168,1.0
218169,3.5
218176,2.0
218177,1.0
218178,3.3333333333333335
218180,2.0
218181,1.0
218183,4.0
218186,3.0
218188,4.5
218189,0.0
218191,3.0
218195,3.0
218197,2.5
218199,3.0
218204,2.5
218205,3.0
218220,6.0
218222,2.0
218223,0.0
218226,0.0
218236,2.0
218239,0.0
218242,1.5
218243,0.0
218244,3.0
218250,0.0
218252,5.5
218255,3.0
218256,1.6666666666666667
218259,3.5
218261,3.0
218267,16.5
218270,0.0
218275,2.5
218277,2.0
218278,1.0
218279,1.0
218280,3.0
218281,1.0
218282,1.6666666666666667
218285,1.0
218286,1.5
218290,5.0
218291,2.0
218293,0.0
218297,3.6666666666666665
218298,1.0
218299,1.5
218301,3.0
218303,0.0
218304,0.0
218305,2.5
218307,1.0
218309,0.0
218310,5.0
218319,4.5
218323,0.0
218327,3.6666666666666665
218329,2.0
218337,0.0
218339,2.0
218340,1.5
218345,3.0
218348,3.0
218351,1.6666666666666667
218356,0.0
218357,3.5
218358,2.0
218363,0.0
218372,3.0
218374,5.5
218375,3.0
218376,1.3333333333333333
218382,1.0
218384,3.0
218385,2.3333333333333335
218392,1.3333333333333333
218393,4.0
218396,1.5
218401,2.0
218402,3.0
218404,2.3333333333333335
218405,4.0
218408,5.0
218415,5.0
218421,3.5
218423,0.0
218424,4.0
218427,1.5
218431,1.5
218433,1.6666666666666667
218435,2.0
218436,0.0
218437,0.0
218440,3.0
218441,0.0
218449,1.6666666666666667
218450,1.0
218451,4.0
218456,1.0
218460,9.0
218461,1.0
218463,5.0
218464,3.0
218467,2.0
218471,2.0
218474,3.5
218475,1.6666666666666667
218476,3.0
218479,4.0
218486,2.0
218493,2.0
218494,1.5
218495,0.0
218497,1.0
218498,0.0
218500,2.0
218502,4.0
218508,2.0
218510,2.0
218511,1.0
218513,0.0
218514,2.0
218519,2.3333333333333335
218521,1.0
218527,1.0
218536,1.5
218538,5.0
218540,3.3333333333333335
218544,2.2
218548,0.0
218550,1.5
218553,5.0
218557,2.0
218559,5.0
218560,1.0
218561,3.0
218565,1.0
218566,4.5
218571,2.0
218572,1.0
218573,1.0
218578,2.0
218580,1.0
218583,4.0
218588,1.5
218592,2.0
218595,1.0
218597,4.0
218599,0.0
218606,2.0
218609,2.3333333333333335
218610,0.0
218618,1.6666666666666667
218625,2.0
218626,2.5
218627,4.0
218628,1.0
218631,2.5
218637,3.0
218640,2.0
218641,1.5
218643,2.0
218644,2.0
218645,1.0
218648,2.0
218649,2.0
218655,3.0
218656,4.0
218660,1.75
218664,2.5
218665,5.0
218667,2.0
218669,3.0
218670,0.0
218671,1.0
218672,1.0
218675,7.5
218676,2.0
218678,3.0
218681,1.0
218686,2.0
218689,1.6666666666666667
218690,1.0
218691,9.0
218696,1.0
218697,1.0
218699,2.5
218702,3.0
218704,2.75
218708,5.0
218713,2.0
218714,3.0
218716,3.3333333333333335
218721,2.0
218722,1.0
218725,1.75
218733,0.0
218734,2.6666666666666665
218737,4.0
218738,1.5
218740,1.6666666666666667
218741,2.5
218747,3.0
218748,3.3333333333333335
218754,2.0
218755,3.25
218756,2.5
218757,0.0
218761,0.0
218762,2.5
218768,3.3333333333333335
218769,2.0
218773,1.0
218774,2.0
218775,1.0
218778,1.0
218779,2.0
218781,2.5
218782,1.0
218783,3.0
218784,1.0
218785,1.6666666666666667
218789,3.5
218791,0.0
218797,2.5
218799,2.0
218800,3.5
218801,2.0
218811,1.0
218815,1.5
218818,1.0
218819,2.0
218826,2.0
218827,2.3333333333333335
218830,2.5
218834,1.6666666666666667
218836,2.5
218837,1.5
218844,1.0
218852,1.0
218855,2.0
218859,4.0
218860,2.5
218861,1.0
218864,3.0
218866,2.3333333333333335
218869,1.0
218871,3.25
218874,4.0
218875,2.0
218876,12.0
218879,2.0
218880,3.0
218881,3.4
218883,0.0
218887,2.6666666666666665
218894,1.0
218895,5.0
218897,1.0
218899,2.0
218904,1.0
218907,1.0
218908,1.0
218909,1.5
218910,2.0
218911,1.5
218912,1.0
218917,0.0
218918,0.0
218919,0.0
218923,1.5
218929,1.0
218931,2.0
218938,1.5
218939,1.0
218943,1.0
218949,1.0
218951,1.0
218954,2.0
218958,7.0
218969,1.0
218971,2.5
218977,2.0
218983,0.0
218987,1.0
218989,2.0
218995,4.0
218997,2.0
219006,1.0
219013,4.0
219018,1.0
219019,2.0
219021,1.0
219025,0.0
219027,1.5
219029,0.0
219030,2.5
219034,0.0
219035,3.0
219036,2.5
219039,1.5
219041,0.0
219048,3.0
219049,7.0
219052,0.0
219056,3.0
219057,1.0
219058,3.0
219062,1.0
219064,0.0
219065,1.0
219066,2.0
219067,2.0
219069,1.0
219070,2.0
219072,1.0
219074,0.0
219080,1.0
219083,0.0
219087,0.0
219088,1.5
219089,2.0
219094,0.0
219099,2.5
219102,2.0
219103,2.0
219104,1.5
219108,1.0
219110,1.0
219120,2.0
219128,1.0
219129,1.0
219131,2.5
219132,2.0
219134,1.5
219138,4.0
219140,3.0
219148,2.0
219149,1.0
219154,2.0
219157,3.6666666666666665
219158,2.3333333333333335
219162,3.0
219163,3.5
219166,1.6666666666666667
219167,0.0
219170,1.0
219172,3.3333333333333335
219175,1.0
219176,0.0
219184,1.0
219188,1.0
219193,1.0
219195,1.5
219199,5.0
219200,3.5
219212,1.0
219214,0.0
219216,2.5
219218,4.5
219220,4.0
219222,3.0
219224,4.0
219226,2.0
219228,1.0
219231,0.0
219232,3.0
219235,3.0
219239,0.0
219242,2.0
219243,4.0
219244,0.0
219250,3.0
219251,1.0
219253,0.0
219255,0.0
219258,2.0
219259,1.0
219260,5.0
219261,2.0
219262,2.0
219265,2.0
219269,0.0
219276,0.0
219277,2.0
219279,0.0
219280,1.5
219281,1.0
219284,1.0
219286,2.0
219287,0.0
219288,0.0
219290,3.3333333333333335
219293,4.0
219296,4.0
219297,3.0
219298,2.6666666666666665
219302,1.0
219303,2.0
219305,2.0
219306,1.5
219309,1.0
219311,1.0
219312,0.0
219313,0.0
219318,1.0
219321,1.0
219328,2.0
219333,1.0
219336,5.333333333333333
219343,1.0
219344,4.0
219345,2.0
219347,1.0
219350,2.0
219351,0.0
219352,1.0
219354,0.0
219356,1.3333333333333333
219362,1.5
219367,9.0
219377,1.5
219378,3.0
219386,2.0
219394,3.0
219397,2.0
219398,2.0
219399,1.0
219400,2.3333333333333335
219402,0.0
219403,1.0
219410,3.3333333333333335
219411,4.5
219412,2.0
219416,4.5
219428,1.0
219429,2.0
219430,1.0
219431,1.5
219433,0.0
219438,3.5
219441,1.5
219443,1.75
219447,1.6666666666666667
219451,0.0
219452,0.0
219453,2.3333333333333335
219463,1.0
219464,3.5
219465,2.0
219466,1.0
219469,2.0
219471,2.6666666666666665
219472,2.0
219476,2.0
219482,2.0
219483,3.0
219484,0.0
219487,1.0
219491,0.0
219492,1.0
219497,0.0
219498,4.0
219501,2.0
219502,2.0
219506,1.75
219507,7.0
219508,2.5
219511,0.0
219512,2.0
219513,2.0
219514,0.0
219518,2.5
219523,2.0
219524,3.5
219525,3.0
219528,7.0
219530,3.0
219532,0.0
219533,1.0
219534,3.0
219538,2.0
219541,4.5
219542,2.0
219543,2.25
219551,1.0
219553,1.0
219556,3.5
219557,0.0
219558,3.0
219561,1.0
219564,1.75
219565,2.0
219568,2.0
219569,1.0
219570,3.0
219572,3.0
219574,2.0
219577,5.0
219581,2.0
219583,5.0
219588,2.0
219591,3.0
219592,2.0
219593,1.0
219596,0.0
219598,2.3333333333333335
219600,1.5
219603,1.6666666666666667
219607,1.0
219609,0.0
219614,0.0
219617,2.0
219619,3.0
219621,1.0
219625,4.5
219632,2.0
219635,1.5
219636,1.6666666666666667
219637,0.0
219638,0.0
219642,1.3333333333333333
219651,0.0
219652,1.8
219653,2.0
219654,2.5
219658,0.0
219662,1.0
219663,3.5
219664,0.0
219665,6.0
219668,1.0
219669,1.0
219673,1.0
219674,3.0
219675,3.0
219676,2.0
219679,1.6666666666666667
219680,5.0
219689,1.0
219697,4.0
219698,2.0
219701,1.5
219709,0.0
219710,3.0
219714,1.5
219717,4.0
219718,3.0
219721,2.0
219726,0.0
219729,1.5
219731,1.5
219737,1.0
219738,1.3333333333333333
219739,3.0
219740,8.0
219742,1.0
219743,3.0
219745,1.0
219749,2.0
219750,1.3333333333333333
219752,11.0
219754,2.0
219764,3.5
219765,7.0
219769,2.0
219770,1.0
219771,5.0
219773,2.25
219774,2.5
219781,2.0
219782,2.0
219783,2.6666666666666665
219789,2.0
219793,1.0
219796,0.0
219799,3.0
219800,1.0
219804,1.0
219805,1.0
219807,1.0
219815,2.0
219816,2.0
219821,2.6666666666666665
219823,3.0
219830,1.5
219831,1.5
219833,3.0
219835,1.0
219836,3.5
219839,1.3333333333333333
219840,1.0
219843,1.0
219845,4.666666666666667
219846,1.0
219857,5.0
219859,1.3333333333333333
219865,4.5
219868,1.6666666666666667
219869,3.0
219870,1.0
219873,0.0
219876,5.0
219880,1.3333333333333333
219883,1.6
219886,1.0
219890,3.0
219892,0.0
219894,0.0
219895,0.0
219896,2.3333333333333335
219898,4.5
219899,1.0
219905,3.5
219906,2.0
219909,2.0
219911,3.5
219913,2.0
219914,6.0
219919,7.0
219922,2.0
219923,0.0
219926,3.0
219927,9.0
219929,1.0
219930,2.0
219933,0.0
219938,3.0
219948,3.5
219949,1.0
219953,1.0
219960,2.0
219963,0.0
219964,1.0
219967,3.0
219970,4.0
219972,2.0
219973,2.3333333333333335
219976,6.0
219980,2.0
219981,1.0
219983,2.0
219984,0.0
219990,8.5
219999,1.0
220001,0.0
220007,1.6666666666666667
220011,2.0
220012,3.0
220018,2.5
220019,10.0
220020,3.0
220021,4.0
220022,3.0
220026,3.25
220028,5.0
220033,5.333333333333333
220037,3.3333333333333335
220039,0.0
220042,1.0
220051,2.6666666666666665
220052,2.5
220054,1.6666666666666667
220055,2.0
220056,2.3333333333333335
220058,1.0
220061,3.5
220062,1.0
220065,2.0
220071,0.0
220079,4.0
220086,2.0
220090,1.0
220091,2.0
220093,2.0
220095,1.5
220099,1.0
220100,0.0
220104,0.0
220111,1.0
220116,0.0
220117,1.3333333333333333
220119,1.0
220121,1.0
220123,2.6666666666666665
220126,2.0
220127,0.0
220139,0.0
220141,0.0
220143,3.0
220144,1.5
220148,2.0
220154,2.25
220155,1.0
220164,1.0
220165,2.0
220168,2.0
220169,3.5
220171,0.0
220180,3.3333333333333335
220181,3.0
220182,1.0
220183,2.5
220184,4.0
220190,2.5
220195,5.5
220196,1.0
220199,0.0
220200,1.0
220201,1.5
220202,1.5
220206,5.0
220213,8.0
220215,3.5
220217,1.0
220218,4.0
220222,0.0
220223,0.0
220225,6.0
220227,0.0
220229,1.0
220231,1.3333333333333333
220234,2.0
220238,1.0
220241,0.0
220243,2.5
220244,0.0
220250,4.0
220251,2.0
220254,0.0
220255,10.0
220258,6.0
220259,1.0
220262,1.0
220264,1.5
220265,4.0
220267,2.3333333333333335
220270,5.0
220273,9.0
220279,0.0
220280,7.0
220281,0.0
220282,1.5
220288,0.0
220292,2.0
220294,1.0
220297,2.5
220298,2.5
220307,3.0
220310,2.0
220314,3.0
220316,1.0
220318,2.0
220327,1.0
220330,2.5
220331,0.0
220333,1.6666666666666667
220335,1.0
220338,2.0
220344,2.0
220348,4.0
220352,3.0
220353,0.0
220356,1.0
220357,1.5
220358,2.0
220359,4.0
220361,3.0
220362,2.6666666666666665
220366,5.0
220367,1.0
220368,0.0
220369,2.0
220370,2.3333333333333335
220371,0.0
220375,2.0
220377,1.0
220382,2.0
220384,4.5
220385,4.666666666666667
220396,3.0
220399,1.0
220400,1.0
220404,2.5
220406,2.0
220407,2.5
220410,1.0
220412,2.6666666666666665
220417,2.0
220418,2.0
220420,2.0
220424,1.5
220426,2.0
220431,1.0
220432,2.0
220438,3.0
220439,4.5
220441,3.0
220443,1.3333333333333333
220444,3.0
220446,3.0
220453,5.75
220456,4.0
220460,5.0
220461,4.0
220469,1.0
220472,2.0
220473,1.0
220476,4.0
220477,4.0
220480,2.0
220481,0.0
220482,1.0
220483,1.5
220484,1.0
220485,2.0
220487,7.5
220493,1.0
220495,0.0
220496,2.0
220500,0.0
220502,0.0
220503,2.5
220504,2.0
220507,2.0
220508,1.6666666666666667
220509,2.0
220511,0.0
220512,2.0
220517,2.0
220523,2.5
220524,2.6666666666666665
220529,1.0
220535,5.0
220537,1.0
220538,0.0
220539,0.0
220545,1.0
220548,2.0
220551,2.0
220555,5.0
220557,4.0
220558,2.0
220560,3.0
220562,1.5
220564,2.0
220568,4.0
220574,0.0
220575,3.0
220577,9.0
220578,1.0
220580,3.0
220587,1.3333333333333333
220588,1.3333333333333333
220592,3.0
220593,0.0
220594,2.25
220599,2.5
220600,0.0
220602,1.5
220605,1.5
220607,1.0
220612,1.0
220613,1.0
220614,0.0
220617,3.0
220621,0.0
220631,3.0
220632,3.5
220634,5.0
220636,2.0
220647,2.0
220652,4.5
220655,0.0
220660,1.0
220664,2.0
220665,1.2
220670,1.5
220678,2.0
220679,2.0
220682,3.0
220684,6.0
220685,1.0
220697,1.0
220699,0.0
220702,3.5
220706,3.5
220714,1.25
220715,4.4
220718,2.3333333333333335
220719,8.0
220729,1.0
220733,6.0
220739,5.0
220749,1.0
220751,1.5
220752,3.3333333333333335
220754,3.0
220759,1.0
220760,1.0
220763,2.0
220764,0.0
220771,0.0
220772,4.0
220773,10.5
220775,0.0
220776,11.5
220777,2.0
220783,2.5
220785,4.0
220789,1.0
220791,0.0
220793,2.0
220794,3.3333333333333335
220796,1.0
220802,3.0
220809,0.0
220810,2.0
220812,0.0
220813,1.0
220817,0.0
220819,0.0
220821,1.75
220824,0.0
220826,2.0
220828,2.0
220829,2.3333333333333335
220832,0.0
220835,0.0
220836,2.5
220837,1.5
220838,3.0
220840,3.0
220841,2.0
220844,3.0
220845,2.5
220846,0.0
220849,3.0
220851,2.2
220853,2.0
220857,0.0
220862,1.0
220863,2.5
220864,1.5
220867,3.0
220869,3.0
220871,2.0
220872,1.5
220885,2.0
220886,2.0
220894,2.6666666666666665
220900,1.0
220907,0.0
220908,1.25
220918,2.0
220919,0.0
220922,2.0
220923,3.0
220925,1.3333333333333333
220932,1.6666666666666667
220934,0.0
220939,4.0
220943,1.0
220946,0.0
220949,2.0
220950,2.0
220956,2.0
220957,0.0
220958,0.0
220965,1.5
220967,1.0
220970,2.5
220971,3.3333333333333335
220976,0.0
220978,2.6666666666666665
220984,2.6666666666666665
220987,2.0
220988,0.0
220990,2.5
220993,1.0
220999,5.0
221003,4.0
221005,0.0
221011,1.5
221012,9.0
221017,0.0
221018,0.0
221022,1.0
221023,1.0
221024,0.0
221025,0.0
221026,0.0
221035,2.0
221037,1.0
221040,6.0
221043,5.0
221045,2.5
221049,4.0
221050,0.0
221057,1.5
221058,2.0
221060,1.2
221062,0.0
221063,0.0
221065,2.5
221071,2.0
221072,0.0
221073,1.0
221077,4.0
221078,1.0
221080,1.0
221092,2.0
221093,4.0
221097,1.0
221104,5.0
221107,2.0
221111,2.5
221113,1.5
221120,3.3333333333333335
221121,0.0
221125,0.0
221126,2.0
221128,0.0
221132,1.0
221134,0.0
221136,3.0
221137,1.0
221139,1.0
221148,5.0
221152,1.0
221153,1.0
221156,2.0
221158,0.0
221160,2.0
221161,1.0
221166,0.0
221170,0.0
221172,1.0
221174,1.0
221175,1.0
221176,0.0
221177,0.0
221178,2.0
221181,2.0
221183,1.0
221184,1.0
221186,4.0
221188,2.0
221194,1.0
221199,1.0
221202,1.0
221204,6.0
221207,3.6666666666666665
221214,0.0
221221,3.0
221227,1.0
221229,2.0
221230,7.666666666666667
221232,3.0
221236,2.0
221237,4.5
221239,0.0
221246,1.0
221247,1.0
221248,0.0
221254,4.5
221256,2.0
221261,1.0
221262,2.0
221265,3.0
221267,2.0
221274,4.666666666666667
221277,1.0
221278,3.0
221280,1.5
221281,0.0
221282,7.0
221283,7.0
221285,6.0
221288,1.0
221291,1.5
221293,1.0
221297,2.0
221298,0.0
221299,4.0
221301,2.0
221304,2.0
221307,2.0
221310,7.0
221312,1.0
221322,1.0
221326,1.0
221327,5.0
221328,9.0
221330,1.5
221332,5.0
221334,3.0
221337,1.0
221343,6.0
221344,2.0
221348,1.0
221349,0.0
221350,3.0
221355,0.0
221364,2.0
221365,2.5
221373,3.0
221376,0.0
221381,2.0
221390,5.0
221391,2.5
221395,4.0
221396,2.0
221397,0.0
221398,4.0
221400,5.0
221401,0.0
221404,0.0
221405,8.0
221407,3.0
221408,1.5
221409,0.0
221411,5.0
221412,0.0
221413,2.0
221415,2.5
221416,4.0
221419,0.0
221420,1.0
221422,1.0
221423,0.0
221426,2.0
221427,3.0
221432,2.0
221434,4.0
221443,2.5
221449,4.666666666666667
221450,1.0
221455,1.3333333333333333
221457,2.0
221458,1.5
221463,1.0
221471,1.0
221473,2.0
